mkdir -p /get/work/krishna.vardhan/git_trees/mtp_pcie_axi/pcie_axi_dma_latency/build_kv_scenario2_stall_fifo256
cd /get/work/krishna.vardhan/git_trees/mtp_pcie_axi/pcie_axi_dma_latency/build_kv_scenario2_stall_fifo256 && \
xvlog --sv --incr \
    /get/work/krishna.vardhan/git_trees/mtp_pcie_axi/pcie_axi_dma_latency/design/rtl/pcie_axi_pkg.sv /get/work/krishna.vardhan/git_trees/mtp_pcie_axi/pcie_axi_dma_latency/design/rtl/pcie_model.sv /get/work/krishna.vardhan/git_trees/mtp_pcie_axi/pcie_axi_dma_latency/design/rtl/dma_model.sv /get/work/krishna.vardhan/git_trees/mtp_pcie_axi/pcie_axi_dma_latency/design/rtl/axi_mm2s_adapter.sv /get/work/krishna.vardhan/git_trees/mtp_pcie_axi/pcie_axi_dma_latency/design/rtl/axis_fifo.sv /get/work/krishna.vardhan/git_trees/mtp_pcie_axi/pcie_axi_dma_latency/design/rtl/batching_unit.sv /get/work/krishna.vardhan/git_trees/mtp_pcie_axi/pcie_axi_dma_latency/design/rtl/stream_sink.sv /get/work/krishna.vardhan/git_trees/mtp_pcie_axi/pcie_axi_dma_latency/design/rtl/latency_monitor.sv /get/work/krishna.vardhan/git_trees/mtp_pcie_axi/pcie_axi_dma_latency/design/rtl/pcie_axi_dma_top.sv /get/work/krishna.vardhan/git_trees/mtp_pcie_axi/pcie_axi_dma_latency/verif/tb/tb_pcie_axi_dma.sv \
    -log xvlog.log
INFO: [VRFC 10-2263] Analyzing SystemVerilog file "/get/work/krishna.vardhan/git_trees/mtp_pcie_axi/pcie_axi_dma_latency/design/rtl/pcie_axi_pkg.sv" into library work
INFO: [VRFC 10-2263] Analyzing SystemVerilog file "/get/work/krishna.vardhan/git_trees/mtp_pcie_axi/pcie_axi_dma_latency/design/rtl/pcie_model.sv" into library work
INFO: [VRFC 10-311] analyzing module pcie_model
INFO: [VRFC 10-2263] Analyzing SystemVerilog file "/get/work/krishna.vardhan/git_trees/mtp_pcie_axi/pcie_axi_dma_latency/design/rtl/dma_model.sv" into library work
INFO: [VRFC 10-311] analyzing module dma_model
INFO: [VRFC 10-2263] Analyzing SystemVerilog file "/get/work/krishna.vardhan/git_trees/mtp_pcie_axi/pcie_axi_dma_latency/design/rtl/axi_mm2s_adapter.sv" into library work
INFO: [VRFC 10-311] analyzing module axi_mm2s_adapter
INFO: [VRFC 10-2263] Analyzing SystemVerilog file "/get/work/krishna.vardhan/git_trees/mtp_pcie_axi/pcie_axi_dma_latency/design/rtl/axis_fifo.sv" into library work
INFO: [VRFC 10-311] analyzing module axis_fifo
INFO: [VRFC 10-2263] Analyzing SystemVerilog file "/get/work/krishna.vardhan/git_trees/mtp_pcie_axi/pcie_axi_dma_latency/design/rtl/batching_unit.sv" into library work
INFO: [VRFC 10-311] analyzing module batching_unit
INFO: [VRFC 10-2263] Analyzing SystemVerilog file "/get/work/krishna.vardhan/git_trees/mtp_pcie_axi/pcie_axi_dma_latency/design/rtl/stream_sink.sv" into library work
INFO: [VRFC 10-311] analyzing module stream_sink
INFO: [VRFC 10-2263] Analyzing SystemVerilog file "/get/work/krishna.vardhan/git_trees/mtp_pcie_axi/pcie_axi_dma_latency/design/rtl/latency_monitor.sv" into library work
INFO: [VRFC 10-311] analyzing module latency_monitor
INFO: [VRFC 10-2263] Analyzing SystemVerilog file "/get/work/krishna.vardhan/git_trees/mtp_pcie_axi/pcie_axi_dma_latency/design/rtl/pcie_axi_dma_top.sv" into library work
INFO: [VRFC 10-311] analyzing module pcie_axi_dma_top
INFO: [VRFC 10-2263] Analyzing SystemVerilog file "/get/work/krishna.vardhan/git_trees/mtp_pcie_axi/pcie_axi_dma_latency/verif/tb/tb_pcie_axi_dma.sv" into library work
INFO: [VRFC 10-311] analyzing module tb_pcie_axi_dma
touch /get/work/krishna.vardhan/git_trees/mtp_pcie_axi/pcie_axi_dma_latency/build_kv_scenario2_stall_fifo256/.compiled
cd /get/work/krishna.vardhan/git_trees/mtp_pcie_axi/pcie_axi_dma_latency/build_kv_scenario2_stall_fifo256 && \
xelab tb_pcie_axi_dma \
    --snapshot tb_pcie_axi_dma_snap \
    -generic_top "TB_SCENARIO=2" -generic_top "FIFO_DEPTH=256" -generic_top "BATCH_COUNT=4" -generic_top "BATCH_TIMEOUT=64" -generic_top "SINK_STALL_EN=1" -generic_top "SINK_STALL_PERIOD=4" -generic_top "SINK_STALL_READY=1" \
    --timescale 1ns/1ps \
    --debug typical \
    -log xelab.log
Vivado Simulator v2022.2
Copyright 1986-1999, 2001-2022 Xilinx, Inc. All Rights Reserved.
Running: /tools/Xilinx/Vivado/2022.2/bin/unwrapped/lnx64.o/xelab tb_pcie_axi_dma --snapshot tb_pcie_axi_dma_snap -generic_top TB_SCENARIO=2 -generic_top FIFO_DEPTH=256 -generic_top BATCH_COUNT=4 -generic_top BATCH_TIMEOUT=64 -generic_top SINK_STALL_EN=1 -generic_top SINK_STALL_PERIOD=4 -generic_top SINK_STALL_READY=1 --timescale 1ns/1ps --debug typical -log xelab.log 
Multi-threading is on. Using 2 slave threads.
Starting static elaboration
Pass Through NonSizing Optimizer
Completed static elaboration
Starting simulation data flow analysis
Completed simulation data flow analysis
Time Resolution for simulation is 1ps
Compiling package work.pcie_axi_pkg
Compiling module work.pcie_model(DATA_WIDTH=64,PKT_SIZ...
Compiling module work.dma_model(DATA_WIDTH=64,PKT_SIZE...
Compiling module work.axi_mm2s_adapter(DATA_WIDTH=64,P...
Compiling module work.axis_fifo(DATA_WIDTH=64,PKT_SIZE...
Compiling module work.batching_unit(DATA_WIDTH=64,PKT_...
Compiling module work.stream_sink(DATA_WIDTH=64,PKT_SI...
Compiling module work.latency_monitor(PKT_ID_W=8,PKT_S...
Compiling module work.pcie_axi_dma_top(DATA_WIDTH=64,P...
Compiling module work.tb_pcie_axi_dma(TB_SCENARIO=2,FI...
Built simulation snapshot tb_pcie_axi_dma_snap
touch /get/work/krishna.vardhan/git_trees/mtp_pcie_axi/pcie_axi_dma_latency/build_kv_scenario2_stall_fifo256/.elaborated
cd /get/work/krishna.vardhan/git_trees/mtp_pcie_axi/pcie_axi_dma_latency/build_kv_scenario2_stall_fifo256 && \
xsim tb_pcie_axi_dma_snap \
    --runall \
    --log xsim_batch.log

****** xsim v2022.2 (64-bit)
  **** SW Build 3671981 on Fri Oct 14 04:59:54 MDT 2022
  **** IP Build 3669848 on Fri Oct 14 08:30:02 MDT 2022
    ** Copyright 1986-2022 Xilinx, Inc. All Rights Reserved.

source xsim.dir/tb_pcie_axi_dma_snap/xsim_script.tcl
# xsim {tb_pcie_axi_dma_snap} -autoloadwcfg -runall
Time resolution is 1 ps
run -all
[batching_unit] Bypass mode (enable=0)

[RESULT] ================================================================
[RESULT]  PCIe-AXI DMA Latency Simulation  |  Config: BASELINE,FIFO=256,STALL=1/4
[RESULT] ================================================================
[RESULT]  PKT_ID | SIZE (B) | LATENCY (cyc) | EFFICIENCY (B/cyc) | FIFO_PEAK | FULL?
[RESULT] ----------------------------------------------------------------
[dma_model] t=775000  pkt_id=0  descriptor setup done  (SETUP_CYCLES=8)
[sink]  t=1095000  pkt_id=0  size=64B  count=1
[latmon] pkt_id=0  size=  64B  latency=   94 cyc  eff= 0.68 B/cyc
[latmon]  ↳ est: PCIe=44  DMA=24  other=26  total_measured=94
[RESULT]       0 |       64 |            94 |               0.68 |         6 |    no | BASELINE,FIFO=256,STALL=1/4
[dma_model] t=2145000  pkt_id=1  descriptor setup done  (SETUP_CYCLES=8)
[sink]  t=2775000  pkt_id=1  size=128B  count=2
[latmon] pkt_id=1  size= 128B  latency=  157 cyc  eff= 0.82 B/cyc
[latmon]  ↳ est: PCIe=68  DMA=40  other=49  total_measured=157
[RESULT]       1 |      128 |           157 |               0.82 |        12 |    no | BASELINE,FIFO=256,STALL=1/4
[dma_model] t=4465000  pkt_id=2  descriptor setup done  (SETUP_CYCLES=8)
[sink]  t=5735000  pkt_id=2  size=256B  count=3
[latmon] pkt_id=2  size= 256B  latency=  285 cyc  eff= 0.90 B/cyc
[latmon]  ↳ est: PCIe=116  DMA=72  other=97  total_measured=285
[RESULT]       2 |      256 |           285 |               0.90 |        24 |    no | BASELINE,FIFO=256,STALL=1/4
[dma_model] t=8705000  pkt_id=3  descriptor setup done  (SETUP_CYCLES=8)
[sink]  t=11255000  pkt_id=3  size=512B  count=4
[latmon] pkt_id=3  size= 512B  latency=  541 cyc  eff= 0.95 B/cyc
[latmon]  ↳ est: PCIe=212  DMA=136  other=193  total_measured=541
[RESULT]       3 |      512 |           541 |               0.95 |        48 |    no | BASELINE,FIFO=256,STALL=1/4
[dma_model] t=16785000  pkt_id=4  descriptor setup done  (SETUP_CYCLES=8)
[sink]  t=21895000  pkt_id=4  size=1024B  count=5
[latmon] pkt_id=4  size=1024B  latency= 1053 cyc  eff= 0.97 B/cyc
[latmon]  ↳ est: PCIe=404  DMA=264  other=385  total_measured=1053
[RESULT]       4 |     1024 |          1053 |               0.97 |        96 |    no | BASELINE,FIFO=256,STALL=1/4
[dma_model] t=42785000  pkt_id=5  descriptor setup done  (SETUP_CYCLES=8)
Warning: [axis_fifo] FIFO full (depth=256) — upstream back-pressured at t=46205000
Time: 46205 ns  Iteration: 0  Process: /tb_pcie_axi_dma(TB_SCENARIO=2,FIFO_DEPTH=256,BATCH_COUNT=4,BATCH_TIMEOUT=64,SINK_STALL_EN=1'b1,SINK_STALL_PERIOD=4,SINK_STALL_READY=1)/dut/u_fifo/Always163_9  Scope: \tb_pcie_axi_dma(TB_SCENARIO=2,FIFO_DEPTH=256,BATCH_COUNT=4,BATCH_TIMEOUT=64,SINK_STALL_EN=1'b1,SINK_STALL_PERIOD=4,SINK_STALL_READY=1) .dut.u_fifo  File: /get/work/krishna.vardhan/git_trees/mtp_pcie_axi/pcie_axi_dma_latency/design/rtl/axis_fifo.sv Line: 165
Warning: [axis_fifo] FIFO full (depth=256) — upstream back-pressured at t=46215000
Time: 46215 ns  Iteration: 0  Process: /tb_pcie_axi_dma(TB_SCENARIO=2,FIFO_DEPTH=256,BATCH_COUNT=4,BATCH_TIMEOUT=64,SINK_STALL_EN=1'b1,SINK_STALL_PERIOD=4,SINK_STALL_READY=1)/dut/u_fifo/Always163_9  Scope: \tb_pcie_axi_dma(TB_SCENARIO=2,FIFO_DEPTH=256,BATCH_COUNT=4,BATCH_TIMEOUT=64,SINK_STALL_EN=1'b1,SINK_STALL_PERIOD=4,SINK_STALL_READY=1) .dut.u_fifo  File: /get/work/krishna.vardhan/git_trees/mtp_pcie_axi/pcie_axi_dma_latency/design/rtl/axis_fifo.sv Line: 165
Warning: [axis_fifo] FIFO full (depth=256) — upstream back-pressured at t=46235000
Time: 46235 ns  Iteration: 0  Process: /tb_pcie_axi_dma(TB_SCENARIO=2,FIFO_DEPTH=256,BATCH_COUNT=4,BATCH_TIMEOUT=64,SINK_STALL_EN=1'b1,SINK_STALL_PERIOD=4,SINK_STALL_READY=1)/dut/u_fifo/Always163_9  Scope: \tb_pcie_axi_dma(TB_SCENARIO=2,FIFO_DEPTH=256,BATCH_COUNT=4,BATCH_TIMEOUT=64,SINK_STALL_EN=1'b1,SINK_STALL_PERIOD=4,SINK_STALL_READY=1) .dut.u_fifo  File: /get/work/krishna.vardhan/git_trees/mtp_pcie_axi/pcie_axi_dma_latency/design/rtl/axis_fifo.sv Line: 165
Warning: [axis_fifo] FIFO full (depth=256) — upstream back-pressured at t=46245000
Time: 46245 ns  Iteration: 0  Process: /tb_pcie_axi_dma(TB_SCENARIO=2,FIFO_DEPTH=256,BATCH_COUNT=4,BATCH_TIMEOUT=64,SINK_STALL_EN=1'b1,SINK_STALL_PERIOD=4,SINK_STALL_READY=1)/dut/u_fifo/Always163_9  Scope: \tb_pcie_axi_dma(TB_SCENARIO=2,FIFO_DEPTH=256,BATCH_COUNT=4,BATCH_TIMEOUT=64,SINK_STALL_EN=1'b1,SINK_STALL_PERIOD=4,SINK_STALL_READY=1) .dut.u_fifo  File: /get/work/krishna.vardhan/git_trees/mtp_pcie_axi/pcie_axi_dma_latency/design/rtl/axis_fifo.sv Line: 165
Warning: [axis_fifo] FIFO full (depth=256) — upstream back-pressured at t=46255000
Time: 46255 ns  Iteration: 0  Process: /tb_pcie_axi_dma(TB_SCENARIO=2,FIFO_DEPTH=256,BATCH_COUNT=4,BATCH_TIMEOUT=64,SINK_STALL_EN=1'b1,SINK_STALL_PERIOD=4,SINK_STALL_READY=1)/dut/u_fifo/Always163_9  Scope: \tb_pcie_axi_dma(TB_SCENARIO=2,FIFO_DEPTH=256,BATCH_COUNT=4,BATCH_TIMEOUT=64,SINK_STALL_EN=1'b1,SINK_STALL_PERIOD=4,SINK_STALL_READY=1) .dut.u_fifo  File: /get/work/krishna.vardhan/git_trees/mtp_pcie_axi/pcie_axi_dma_latency/design/rtl/axis_fifo.sv Line: 165
Warning: [axis_fifo] FIFO full (depth=256) — upstream back-pressured at t=46275000
Time: 46275 ns  Iteration: 0  Process: /tb_pcie_axi_dma(TB_SCENARIO=2,FIFO_DEPTH=256,BATCH_COUNT=4,BATCH_TIMEOUT=64,SINK_STALL_EN=1'b1,SINK_STALL_PERIOD=4,SINK_STALL_READY=1)/dut/u_fifo/Always163_9  Scope: \tb_pcie_axi_dma(TB_SCENARIO=2,FIFO_DEPTH=256,BATCH_COUNT=4,BATCH_TIMEOUT=64,SINK_STALL_EN=1'b1,SINK_STALL_PERIOD=4,SINK_STALL_READY=1) .dut.u_fifo  File: /get/work/krishna.vardhan/git_trees/mtp_pcie_axi/pcie_axi_dma_latency/design/rtl/axis_fifo.sv Line: 165
Warning: [axis_fifo] FIFO full (depth=256) — upstream back-pressured at t=46285000
Time: 46285 ns  Iteration: 0  Process: /tb_pcie_axi_dma(TB_SCENARIO=2,FIFO_DEPTH=256,BATCH_COUNT=4,BATCH_TIMEOUT=64,SINK_STALL_EN=1'b1,SINK_STALL_PERIOD=4,SINK_STALL_READY=1)/dut/u_fifo/Always163_9  Scope: \tb_pcie_axi_dma(TB_SCENARIO=2,FIFO_DEPTH=256,BATCH_COUNT=4,BATCH_TIMEOUT=64,SINK_STALL_EN=1'b1,SINK_STALL_PERIOD=4,SINK_STALL_READY=1) .dut.u_fifo  File: /get/work/krishna.vardhan/git_trees/mtp_pcie_axi/pcie_axi_dma_latency/design/rtl/axis_fifo.sv Line: 165
Warning: [axis_fifo] FIFO full (depth=256) — upstream back-pressured at t=46295000
Time: 46295 ns  Iteration: 0  Process: /tb_pcie_axi_dma(TB_SCENARIO=2,FIFO_DEPTH=256,BATCH_COUNT=4,BATCH_TIMEOUT=64,SINK_STALL_EN=1'b1,SINK_STALL_PERIOD=4,SINK_STALL_READY=1)/dut/u_fifo/Always163_9  Scope: \tb_pcie_axi_dma(TB_SCENARIO=2,FIFO_DEPTH=256,BATCH_COUNT=4,BATCH_TIMEOUT=64,SINK_STALL_EN=1'b1,SINK_STALL_PERIOD=4,SINK_STALL_READY=1) .dut.u_fifo  File: /get/work/krishna.vardhan/git_trees/mtp_pcie_axi/pcie_axi_dma_latency/design/rtl/axis_fifo.sv Line: 165
Warning: [axis_fifo] FIFO full (depth=256) — upstream back-pressured at t=46315000
Time: 46315 ns  Iteration: 0  Process: /tb_pcie_axi_dma(TB_SCENARIO=2,FIFO_DEPTH=256,BATCH_COUNT=4,BATCH_TIMEOUT=64,SINK_STALL_EN=1'b1,SINK_STALL_PERIOD=4,SINK_STALL_READY=1)/dut/u_fifo/Always163_9  Scope: \tb_pcie_axi_dma(TB_SCENARIO=2,FIFO_DEPTH=256,BATCH_COUNT=4,BATCH_TIMEOUT=64,SINK_STALL_EN=1'b1,SINK_STALL_PERIOD=4,SINK_STALL_READY=1) .dut.u_fifo  File: /get/work/krishna.vardhan/git_trees/mtp_pcie_axi/pcie_axi_dma_latency/design/rtl/axis_fifo.sv Line: 165
Warning: [axis_fifo] FIFO full (depth=256) — upstream back-pressured at t=46325000
Time: 46325 ns  Iteration: 0  Process: /tb_pcie_axi_dma(TB_SCENARIO=2,FIFO_DEPTH=256,BATCH_COUNT=4,BATCH_TIMEOUT=64,SINK_STALL_EN=1'b1,SINK_STALL_PERIOD=4,SINK_STALL_READY=1)/dut/u_fifo/Always163_9  Scope: \tb_pcie_axi_dma(TB_SCENARIO=2,FIFO_DEPTH=256,BATCH_COUNT=4,BATCH_TIMEOUT=64,SINK_STALL_EN=1'b1,SINK_STALL_PERIOD=4,SINK_STALL_READY=1) .dut.u_fifo  File: /get/work/krishna.vardhan/git_trees/mtp_pcie_axi/pcie_axi_dma_latency/design/rtl/axis_fifo.sv Line: 165
Warning: [axis_fifo] FIFO full (depth=256) — upstream back-pressured at t=46335000
Time: 46335 ns  Iteration: 0  Process: /tb_pcie_axi_dma(TB_SCENARIO=2,FIFO_DEPTH=256,BATCH_COUNT=4,BATCH_TIMEOUT=64,SINK_STALL_EN=1'b1,SINK_STALL_PERIOD=4,SINK_STALL_READY=1)/dut/u_fifo/Always163_9  Scope: \tb_pcie_axi_dma(TB_SCENARIO=2,FIFO_DEPTH=256,BATCH_COUNT=4,BATCH_TIMEOUT=64,SINK_STALL_EN=1'b1,SINK_STALL_PERIOD=4,SINK_STALL_READY=1) .dut.u_fifo  File: /get/work/krishna.vardhan/git_trees/mtp_pcie_axi/pcie_axi_dma_latency/design/rtl/axis_fifo.sv Line: 165
Warning: [axis_fifo] FIFO full (depth=256) — upstream back-pressured at t=46355000
Time: 46355 ns  Iteration: 0  Process: /tb_pcie_axi_dma(TB_SCENARIO=2,FIFO_DEPTH=256,BATCH_COUNT=4,BATCH_TIMEOUT=64,SINK_STALL_EN=1'b1,SINK_STALL_PERIOD=4,SINK_STALL_READY=1)/dut/u_fifo/Always163_9  Scope: \tb_pcie_axi_dma(TB_SCENARIO=2,FIFO_DEPTH=256,BATCH_COUNT=4,BATCH_TIMEOUT=64,SINK_STALL_EN=1'b1,SINK_STALL_PERIOD=4,SINK_STALL_READY=1) .dut.u_fifo  File: /get/work/krishna.vardhan/git_trees/mtp_pcie_axi/pcie_axi_dma_latency/design/rtl/axis_fifo.sv Line: 165
Warning: [axis_fifo] FIFO full (depth=256) — upstream back-pressured at t=46365000
Time: 46365 ns  Iteration: 0  Process: /tb_pcie_axi_dma(TB_SCENARIO=2,FIFO_DEPTH=256,BATCH_COUNT=4,BATCH_TIMEOUT=64,SINK_STALL_EN=1'b1,SINK_STALL_PERIOD=4,SINK_STALL_READY=1)/dut/u_fifo/Always163_9  Scope: \tb_pcie_axi_dma(TB_SCENARIO=2,FIFO_DEPTH=256,BATCH_COUNT=4,BATCH_TIMEOUT=64,SINK_STALL_EN=1'b1,SINK_STALL_PERIOD=4,SINK_STALL_READY=1) .dut.u_fifo  File: /get/work/krishna.vardhan/git_trees/mtp_pcie_axi/pcie_axi_dma_latency/design/rtl/axis_fifo.sv Line: 165
Warning: [axis_fifo] FIFO full (depth=256) — upstream back-pressured at t=46375000
Time: 46375 ns  Iteration: 0  Process: /tb_pcie_axi_dma(TB_SCENARIO=2,FIFO_DEPTH=256,BATCH_COUNT=4,BATCH_TIMEOUT=64,SINK_STALL_EN=1'b1,SINK_STALL_PERIOD=4,SINK_STALL_READY=1)/dut/u_fifo/Always163_9  Scope: \tb_pcie_axi_dma(TB_SCENARIO=2,FIFO_DEPTH=256,BATCH_COUNT=4,BATCH_TIMEOUT=64,SINK_STALL_EN=1'b1,SINK_STALL_PERIOD=4,SINK_STALL_READY=1) .dut.u_fifo  File: /get/work/krishna.vardhan/git_trees/mtp_pcie_axi/pcie_axi_dma_latency/design/rtl/axis_fifo.sv Line: 165
Warning: [axis_fifo] FIFO full (depth=256) — upstream back-pressured at t=46395000
Time: 46395 ns  Iteration: 0  Process: /tb_pcie_axi_dma(TB_SCENARIO=2,FIFO_DEPTH=256,BATCH_COUNT=4,BATCH_TIMEOUT=64,SINK_STALL_EN=1'b1,SINK_STALL_PERIOD=4,SINK_STALL_READY=1)/dut/u_fifo/Always163_9  Scope: \tb_pcie_axi_dma(TB_SCENARIO=2,FIFO_DEPTH=256,BATCH_COUNT=4,BATCH_TIMEOUT=64,SINK_STALL_EN=1'b1,SINK_STALL_PERIOD=4,SINK_STALL_READY=1) .dut.u_fifo  File: /get/work/krishna.vardhan/git_trees/mtp_pcie_axi/pcie_axi_dma_latency/design/rtl/axis_fifo.sv Line: 165
Warning: [axis_fifo] FIFO full (depth=256) — upstream back-pressured at t=46405000
Time: 46405 ns  Iteration: 0  Process: /tb_pcie_axi_dma(TB_SCENARIO=2,FIFO_DEPTH=256,BATCH_COUNT=4,BATCH_TIMEOUT=64,SINK_STALL_EN=1'b1,SINK_STALL_PERIOD=4,SINK_STALL_READY=1)/dut/u_fifo/Always163_9  Scope: \tb_pcie_axi_dma(TB_SCENARIO=2,FIFO_DEPTH=256,BATCH_COUNT=4,BATCH_TIMEOUT=64,SINK_STALL_EN=1'b1,SINK_STALL_PERIOD=4,SINK_STALL_READY=1) .dut.u_fifo  File: /get/work/krishna.vardhan/git_trees/mtp_pcie_axi/pcie_axi_dma_latency/design/rtl/axis_fifo.sv Line: 165
Warning: [axis_fifo] FIFO full (depth=256) — upstream back-pressured at t=46415000
Time: 46415 ns  Iteration: 0  Process: /tb_pcie_axi_dma(TB_SCENARIO=2,FIFO_DEPTH=256,BATCH_COUNT=4,BATCH_TIMEOUT=64,SINK_STALL_EN=1'b1,SINK_STALL_PERIOD=4,SINK_STALL_READY=1)/dut/u_fifo/Always163_9  Scope: \tb_pcie_axi_dma(TB_SCENARIO=2,FIFO_DEPTH=256,BATCH_COUNT=4,BATCH_TIMEOUT=64,SINK_STALL_EN=1'b1,SINK_STALL_PERIOD=4,SINK_STALL_READY=1) .dut.u_fifo  File: /get/work/krishna.vardhan/git_trees/mtp_pcie_axi/pcie_axi_dma_latency/design/rtl/axis_fifo.sv Line: 165
Warning: [axis_fifo] FIFO full (depth=256) — upstream back-pressured at t=46435000
Time: 46435 ns  Iteration: 0  Process: /tb_pcie_axi_dma(TB_SCENARIO=2,FIFO_DEPTH=256,BATCH_COUNT=4,BATCH_TIMEOUT=64,SINK_STALL_EN=1'b1,SINK_STALL_PERIOD=4,SINK_STALL_READY=1)/dut/u_fifo/Always163_9  Scope: \tb_pcie_axi_dma(TB_SCENARIO=2,FIFO_DEPTH=256,BATCH_COUNT=4,BATCH_TIMEOUT=64,SINK_STALL_EN=1'b1,SINK_STALL_PERIOD=4,SINK_STALL_READY=1) .dut.u_fifo  File: /get/work/krishna.vardhan/git_trees/mtp_pcie_axi/pcie_axi_dma_latency/design/rtl/axis_fifo.sv Line: 165
Warning: [axis_fifo] FIFO full (depth=256) — upstream back-pressured at t=46445000
Time: 46445 ns  Iteration: 0  Process: /tb_pcie_axi_dma(TB_SCENARIO=2,FIFO_DEPTH=256,BATCH_COUNT=4,BATCH_TIMEOUT=64,SINK_STALL_EN=1'b1,SINK_STALL_PERIOD=4,SINK_STALL_READY=1)/dut/u_fifo/Always163_9  Scope: \tb_pcie_axi_dma(TB_SCENARIO=2,FIFO_DEPTH=256,BATCH_COUNT=4,BATCH_TIMEOUT=64,SINK_STALL_EN=1'b1,SINK_STALL_PERIOD=4,SINK_STALL_READY=1) .dut.u_fifo  File: /get/work/krishna.vardhan/git_trees/mtp_pcie_axi/pcie_axi_dma_latency/design/rtl/axis_fifo.sv Line: 165
Warning: [axis_fifo] FIFO full (depth=256) — upstream back-pressured at t=46455000
Time: 46455 ns  Iteration: 0  Process: /tb_pcie_axi_dma(TB_SCENARIO=2,FIFO_DEPTH=256,BATCH_COUNT=4,BATCH_TIMEOUT=64,SINK_STALL_EN=1'b1,SINK_STALL_PERIOD=4,SINK_STALL_READY=1)/dut/u_fifo/Always163_9  Scope: \tb_pcie_axi_dma(TB_SCENARIO=2,FIFO_DEPTH=256,BATCH_COUNT=4,BATCH_TIMEOUT=64,SINK_STALL_EN=1'b1,SINK_STALL_PERIOD=4,SINK_STALL_READY=1) .dut.u_fifo  File: /get/work/krishna.vardhan/git_trees/mtp_pcie_axi/pcie_axi_dma_latency/design/rtl/axis_fifo.sv Line: 165
Warning: [axis_fifo] FIFO full (depth=256) — upstream back-pressured at t=46475000
Time: 46475 ns  Iteration: 0  Process: /tb_pcie_axi_dma(TB_SCENARIO=2,FIFO_DEPTH=256,BATCH_COUNT=4,BATCH_TIMEOUT=64,SINK_STALL_EN=1'b1,SINK_STALL_PERIOD=4,SINK_STALL_READY=1)/dut/u_fifo/Always163_9  Scope: \tb_pcie_axi_dma(TB_SCENARIO=2,FIFO_DEPTH=256,BATCH_COUNT=4,BATCH_TIMEOUT=64,SINK_STALL_EN=1'b1,SINK_STALL_PERIOD=4,SINK_STALL_READY=1) .dut.u_fifo  File: /get/work/krishna.vardhan/git_trees/mtp_pcie_axi/pcie_axi_dma_latency/design/rtl/axis_fifo.sv Line: 165
Warning: [axis_fifo] FIFO full (depth=256) — upstream back-pressured at t=46485000
Time: 46485 ns  Iteration: 0  Process: /tb_pcie_axi_dma(TB_SCENARIO=2,FIFO_DEPTH=256,BATCH_COUNT=4,BATCH_TIMEOUT=64,SINK_STALL_EN=1'b1,SINK_STALL_PERIOD=4,SINK_STALL_READY=1)/dut/u_fifo/Always163_9  Scope: \tb_pcie_axi_dma(TB_SCENARIO=2,FIFO_DEPTH=256,BATCH_COUNT=4,BATCH_TIMEOUT=64,SINK_STALL_EN=1'b1,SINK_STALL_PERIOD=4,SINK_STALL_READY=1) .dut.u_fifo  File: /get/work/krishna.vardhan/git_trees/mtp_pcie_axi/pcie_axi_dma_latency/design/rtl/axis_fifo.sv Line: 165
Warning: [axis_fifo] FIFO full (depth=256) — upstream back-pressured at t=46495000
Time: 46495 ns  Iteration: 0  Process: /tb_pcie_axi_dma(TB_SCENARIO=2,FIFO_DEPTH=256,BATCH_COUNT=4,BATCH_TIMEOUT=64,SINK_STALL_EN=1'b1,SINK_STALL_PERIOD=4,SINK_STALL_READY=1)/dut/u_fifo/Always163_9  Scope: \tb_pcie_axi_dma(TB_SCENARIO=2,FIFO_DEPTH=256,BATCH_COUNT=4,BATCH_TIMEOUT=64,SINK_STALL_EN=1'b1,SINK_STALL_PERIOD=4,SINK_STALL_READY=1) .dut.u_fifo  File: /get/work/krishna.vardhan/git_trees/mtp_pcie_axi/pcie_axi_dma_latency/design/rtl/axis_fifo.sv Line: 165
Warning: [axis_fifo] FIFO full (depth=256) — upstream back-pressured at t=46515000
Time: 46515 ns  Iteration: 0  Process: /tb_pcie_axi_dma(TB_SCENARIO=2,FIFO_DEPTH=256,BATCH_COUNT=4,BATCH_TIMEOUT=64,SINK_STALL_EN=1'b1,SINK_STALL_PERIOD=4,SINK_STALL_READY=1)/dut/u_fifo/Always163_9  Scope: \tb_pcie_axi_dma(TB_SCENARIO=2,FIFO_DEPTH=256,BATCH_COUNT=4,BATCH_TIMEOUT=64,SINK_STALL_EN=1'b1,SINK_STALL_PERIOD=4,SINK_STALL_READY=1) .dut.u_fifo  File: /get/work/krishna.vardhan/git_trees/mtp_pcie_axi/pcie_axi_dma_latency/design/rtl/axis_fifo.sv Line: 165
Warning: [axis_fifo] FIFO full (depth=256) — upstream back-pressured at t=46525000
Time: 46525 ns  Iteration: 0  Process: /tb_pcie_axi_dma(TB_SCENARIO=2,FIFO_DEPTH=256,BATCH_COUNT=4,BATCH_TIMEOUT=64,SINK_STALL_EN=1'b1,SINK_STALL_PERIOD=4,SINK_STALL_READY=1)/dut/u_fifo/Always163_9  Scope: \tb_pcie_axi_dma(TB_SCENARIO=2,FIFO_DEPTH=256,BATCH_COUNT=4,BATCH_TIMEOUT=64,SINK_STALL_EN=1'b1,SINK_STALL_PERIOD=4,SINK_STALL_READY=1) .dut.u_fifo  File: /get/work/krishna.vardhan/git_trees/mtp_pcie_axi/pcie_axi_dma_latency/design/rtl/axis_fifo.sv Line: 165
Warning: [axis_fifo] FIFO full (depth=256) — upstream back-pressured at t=46535000
Time: 46535 ns  Iteration: 0  Process: /tb_pcie_axi_dma(TB_SCENARIO=2,FIFO_DEPTH=256,BATCH_COUNT=4,BATCH_TIMEOUT=64,SINK_STALL_EN=1'b1,SINK_STALL_PERIOD=4,SINK_STALL_READY=1)/dut/u_fifo/Always163_9  Scope: \tb_pcie_axi_dma(TB_SCENARIO=2,FIFO_DEPTH=256,BATCH_COUNT=4,BATCH_TIMEOUT=64,SINK_STALL_EN=1'b1,SINK_STALL_PERIOD=4,SINK_STALL_READY=1) .dut.u_fifo  File: /get/work/krishna.vardhan/git_trees/mtp_pcie_axi/pcie_axi_dma_latency/design/rtl/axis_fifo.sv Line: 165
Warning: [axis_fifo] FIFO full (depth=256) — upstream back-pressured at t=46555000
Time: 46555 ns  Iteration: 0  Process: /tb_pcie_axi_dma(TB_SCENARIO=2,FIFO_DEPTH=256,BATCH_COUNT=4,BATCH_TIMEOUT=64,SINK_STALL_EN=1'b1,SINK_STALL_PERIOD=4,SINK_STALL_READY=1)/dut/u_fifo/Always163_9  Scope: \tb_pcie_axi_dma(TB_SCENARIO=2,FIFO_DEPTH=256,BATCH_COUNT=4,BATCH_TIMEOUT=64,SINK_STALL_EN=1'b1,SINK_STALL_PERIOD=4,SINK_STALL_READY=1) .dut.u_fifo  File: /get/work/krishna.vardhan/git_trees/mtp_pcie_axi/pcie_axi_dma_latency/design/rtl/axis_fifo.sv Line: 165
Warning: [axis_fifo] FIFO full (depth=256) — upstream back-pressured at t=46565000
Time: 46565 ns  Iteration: 0  Process: /tb_pcie_axi_dma(TB_SCENARIO=2,FIFO_DEPTH=256,BATCH_COUNT=4,BATCH_TIMEOUT=64,SINK_STALL_EN=1'b1,SINK_STALL_PERIOD=4,SINK_STALL_READY=1)/dut/u_fifo/Always163_9  Scope: \tb_pcie_axi_dma(TB_SCENARIO=2,FIFO_DEPTH=256,BATCH_COUNT=4,BATCH_TIMEOUT=64,SINK_STALL_EN=1'b1,SINK_STALL_PERIOD=4,SINK_STALL_READY=1) .dut.u_fifo  File: /get/work/krishna.vardhan/git_trees/mtp_pcie_axi/pcie_axi_dma_latency/design/rtl/axis_fifo.sv Line: 165
Warning: [axis_fifo] FIFO full (depth=256) — upstream back-pressured at t=46575000
Time: 46575 ns  Iteration: 0  Process: /tb_pcie_axi_dma(TB_SCENARIO=2,FIFO_DEPTH=256,BATCH_COUNT=4,BATCH_TIMEOUT=64,SINK_STALL_EN=1'b1,SINK_STALL_PERIOD=4,SINK_STALL_READY=1)/dut/u_fifo/Always163_9  Scope: \tb_pcie_axi_dma(TB_SCENARIO=2,FIFO_DEPTH=256,BATCH_COUNT=4,BATCH_TIMEOUT=64,SINK_STALL_EN=1'b1,SINK_STALL_PERIOD=4,SINK_STALL_READY=1) .dut.u_fifo  File: /get/work/krishna.vardhan/git_trees/mtp_pcie_axi/pcie_axi_dma_latency/design/rtl/axis_fifo.sv Line: 165
Warning: [axis_fifo] FIFO full (depth=256) — upstream back-pressured at t=46595000
Time: 46595 ns  Iteration: 0  Process: /tb_pcie_axi_dma(TB_SCENARIO=2,FIFO_DEPTH=256,BATCH_COUNT=4,BATCH_TIMEOUT=64,SINK_STALL_EN=1'b1,SINK_STALL_PERIOD=4,SINK_STALL_READY=1)/dut/u_fifo/Always163_9  Scope: \tb_pcie_axi_dma(TB_SCENARIO=2,FIFO_DEPTH=256,BATCH_COUNT=4,BATCH_TIMEOUT=64,SINK_STALL_EN=1'b1,SINK_STALL_PERIOD=4,SINK_STALL_READY=1) .dut.u_fifo  File: /get/work/krishna.vardhan/git_trees/mtp_pcie_axi/pcie_axi_dma_latency/design/rtl/axis_fifo.sv Line: 165
Warning: [axis_fifo] FIFO full (depth=256) — upstream back-pressured at t=46605000
Time: 46605 ns  Iteration: 0  Process: /tb_pcie_axi_dma(TB_SCENARIO=2,FIFO_DEPTH=256,BATCH_COUNT=4,BATCH_TIMEOUT=64,SINK_STALL_EN=1'b1,SINK_STALL_PERIOD=4,SINK_STALL_READY=1)/dut/u_fifo/Always163_9  Scope: \tb_pcie_axi_dma(TB_SCENARIO=2,FIFO_DEPTH=256,BATCH_COUNT=4,BATCH_TIMEOUT=64,SINK_STALL_EN=1'b1,SINK_STALL_PERIOD=4,SINK_STALL_READY=1) .dut.u_fifo  File: /get/work/krishna.vardhan/git_trees/mtp_pcie_axi/pcie_axi_dma_latency/design/rtl/axis_fifo.sv Line: 165
Warning: [axis_fifo] FIFO full (depth=256) — upstream back-pressured at t=46615000
Time: 46615 ns  Iteration: 0  Process: /tb_pcie_axi_dma(TB_SCENARIO=2,FIFO_DEPTH=256,BATCH_COUNT=4,BATCH_TIMEOUT=64,SINK_STALL_EN=1'b1,SINK_STALL_PERIOD=4,SINK_STALL_READY=1)/dut/u_fifo/Always163_9  Scope: \tb_pcie_axi_dma(TB_SCENARIO=2,FIFO_DEPTH=256,BATCH_COUNT=4,BATCH_TIMEOUT=64,SINK_STALL_EN=1'b1,SINK_STALL_PERIOD=4,SINK_STALL_READY=1) .dut.u_fifo  File: /get/work/krishna.vardhan/git_trees/mtp_pcie_axi/pcie_axi_dma_latency/design/rtl/axis_fifo.sv Line: 165
Warning: [axis_fifo] FIFO full (depth=256) — upstream back-pressured at t=46635000
Time: 46635 ns  Iteration: 0  Process: /tb_pcie_axi_dma(TB_SCENARIO=2,FIFO_DEPTH=256,BATCH_COUNT=4,BATCH_TIMEOUT=64,SINK_STALL_EN=1'b1,SINK_STALL_PERIOD=4,SINK_STALL_READY=1)/dut/u_fifo/Always163_9  Scope: \tb_pcie_axi_dma(TB_SCENARIO=2,FIFO_DEPTH=256,BATCH_COUNT=4,BATCH_TIMEOUT=64,SINK_STALL_EN=1'b1,SINK_STALL_PERIOD=4,SINK_STALL_READY=1) .dut.u_fifo  File: /get/work/krishna.vardhan/git_trees/mtp_pcie_axi/pcie_axi_dma_latency/design/rtl/axis_fifo.sv Line: 165
Warning: [axis_fifo] FIFO full (depth=256) — upstream back-pressured at t=46645000
Time: 46645 ns  Iteration: 0  Process: /tb_pcie_axi_dma(TB_SCENARIO=2,FIFO_DEPTH=256,BATCH_COUNT=4,BATCH_TIMEOUT=64,SINK_STALL_EN=1'b1,SINK_STALL_PERIOD=4,SINK_STALL_READY=1)/dut/u_fifo/Always163_9  Scope: \tb_pcie_axi_dma(TB_SCENARIO=2,FIFO_DEPTH=256,BATCH_COUNT=4,BATCH_TIMEOUT=64,SINK_STALL_EN=1'b1,SINK_STALL_PERIOD=4,SINK_STALL_READY=1) .dut.u_fifo  File: /get/work/krishna.vardhan/git_trees/mtp_pcie_axi/pcie_axi_dma_latency/design/rtl/axis_fifo.sv Line: 165
Warning: [axis_fifo] FIFO full (depth=256) — upstream back-pressured at t=46655000
Time: 46655 ns  Iteration: 0  Process: /tb_pcie_axi_dma(TB_SCENARIO=2,FIFO_DEPTH=256,BATCH_COUNT=4,BATCH_TIMEOUT=64,SINK_STALL_EN=1'b1,SINK_STALL_PERIOD=4,SINK_STALL_READY=1)/dut/u_fifo/Always163_9  Scope: \tb_pcie_axi_dma(TB_SCENARIO=2,FIFO_DEPTH=256,BATCH_COUNT=4,BATCH_TIMEOUT=64,SINK_STALL_EN=1'b1,SINK_STALL_PERIOD=4,SINK_STALL_READY=1) .dut.u_fifo  File: /get/work/krishna.vardhan/git_trees/mtp_pcie_axi/pcie_axi_dma_latency/design/rtl/axis_fifo.sv Line: 165
Warning: [axis_fifo] FIFO full (depth=256) — upstream back-pressured at t=46675000
Time: 46675 ns  Iteration: 0  Process: /tb_pcie_axi_dma(TB_SCENARIO=2,FIFO_DEPTH=256,BATCH_COUNT=4,BATCH_TIMEOUT=64,SINK_STALL_EN=1'b1,SINK_STALL_PERIOD=4,SINK_STALL_READY=1)/dut/u_fifo/Always163_9  Scope: \tb_pcie_axi_dma(TB_SCENARIO=2,FIFO_DEPTH=256,BATCH_COUNT=4,BATCH_TIMEOUT=64,SINK_STALL_EN=1'b1,SINK_STALL_PERIOD=4,SINK_STALL_READY=1) .dut.u_fifo  File: /get/work/krishna.vardhan/git_trees/mtp_pcie_axi/pcie_axi_dma_latency/design/rtl/axis_fifo.sv Line: 165
Warning: [axis_fifo] FIFO full (depth=256) — upstream back-pressured at t=46685000
Time: 46685 ns  Iteration: 0  Process: /tb_pcie_axi_dma(TB_SCENARIO=2,FIFO_DEPTH=256,BATCH_COUNT=4,BATCH_TIMEOUT=64,SINK_STALL_EN=1'b1,SINK_STALL_PERIOD=4,SINK_STALL_READY=1)/dut/u_fifo/Always163_9  Scope: \tb_pcie_axi_dma(TB_SCENARIO=2,FIFO_DEPTH=256,BATCH_COUNT=4,BATCH_TIMEOUT=64,SINK_STALL_EN=1'b1,SINK_STALL_PERIOD=4,SINK_STALL_READY=1) .dut.u_fifo  File: /get/work/krishna.vardhan/git_trees/mtp_pcie_axi/pcie_axi_dma_latency/design/rtl/axis_fifo.sv Line: 165
Warning: [axis_fifo] FIFO full (depth=256) — upstream back-pressured at t=46695000
Time: 46695 ns  Iteration: 0  Process: /tb_pcie_axi_dma(TB_SCENARIO=2,FIFO_DEPTH=256,BATCH_COUNT=4,BATCH_TIMEOUT=64,SINK_STALL_EN=1'b1,SINK_STALL_PERIOD=4,SINK_STALL_READY=1)/dut/u_fifo/Always163_9  Scope: \tb_pcie_axi_dma(TB_SCENARIO=2,FIFO_DEPTH=256,BATCH_COUNT=4,BATCH_TIMEOUT=64,SINK_STALL_EN=1'b1,SINK_STALL_PERIOD=4,SINK_STALL_READY=1) .dut.u_fifo  File: /get/work/krishna.vardhan/git_trees/mtp_pcie_axi/pcie_axi_dma_latency/design/rtl/axis_fifo.sv Line: 165
Warning: [axis_fifo] FIFO full (depth=256) — upstream back-pressured at t=46715000
Time: 46715 ns  Iteration: 0  Process: /tb_pcie_axi_dma(TB_SCENARIO=2,FIFO_DEPTH=256,BATCH_COUNT=4,BATCH_TIMEOUT=64,SINK_STALL_EN=1'b1,SINK_STALL_PERIOD=4,SINK_STALL_READY=1)/dut/u_fifo/Always163_9  Scope: \tb_pcie_axi_dma(TB_SCENARIO=2,FIFO_DEPTH=256,BATCH_COUNT=4,BATCH_TIMEOUT=64,SINK_STALL_EN=1'b1,SINK_STALL_PERIOD=4,SINK_STALL_READY=1) .dut.u_fifo  File: /get/work/krishna.vardhan/git_trees/mtp_pcie_axi/pcie_axi_dma_latency/design/rtl/axis_fifo.sv Line: 165
Warning: [axis_fifo] FIFO full (depth=256) — upstream back-pressured at t=46725000
Time: 46725 ns  Iteration: 0  Process: /tb_pcie_axi_dma(TB_SCENARIO=2,FIFO_DEPTH=256,BATCH_COUNT=4,BATCH_TIMEOUT=64,SINK_STALL_EN=1'b1,SINK_STALL_PERIOD=4,SINK_STALL_READY=1)/dut/u_fifo/Always163_9  Scope: \tb_pcie_axi_dma(TB_SCENARIO=2,FIFO_DEPTH=256,BATCH_COUNT=4,BATCH_TIMEOUT=64,SINK_STALL_EN=1'b1,SINK_STALL_PERIOD=4,SINK_STALL_READY=1) .dut.u_fifo  File: /get/work/krishna.vardhan/git_trees/mtp_pcie_axi/pcie_axi_dma_latency/design/rtl/axis_fifo.sv Line: 165
Warning: [axis_fifo] FIFO full (depth=256) — upstream back-pressured at t=46735000
Time: 46735 ns  Iteration: 0  Process: /tb_pcie_axi_dma(TB_SCENARIO=2,FIFO_DEPTH=256,BATCH_COUNT=4,BATCH_TIMEOUT=64,SINK_STALL_EN=1'b1,SINK_STALL_PERIOD=4,SINK_STALL_READY=1)/dut/u_fifo/Always163_9  Scope: \tb_pcie_axi_dma(TB_SCENARIO=2,FIFO_DEPTH=256,BATCH_COUNT=4,BATCH_TIMEOUT=64,SINK_STALL_EN=1'b1,SINK_STALL_PERIOD=4,SINK_STALL_READY=1) .dut.u_fifo  File: /get/work/krishna.vardhan/git_trees/mtp_pcie_axi/pcie_axi_dma_latency/design/rtl/axis_fifo.sv Line: 165
Warning: [axis_fifo] FIFO full (depth=256) — upstream back-pressured at t=46755000
Time: 46755 ns  Iteration: 0  Process: /tb_pcie_axi_dma(TB_SCENARIO=2,FIFO_DEPTH=256,BATCH_COUNT=4,BATCH_TIMEOUT=64,SINK_STALL_EN=1'b1,SINK_STALL_PERIOD=4,SINK_STALL_READY=1)/dut/u_fifo/Always163_9  Scope: \tb_pcie_axi_dma(TB_SCENARIO=2,FIFO_DEPTH=256,BATCH_COUNT=4,BATCH_TIMEOUT=64,SINK_STALL_EN=1'b1,SINK_STALL_PERIOD=4,SINK_STALL_READY=1) .dut.u_fifo  File: /get/work/krishna.vardhan/git_trees/mtp_pcie_axi/pcie_axi_dma_latency/design/rtl/axis_fifo.sv Line: 165
Warning: [axis_fifo] FIFO full (depth=256) — upstream back-pressured at t=46765000
Time: 46765 ns  Iteration: 0  Process: /tb_pcie_axi_dma(TB_SCENARIO=2,FIFO_DEPTH=256,BATCH_COUNT=4,BATCH_TIMEOUT=64,SINK_STALL_EN=1'b1,SINK_STALL_PERIOD=4,SINK_STALL_READY=1)/dut/u_fifo/Always163_9  Scope: \tb_pcie_axi_dma(TB_SCENARIO=2,FIFO_DEPTH=256,BATCH_COUNT=4,BATCH_TIMEOUT=64,SINK_STALL_EN=1'b1,SINK_STALL_PERIOD=4,SINK_STALL_READY=1) .dut.u_fifo  File: /get/work/krishna.vardhan/git_trees/mtp_pcie_axi/pcie_axi_dma_latency/design/rtl/axis_fifo.sv Line: 165
Warning: [axis_fifo] FIFO full (depth=256) — upstream back-pressured at t=46775000
Time: 46775 ns  Iteration: 0  Process: /tb_pcie_axi_dma(TB_SCENARIO=2,FIFO_DEPTH=256,BATCH_COUNT=4,BATCH_TIMEOUT=64,SINK_STALL_EN=1'b1,SINK_STALL_PERIOD=4,SINK_STALL_READY=1)/dut/u_fifo/Always163_9  Scope: \tb_pcie_axi_dma(TB_SCENARIO=2,FIFO_DEPTH=256,BATCH_COUNT=4,BATCH_TIMEOUT=64,SINK_STALL_EN=1'b1,SINK_STALL_PERIOD=4,SINK_STALL_READY=1) .dut.u_fifo  File: /get/work/krishna.vardhan/git_trees/mtp_pcie_axi/pcie_axi_dma_latency/design/rtl/axis_fifo.sv Line: 165
Warning: [axis_fifo] FIFO full (depth=256) — upstream back-pressured at t=46795000
Time: 46795 ns  Iteration: 0  Process: /tb_pcie_axi_dma(TB_SCENARIO=2,FIFO_DEPTH=256,BATCH_COUNT=4,BATCH_TIMEOUT=64,SINK_STALL_EN=1'b1,SINK_STALL_PERIOD=4,SINK_STALL_READY=1)/dut/u_fifo/Always163_9  Scope: \tb_pcie_axi_dma(TB_SCENARIO=2,FIFO_DEPTH=256,BATCH_COUNT=4,BATCH_TIMEOUT=64,SINK_STALL_EN=1'b1,SINK_STALL_PERIOD=4,SINK_STALL_READY=1) .dut.u_fifo  File: /get/work/krishna.vardhan/git_trees/mtp_pcie_axi/pcie_axi_dma_latency/design/rtl/axis_fifo.sv Line: 165
Warning: [axis_fifo] FIFO full (depth=256) — upstream back-pressured at t=46805000
Time: 46805 ns  Iteration: 0  Process: /tb_pcie_axi_dma(TB_SCENARIO=2,FIFO_DEPTH=256,BATCH_COUNT=4,BATCH_TIMEOUT=64,SINK_STALL_EN=1'b1,SINK_STALL_PERIOD=4,SINK_STALL_READY=1)/dut/u_fifo/Always163_9  Scope: \tb_pcie_axi_dma(TB_SCENARIO=2,FIFO_DEPTH=256,BATCH_COUNT=4,BATCH_TIMEOUT=64,SINK_STALL_EN=1'b1,SINK_STALL_PERIOD=4,SINK_STALL_READY=1) .dut.u_fifo  File: /get/work/krishna.vardhan/git_trees/mtp_pcie_axi/pcie_axi_dma_latency/design/rtl/axis_fifo.sv Line: 165
Warning: [axis_fifo] FIFO full (depth=256) — upstream back-pressured at t=46815000
Time: 46815 ns  Iteration: 0  Process: /tb_pcie_axi_dma(TB_SCENARIO=2,FIFO_DEPTH=256,BATCH_COUNT=4,BATCH_TIMEOUT=64,SINK_STALL_EN=1'b1,SINK_STALL_PERIOD=4,SINK_STALL_READY=1)/dut/u_fifo/Always163_9  Scope: \tb_pcie_axi_dma(TB_SCENARIO=2,FIFO_DEPTH=256,BATCH_COUNT=4,BATCH_TIMEOUT=64,SINK_STALL_EN=1'b1,SINK_STALL_PERIOD=4,SINK_STALL_READY=1) .dut.u_fifo  File: /get/work/krishna.vardhan/git_trees/mtp_pcie_axi/pcie_axi_dma_latency/design/rtl/axis_fifo.sv Line: 165
Warning: [axis_fifo] FIFO full (depth=256) — upstream back-pressured at t=46835000
Time: 46835 ns  Iteration: 0  Process: /tb_pcie_axi_dma(TB_SCENARIO=2,FIFO_DEPTH=256,BATCH_COUNT=4,BATCH_TIMEOUT=64,SINK_STALL_EN=1'b1,SINK_STALL_PERIOD=4,SINK_STALL_READY=1)/dut/u_fifo/Always163_9  Scope: \tb_pcie_axi_dma(TB_SCENARIO=2,FIFO_DEPTH=256,BATCH_COUNT=4,BATCH_TIMEOUT=64,SINK_STALL_EN=1'b1,SINK_STALL_PERIOD=4,SINK_STALL_READY=1) .dut.u_fifo  File: /get/work/krishna.vardhan/git_trees/mtp_pcie_axi/pcie_axi_dma_latency/design/rtl/axis_fifo.sv Line: 165
Warning: [axis_fifo] FIFO full (depth=256) — upstream back-pressured at t=46845000
Time: 46845 ns  Iteration: 0  Process: /tb_pcie_axi_dma(TB_SCENARIO=2,FIFO_DEPTH=256,BATCH_COUNT=4,BATCH_TIMEOUT=64,SINK_STALL_EN=1'b1,SINK_STALL_PERIOD=4,SINK_STALL_READY=1)/dut/u_fifo/Always163_9  Scope: \tb_pcie_axi_dma(TB_SCENARIO=2,FIFO_DEPTH=256,BATCH_COUNT=4,BATCH_TIMEOUT=64,SINK_STALL_EN=1'b1,SINK_STALL_PERIOD=4,SINK_STALL_READY=1) .dut.u_fifo  File: /get/work/krishna.vardhan/git_trees/mtp_pcie_axi/pcie_axi_dma_latency/design/rtl/axis_fifo.sv Line: 165
Warning: [axis_fifo] FIFO full (depth=256) — upstream back-pressured at t=46855000
Time: 46855 ns  Iteration: 0  Process: /tb_pcie_axi_dma(TB_SCENARIO=2,FIFO_DEPTH=256,BATCH_COUNT=4,BATCH_TIMEOUT=64,SINK_STALL_EN=1'b1,SINK_STALL_PERIOD=4,SINK_STALL_READY=1)/dut/u_fifo/Always163_9  Scope: \tb_pcie_axi_dma(TB_SCENARIO=2,FIFO_DEPTH=256,BATCH_COUNT=4,BATCH_TIMEOUT=64,SINK_STALL_EN=1'b1,SINK_STALL_PERIOD=4,SINK_STALL_READY=1) .dut.u_fifo  File: /get/work/krishna.vardhan/git_trees/mtp_pcie_axi/pcie_axi_dma_latency/design/rtl/axis_fifo.sv Line: 165
Warning: [axis_fifo] FIFO full (depth=256) — upstream back-pressured at t=46875000
Time: 46875 ns  Iteration: 0  Process: /tb_pcie_axi_dma(TB_SCENARIO=2,FIFO_DEPTH=256,BATCH_COUNT=4,BATCH_TIMEOUT=64,SINK_STALL_EN=1'b1,SINK_STALL_PERIOD=4,SINK_STALL_READY=1)/dut/u_fifo/Always163_9  Scope: \tb_pcie_axi_dma(TB_SCENARIO=2,FIFO_DEPTH=256,BATCH_COUNT=4,BATCH_TIMEOUT=64,SINK_STALL_EN=1'b1,SINK_STALL_PERIOD=4,SINK_STALL_READY=1) .dut.u_fifo  File: /get/work/krishna.vardhan/git_trees/mtp_pcie_axi/pcie_axi_dma_latency/design/rtl/axis_fifo.sv Line: 165
Warning: [axis_fifo] FIFO full (depth=256) — upstream back-pressured at t=46885000
Time: 46885 ns  Iteration: 0  Process: /tb_pcie_axi_dma(TB_SCENARIO=2,FIFO_DEPTH=256,BATCH_COUNT=4,BATCH_TIMEOUT=64,SINK_STALL_EN=1'b1,SINK_STALL_PERIOD=4,SINK_STALL_READY=1)/dut/u_fifo/Always163_9  Scope: \tb_pcie_axi_dma(TB_SCENARIO=2,FIFO_DEPTH=256,BATCH_COUNT=4,BATCH_TIMEOUT=64,SINK_STALL_EN=1'b1,SINK_STALL_PERIOD=4,SINK_STALL_READY=1) .dut.u_fifo  File: /get/work/krishna.vardhan/git_trees/mtp_pcie_axi/pcie_axi_dma_latency/design/rtl/axis_fifo.sv Line: 165
Warning: [axis_fifo] FIFO full (depth=256) — upstream back-pressured at t=46895000
Time: 46895 ns  Iteration: 0  Process: /tb_pcie_axi_dma(TB_SCENARIO=2,FIFO_DEPTH=256,BATCH_COUNT=4,BATCH_TIMEOUT=64,SINK_STALL_EN=1'b1,SINK_STALL_PERIOD=4,SINK_STALL_READY=1)/dut/u_fifo/Always163_9  Scope: \tb_pcie_axi_dma(TB_SCENARIO=2,FIFO_DEPTH=256,BATCH_COUNT=4,BATCH_TIMEOUT=64,SINK_STALL_EN=1'b1,SINK_STALL_PERIOD=4,SINK_STALL_READY=1) .dut.u_fifo  File: /get/work/krishna.vardhan/git_trees/mtp_pcie_axi/pcie_axi_dma_latency/design/rtl/axis_fifo.sv Line: 165
Warning: [axis_fifo] FIFO full (depth=256) — upstream back-pressured at t=46915000
Time: 46915 ns  Iteration: 0  Process: /tb_pcie_axi_dma(TB_SCENARIO=2,FIFO_DEPTH=256,BATCH_COUNT=4,BATCH_TIMEOUT=64,SINK_STALL_EN=1'b1,SINK_STALL_PERIOD=4,SINK_STALL_READY=1)/dut/u_fifo/Always163_9  Scope: \tb_pcie_axi_dma(TB_SCENARIO=2,FIFO_DEPTH=256,BATCH_COUNT=4,BATCH_TIMEOUT=64,SINK_STALL_EN=1'b1,SINK_STALL_PERIOD=4,SINK_STALL_READY=1) .dut.u_fifo  File: /get/work/krishna.vardhan/git_trees/mtp_pcie_axi/pcie_axi_dma_latency/design/rtl/axis_fifo.sv Line: 165
Warning: [axis_fifo] FIFO full (depth=256) — upstream back-pressured at t=46925000
Time: 46925 ns  Iteration: 0  Process: /tb_pcie_axi_dma(TB_SCENARIO=2,FIFO_DEPTH=256,BATCH_COUNT=4,BATCH_TIMEOUT=64,SINK_STALL_EN=1'b1,SINK_STALL_PERIOD=4,SINK_STALL_READY=1)/dut/u_fifo/Always163_9  Scope: \tb_pcie_axi_dma(TB_SCENARIO=2,FIFO_DEPTH=256,BATCH_COUNT=4,BATCH_TIMEOUT=64,SINK_STALL_EN=1'b1,SINK_STALL_PERIOD=4,SINK_STALL_READY=1) .dut.u_fifo  File: /get/work/krishna.vardhan/git_trees/mtp_pcie_axi/pcie_axi_dma_latency/design/rtl/axis_fifo.sv Line: 165
Warning: [axis_fifo] FIFO full (depth=256) — upstream back-pressured at t=46935000
Time: 46935 ns  Iteration: 0  Process: /tb_pcie_axi_dma(TB_SCENARIO=2,FIFO_DEPTH=256,BATCH_COUNT=4,BATCH_TIMEOUT=64,SINK_STALL_EN=1'b1,SINK_STALL_PERIOD=4,SINK_STALL_READY=1)/dut/u_fifo/Always163_9  Scope: \tb_pcie_axi_dma(TB_SCENARIO=2,FIFO_DEPTH=256,BATCH_COUNT=4,BATCH_TIMEOUT=64,SINK_STALL_EN=1'b1,SINK_STALL_PERIOD=4,SINK_STALL_READY=1) .dut.u_fifo  File: /get/work/krishna.vardhan/git_trees/mtp_pcie_axi/pcie_axi_dma_latency/design/rtl/axis_fifo.sv Line: 165
Warning: [axis_fifo] FIFO full (depth=256) — upstream back-pressured at t=46955000
Time: 46955 ns  Iteration: 0  Process: /tb_pcie_axi_dma(TB_SCENARIO=2,FIFO_DEPTH=256,BATCH_COUNT=4,BATCH_TIMEOUT=64,SINK_STALL_EN=1'b1,SINK_STALL_PERIOD=4,SINK_STALL_READY=1)/dut/u_fifo/Always163_9  Scope: \tb_pcie_axi_dma(TB_SCENARIO=2,FIFO_DEPTH=256,BATCH_COUNT=4,BATCH_TIMEOUT=64,SINK_STALL_EN=1'b1,SINK_STALL_PERIOD=4,SINK_STALL_READY=1) .dut.u_fifo  File: /get/work/krishna.vardhan/git_trees/mtp_pcie_axi/pcie_axi_dma_latency/design/rtl/axis_fifo.sv Line: 165
Warning: [axis_fifo] FIFO full (depth=256) — upstream back-pressured at t=46965000
Time: 46965 ns  Iteration: 0  Process: /tb_pcie_axi_dma(TB_SCENARIO=2,FIFO_DEPTH=256,BATCH_COUNT=4,BATCH_TIMEOUT=64,SINK_STALL_EN=1'b1,SINK_STALL_PERIOD=4,SINK_STALL_READY=1)/dut/u_fifo/Always163_9  Scope: \tb_pcie_axi_dma(TB_SCENARIO=2,FIFO_DEPTH=256,BATCH_COUNT=4,BATCH_TIMEOUT=64,SINK_STALL_EN=1'b1,SINK_STALL_PERIOD=4,SINK_STALL_READY=1) .dut.u_fifo  File: /get/work/krishna.vardhan/git_trees/mtp_pcie_axi/pcie_axi_dma_latency/design/rtl/axis_fifo.sv Line: 165
Warning: [axis_fifo] FIFO full (depth=256) — upstream back-pressured at t=46975000
Time: 46975 ns  Iteration: 0  Process: /tb_pcie_axi_dma(TB_SCENARIO=2,FIFO_DEPTH=256,BATCH_COUNT=4,BATCH_TIMEOUT=64,SINK_STALL_EN=1'b1,SINK_STALL_PERIOD=4,SINK_STALL_READY=1)/dut/u_fifo/Always163_9  Scope: \tb_pcie_axi_dma(TB_SCENARIO=2,FIFO_DEPTH=256,BATCH_COUNT=4,BATCH_TIMEOUT=64,SINK_STALL_EN=1'b1,SINK_STALL_PERIOD=4,SINK_STALL_READY=1) .dut.u_fifo  File: /get/work/krishna.vardhan/git_trees/mtp_pcie_axi/pcie_axi_dma_latency/design/rtl/axis_fifo.sv Line: 165
Warning: [axis_fifo] FIFO full (depth=256) — upstream back-pressured at t=46995000
Time: 46995 ns  Iteration: 0  Process: /tb_pcie_axi_dma(TB_SCENARIO=2,FIFO_DEPTH=256,BATCH_COUNT=4,BATCH_TIMEOUT=64,SINK_STALL_EN=1'b1,SINK_STALL_PERIOD=4,SINK_STALL_READY=1)/dut/u_fifo/Always163_9  Scope: \tb_pcie_axi_dma(TB_SCENARIO=2,FIFO_DEPTH=256,BATCH_COUNT=4,BATCH_TIMEOUT=64,SINK_STALL_EN=1'b1,SINK_STALL_PERIOD=4,SINK_STALL_READY=1) .dut.u_fifo  File: /get/work/krishna.vardhan/git_trees/mtp_pcie_axi/pcie_axi_dma_latency/design/rtl/axis_fifo.sv Line: 165
Warning: [axis_fifo] FIFO full (depth=256) — upstream back-pressured at t=47005000
Time: 47005 ns  Iteration: 0  Process: /tb_pcie_axi_dma(TB_SCENARIO=2,FIFO_DEPTH=256,BATCH_COUNT=4,BATCH_TIMEOUT=64,SINK_STALL_EN=1'b1,SINK_STALL_PERIOD=4,SINK_STALL_READY=1)/dut/u_fifo/Always163_9  Scope: \tb_pcie_axi_dma(TB_SCENARIO=2,FIFO_DEPTH=256,BATCH_COUNT=4,BATCH_TIMEOUT=64,SINK_STALL_EN=1'b1,SINK_STALL_PERIOD=4,SINK_STALL_READY=1) .dut.u_fifo  File: /get/work/krishna.vardhan/git_trees/mtp_pcie_axi/pcie_axi_dma_latency/design/rtl/axis_fifo.sv Line: 165
Warning: [axis_fifo] FIFO full (depth=256) — upstream back-pressured at t=47015000
Time: 47015 ns  Iteration: 0  Process: /tb_pcie_axi_dma(TB_SCENARIO=2,FIFO_DEPTH=256,BATCH_COUNT=4,BATCH_TIMEOUT=64,SINK_STALL_EN=1'b1,SINK_STALL_PERIOD=4,SINK_STALL_READY=1)/dut/u_fifo/Always163_9  Scope: \tb_pcie_axi_dma(TB_SCENARIO=2,FIFO_DEPTH=256,BATCH_COUNT=4,BATCH_TIMEOUT=64,SINK_STALL_EN=1'b1,SINK_STALL_PERIOD=4,SINK_STALL_READY=1) .dut.u_fifo  File: /get/work/krishna.vardhan/git_trees/mtp_pcie_axi/pcie_axi_dma_latency/design/rtl/axis_fifo.sv Line: 165
Warning: [axis_fifo] FIFO full (depth=256) — upstream back-pressured at t=47035000
Time: 47035 ns  Iteration: 0  Process: /tb_pcie_axi_dma(TB_SCENARIO=2,FIFO_DEPTH=256,BATCH_COUNT=4,BATCH_TIMEOUT=64,SINK_STALL_EN=1'b1,SINK_STALL_PERIOD=4,SINK_STALL_READY=1)/dut/u_fifo/Always163_9  Scope: \tb_pcie_axi_dma(TB_SCENARIO=2,FIFO_DEPTH=256,BATCH_COUNT=4,BATCH_TIMEOUT=64,SINK_STALL_EN=1'b1,SINK_STALL_PERIOD=4,SINK_STALL_READY=1) .dut.u_fifo  File: /get/work/krishna.vardhan/git_trees/mtp_pcie_axi/pcie_axi_dma_latency/design/rtl/axis_fifo.sv Line: 165
Warning: [axis_fifo] FIFO full (depth=256) — upstream back-pressured at t=47045000
Time: 47045 ns  Iteration: 0  Process: /tb_pcie_axi_dma(TB_SCENARIO=2,FIFO_DEPTH=256,BATCH_COUNT=4,BATCH_TIMEOUT=64,SINK_STALL_EN=1'b1,SINK_STALL_PERIOD=4,SINK_STALL_READY=1)/dut/u_fifo/Always163_9  Scope: \tb_pcie_axi_dma(TB_SCENARIO=2,FIFO_DEPTH=256,BATCH_COUNT=4,BATCH_TIMEOUT=64,SINK_STALL_EN=1'b1,SINK_STALL_PERIOD=4,SINK_STALL_READY=1) .dut.u_fifo  File: /get/work/krishna.vardhan/git_trees/mtp_pcie_axi/pcie_axi_dma_latency/design/rtl/axis_fifo.sv Line: 165
Warning: [axis_fifo] FIFO full (depth=256) — upstream back-pressured at t=47055000
Time: 47055 ns  Iteration: 0  Process: /tb_pcie_axi_dma(TB_SCENARIO=2,FIFO_DEPTH=256,BATCH_COUNT=4,BATCH_TIMEOUT=64,SINK_STALL_EN=1'b1,SINK_STALL_PERIOD=4,SINK_STALL_READY=1)/dut/u_fifo/Always163_9  Scope: \tb_pcie_axi_dma(TB_SCENARIO=2,FIFO_DEPTH=256,BATCH_COUNT=4,BATCH_TIMEOUT=64,SINK_STALL_EN=1'b1,SINK_STALL_PERIOD=4,SINK_STALL_READY=1) .dut.u_fifo  File: /get/work/krishna.vardhan/git_trees/mtp_pcie_axi/pcie_axi_dma_latency/design/rtl/axis_fifo.sv Line: 165
Warning: [axis_fifo] FIFO full (depth=256) — upstream back-pressured at t=47075000
Time: 47075 ns  Iteration: 0  Process: /tb_pcie_axi_dma(TB_SCENARIO=2,FIFO_DEPTH=256,BATCH_COUNT=4,BATCH_TIMEOUT=64,SINK_STALL_EN=1'b1,SINK_STALL_PERIOD=4,SINK_STALL_READY=1)/dut/u_fifo/Always163_9  Scope: \tb_pcie_axi_dma(TB_SCENARIO=2,FIFO_DEPTH=256,BATCH_COUNT=4,BATCH_TIMEOUT=64,SINK_STALL_EN=1'b1,SINK_STALL_PERIOD=4,SINK_STALL_READY=1) .dut.u_fifo  File: /get/work/krishna.vardhan/git_trees/mtp_pcie_axi/pcie_axi_dma_latency/design/rtl/axis_fifo.sv Line: 165
Warning: [axis_fifo] FIFO full (depth=256) — upstream back-pressured at t=47085000
Time: 47085 ns  Iteration: 0  Process: /tb_pcie_axi_dma(TB_SCENARIO=2,FIFO_DEPTH=256,BATCH_COUNT=4,BATCH_TIMEOUT=64,SINK_STALL_EN=1'b1,SINK_STALL_PERIOD=4,SINK_STALL_READY=1)/dut/u_fifo/Always163_9  Scope: \tb_pcie_axi_dma(TB_SCENARIO=2,FIFO_DEPTH=256,BATCH_COUNT=4,BATCH_TIMEOUT=64,SINK_STALL_EN=1'b1,SINK_STALL_PERIOD=4,SINK_STALL_READY=1) .dut.u_fifo  File: /get/work/krishna.vardhan/git_trees/mtp_pcie_axi/pcie_axi_dma_latency/design/rtl/axis_fifo.sv Line: 165
Warning: [axis_fifo] FIFO full (depth=256) — upstream back-pressured at t=47095000
Time: 47095 ns  Iteration: 0  Process: /tb_pcie_axi_dma(TB_SCENARIO=2,FIFO_DEPTH=256,BATCH_COUNT=4,BATCH_TIMEOUT=64,SINK_STALL_EN=1'b1,SINK_STALL_PERIOD=4,SINK_STALL_READY=1)/dut/u_fifo/Always163_9  Scope: \tb_pcie_axi_dma(TB_SCENARIO=2,FIFO_DEPTH=256,BATCH_COUNT=4,BATCH_TIMEOUT=64,SINK_STALL_EN=1'b1,SINK_STALL_PERIOD=4,SINK_STALL_READY=1) .dut.u_fifo  File: /get/work/krishna.vardhan/git_trees/mtp_pcie_axi/pcie_axi_dma_latency/design/rtl/axis_fifo.sv Line: 165
Warning: [axis_fifo] FIFO full (depth=256) — upstream back-pressured at t=47115000
Time: 47115 ns  Iteration: 0  Process: /tb_pcie_axi_dma(TB_SCENARIO=2,FIFO_DEPTH=256,BATCH_COUNT=4,BATCH_TIMEOUT=64,SINK_STALL_EN=1'b1,SINK_STALL_PERIOD=4,SINK_STALL_READY=1)/dut/u_fifo/Always163_9  Scope: \tb_pcie_axi_dma(TB_SCENARIO=2,FIFO_DEPTH=256,BATCH_COUNT=4,BATCH_TIMEOUT=64,SINK_STALL_EN=1'b1,SINK_STALL_PERIOD=4,SINK_STALL_READY=1) .dut.u_fifo  File: /get/work/krishna.vardhan/git_trees/mtp_pcie_axi/pcie_axi_dma_latency/design/rtl/axis_fifo.sv Line: 165
Warning: [axis_fifo] FIFO full (depth=256) — upstream back-pressured at t=47125000
Time: 47125 ns  Iteration: 0  Process: /tb_pcie_axi_dma(TB_SCENARIO=2,FIFO_DEPTH=256,BATCH_COUNT=4,BATCH_TIMEOUT=64,SINK_STALL_EN=1'b1,SINK_STALL_PERIOD=4,SINK_STALL_READY=1)/dut/u_fifo/Always163_9  Scope: \tb_pcie_axi_dma(TB_SCENARIO=2,FIFO_DEPTH=256,BATCH_COUNT=4,BATCH_TIMEOUT=64,SINK_STALL_EN=1'b1,SINK_STALL_PERIOD=4,SINK_STALL_READY=1) .dut.u_fifo  File: /get/work/krishna.vardhan/git_trees/mtp_pcie_axi/pcie_axi_dma_latency/design/rtl/axis_fifo.sv Line: 165
Warning: [axis_fifo] FIFO full (depth=256) — upstream back-pressured at t=47135000
Time: 47135 ns  Iteration: 0  Process: /tb_pcie_axi_dma(TB_SCENARIO=2,FIFO_DEPTH=256,BATCH_COUNT=4,BATCH_TIMEOUT=64,SINK_STALL_EN=1'b1,SINK_STALL_PERIOD=4,SINK_STALL_READY=1)/dut/u_fifo/Always163_9  Scope: \tb_pcie_axi_dma(TB_SCENARIO=2,FIFO_DEPTH=256,BATCH_COUNT=4,BATCH_TIMEOUT=64,SINK_STALL_EN=1'b1,SINK_STALL_PERIOD=4,SINK_STALL_READY=1) .dut.u_fifo  File: /get/work/krishna.vardhan/git_trees/mtp_pcie_axi/pcie_axi_dma_latency/design/rtl/axis_fifo.sv Line: 165
Warning: [axis_fifo] FIFO full (depth=256) — upstream back-pressured at t=47155000
Time: 47155 ns  Iteration: 0  Process: /tb_pcie_axi_dma(TB_SCENARIO=2,FIFO_DEPTH=256,BATCH_COUNT=4,BATCH_TIMEOUT=64,SINK_STALL_EN=1'b1,SINK_STALL_PERIOD=4,SINK_STALL_READY=1)/dut/u_fifo/Always163_9  Scope: \tb_pcie_axi_dma(TB_SCENARIO=2,FIFO_DEPTH=256,BATCH_COUNT=4,BATCH_TIMEOUT=64,SINK_STALL_EN=1'b1,SINK_STALL_PERIOD=4,SINK_STALL_READY=1) .dut.u_fifo  File: /get/work/krishna.vardhan/git_trees/mtp_pcie_axi/pcie_axi_dma_latency/design/rtl/axis_fifo.sv Line: 165
Warning: [axis_fifo] FIFO full (depth=256) — upstream back-pressured at t=47165000
Time: 47165 ns  Iteration: 0  Process: /tb_pcie_axi_dma(TB_SCENARIO=2,FIFO_DEPTH=256,BATCH_COUNT=4,BATCH_TIMEOUT=64,SINK_STALL_EN=1'b1,SINK_STALL_PERIOD=4,SINK_STALL_READY=1)/dut/u_fifo/Always163_9  Scope: \tb_pcie_axi_dma(TB_SCENARIO=2,FIFO_DEPTH=256,BATCH_COUNT=4,BATCH_TIMEOUT=64,SINK_STALL_EN=1'b1,SINK_STALL_PERIOD=4,SINK_STALL_READY=1) .dut.u_fifo  File: /get/work/krishna.vardhan/git_trees/mtp_pcie_axi/pcie_axi_dma_latency/design/rtl/axis_fifo.sv Line: 165
Warning: [axis_fifo] FIFO full (depth=256) — upstream back-pressured at t=47175000
Time: 47175 ns  Iteration: 0  Process: /tb_pcie_axi_dma(TB_SCENARIO=2,FIFO_DEPTH=256,BATCH_COUNT=4,BATCH_TIMEOUT=64,SINK_STALL_EN=1'b1,SINK_STALL_PERIOD=4,SINK_STALL_READY=1)/dut/u_fifo/Always163_9  Scope: \tb_pcie_axi_dma(TB_SCENARIO=2,FIFO_DEPTH=256,BATCH_COUNT=4,BATCH_TIMEOUT=64,SINK_STALL_EN=1'b1,SINK_STALL_PERIOD=4,SINK_STALL_READY=1) .dut.u_fifo  File: /get/work/krishna.vardhan/git_trees/mtp_pcie_axi/pcie_axi_dma_latency/design/rtl/axis_fifo.sv Line: 165
Warning: [axis_fifo] FIFO full (depth=256) — upstream back-pressured at t=47195000
Time: 47195 ns  Iteration: 0  Process: /tb_pcie_axi_dma(TB_SCENARIO=2,FIFO_DEPTH=256,BATCH_COUNT=4,BATCH_TIMEOUT=64,SINK_STALL_EN=1'b1,SINK_STALL_PERIOD=4,SINK_STALL_READY=1)/dut/u_fifo/Always163_9  Scope: \tb_pcie_axi_dma(TB_SCENARIO=2,FIFO_DEPTH=256,BATCH_COUNT=4,BATCH_TIMEOUT=64,SINK_STALL_EN=1'b1,SINK_STALL_PERIOD=4,SINK_STALL_READY=1) .dut.u_fifo  File: /get/work/krishna.vardhan/git_trees/mtp_pcie_axi/pcie_axi_dma_latency/design/rtl/axis_fifo.sv Line: 165
Warning: [axis_fifo] FIFO full (depth=256) — upstream back-pressured at t=47205000
Time: 47205 ns  Iteration: 0  Process: /tb_pcie_axi_dma(TB_SCENARIO=2,FIFO_DEPTH=256,BATCH_COUNT=4,BATCH_TIMEOUT=64,SINK_STALL_EN=1'b1,SINK_STALL_PERIOD=4,SINK_STALL_READY=1)/dut/u_fifo/Always163_9  Scope: \tb_pcie_axi_dma(TB_SCENARIO=2,FIFO_DEPTH=256,BATCH_COUNT=4,BATCH_TIMEOUT=64,SINK_STALL_EN=1'b1,SINK_STALL_PERIOD=4,SINK_STALL_READY=1) .dut.u_fifo  File: /get/work/krishna.vardhan/git_trees/mtp_pcie_axi/pcie_axi_dma_latency/design/rtl/axis_fifo.sv Line: 165
Warning: [axis_fifo] FIFO full (depth=256) — upstream back-pressured at t=47215000
Time: 47215 ns  Iteration: 0  Process: /tb_pcie_axi_dma(TB_SCENARIO=2,FIFO_DEPTH=256,BATCH_COUNT=4,BATCH_TIMEOUT=64,SINK_STALL_EN=1'b1,SINK_STALL_PERIOD=4,SINK_STALL_READY=1)/dut/u_fifo/Always163_9  Scope: \tb_pcie_axi_dma(TB_SCENARIO=2,FIFO_DEPTH=256,BATCH_COUNT=4,BATCH_TIMEOUT=64,SINK_STALL_EN=1'b1,SINK_STALL_PERIOD=4,SINK_STALL_READY=1) .dut.u_fifo  File: /get/work/krishna.vardhan/git_trees/mtp_pcie_axi/pcie_axi_dma_latency/design/rtl/axis_fifo.sv Line: 165
Warning: [axis_fifo] FIFO full (depth=256) — upstream back-pressured at t=47235000
Time: 47235 ns  Iteration: 0  Process: /tb_pcie_axi_dma(TB_SCENARIO=2,FIFO_DEPTH=256,BATCH_COUNT=4,BATCH_TIMEOUT=64,SINK_STALL_EN=1'b1,SINK_STALL_PERIOD=4,SINK_STALL_READY=1)/dut/u_fifo/Always163_9  Scope: \tb_pcie_axi_dma(TB_SCENARIO=2,FIFO_DEPTH=256,BATCH_COUNT=4,BATCH_TIMEOUT=64,SINK_STALL_EN=1'b1,SINK_STALL_PERIOD=4,SINK_STALL_READY=1) .dut.u_fifo  File: /get/work/krishna.vardhan/git_trees/mtp_pcie_axi/pcie_axi_dma_latency/design/rtl/axis_fifo.sv Line: 165
Warning: [axis_fifo] FIFO full (depth=256) — upstream back-pressured at t=47245000
Time: 47245 ns  Iteration: 0  Process: /tb_pcie_axi_dma(TB_SCENARIO=2,FIFO_DEPTH=256,BATCH_COUNT=4,BATCH_TIMEOUT=64,SINK_STALL_EN=1'b1,SINK_STALL_PERIOD=4,SINK_STALL_READY=1)/dut/u_fifo/Always163_9  Scope: \tb_pcie_axi_dma(TB_SCENARIO=2,FIFO_DEPTH=256,BATCH_COUNT=4,BATCH_TIMEOUT=64,SINK_STALL_EN=1'b1,SINK_STALL_PERIOD=4,SINK_STALL_READY=1) .dut.u_fifo  File: /get/work/krishna.vardhan/git_trees/mtp_pcie_axi/pcie_axi_dma_latency/design/rtl/axis_fifo.sv Line: 165
Warning: [axis_fifo] FIFO full (depth=256) — upstream back-pressured at t=47255000
Time: 47255 ns  Iteration: 0  Process: /tb_pcie_axi_dma(TB_SCENARIO=2,FIFO_DEPTH=256,BATCH_COUNT=4,BATCH_TIMEOUT=64,SINK_STALL_EN=1'b1,SINK_STALL_PERIOD=4,SINK_STALL_READY=1)/dut/u_fifo/Always163_9  Scope: \tb_pcie_axi_dma(TB_SCENARIO=2,FIFO_DEPTH=256,BATCH_COUNT=4,BATCH_TIMEOUT=64,SINK_STALL_EN=1'b1,SINK_STALL_PERIOD=4,SINK_STALL_READY=1) .dut.u_fifo  File: /get/work/krishna.vardhan/git_trees/mtp_pcie_axi/pcie_axi_dma_latency/design/rtl/axis_fifo.sv Line: 165
Warning: [axis_fifo] FIFO full (depth=256) — upstream back-pressured at t=47275000
Time: 47275 ns  Iteration: 0  Process: /tb_pcie_axi_dma(TB_SCENARIO=2,FIFO_DEPTH=256,BATCH_COUNT=4,BATCH_TIMEOUT=64,SINK_STALL_EN=1'b1,SINK_STALL_PERIOD=4,SINK_STALL_READY=1)/dut/u_fifo/Always163_9  Scope: \tb_pcie_axi_dma(TB_SCENARIO=2,FIFO_DEPTH=256,BATCH_COUNT=4,BATCH_TIMEOUT=64,SINK_STALL_EN=1'b1,SINK_STALL_PERIOD=4,SINK_STALL_READY=1) .dut.u_fifo  File: /get/work/krishna.vardhan/git_trees/mtp_pcie_axi/pcie_axi_dma_latency/design/rtl/axis_fifo.sv Line: 165
Warning: [axis_fifo] FIFO full (depth=256) — upstream back-pressured at t=47285000
Time: 47285 ns  Iteration: 0  Process: /tb_pcie_axi_dma(TB_SCENARIO=2,FIFO_DEPTH=256,BATCH_COUNT=4,BATCH_TIMEOUT=64,SINK_STALL_EN=1'b1,SINK_STALL_PERIOD=4,SINK_STALL_READY=1)/dut/u_fifo/Always163_9  Scope: \tb_pcie_axi_dma(TB_SCENARIO=2,FIFO_DEPTH=256,BATCH_COUNT=4,BATCH_TIMEOUT=64,SINK_STALL_EN=1'b1,SINK_STALL_PERIOD=4,SINK_STALL_READY=1) .dut.u_fifo  File: /get/work/krishna.vardhan/git_trees/mtp_pcie_axi/pcie_axi_dma_latency/design/rtl/axis_fifo.sv Line: 165
Warning: [axis_fifo] FIFO full (depth=256) — upstream back-pressured at t=47295000
Time: 47295 ns  Iteration: 0  Process: /tb_pcie_axi_dma(TB_SCENARIO=2,FIFO_DEPTH=256,BATCH_COUNT=4,BATCH_TIMEOUT=64,SINK_STALL_EN=1'b1,SINK_STALL_PERIOD=4,SINK_STALL_READY=1)/dut/u_fifo/Always163_9  Scope: \tb_pcie_axi_dma(TB_SCENARIO=2,FIFO_DEPTH=256,BATCH_COUNT=4,BATCH_TIMEOUT=64,SINK_STALL_EN=1'b1,SINK_STALL_PERIOD=4,SINK_STALL_READY=1) .dut.u_fifo  File: /get/work/krishna.vardhan/git_trees/mtp_pcie_axi/pcie_axi_dma_latency/design/rtl/axis_fifo.sv Line: 165
Warning: [axis_fifo] FIFO full (depth=256) — upstream back-pressured at t=47315000
Time: 47315 ns  Iteration: 0  Process: /tb_pcie_axi_dma(TB_SCENARIO=2,FIFO_DEPTH=256,BATCH_COUNT=4,BATCH_TIMEOUT=64,SINK_STALL_EN=1'b1,SINK_STALL_PERIOD=4,SINK_STALL_READY=1)/dut/u_fifo/Always163_9  Scope: \tb_pcie_axi_dma(TB_SCENARIO=2,FIFO_DEPTH=256,BATCH_COUNT=4,BATCH_TIMEOUT=64,SINK_STALL_EN=1'b1,SINK_STALL_PERIOD=4,SINK_STALL_READY=1) .dut.u_fifo  File: /get/work/krishna.vardhan/git_trees/mtp_pcie_axi/pcie_axi_dma_latency/design/rtl/axis_fifo.sv Line: 165
Warning: [axis_fifo] FIFO full (depth=256) — upstream back-pressured at t=47325000
Time: 47325 ns  Iteration: 0  Process: /tb_pcie_axi_dma(TB_SCENARIO=2,FIFO_DEPTH=256,BATCH_COUNT=4,BATCH_TIMEOUT=64,SINK_STALL_EN=1'b1,SINK_STALL_PERIOD=4,SINK_STALL_READY=1)/dut/u_fifo/Always163_9  Scope: \tb_pcie_axi_dma(TB_SCENARIO=2,FIFO_DEPTH=256,BATCH_COUNT=4,BATCH_TIMEOUT=64,SINK_STALL_EN=1'b1,SINK_STALL_PERIOD=4,SINK_STALL_READY=1) .dut.u_fifo  File: /get/work/krishna.vardhan/git_trees/mtp_pcie_axi/pcie_axi_dma_latency/design/rtl/axis_fifo.sv Line: 165
Warning: [axis_fifo] FIFO full (depth=256) — upstream back-pressured at t=47335000
Time: 47335 ns  Iteration: 0  Process: /tb_pcie_axi_dma(TB_SCENARIO=2,FIFO_DEPTH=256,BATCH_COUNT=4,BATCH_TIMEOUT=64,SINK_STALL_EN=1'b1,SINK_STALL_PERIOD=4,SINK_STALL_READY=1)/dut/u_fifo/Always163_9  Scope: \tb_pcie_axi_dma(TB_SCENARIO=2,FIFO_DEPTH=256,BATCH_COUNT=4,BATCH_TIMEOUT=64,SINK_STALL_EN=1'b1,SINK_STALL_PERIOD=4,SINK_STALL_READY=1) .dut.u_fifo  File: /get/work/krishna.vardhan/git_trees/mtp_pcie_axi/pcie_axi_dma_latency/design/rtl/axis_fifo.sv Line: 165
Warning: [axis_fifo] FIFO full (depth=256) — upstream back-pressured at t=47355000
Time: 47355 ns  Iteration: 0  Process: /tb_pcie_axi_dma(TB_SCENARIO=2,FIFO_DEPTH=256,BATCH_COUNT=4,BATCH_TIMEOUT=64,SINK_STALL_EN=1'b1,SINK_STALL_PERIOD=4,SINK_STALL_READY=1)/dut/u_fifo/Always163_9  Scope: \tb_pcie_axi_dma(TB_SCENARIO=2,FIFO_DEPTH=256,BATCH_COUNT=4,BATCH_TIMEOUT=64,SINK_STALL_EN=1'b1,SINK_STALL_PERIOD=4,SINK_STALL_READY=1) .dut.u_fifo  File: /get/work/krishna.vardhan/git_trees/mtp_pcie_axi/pcie_axi_dma_latency/design/rtl/axis_fifo.sv Line: 165
Warning: [axis_fifo] FIFO full (depth=256) — upstream back-pressured at t=47365000
Time: 47365 ns  Iteration: 0  Process: /tb_pcie_axi_dma(TB_SCENARIO=2,FIFO_DEPTH=256,BATCH_COUNT=4,BATCH_TIMEOUT=64,SINK_STALL_EN=1'b1,SINK_STALL_PERIOD=4,SINK_STALL_READY=1)/dut/u_fifo/Always163_9  Scope: \tb_pcie_axi_dma(TB_SCENARIO=2,FIFO_DEPTH=256,BATCH_COUNT=4,BATCH_TIMEOUT=64,SINK_STALL_EN=1'b1,SINK_STALL_PERIOD=4,SINK_STALL_READY=1) .dut.u_fifo  File: /get/work/krishna.vardhan/git_trees/mtp_pcie_axi/pcie_axi_dma_latency/design/rtl/axis_fifo.sv Line: 165
Warning: [axis_fifo] FIFO full (depth=256) — upstream back-pressured at t=47375000
Time: 47375 ns  Iteration: 0  Process: /tb_pcie_axi_dma(TB_SCENARIO=2,FIFO_DEPTH=256,BATCH_COUNT=4,BATCH_TIMEOUT=64,SINK_STALL_EN=1'b1,SINK_STALL_PERIOD=4,SINK_STALL_READY=1)/dut/u_fifo/Always163_9  Scope: \tb_pcie_axi_dma(TB_SCENARIO=2,FIFO_DEPTH=256,BATCH_COUNT=4,BATCH_TIMEOUT=64,SINK_STALL_EN=1'b1,SINK_STALL_PERIOD=4,SINK_STALL_READY=1) .dut.u_fifo  File: /get/work/krishna.vardhan/git_trees/mtp_pcie_axi/pcie_axi_dma_latency/design/rtl/axis_fifo.sv Line: 165
Warning: [axis_fifo] FIFO full (depth=256) — upstream back-pressured at t=47395000
Time: 47395 ns  Iteration: 0  Process: /tb_pcie_axi_dma(TB_SCENARIO=2,FIFO_DEPTH=256,BATCH_COUNT=4,BATCH_TIMEOUT=64,SINK_STALL_EN=1'b1,SINK_STALL_PERIOD=4,SINK_STALL_READY=1)/dut/u_fifo/Always163_9  Scope: \tb_pcie_axi_dma(TB_SCENARIO=2,FIFO_DEPTH=256,BATCH_COUNT=4,BATCH_TIMEOUT=64,SINK_STALL_EN=1'b1,SINK_STALL_PERIOD=4,SINK_STALL_READY=1) .dut.u_fifo  File: /get/work/krishna.vardhan/git_trees/mtp_pcie_axi/pcie_axi_dma_latency/design/rtl/axis_fifo.sv Line: 165
Warning: [axis_fifo] FIFO full (depth=256) — upstream back-pressured at t=47405000
Time: 47405 ns  Iteration: 0  Process: /tb_pcie_axi_dma(TB_SCENARIO=2,FIFO_DEPTH=256,BATCH_COUNT=4,BATCH_TIMEOUT=64,SINK_STALL_EN=1'b1,SINK_STALL_PERIOD=4,SINK_STALL_READY=1)/dut/u_fifo/Always163_9  Scope: \tb_pcie_axi_dma(TB_SCENARIO=2,FIFO_DEPTH=256,BATCH_COUNT=4,BATCH_TIMEOUT=64,SINK_STALL_EN=1'b1,SINK_STALL_PERIOD=4,SINK_STALL_READY=1) .dut.u_fifo  File: /get/work/krishna.vardhan/git_trees/mtp_pcie_axi/pcie_axi_dma_latency/design/rtl/axis_fifo.sv Line: 165
Warning: [axis_fifo] FIFO full (depth=256) — upstream back-pressured at t=47415000
Time: 47415 ns  Iteration: 0  Process: /tb_pcie_axi_dma(TB_SCENARIO=2,FIFO_DEPTH=256,BATCH_COUNT=4,BATCH_TIMEOUT=64,SINK_STALL_EN=1'b1,SINK_STALL_PERIOD=4,SINK_STALL_READY=1)/dut/u_fifo/Always163_9  Scope: \tb_pcie_axi_dma(TB_SCENARIO=2,FIFO_DEPTH=256,BATCH_COUNT=4,BATCH_TIMEOUT=64,SINK_STALL_EN=1'b1,SINK_STALL_PERIOD=4,SINK_STALL_READY=1) .dut.u_fifo  File: /get/work/krishna.vardhan/git_trees/mtp_pcie_axi/pcie_axi_dma_latency/design/rtl/axis_fifo.sv Line: 165
Warning: [axis_fifo] FIFO full (depth=256) — upstream back-pressured at t=47435000
Time: 47435 ns  Iteration: 0  Process: /tb_pcie_axi_dma(TB_SCENARIO=2,FIFO_DEPTH=256,BATCH_COUNT=4,BATCH_TIMEOUT=64,SINK_STALL_EN=1'b1,SINK_STALL_PERIOD=4,SINK_STALL_READY=1)/dut/u_fifo/Always163_9  Scope: \tb_pcie_axi_dma(TB_SCENARIO=2,FIFO_DEPTH=256,BATCH_COUNT=4,BATCH_TIMEOUT=64,SINK_STALL_EN=1'b1,SINK_STALL_PERIOD=4,SINK_STALL_READY=1) .dut.u_fifo  File: /get/work/krishna.vardhan/git_trees/mtp_pcie_axi/pcie_axi_dma_latency/design/rtl/axis_fifo.sv Line: 165
Warning: [axis_fifo] FIFO full (depth=256) — upstream back-pressured at t=47445000
Time: 47445 ns  Iteration: 0  Process: /tb_pcie_axi_dma(TB_SCENARIO=2,FIFO_DEPTH=256,BATCH_COUNT=4,BATCH_TIMEOUT=64,SINK_STALL_EN=1'b1,SINK_STALL_PERIOD=4,SINK_STALL_READY=1)/dut/u_fifo/Always163_9  Scope: \tb_pcie_axi_dma(TB_SCENARIO=2,FIFO_DEPTH=256,BATCH_COUNT=4,BATCH_TIMEOUT=64,SINK_STALL_EN=1'b1,SINK_STALL_PERIOD=4,SINK_STALL_READY=1) .dut.u_fifo  File: /get/work/krishna.vardhan/git_trees/mtp_pcie_axi/pcie_axi_dma_latency/design/rtl/axis_fifo.sv Line: 165
Warning: [axis_fifo] FIFO full (depth=256) — upstream back-pressured at t=47455000
Time: 47455 ns  Iteration: 0  Process: /tb_pcie_axi_dma(TB_SCENARIO=2,FIFO_DEPTH=256,BATCH_COUNT=4,BATCH_TIMEOUT=64,SINK_STALL_EN=1'b1,SINK_STALL_PERIOD=4,SINK_STALL_READY=1)/dut/u_fifo/Always163_9  Scope: \tb_pcie_axi_dma(TB_SCENARIO=2,FIFO_DEPTH=256,BATCH_COUNT=4,BATCH_TIMEOUT=64,SINK_STALL_EN=1'b1,SINK_STALL_PERIOD=4,SINK_STALL_READY=1) .dut.u_fifo  File: /get/work/krishna.vardhan/git_trees/mtp_pcie_axi/pcie_axi_dma_latency/design/rtl/axis_fifo.sv Line: 165
Warning: [axis_fifo] FIFO full (depth=256) — upstream back-pressured at t=47475000
Time: 47475 ns  Iteration: 0  Process: /tb_pcie_axi_dma(TB_SCENARIO=2,FIFO_DEPTH=256,BATCH_COUNT=4,BATCH_TIMEOUT=64,SINK_STALL_EN=1'b1,SINK_STALL_PERIOD=4,SINK_STALL_READY=1)/dut/u_fifo/Always163_9  Scope: \tb_pcie_axi_dma(TB_SCENARIO=2,FIFO_DEPTH=256,BATCH_COUNT=4,BATCH_TIMEOUT=64,SINK_STALL_EN=1'b1,SINK_STALL_PERIOD=4,SINK_STALL_READY=1) .dut.u_fifo  File: /get/work/krishna.vardhan/git_trees/mtp_pcie_axi/pcie_axi_dma_latency/design/rtl/axis_fifo.sv Line: 165
Warning: [axis_fifo] FIFO full (depth=256) — upstream back-pressured at t=47485000
Time: 47485 ns  Iteration: 0  Process: /tb_pcie_axi_dma(TB_SCENARIO=2,FIFO_DEPTH=256,BATCH_COUNT=4,BATCH_TIMEOUT=64,SINK_STALL_EN=1'b1,SINK_STALL_PERIOD=4,SINK_STALL_READY=1)/dut/u_fifo/Always163_9  Scope: \tb_pcie_axi_dma(TB_SCENARIO=2,FIFO_DEPTH=256,BATCH_COUNT=4,BATCH_TIMEOUT=64,SINK_STALL_EN=1'b1,SINK_STALL_PERIOD=4,SINK_STALL_READY=1) .dut.u_fifo  File: /get/work/krishna.vardhan/git_trees/mtp_pcie_axi/pcie_axi_dma_latency/design/rtl/axis_fifo.sv Line: 165
Warning: [axis_fifo] FIFO full (depth=256) — upstream back-pressured at t=47495000
Time: 47495 ns  Iteration: 0  Process: /tb_pcie_axi_dma(TB_SCENARIO=2,FIFO_DEPTH=256,BATCH_COUNT=4,BATCH_TIMEOUT=64,SINK_STALL_EN=1'b1,SINK_STALL_PERIOD=4,SINK_STALL_READY=1)/dut/u_fifo/Always163_9  Scope: \tb_pcie_axi_dma(TB_SCENARIO=2,FIFO_DEPTH=256,BATCH_COUNT=4,BATCH_TIMEOUT=64,SINK_STALL_EN=1'b1,SINK_STALL_PERIOD=4,SINK_STALL_READY=1) .dut.u_fifo  File: /get/work/krishna.vardhan/git_trees/mtp_pcie_axi/pcie_axi_dma_latency/design/rtl/axis_fifo.sv Line: 165
Warning: [axis_fifo] FIFO full (depth=256) — upstream back-pressured at t=47515000
Time: 47515 ns  Iteration: 0  Process: /tb_pcie_axi_dma(TB_SCENARIO=2,FIFO_DEPTH=256,BATCH_COUNT=4,BATCH_TIMEOUT=64,SINK_STALL_EN=1'b1,SINK_STALL_PERIOD=4,SINK_STALL_READY=1)/dut/u_fifo/Always163_9  Scope: \tb_pcie_axi_dma(TB_SCENARIO=2,FIFO_DEPTH=256,BATCH_COUNT=4,BATCH_TIMEOUT=64,SINK_STALL_EN=1'b1,SINK_STALL_PERIOD=4,SINK_STALL_READY=1) .dut.u_fifo  File: /get/work/krishna.vardhan/git_trees/mtp_pcie_axi/pcie_axi_dma_latency/design/rtl/axis_fifo.sv Line: 165
Warning: [axis_fifo] FIFO full (depth=256) — upstream back-pressured at t=47525000
Time: 47525 ns  Iteration: 0  Process: /tb_pcie_axi_dma(TB_SCENARIO=2,FIFO_DEPTH=256,BATCH_COUNT=4,BATCH_TIMEOUT=64,SINK_STALL_EN=1'b1,SINK_STALL_PERIOD=4,SINK_STALL_READY=1)/dut/u_fifo/Always163_9  Scope: \tb_pcie_axi_dma(TB_SCENARIO=2,FIFO_DEPTH=256,BATCH_COUNT=4,BATCH_TIMEOUT=64,SINK_STALL_EN=1'b1,SINK_STALL_PERIOD=4,SINK_STALL_READY=1) .dut.u_fifo  File: /get/work/krishna.vardhan/git_trees/mtp_pcie_axi/pcie_axi_dma_latency/design/rtl/axis_fifo.sv Line: 165
Warning: [axis_fifo] FIFO full (depth=256) — upstream back-pressured at t=47535000
Time: 47535 ns  Iteration: 0  Process: /tb_pcie_axi_dma(TB_SCENARIO=2,FIFO_DEPTH=256,BATCH_COUNT=4,BATCH_TIMEOUT=64,SINK_STALL_EN=1'b1,SINK_STALL_PERIOD=4,SINK_STALL_READY=1)/dut/u_fifo/Always163_9  Scope: \tb_pcie_axi_dma(TB_SCENARIO=2,FIFO_DEPTH=256,BATCH_COUNT=4,BATCH_TIMEOUT=64,SINK_STALL_EN=1'b1,SINK_STALL_PERIOD=4,SINK_STALL_READY=1) .dut.u_fifo  File: /get/work/krishna.vardhan/git_trees/mtp_pcie_axi/pcie_axi_dma_latency/design/rtl/axis_fifo.sv Line: 165
Warning: [axis_fifo] FIFO full (depth=256) — upstream back-pressured at t=47555000
Time: 47555 ns  Iteration: 0  Process: /tb_pcie_axi_dma(TB_SCENARIO=2,FIFO_DEPTH=256,BATCH_COUNT=4,BATCH_TIMEOUT=64,SINK_STALL_EN=1'b1,SINK_STALL_PERIOD=4,SINK_STALL_READY=1)/dut/u_fifo/Always163_9  Scope: \tb_pcie_axi_dma(TB_SCENARIO=2,FIFO_DEPTH=256,BATCH_COUNT=4,BATCH_TIMEOUT=64,SINK_STALL_EN=1'b1,SINK_STALL_PERIOD=4,SINK_STALL_READY=1) .dut.u_fifo  File: /get/work/krishna.vardhan/git_trees/mtp_pcie_axi/pcie_axi_dma_latency/design/rtl/axis_fifo.sv Line: 165
Warning: [axis_fifo] FIFO full (depth=256) — upstream back-pressured at t=47565000
Time: 47565 ns  Iteration: 0  Process: /tb_pcie_axi_dma(TB_SCENARIO=2,FIFO_DEPTH=256,BATCH_COUNT=4,BATCH_TIMEOUT=64,SINK_STALL_EN=1'b1,SINK_STALL_PERIOD=4,SINK_STALL_READY=1)/dut/u_fifo/Always163_9  Scope: \tb_pcie_axi_dma(TB_SCENARIO=2,FIFO_DEPTH=256,BATCH_COUNT=4,BATCH_TIMEOUT=64,SINK_STALL_EN=1'b1,SINK_STALL_PERIOD=4,SINK_STALL_READY=1) .dut.u_fifo  File: /get/work/krishna.vardhan/git_trees/mtp_pcie_axi/pcie_axi_dma_latency/design/rtl/axis_fifo.sv Line: 165
Warning: [axis_fifo] FIFO full (depth=256) — upstream back-pressured at t=47575000
Time: 47575 ns  Iteration: 0  Process: /tb_pcie_axi_dma(TB_SCENARIO=2,FIFO_DEPTH=256,BATCH_COUNT=4,BATCH_TIMEOUT=64,SINK_STALL_EN=1'b1,SINK_STALL_PERIOD=4,SINK_STALL_READY=1)/dut/u_fifo/Always163_9  Scope: \tb_pcie_axi_dma(TB_SCENARIO=2,FIFO_DEPTH=256,BATCH_COUNT=4,BATCH_TIMEOUT=64,SINK_STALL_EN=1'b1,SINK_STALL_PERIOD=4,SINK_STALL_READY=1) .dut.u_fifo  File: /get/work/krishna.vardhan/git_trees/mtp_pcie_axi/pcie_axi_dma_latency/design/rtl/axis_fifo.sv Line: 165
Warning: [axis_fifo] FIFO full (depth=256) — upstream back-pressured at t=47595000
Time: 47595 ns  Iteration: 0  Process: /tb_pcie_axi_dma(TB_SCENARIO=2,FIFO_DEPTH=256,BATCH_COUNT=4,BATCH_TIMEOUT=64,SINK_STALL_EN=1'b1,SINK_STALL_PERIOD=4,SINK_STALL_READY=1)/dut/u_fifo/Always163_9  Scope: \tb_pcie_axi_dma(TB_SCENARIO=2,FIFO_DEPTH=256,BATCH_COUNT=4,BATCH_TIMEOUT=64,SINK_STALL_EN=1'b1,SINK_STALL_PERIOD=4,SINK_STALL_READY=1) .dut.u_fifo  File: /get/work/krishna.vardhan/git_trees/mtp_pcie_axi/pcie_axi_dma_latency/design/rtl/axis_fifo.sv Line: 165
Warning: [axis_fifo] FIFO full (depth=256) — upstream back-pressured at t=47605000
Time: 47605 ns  Iteration: 0  Process: /tb_pcie_axi_dma(TB_SCENARIO=2,FIFO_DEPTH=256,BATCH_COUNT=4,BATCH_TIMEOUT=64,SINK_STALL_EN=1'b1,SINK_STALL_PERIOD=4,SINK_STALL_READY=1)/dut/u_fifo/Always163_9  Scope: \tb_pcie_axi_dma(TB_SCENARIO=2,FIFO_DEPTH=256,BATCH_COUNT=4,BATCH_TIMEOUT=64,SINK_STALL_EN=1'b1,SINK_STALL_PERIOD=4,SINK_STALL_READY=1) .dut.u_fifo  File: /get/work/krishna.vardhan/git_trees/mtp_pcie_axi/pcie_axi_dma_latency/design/rtl/axis_fifo.sv Line: 165
Warning: [axis_fifo] FIFO full (depth=256) — upstream back-pressured at t=47615000
Time: 47615 ns  Iteration: 0  Process: /tb_pcie_axi_dma(TB_SCENARIO=2,FIFO_DEPTH=256,BATCH_COUNT=4,BATCH_TIMEOUT=64,SINK_STALL_EN=1'b1,SINK_STALL_PERIOD=4,SINK_STALL_READY=1)/dut/u_fifo/Always163_9  Scope: \tb_pcie_axi_dma(TB_SCENARIO=2,FIFO_DEPTH=256,BATCH_COUNT=4,BATCH_TIMEOUT=64,SINK_STALL_EN=1'b1,SINK_STALL_PERIOD=4,SINK_STALL_READY=1) .dut.u_fifo  File: /get/work/krishna.vardhan/git_trees/mtp_pcie_axi/pcie_axi_dma_latency/design/rtl/axis_fifo.sv Line: 165
Warning: [axis_fifo] FIFO full (depth=256) — upstream back-pressured at t=47635000
Time: 47635 ns  Iteration: 0  Process: /tb_pcie_axi_dma(TB_SCENARIO=2,FIFO_DEPTH=256,BATCH_COUNT=4,BATCH_TIMEOUT=64,SINK_STALL_EN=1'b1,SINK_STALL_PERIOD=4,SINK_STALL_READY=1)/dut/u_fifo/Always163_9  Scope: \tb_pcie_axi_dma(TB_SCENARIO=2,FIFO_DEPTH=256,BATCH_COUNT=4,BATCH_TIMEOUT=64,SINK_STALL_EN=1'b1,SINK_STALL_PERIOD=4,SINK_STALL_READY=1) .dut.u_fifo  File: /get/work/krishna.vardhan/git_trees/mtp_pcie_axi/pcie_axi_dma_latency/design/rtl/axis_fifo.sv Line: 165
Warning: [axis_fifo] FIFO full (depth=256) — upstream back-pressured at t=47645000
Time: 47645 ns  Iteration: 0  Process: /tb_pcie_axi_dma(TB_SCENARIO=2,FIFO_DEPTH=256,BATCH_COUNT=4,BATCH_TIMEOUT=64,SINK_STALL_EN=1'b1,SINK_STALL_PERIOD=4,SINK_STALL_READY=1)/dut/u_fifo/Always163_9  Scope: \tb_pcie_axi_dma(TB_SCENARIO=2,FIFO_DEPTH=256,BATCH_COUNT=4,BATCH_TIMEOUT=64,SINK_STALL_EN=1'b1,SINK_STALL_PERIOD=4,SINK_STALL_READY=1) .dut.u_fifo  File: /get/work/krishna.vardhan/git_trees/mtp_pcie_axi/pcie_axi_dma_latency/design/rtl/axis_fifo.sv Line: 165
Warning: [axis_fifo] FIFO full (depth=256) — upstream back-pressured at t=47655000
Time: 47655 ns  Iteration: 0  Process: /tb_pcie_axi_dma(TB_SCENARIO=2,FIFO_DEPTH=256,BATCH_COUNT=4,BATCH_TIMEOUT=64,SINK_STALL_EN=1'b1,SINK_STALL_PERIOD=4,SINK_STALL_READY=1)/dut/u_fifo/Always163_9  Scope: \tb_pcie_axi_dma(TB_SCENARIO=2,FIFO_DEPTH=256,BATCH_COUNT=4,BATCH_TIMEOUT=64,SINK_STALL_EN=1'b1,SINK_STALL_PERIOD=4,SINK_STALL_READY=1) .dut.u_fifo  File: /get/work/krishna.vardhan/git_trees/mtp_pcie_axi/pcie_axi_dma_latency/design/rtl/axis_fifo.sv Line: 165
Warning: [axis_fifo] FIFO full (depth=256) — upstream back-pressured at t=47675000
Time: 47675 ns  Iteration: 0  Process: /tb_pcie_axi_dma(TB_SCENARIO=2,FIFO_DEPTH=256,BATCH_COUNT=4,BATCH_TIMEOUT=64,SINK_STALL_EN=1'b1,SINK_STALL_PERIOD=4,SINK_STALL_READY=1)/dut/u_fifo/Always163_9  Scope: \tb_pcie_axi_dma(TB_SCENARIO=2,FIFO_DEPTH=256,BATCH_COUNT=4,BATCH_TIMEOUT=64,SINK_STALL_EN=1'b1,SINK_STALL_PERIOD=4,SINK_STALL_READY=1) .dut.u_fifo  File: /get/work/krishna.vardhan/git_trees/mtp_pcie_axi/pcie_axi_dma_latency/design/rtl/axis_fifo.sv Line: 165
Warning: [axis_fifo] FIFO full (depth=256) — upstream back-pressured at t=47685000
Time: 47685 ns  Iteration: 0  Process: /tb_pcie_axi_dma(TB_SCENARIO=2,FIFO_DEPTH=256,BATCH_COUNT=4,BATCH_TIMEOUT=64,SINK_STALL_EN=1'b1,SINK_STALL_PERIOD=4,SINK_STALL_READY=1)/dut/u_fifo/Always163_9  Scope: \tb_pcie_axi_dma(TB_SCENARIO=2,FIFO_DEPTH=256,BATCH_COUNT=4,BATCH_TIMEOUT=64,SINK_STALL_EN=1'b1,SINK_STALL_PERIOD=4,SINK_STALL_READY=1) .dut.u_fifo  File: /get/work/krishna.vardhan/git_trees/mtp_pcie_axi/pcie_axi_dma_latency/design/rtl/axis_fifo.sv Line: 165
Warning: [axis_fifo] FIFO full (depth=256) — upstream back-pressured at t=47695000
Time: 47695 ns  Iteration: 0  Process: /tb_pcie_axi_dma(TB_SCENARIO=2,FIFO_DEPTH=256,BATCH_COUNT=4,BATCH_TIMEOUT=64,SINK_STALL_EN=1'b1,SINK_STALL_PERIOD=4,SINK_STALL_READY=1)/dut/u_fifo/Always163_9  Scope: \tb_pcie_axi_dma(TB_SCENARIO=2,FIFO_DEPTH=256,BATCH_COUNT=4,BATCH_TIMEOUT=64,SINK_STALL_EN=1'b1,SINK_STALL_PERIOD=4,SINK_STALL_READY=1) .dut.u_fifo  File: /get/work/krishna.vardhan/git_trees/mtp_pcie_axi/pcie_axi_dma_latency/design/rtl/axis_fifo.sv Line: 165
Warning: [axis_fifo] FIFO full (depth=256) — upstream back-pressured at t=47715000
Time: 47715 ns  Iteration: 0  Process: /tb_pcie_axi_dma(TB_SCENARIO=2,FIFO_DEPTH=256,BATCH_COUNT=4,BATCH_TIMEOUT=64,SINK_STALL_EN=1'b1,SINK_STALL_PERIOD=4,SINK_STALL_READY=1)/dut/u_fifo/Always163_9  Scope: \tb_pcie_axi_dma(TB_SCENARIO=2,FIFO_DEPTH=256,BATCH_COUNT=4,BATCH_TIMEOUT=64,SINK_STALL_EN=1'b1,SINK_STALL_PERIOD=4,SINK_STALL_READY=1) .dut.u_fifo  File: /get/work/krishna.vardhan/git_trees/mtp_pcie_axi/pcie_axi_dma_latency/design/rtl/axis_fifo.sv Line: 165
Warning: [axis_fifo] FIFO full (depth=256) — upstream back-pressured at t=47725000
Time: 47725 ns  Iteration: 0  Process: /tb_pcie_axi_dma(TB_SCENARIO=2,FIFO_DEPTH=256,BATCH_COUNT=4,BATCH_TIMEOUT=64,SINK_STALL_EN=1'b1,SINK_STALL_PERIOD=4,SINK_STALL_READY=1)/dut/u_fifo/Always163_9  Scope: \tb_pcie_axi_dma(TB_SCENARIO=2,FIFO_DEPTH=256,BATCH_COUNT=4,BATCH_TIMEOUT=64,SINK_STALL_EN=1'b1,SINK_STALL_PERIOD=4,SINK_STALL_READY=1) .dut.u_fifo  File: /get/work/krishna.vardhan/git_trees/mtp_pcie_axi/pcie_axi_dma_latency/design/rtl/axis_fifo.sv Line: 165
Warning: [axis_fifo] FIFO full (depth=256) — upstream back-pressured at t=47735000
Time: 47735 ns  Iteration: 0  Process: /tb_pcie_axi_dma(TB_SCENARIO=2,FIFO_DEPTH=256,BATCH_COUNT=4,BATCH_TIMEOUT=64,SINK_STALL_EN=1'b1,SINK_STALL_PERIOD=4,SINK_STALL_READY=1)/dut/u_fifo/Always163_9  Scope: \tb_pcie_axi_dma(TB_SCENARIO=2,FIFO_DEPTH=256,BATCH_COUNT=4,BATCH_TIMEOUT=64,SINK_STALL_EN=1'b1,SINK_STALL_PERIOD=4,SINK_STALL_READY=1) .dut.u_fifo  File: /get/work/krishna.vardhan/git_trees/mtp_pcie_axi/pcie_axi_dma_latency/design/rtl/axis_fifo.sv Line: 165
Warning: [axis_fifo] FIFO full (depth=256) — upstream back-pressured at t=47755000
Time: 47755 ns  Iteration: 0  Process: /tb_pcie_axi_dma(TB_SCENARIO=2,FIFO_DEPTH=256,BATCH_COUNT=4,BATCH_TIMEOUT=64,SINK_STALL_EN=1'b1,SINK_STALL_PERIOD=4,SINK_STALL_READY=1)/dut/u_fifo/Always163_9  Scope: \tb_pcie_axi_dma(TB_SCENARIO=2,FIFO_DEPTH=256,BATCH_COUNT=4,BATCH_TIMEOUT=64,SINK_STALL_EN=1'b1,SINK_STALL_PERIOD=4,SINK_STALL_READY=1) .dut.u_fifo  File: /get/work/krishna.vardhan/git_trees/mtp_pcie_axi/pcie_axi_dma_latency/design/rtl/axis_fifo.sv Line: 165
Warning: [axis_fifo] FIFO full (depth=256) — upstream back-pressured at t=47765000
Time: 47765 ns  Iteration: 0  Process: /tb_pcie_axi_dma(TB_SCENARIO=2,FIFO_DEPTH=256,BATCH_COUNT=4,BATCH_TIMEOUT=64,SINK_STALL_EN=1'b1,SINK_STALL_PERIOD=4,SINK_STALL_READY=1)/dut/u_fifo/Always163_9  Scope: \tb_pcie_axi_dma(TB_SCENARIO=2,FIFO_DEPTH=256,BATCH_COUNT=4,BATCH_TIMEOUT=64,SINK_STALL_EN=1'b1,SINK_STALL_PERIOD=4,SINK_STALL_READY=1) .dut.u_fifo  File: /get/work/krishna.vardhan/git_trees/mtp_pcie_axi/pcie_axi_dma_latency/design/rtl/axis_fifo.sv Line: 165
Warning: [axis_fifo] FIFO full (depth=256) — upstream back-pressured at t=47775000
Time: 47775 ns  Iteration: 0  Process: /tb_pcie_axi_dma(TB_SCENARIO=2,FIFO_DEPTH=256,BATCH_COUNT=4,BATCH_TIMEOUT=64,SINK_STALL_EN=1'b1,SINK_STALL_PERIOD=4,SINK_STALL_READY=1)/dut/u_fifo/Always163_9  Scope: \tb_pcie_axi_dma(TB_SCENARIO=2,FIFO_DEPTH=256,BATCH_COUNT=4,BATCH_TIMEOUT=64,SINK_STALL_EN=1'b1,SINK_STALL_PERIOD=4,SINK_STALL_READY=1) .dut.u_fifo  File: /get/work/krishna.vardhan/git_trees/mtp_pcie_axi/pcie_axi_dma_latency/design/rtl/axis_fifo.sv Line: 165
Warning: [axis_fifo] FIFO full (depth=256) — upstream back-pressured at t=47795000
Time: 47795 ns  Iteration: 0  Process: /tb_pcie_axi_dma(TB_SCENARIO=2,FIFO_DEPTH=256,BATCH_COUNT=4,BATCH_TIMEOUT=64,SINK_STALL_EN=1'b1,SINK_STALL_PERIOD=4,SINK_STALL_READY=1)/dut/u_fifo/Always163_9  Scope: \tb_pcie_axi_dma(TB_SCENARIO=2,FIFO_DEPTH=256,BATCH_COUNT=4,BATCH_TIMEOUT=64,SINK_STALL_EN=1'b1,SINK_STALL_PERIOD=4,SINK_STALL_READY=1) .dut.u_fifo  File: /get/work/krishna.vardhan/git_trees/mtp_pcie_axi/pcie_axi_dma_latency/design/rtl/axis_fifo.sv Line: 165
Warning: [axis_fifo] FIFO full (depth=256) — upstream back-pressured at t=47805000
Time: 47805 ns  Iteration: 0  Process: /tb_pcie_axi_dma(TB_SCENARIO=2,FIFO_DEPTH=256,BATCH_COUNT=4,BATCH_TIMEOUT=64,SINK_STALL_EN=1'b1,SINK_STALL_PERIOD=4,SINK_STALL_READY=1)/dut/u_fifo/Always163_9  Scope: \tb_pcie_axi_dma(TB_SCENARIO=2,FIFO_DEPTH=256,BATCH_COUNT=4,BATCH_TIMEOUT=64,SINK_STALL_EN=1'b1,SINK_STALL_PERIOD=4,SINK_STALL_READY=1) .dut.u_fifo  File: /get/work/krishna.vardhan/git_trees/mtp_pcie_axi/pcie_axi_dma_latency/design/rtl/axis_fifo.sv Line: 165
Warning: [axis_fifo] FIFO full (depth=256) — upstream back-pressured at t=47815000
Time: 47815 ns  Iteration: 0  Process: /tb_pcie_axi_dma(TB_SCENARIO=2,FIFO_DEPTH=256,BATCH_COUNT=4,BATCH_TIMEOUT=64,SINK_STALL_EN=1'b1,SINK_STALL_PERIOD=4,SINK_STALL_READY=1)/dut/u_fifo/Always163_9  Scope: \tb_pcie_axi_dma(TB_SCENARIO=2,FIFO_DEPTH=256,BATCH_COUNT=4,BATCH_TIMEOUT=64,SINK_STALL_EN=1'b1,SINK_STALL_PERIOD=4,SINK_STALL_READY=1) .dut.u_fifo  File: /get/work/krishna.vardhan/git_trees/mtp_pcie_axi/pcie_axi_dma_latency/design/rtl/axis_fifo.sv Line: 165
Warning: [axis_fifo] FIFO full (depth=256) — upstream back-pressured at t=47835000
Time: 47835 ns  Iteration: 0  Process: /tb_pcie_axi_dma(TB_SCENARIO=2,FIFO_DEPTH=256,BATCH_COUNT=4,BATCH_TIMEOUT=64,SINK_STALL_EN=1'b1,SINK_STALL_PERIOD=4,SINK_STALL_READY=1)/dut/u_fifo/Always163_9  Scope: \tb_pcie_axi_dma(TB_SCENARIO=2,FIFO_DEPTH=256,BATCH_COUNT=4,BATCH_TIMEOUT=64,SINK_STALL_EN=1'b1,SINK_STALL_PERIOD=4,SINK_STALL_READY=1) .dut.u_fifo  File: /get/work/krishna.vardhan/git_trees/mtp_pcie_axi/pcie_axi_dma_latency/design/rtl/axis_fifo.sv Line: 165
Warning: [axis_fifo] FIFO full (depth=256) — upstream back-pressured at t=47845000
Time: 47845 ns  Iteration: 0  Process: /tb_pcie_axi_dma(TB_SCENARIO=2,FIFO_DEPTH=256,BATCH_COUNT=4,BATCH_TIMEOUT=64,SINK_STALL_EN=1'b1,SINK_STALL_PERIOD=4,SINK_STALL_READY=1)/dut/u_fifo/Always163_9  Scope: \tb_pcie_axi_dma(TB_SCENARIO=2,FIFO_DEPTH=256,BATCH_COUNT=4,BATCH_TIMEOUT=64,SINK_STALL_EN=1'b1,SINK_STALL_PERIOD=4,SINK_STALL_READY=1) .dut.u_fifo  File: /get/work/krishna.vardhan/git_trees/mtp_pcie_axi/pcie_axi_dma_latency/design/rtl/axis_fifo.sv Line: 165
Warning: [axis_fifo] FIFO full (depth=256) — upstream back-pressured at t=47855000
Time: 47855 ns  Iteration: 0  Process: /tb_pcie_axi_dma(TB_SCENARIO=2,FIFO_DEPTH=256,BATCH_COUNT=4,BATCH_TIMEOUT=64,SINK_STALL_EN=1'b1,SINK_STALL_PERIOD=4,SINK_STALL_READY=1)/dut/u_fifo/Always163_9  Scope: \tb_pcie_axi_dma(TB_SCENARIO=2,FIFO_DEPTH=256,BATCH_COUNT=4,BATCH_TIMEOUT=64,SINK_STALL_EN=1'b1,SINK_STALL_PERIOD=4,SINK_STALL_READY=1) .dut.u_fifo  File: /get/work/krishna.vardhan/git_trees/mtp_pcie_axi/pcie_axi_dma_latency/design/rtl/axis_fifo.sv Line: 165
Warning: [axis_fifo] FIFO full (depth=256) — upstream back-pressured at t=47875000
Time: 47875 ns  Iteration: 0  Process: /tb_pcie_axi_dma(TB_SCENARIO=2,FIFO_DEPTH=256,BATCH_COUNT=4,BATCH_TIMEOUT=64,SINK_STALL_EN=1'b1,SINK_STALL_PERIOD=4,SINK_STALL_READY=1)/dut/u_fifo/Always163_9  Scope: \tb_pcie_axi_dma(TB_SCENARIO=2,FIFO_DEPTH=256,BATCH_COUNT=4,BATCH_TIMEOUT=64,SINK_STALL_EN=1'b1,SINK_STALL_PERIOD=4,SINK_STALL_READY=1) .dut.u_fifo  File: /get/work/krishna.vardhan/git_trees/mtp_pcie_axi/pcie_axi_dma_latency/design/rtl/axis_fifo.sv Line: 165
Warning: [axis_fifo] FIFO full (depth=256) — upstream back-pressured at t=47885000
Time: 47885 ns  Iteration: 0  Process: /tb_pcie_axi_dma(TB_SCENARIO=2,FIFO_DEPTH=256,BATCH_COUNT=4,BATCH_TIMEOUT=64,SINK_STALL_EN=1'b1,SINK_STALL_PERIOD=4,SINK_STALL_READY=1)/dut/u_fifo/Always163_9  Scope: \tb_pcie_axi_dma(TB_SCENARIO=2,FIFO_DEPTH=256,BATCH_COUNT=4,BATCH_TIMEOUT=64,SINK_STALL_EN=1'b1,SINK_STALL_PERIOD=4,SINK_STALL_READY=1) .dut.u_fifo  File: /get/work/krishna.vardhan/git_trees/mtp_pcie_axi/pcie_axi_dma_latency/design/rtl/axis_fifo.sv Line: 165
Warning: [axis_fifo] FIFO full (depth=256) — upstream back-pressured at t=47895000
Time: 47895 ns  Iteration: 0  Process: /tb_pcie_axi_dma(TB_SCENARIO=2,FIFO_DEPTH=256,BATCH_COUNT=4,BATCH_TIMEOUT=64,SINK_STALL_EN=1'b1,SINK_STALL_PERIOD=4,SINK_STALL_READY=1)/dut/u_fifo/Always163_9  Scope: \tb_pcie_axi_dma(TB_SCENARIO=2,FIFO_DEPTH=256,BATCH_COUNT=4,BATCH_TIMEOUT=64,SINK_STALL_EN=1'b1,SINK_STALL_PERIOD=4,SINK_STALL_READY=1) .dut.u_fifo  File: /get/work/krishna.vardhan/git_trees/mtp_pcie_axi/pcie_axi_dma_latency/design/rtl/axis_fifo.sv Line: 165
Warning: [axis_fifo] FIFO full (depth=256) — upstream back-pressured at t=47915000
Time: 47915 ns  Iteration: 0  Process: /tb_pcie_axi_dma(TB_SCENARIO=2,FIFO_DEPTH=256,BATCH_COUNT=4,BATCH_TIMEOUT=64,SINK_STALL_EN=1'b1,SINK_STALL_PERIOD=4,SINK_STALL_READY=1)/dut/u_fifo/Always163_9  Scope: \tb_pcie_axi_dma(TB_SCENARIO=2,FIFO_DEPTH=256,BATCH_COUNT=4,BATCH_TIMEOUT=64,SINK_STALL_EN=1'b1,SINK_STALL_PERIOD=4,SINK_STALL_READY=1) .dut.u_fifo  File: /get/work/krishna.vardhan/git_trees/mtp_pcie_axi/pcie_axi_dma_latency/design/rtl/axis_fifo.sv Line: 165
Warning: [axis_fifo] FIFO full (depth=256) — upstream back-pressured at t=47925000
Time: 47925 ns  Iteration: 0  Process: /tb_pcie_axi_dma(TB_SCENARIO=2,FIFO_DEPTH=256,BATCH_COUNT=4,BATCH_TIMEOUT=64,SINK_STALL_EN=1'b1,SINK_STALL_PERIOD=4,SINK_STALL_READY=1)/dut/u_fifo/Always163_9  Scope: \tb_pcie_axi_dma(TB_SCENARIO=2,FIFO_DEPTH=256,BATCH_COUNT=4,BATCH_TIMEOUT=64,SINK_STALL_EN=1'b1,SINK_STALL_PERIOD=4,SINK_STALL_READY=1) .dut.u_fifo  File: /get/work/krishna.vardhan/git_trees/mtp_pcie_axi/pcie_axi_dma_latency/design/rtl/axis_fifo.sv Line: 165
Warning: [axis_fifo] FIFO full (depth=256) — upstream back-pressured at t=47935000
Time: 47935 ns  Iteration: 0  Process: /tb_pcie_axi_dma(TB_SCENARIO=2,FIFO_DEPTH=256,BATCH_COUNT=4,BATCH_TIMEOUT=64,SINK_STALL_EN=1'b1,SINK_STALL_PERIOD=4,SINK_STALL_READY=1)/dut/u_fifo/Always163_9  Scope: \tb_pcie_axi_dma(TB_SCENARIO=2,FIFO_DEPTH=256,BATCH_COUNT=4,BATCH_TIMEOUT=64,SINK_STALL_EN=1'b1,SINK_STALL_PERIOD=4,SINK_STALL_READY=1) .dut.u_fifo  File: /get/work/krishna.vardhan/git_trees/mtp_pcie_axi/pcie_axi_dma_latency/design/rtl/axis_fifo.sv Line: 165
Warning: [axis_fifo] FIFO full (depth=256) — upstream back-pressured at t=47955000
Time: 47955 ns  Iteration: 0  Process: /tb_pcie_axi_dma(TB_SCENARIO=2,FIFO_DEPTH=256,BATCH_COUNT=4,BATCH_TIMEOUT=64,SINK_STALL_EN=1'b1,SINK_STALL_PERIOD=4,SINK_STALL_READY=1)/dut/u_fifo/Always163_9  Scope: \tb_pcie_axi_dma(TB_SCENARIO=2,FIFO_DEPTH=256,BATCH_COUNT=4,BATCH_TIMEOUT=64,SINK_STALL_EN=1'b1,SINK_STALL_PERIOD=4,SINK_STALL_READY=1) .dut.u_fifo  File: /get/work/krishna.vardhan/git_trees/mtp_pcie_axi/pcie_axi_dma_latency/design/rtl/axis_fifo.sv Line: 165
Warning: [axis_fifo] FIFO full (depth=256) — upstream back-pressured at t=47965000
Time: 47965 ns  Iteration: 0  Process: /tb_pcie_axi_dma(TB_SCENARIO=2,FIFO_DEPTH=256,BATCH_COUNT=4,BATCH_TIMEOUT=64,SINK_STALL_EN=1'b1,SINK_STALL_PERIOD=4,SINK_STALL_READY=1)/dut/u_fifo/Always163_9  Scope: \tb_pcie_axi_dma(TB_SCENARIO=2,FIFO_DEPTH=256,BATCH_COUNT=4,BATCH_TIMEOUT=64,SINK_STALL_EN=1'b1,SINK_STALL_PERIOD=4,SINK_STALL_READY=1) .dut.u_fifo  File: /get/work/krishna.vardhan/git_trees/mtp_pcie_axi/pcie_axi_dma_latency/design/rtl/axis_fifo.sv Line: 165
Warning: [axis_fifo] FIFO full (depth=256) — upstream back-pressured at t=47975000
Time: 47975 ns  Iteration: 0  Process: /tb_pcie_axi_dma(TB_SCENARIO=2,FIFO_DEPTH=256,BATCH_COUNT=4,BATCH_TIMEOUT=64,SINK_STALL_EN=1'b1,SINK_STALL_PERIOD=4,SINK_STALL_READY=1)/dut/u_fifo/Always163_9  Scope: \tb_pcie_axi_dma(TB_SCENARIO=2,FIFO_DEPTH=256,BATCH_COUNT=4,BATCH_TIMEOUT=64,SINK_STALL_EN=1'b1,SINK_STALL_PERIOD=4,SINK_STALL_READY=1) .dut.u_fifo  File: /get/work/krishna.vardhan/git_trees/mtp_pcie_axi/pcie_axi_dma_latency/design/rtl/axis_fifo.sv Line: 165
Warning: [axis_fifo] FIFO full (depth=256) — upstream back-pressured at t=47995000
Time: 47995 ns  Iteration: 0  Process: /tb_pcie_axi_dma(TB_SCENARIO=2,FIFO_DEPTH=256,BATCH_COUNT=4,BATCH_TIMEOUT=64,SINK_STALL_EN=1'b1,SINK_STALL_PERIOD=4,SINK_STALL_READY=1)/dut/u_fifo/Always163_9  Scope: \tb_pcie_axi_dma(TB_SCENARIO=2,FIFO_DEPTH=256,BATCH_COUNT=4,BATCH_TIMEOUT=64,SINK_STALL_EN=1'b1,SINK_STALL_PERIOD=4,SINK_STALL_READY=1) .dut.u_fifo  File: /get/work/krishna.vardhan/git_trees/mtp_pcie_axi/pcie_axi_dma_latency/design/rtl/axis_fifo.sv Line: 165
Warning: [axis_fifo] FIFO full (depth=256) — upstream back-pressured at t=48005000
Time: 48005 ns  Iteration: 0  Process: /tb_pcie_axi_dma(TB_SCENARIO=2,FIFO_DEPTH=256,BATCH_COUNT=4,BATCH_TIMEOUT=64,SINK_STALL_EN=1'b1,SINK_STALL_PERIOD=4,SINK_STALL_READY=1)/dut/u_fifo/Always163_9  Scope: \tb_pcie_axi_dma(TB_SCENARIO=2,FIFO_DEPTH=256,BATCH_COUNT=4,BATCH_TIMEOUT=64,SINK_STALL_EN=1'b1,SINK_STALL_PERIOD=4,SINK_STALL_READY=1) .dut.u_fifo  File: /get/work/krishna.vardhan/git_trees/mtp_pcie_axi/pcie_axi_dma_latency/design/rtl/axis_fifo.sv Line: 165
Warning: [axis_fifo] FIFO full (depth=256) — upstream back-pressured at t=48015000
Time: 48015 ns  Iteration: 0  Process: /tb_pcie_axi_dma(TB_SCENARIO=2,FIFO_DEPTH=256,BATCH_COUNT=4,BATCH_TIMEOUT=64,SINK_STALL_EN=1'b1,SINK_STALL_PERIOD=4,SINK_STALL_READY=1)/dut/u_fifo/Always163_9  Scope: \tb_pcie_axi_dma(TB_SCENARIO=2,FIFO_DEPTH=256,BATCH_COUNT=4,BATCH_TIMEOUT=64,SINK_STALL_EN=1'b1,SINK_STALL_PERIOD=4,SINK_STALL_READY=1) .dut.u_fifo  File: /get/work/krishna.vardhan/git_trees/mtp_pcie_axi/pcie_axi_dma_latency/design/rtl/axis_fifo.sv Line: 165
Warning: [axis_fifo] FIFO full (depth=256) — upstream back-pressured at t=48035000
Time: 48035 ns  Iteration: 0  Process: /tb_pcie_axi_dma(TB_SCENARIO=2,FIFO_DEPTH=256,BATCH_COUNT=4,BATCH_TIMEOUT=64,SINK_STALL_EN=1'b1,SINK_STALL_PERIOD=4,SINK_STALL_READY=1)/dut/u_fifo/Always163_9  Scope: \tb_pcie_axi_dma(TB_SCENARIO=2,FIFO_DEPTH=256,BATCH_COUNT=4,BATCH_TIMEOUT=64,SINK_STALL_EN=1'b1,SINK_STALL_PERIOD=4,SINK_STALL_READY=1) .dut.u_fifo  File: /get/work/krishna.vardhan/git_trees/mtp_pcie_axi/pcie_axi_dma_latency/design/rtl/axis_fifo.sv Line: 165
Warning: [axis_fifo] FIFO full (depth=256) — upstream back-pressured at t=48045000
Time: 48045 ns  Iteration: 0  Process: /tb_pcie_axi_dma(TB_SCENARIO=2,FIFO_DEPTH=256,BATCH_COUNT=4,BATCH_TIMEOUT=64,SINK_STALL_EN=1'b1,SINK_STALL_PERIOD=4,SINK_STALL_READY=1)/dut/u_fifo/Always163_9  Scope: \tb_pcie_axi_dma(TB_SCENARIO=2,FIFO_DEPTH=256,BATCH_COUNT=4,BATCH_TIMEOUT=64,SINK_STALL_EN=1'b1,SINK_STALL_PERIOD=4,SINK_STALL_READY=1) .dut.u_fifo  File: /get/work/krishna.vardhan/git_trees/mtp_pcie_axi/pcie_axi_dma_latency/design/rtl/axis_fifo.sv Line: 165
Warning: [axis_fifo] FIFO full (depth=256) — upstream back-pressured at t=48055000
Time: 48055 ns  Iteration: 0  Process: /tb_pcie_axi_dma(TB_SCENARIO=2,FIFO_DEPTH=256,BATCH_COUNT=4,BATCH_TIMEOUT=64,SINK_STALL_EN=1'b1,SINK_STALL_PERIOD=4,SINK_STALL_READY=1)/dut/u_fifo/Always163_9  Scope: \tb_pcie_axi_dma(TB_SCENARIO=2,FIFO_DEPTH=256,BATCH_COUNT=4,BATCH_TIMEOUT=64,SINK_STALL_EN=1'b1,SINK_STALL_PERIOD=4,SINK_STALL_READY=1) .dut.u_fifo  File: /get/work/krishna.vardhan/git_trees/mtp_pcie_axi/pcie_axi_dma_latency/design/rtl/axis_fifo.sv Line: 165
Warning: [axis_fifo] FIFO full (depth=256) — upstream back-pressured at t=48075000
Time: 48075 ns  Iteration: 0  Process: /tb_pcie_axi_dma(TB_SCENARIO=2,FIFO_DEPTH=256,BATCH_COUNT=4,BATCH_TIMEOUT=64,SINK_STALL_EN=1'b1,SINK_STALL_PERIOD=4,SINK_STALL_READY=1)/dut/u_fifo/Always163_9  Scope: \tb_pcie_axi_dma(TB_SCENARIO=2,FIFO_DEPTH=256,BATCH_COUNT=4,BATCH_TIMEOUT=64,SINK_STALL_EN=1'b1,SINK_STALL_PERIOD=4,SINK_STALL_READY=1) .dut.u_fifo  File: /get/work/krishna.vardhan/git_trees/mtp_pcie_axi/pcie_axi_dma_latency/design/rtl/axis_fifo.sv Line: 165
Warning: [axis_fifo] FIFO full (depth=256) — upstream back-pressured at t=48085000
Time: 48085 ns  Iteration: 0  Process: /tb_pcie_axi_dma(TB_SCENARIO=2,FIFO_DEPTH=256,BATCH_COUNT=4,BATCH_TIMEOUT=64,SINK_STALL_EN=1'b1,SINK_STALL_PERIOD=4,SINK_STALL_READY=1)/dut/u_fifo/Always163_9  Scope: \tb_pcie_axi_dma(TB_SCENARIO=2,FIFO_DEPTH=256,BATCH_COUNT=4,BATCH_TIMEOUT=64,SINK_STALL_EN=1'b1,SINK_STALL_PERIOD=4,SINK_STALL_READY=1) .dut.u_fifo  File: /get/work/krishna.vardhan/git_trees/mtp_pcie_axi/pcie_axi_dma_latency/design/rtl/axis_fifo.sv Line: 165
Warning: [axis_fifo] FIFO full (depth=256) — upstream back-pressured at t=48095000
Time: 48095 ns  Iteration: 0  Process: /tb_pcie_axi_dma(TB_SCENARIO=2,FIFO_DEPTH=256,BATCH_COUNT=4,BATCH_TIMEOUT=64,SINK_STALL_EN=1'b1,SINK_STALL_PERIOD=4,SINK_STALL_READY=1)/dut/u_fifo/Always163_9  Scope: \tb_pcie_axi_dma(TB_SCENARIO=2,FIFO_DEPTH=256,BATCH_COUNT=4,BATCH_TIMEOUT=64,SINK_STALL_EN=1'b1,SINK_STALL_PERIOD=4,SINK_STALL_READY=1) .dut.u_fifo  File: /get/work/krishna.vardhan/git_trees/mtp_pcie_axi/pcie_axi_dma_latency/design/rtl/axis_fifo.sv Line: 165
Warning: [axis_fifo] FIFO full (depth=256) — upstream back-pressured at t=48115000
Time: 48115 ns  Iteration: 0  Process: /tb_pcie_axi_dma(TB_SCENARIO=2,FIFO_DEPTH=256,BATCH_COUNT=4,BATCH_TIMEOUT=64,SINK_STALL_EN=1'b1,SINK_STALL_PERIOD=4,SINK_STALL_READY=1)/dut/u_fifo/Always163_9  Scope: \tb_pcie_axi_dma(TB_SCENARIO=2,FIFO_DEPTH=256,BATCH_COUNT=4,BATCH_TIMEOUT=64,SINK_STALL_EN=1'b1,SINK_STALL_PERIOD=4,SINK_STALL_READY=1) .dut.u_fifo  File: /get/work/krishna.vardhan/git_trees/mtp_pcie_axi/pcie_axi_dma_latency/design/rtl/axis_fifo.sv Line: 165
Warning: [axis_fifo] FIFO full (depth=256) — upstream back-pressured at t=48125000
Time: 48125 ns  Iteration: 0  Process: /tb_pcie_axi_dma(TB_SCENARIO=2,FIFO_DEPTH=256,BATCH_COUNT=4,BATCH_TIMEOUT=64,SINK_STALL_EN=1'b1,SINK_STALL_PERIOD=4,SINK_STALL_READY=1)/dut/u_fifo/Always163_9  Scope: \tb_pcie_axi_dma(TB_SCENARIO=2,FIFO_DEPTH=256,BATCH_COUNT=4,BATCH_TIMEOUT=64,SINK_STALL_EN=1'b1,SINK_STALL_PERIOD=4,SINK_STALL_READY=1) .dut.u_fifo  File: /get/work/krishna.vardhan/git_trees/mtp_pcie_axi/pcie_axi_dma_latency/design/rtl/axis_fifo.sv Line: 165
Warning: [axis_fifo] FIFO full (depth=256) — upstream back-pressured at t=48135000
Time: 48135 ns  Iteration: 0  Process: /tb_pcie_axi_dma(TB_SCENARIO=2,FIFO_DEPTH=256,BATCH_COUNT=4,BATCH_TIMEOUT=64,SINK_STALL_EN=1'b1,SINK_STALL_PERIOD=4,SINK_STALL_READY=1)/dut/u_fifo/Always163_9  Scope: \tb_pcie_axi_dma(TB_SCENARIO=2,FIFO_DEPTH=256,BATCH_COUNT=4,BATCH_TIMEOUT=64,SINK_STALL_EN=1'b1,SINK_STALL_PERIOD=4,SINK_STALL_READY=1) .dut.u_fifo  File: /get/work/krishna.vardhan/git_trees/mtp_pcie_axi/pcie_axi_dma_latency/design/rtl/axis_fifo.sv Line: 165
Warning: [axis_fifo] FIFO full (depth=256) — upstream back-pressured at t=48155000
Time: 48155 ns  Iteration: 0  Process: /tb_pcie_axi_dma(TB_SCENARIO=2,FIFO_DEPTH=256,BATCH_COUNT=4,BATCH_TIMEOUT=64,SINK_STALL_EN=1'b1,SINK_STALL_PERIOD=4,SINK_STALL_READY=1)/dut/u_fifo/Always163_9  Scope: \tb_pcie_axi_dma(TB_SCENARIO=2,FIFO_DEPTH=256,BATCH_COUNT=4,BATCH_TIMEOUT=64,SINK_STALL_EN=1'b1,SINK_STALL_PERIOD=4,SINK_STALL_READY=1) .dut.u_fifo  File: /get/work/krishna.vardhan/git_trees/mtp_pcie_axi/pcie_axi_dma_latency/design/rtl/axis_fifo.sv Line: 165
Warning: [axis_fifo] FIFO full (depth=256) — upstream back-pressured at t=48165000
Time: 48165 ns  Iteration: 0  Process: /tb_pcie_axi_dma(TB_SCENARIO=2,FIFO_DEPTH=256,BATCH_COUNT=4,BATCH_TIMEOUT=64,SINK_STALL_EN=1'b1,SINK_STALL_PERIOD=4,SINK_STALL_READY=1)/dut/u_fifo/Always163_9  Scope: \tb_pcie_axi_dma(TB_SCENARIO=2,FIFO_DEPTH=256,BATCH_COUNT=4,BATCH_TIMEOUT=64,SINK_STALL_EN=1'b1,SINK_STALL_PERIOD=4,SINK_STALL_READY=1) .dut.u_fifo  File: /get/work/krishna.vardhan/git_trees/mtp_pcie_axi/pcie_axi_dma_latency/design/rtl/axis_fifo.sv Line: 165
Warning: [axis_fifo] FIFO full (depth=256) — upstream back-pressured at t=48175000
Time: 48175 ns  Iteration: 0  Process: /tb_pcie_axi_dma(TB_SCENARIO=2,FIFO_DEPTH=256,BATCH_COUNT=4,BATCH_TIMEOUT=64,SINK_STALL_EN=1'b1,SINK_STALL_PERIOD=4,SINK_STALL_READY=1)/dut/u_fifo/Always163_9  Scope: \tb_pcie_axi_dma(TB_SCENARIO=2,FIFO_DEPTH=256,BATCH_COUNT=4,BATCH_TIMEOUT=64,SINK_STALL_EN=1'b1,SINK_STALL_PERIOD=4,SINK_STALL_READY=1) .dut.u_fifo  File: /get/work/krishna.vardhan/git_trees/mtp_pcie_axi/pcie_axi_dma_latency/design/rtl/axis_fifo.sv Line: 165
Warning: [axis_fifo] FIFO full (depth=256) — upstream back-pressured at t=48195000
Time: 48195 ns  Iteration: 0  Process: /tb_pcie_axi_dma(TB_SCENARIO=2,FIFO_DEPTH=256,BATCH_COUNT=4,BATCH_TIMEOUT=64,SINK_STALL_EN=1'b1,SINK_STALL_PERIOD=4,SINK_STALL_READY=1)/dut/u_fifo/Always163_9  Scope: \tb_pcie_axi_dma(TB_SCENARIO=2,FIFO_DEPTH=256,BATCH_COUNT=4,BATCH_TIMEOUT=64,SINK_STALL_EN=1'b1,SINK_STALL_PERIOD=4,SINK_STALL_READY=1) .dut.u_fifo  File: /get/work/krishna.vardhan/git_trees/mtp_pcie_axi/pcie_axi_dma_latency/design/rtl/axis_fifo.sv Line: 165
Warning: [axis_fifo] FIFO full (depth=256) — upstream back-pressured at t=48205000
Time: 48205 ns  Iteration: 0  Process: /tb_pcie_axi_dma(TB_SCENARIO=2,FIFO_DEPTH=256,BATCH_COUNT=4,BATCH_TIMEOUT=64,SINK_STALL_EN=1'b1,SINK_STALL_PERIOD=4,SINK_STALL_READY=1)/dut/u_fifo/Always163_9  Scope: \tb_pcie_axi_dma(TB_SCENARIO=2,FIFO_DEPTH=256,BATCH_COUNT=4,BATCH_TIMEOUT=64,SINK_STALL_EN=1'b1,SINK_STALL_PERIOD=4,SINK_STALL_READY=1) .dut.u_fifo  File: /get/work/krishna.vardhan/git_trees/mtp_pcie_axi/pcie_axi_dma_latency/design/rtl/axis_fifo.sv Line: 165
Warning: [axis_fifo] FIFO full (depth=256) — upstream back-pressured at t=48215000
Time: 48215 ns  Iteration: 0  Process: /tb_pcie_axi_dma(TB_SCENARIO=2,FIFO_DEPTH=256,BATCH_COUNT=4,BATCH_TIMEOUT=64,SINK_STALL_EN=1'b1,SINK_STALL_PERIOD=4,SINK_STALL_READY=1)/dut/u_fifo/Always163_9  Scope: \tb_pcie_axi_dma(TB_SCENARIO=2,FIFO_DEPTH=256,BATCH_COUNT=4,BATCH_TIMEOUT=64,SINK_STALL_EN=1'b1,SINK_STALL_PERIOD=4,SINK_STALL_READY=1) .dut.u_fifo  File: /get/work/krishna.vardhan/git_trees/mtp_pcie_axi/pcie_axi_dma_latency/design/rtl/axis_fifo.sv Line: 165
Warning: [axis_fifo] FIFO full (depth=256) — upstream back-pressured at t=48235000
Time: 48235 ns  Iteration: 0  Process: /tb_pcie_axi_dma(TB_SCENARIO=2,FIFO_DEPTH=256,BATCH_COUNT=4,BATCH_TIMEOUT=64,SINK_STALL_EN=1'b1,SINK_STALL_PERIOD=4,SINK_STALL_READY=1)/dut/u_fifo/Always163_9  Scope: \tb_pcie_axi_dma(TB_SCENARIO=2,FIFO_DEPTH=256,BATCH_COUNT=4,BATCH_TIMEOUT=64,SINK_STALL_EN=1'b1,SINK_STALL_PERIOD=4,SINK_STALL_READY=1) .dut.u_fifo  File: /get/work/krishna.vardhan/git_trees/mtp_pcie_axi/pcie_axi_dma_latency/design/rtl/axis_fifo.sv Line: 165
Warning: [axis_fifo] FIFO full (depth=256) — upstream back-pressured at t=48245000
Time: 48245 ns  Iteration: 0  Process: /tb_pcie_axi_dma(TB_SCENARIO=2,FIFO_DEPTH=256,BATCH_COUNT=4,BATCH_TIMEOUT=64,SINK_STALL_EN=1'b1,SINK_STALL_PERIOD=4,SINK_STALL_READY=1)/dut/u_fifo/Always163_9  Scope: \tb_pcie_axi_dma(TB_SCENARIO=2,FIFO_DEPTH=256,BATCH_COUNT=4,BATCH_TIMEOUT=64,SINK_STALL_EN=1'b1,SINK_STALL_PERIOD=4,SINK_STALL_READY=1) .dut.u_fifo  File: /get/work/krishna.vardhan/git_trees/mtp_pcie_axi/pcie_axi_dma_latency/design/rtl/axis_fifo.sv Line: 165
Warning: [axis_fifo] FIFO full (depth=256) — upstream back-pressured at t=48255000
Time: 48255 ns  Iteration: 0  Process: /tb_pcie_axi_dma(TB_SCENARIO=2,FIFO_DEPTH=256,BATCH_COUNT=4,BATCH_TIMEOUT=64,SINK_STALL_EN=1'b1,SINK_STALL_PERIOD=4,SINK_STALL_READY=1)/dut/u_fifo/Always163_9  Scope: \tb_pcie_axi_dma(TB_SCENARIO=2,FIFO_DEPTH=256,BATCH_COUNT=4,BATCH_TIMEOUT=64,SINK_STALL_EN=1'b1,SINK_STALL_PERIOD=4,SINK_STALL_READY=1) .dut.u_fifo  File: /get/work/krishna.vardhan/git_trees/mtp_pcie_axi/pcie_axi_dma_latency/design/rtl/axis_fifo.sv Line: 165
Warning: [axis_fifo] FIFO full (depth=256) — upstream back-pressured at t=48275000
Time: 48275 ns  Iteration: 0  Process: /tb_pcie_axi_dma(TB_SCENARIO=2,FIFO_DEPTH=256,BATCH_COUNT=4,BATCH_TIMEOUT=64,SINK_STALL_EN=1'b1,SINK_STALL_PERIOD=4,SINK_STALL_READY=1)/dut/u_fifo/Always163_9  Scope: \tb_pcie_axi_dma(TB_SCENARIO=2,FIFO_DEPTH=256,BATCH_COUNT=4,BATCH_TIMEOUT=64,SINK_STALL_EN=1'b1,SINK_STALL_PERIOD=4,SINK_STALL_READY=1) .dut.u_fifo  File: /get/work/krishna.vardhan/git_trees/mtp_pcie_axi/pcie_axi_dma_latency/design/rtl/axis_fifo.sv Line: 165
Warning: [axis_fifo] FIFO full (depth=256) — upstream back-pressured at t=48285000
Time: 48285 ns  Iteration: 0  Process: /tb_pcie_axi_dma(TB_SCENARIO=2,FIFO_DEPTH=256,BATCH_COUNT=4,BATCH_TIMEOUT=64,SINK_STALL_EN=1'b1,SINK_STALL_PERIOD=4,SINK_STALL_READY=1)/dut/u_fifo/Always163_9  Scope: \tb_pcie_axi_dma(TB_SCENARIO=2,FIFO_DEPTH=256,BATCH_COUNT=4,BATCH_TIMEOUT=64,SINK_STALL_EN=1'b1,SINK_STALL_PERIOD=4,SINK_STALL_READY=1) .dut.u_fifo  File: /get/work/krishna.vardhan/git_trees/mtp_pcie_axi/pcie_axi_dma_latency/design/rtl/axis_fifo.sv Line: 165
Warning: [axis_fifo] FIFO full (depth=256) — upstream back-pressured at t=48295000
Time: 48295 ns  Iteration: 0  Process: /tb_pcie_axi_dma(TB_SCENARIO=2,FIFO_DEPTH=256,BATCH_COUNT=4,BATCH_TIMEOUT=64,SINK_STALL_EN=1'b1,SINK_STALL_PERIOD=4,SINK_STALL_READY=1)/dut/u_fifo/Always163_9  Scope: \tb_pcie_axi_dma(TB_SCENARIO=2,FIFO_DEPTH=256,BATCH_COUNT=4,BATCH_TIMEOUT=64,SINK_STALL_EN=1'b1,SINK_STALL_PERIOD=4,SINK_STALL_READY=1) .dut.u_fifo  File: /get/work/krishna.vardhan/git_trees/mtp_pcie_axi/pcie_axi_dma_latency/design/rtl/axis_fifo.sv Line: 165
Warning: [axis_fifo] FIFO full (depth=256) — upstream back-pressured at t=48315000
Time: 48315 ns  Iteration: 0  Process: /tb_pcie_axi_dma(TB_SCENARIO=2,FIFO_DEPTH=256,BATCH_COUNT=4,BATCH_TIMEOUT=64,SINK_STALL_EN=1'b1,SINK_STALL_PERIOD=4,SINK_STALL_READY=1)/dut/u_fifo/Always163_9  Scope: \tb_pcie_axi_dma(TB_SCENARIO=2,FIFO_DEPTH=256,BATCH_COUNT=4,BATCH_TIMEOUT=64,SINK_STALL_EN=1'b1,SINK_STALL_PERIOD=4,SINK_STALL_READY=1) .dut.u_fifo  File: /get/work/krishna.vardhan/git_trees/mtp_pcie_axi/pcie_axi_dma_latency/design/rtl/axis_fifo.sv Line: 165
Warning: [axis_fifo] FIFO full (depth=256) — upstream back-pressured at t=48325000
Time: 48325 ns  Iteration: 0  Process: /tb_pcie_axi_dma(TB_SCENARIO=2,FIFO_DEPTH=256,BATCH_COUNT=4,BATCH_TIMEOUT=64,SINK_STALL_EN=1'b1,SINK_STALL_PERIOD=4,SINK_STALL_READY=1)/dut/u_fifo/Always163_9  Scope: \tb_pcie_axi_dma(TB_SCENARIO=2,FIFO_DEPTH=256,BATCH_COUNT=4,BATCH_TIMEOUT=64,SINK_STALL_EN=1'b1,SINK_STALL_PERIOD=4,SINK_STALL_READY=1) .dut.u_fifo  File: /get/work/krishna.vardhan/git_trees/mtp_pcie_axi/pcie_axi_dma_latency/design/rtl/axis_fifo.sv Line: 165
Warning: [axis_fifo] FIFO full (depth=256) — upstream back-pressured at t=48335000
Time: 48335 ns  Iteration: 0  Process: /tb_pcie_axi_dma(TB_SCENARIO=2,FIFO_DEPTH=256,BATCH_COUNT=4,BATCH_TIMEOUT=64,SINK_STALL_EN=1'b1,SINK_STALL_PERIOD=4,SINK_STALL_READY=1)/dut/u_fifo/Always163_9  Scope: \tb_pcie_axi_dma(TB_SCENARIO=2,FIFO_DEPTH=256,BATCH_COUNT=4,BATCH_TIMEOUT=64,SINK_STALL_EN=1'b1,SINK_STALL_PERIOD=4,SINK_STALL_READY=1) .dut.u_fifo  File: /get/work/krishna.vardhan/git_trees/mtp_pcie_axi/pcie_axi_dma_latency/design/rtl/axis_fifo.sv Line: 165
Warning: [axis_fifo] FIFO full (depth=256) — upstream back-pressured at t=48355000
Time: 48355 ns  Iteration: 0  Process: /tb_pcie_axi_dma(TB_SCENARIO=2,FIFO_DEPTH=256,BATCH_COUNT=4,BATCH_TIMEOUT=64,SINK_STALL_EN=1'b1,SINK_STALL_PERIOD=4,SINK_STALL_READY=1)/dut/u_fifo/Always163_9  Scope: \tb_pcie_axi_dma(TB_SCENARIO=2,FIFO_DEPTH=256,BATCH_COUNT=4,BATCH_TIMEOUT=64,SINK_STALL_EN=1'b1,SINK_STALL_PERIOD=4,SINK_STALL_READY=1) .dut.u_fifo  File: /get/work/krishna.vardhan/git_trees/mtp_pcie_axi/pcie_axi_dma_latency/design/rtl/axis_fifo.sv Line: 165
Warning: [axis_fifo] FIFO full (depth=256) — upstream back-pressured at t=48365000
Time: 48365 ns  Iteration: 0  Process: /tb_pcie_axi_dma(TB_SCENARIO=2,FIFO_DEPTH=256,BATCH_COUNT=4,BATCH_TIMEOUT=64,SINK_STALL_EN=1'b1,SINK_STALL_PERIOD=4,SINK_STALL_READY=1)/dut/u_fifo/Always163_9  Scope: \tb_pcie_axi_dma(TB_SCENARIO=2,FIFO_DEPTH=256,BATCH_COUNT=4,BATCH_TIMEOUT=64,SINK_STALL_EN=1'b1,SINK_STALL_PERIOD=4,SINK_STALL_READY=1) .dut.u_fifo  File: /get/work/krishna.vardhan/git_trees/mtp_pcie_axi/pcie_axi_dma_latency/design/rtl/axis_fifo.sv Line: 165
Warning: [axis_fifo] FIFO full (depth=256) — upstream back-pressured at t=48375000
Time: 48375 ns  Iteration: 0  Process: /tb_pcie_axi_dma(TB_SCENARIO=2,FIFO_DEPTH=256,BATCH_COUNT=4,BATCH_TIMEOUT=64,SINK_STALL_EN=1'b1,SINK_STALL_PERIOD=4,SINK_STALL_READY=1)/dut/u_fifo/Always163_9  Scope: \tb_pcie_axi_dma(TB_SCENARIO=2,FIFO_DEPTH=256,BATCH_COUNT=4,BATCH_TIMEOUT=64,SINK_STALL_EN=1'b1,SINK_STALL_PERIOD=4,SINK_STALL_READY=1) .dut.u_fifo  File: /get/work/krishna.vardhan/git_trees/mtp_pcie_axi/pcie_axi_dma_latency/design/rtl/axis_fifo.sv Line: 165
Warning: [axis_fifo] FIFO full (depth=256) — upstream back-pressured at t=48395000
Time: 48395 ns  Iteration: 0  Process: /tb_pcie_axi_dma(TB_SCENARIO=2,FIFO_DEPTH=256,BATCH_COUNT=4,BATCH_TIMEOUT=64,SINK_STALL_EN=1'b1,SINK_STALL_PERIOD=4,SINK_STALL_READY=1)/dut/u_fifo/Always163_9  Scope: \tb_pcie_axi_dma(TB_SCENARIO=2,FIFO_DEPTH=256,BATCH_COUNT=4,BATCH_TIMEOUT=64,SINK_STALL_EN=1'b1,SINK_STALL_PERIOD=4,SINK_STALL_READY=1) .dut.u_fifo  File: /get/work/krishna.vardhan/git_trees/mtp_pcie_axi/pcie_axi_dma_latency/design/rtl/axis_fifo.sv Line: 165
Warning: [axis_fifo] FIFO full (depth=256) — upstream back-pressured at t=48405000
Time: 48405 ns  Iteration: 0  Process: /tb_pcie_axi_dma(TB_SCENARIO=2,FIFO_DEPTH=256,BATCH_COUNT=4,BATCH_TIMEOUT=64,SINK_STALL_EN=1'b1,SINK_STALL_PERIOD=4,SINK_STALL_READY=1)/dut/u_fifo/Always163_9  Scope: \tb_pcie_axi_dma(TB_SCENARIO=2,FIFO_DEPTH=256,BATCH_COUNT=4,BATCH_TIMEOUT=64,SINK_STALL_EN=1'b1,SINK_STALL_PERIOD=4,SINK_STALL_READY=1) .dut.u_fifo  File: /get/work/krishna.vardhan/git_trees/mtp_pcie_axi/pcie_axi_dma_latency/design/rtl/axis_fifo.sv Line: 165
Warning: [axis_fifo] FIFO full (depth=256) — upstream back-pressured at t=48415000
Time: 48415 ns  Iteration: 0  Process: /tb_pcie_axi_dma(TB_SCENARIO=2,FIFO_DEPTH=256,BATCH_COUNT=4,BATCH_TIMEOUT=64,SINK_STALL_EN=1'b1,SINK_STALL_PERIOD=4,SINK_STALL_READY=1)/dut/u_fifo/Always163_9  Scope: \tb_pcie_axi_dma(TB_SCENARIO=2,FIFO_DEPTH=256,BATCH_COUNT=4,BATCH_TIMEOUT=64,SINK_STALL_EN=1'b1,SINK_STALL_PERIOD=4,SINK_STALL_READY=1) .dut.u_fifo  File: /get/work/krishna.vardhan/git_trees/mtp_pcie_axi/pcie_axi_dma_latency/design/rtl/axis_fifo.sv Line: 165
Warning: [axis_fifo] FIFO full (depth=256) — upstream back-pressured at t=48435000
Time: 48435 ns  Iteration: 0  Process: /tb_pcie_axi_dma(TB_SCENARIO=2,FIFO_DEPTH=256,BATCH_COUNT=4,BATCH_TIMEOUT=64,SINK_STALL_EN=1'b1,SINK_STALL_PERIOD=4,SINK_STALL_READY=1)/dut/u_fifo/Always163_9  Scope: \tb_pcie_axi_dma(TB_SCENARIO=2,FIFO_DEPTH=256,BATCH_COUNT=4,BATCH_TIMEOUT=64,SINK_STALL_EN=1'b1,SINK_STALL_PERIOD=4,SINK_STALL_READY=1) .dut.u_fifo  File: /get/work/krishna.vardhan/git_trees/mtp_pcie_axi/pcie_axi_dma_latency/design/rtl/axis_fifo.sv Line: 165
Warning: [axis_fifo] FIFO full (depth=256) — upstream back-pressured at t=48445000
Time: 48445 ns  Iteration: 0  Process: /tb_pcie_axi_dma(TB_SCENARIO=2,FIFO_DEPTH=256,BATCH_COUNT=4,BATCH_TIMEOUT=64,SINK_STALL_EN=1'b1,SINK_STALL_PERIOD=4,SINK_STALL_READY=1)/dut/u_fifo/Always163_9  Scope: \tb_pcie_axi_dma(TB_SCENARIO=2,FIFO_DEPTH=256,BATCH_COUNT=4,BATCH_TIMEOUT=64,SINK_STALL_EN=1'b1,SINK_STALL_PERIOD=4,SINK_STALL_READY=1) .dut.u_fifo  File: /get/work/krishna.vardhan/git_trees/mtp_pcie_axi/pcie_axi_dma_latency/design/rtl/axis_fifo.sv Line: 165
Warning: [axis_fifo] FIFO full (depth=256) — upstream back-pressured at t=48455000
Time: 48455 ns  Iteration: 0  Process: /tb_pcie_axi_dma(TB_SCENARIO=2,FIFO_DEPTH=256,BATCH_COUNT=4,BATCH_TIMEOUT=64,SINK_STALL_EN=1'b1,SINK_STALL_PERIOD=4,SINK_STALL_READY=1)/dut/u_fifo/Always163_9  Scope: \tb_pcie_axi_dma(TB_SCENARIO=2,FIFO_DEPTH=256,BATCH_COUNT=4,BATCH_TIMEOUT=64,SINK_STALL_EN=1'b1,SINK_STALL_PERIOD=4,SINK_STALL_READY=1) .dut.u_fifo  File: /get/work/krishna.vardhan/git_trees/mtp_pcie_axi/pcie_axi_dma_latency/design/rtl/axis_fifo.sv Line: 165
Warning: [axis_fifo] FIFO full (depth=256) — upstream back-pressured at t=48475000
Time: 48475 ns  Iteration: 0  Process: /tb_pcie_axi_dma(TB_SCENARIO=2,FIFO_DEPTH=256,BATCH_COUNT=4,BATCH_TIMEOUT=64,SINK_STALL_EN=1'b1,SINK_STALL_PERIOD=4,SINK_STALL_READY=1)/dut/u_fifo/Always163_9  Scope: \tb_pcie_axi_dma(TB_SCENARIO=2,FIFO_DEPTH=256,BATCH_COUNT=4,BATCH_TIMEOUT=64,SINK_STALL_EN=1'b1,SINK_STALL_PERIOD=4,SINK_STALL_READY=1) .dut.u_fifo  File: /get/work/krishna.vardhan/git_trees/mtp_pcie_axi/pcie_axi_dma_latency/design/rtl/axis_fifo.sv Line: 165
Warning: [axis_fifo] FIFO full (depth=256) — upstream back-pressured at t=48485000
Time: 48485 ns  Iteration: 0  Process: /tb_pcie_axi_dma(TB_SCENARIO=2,FIFO_DEPTH=256,BATCH_COUNT=4,BATCH_TIMEOUT=64,SINK_STALL_EN=1'b1,SINK_STALL_PERIOD=4,SINK_STALL_READY=1)/dut/u_fifo/Always163_9  Scope: \tb_pcie_axi_dma(TB_SCENARIO=2,FIFO_DEPTH=256,BATCH_COUNT=4,BATCH_TIMEOUT=64,SINK_STALL_EN=1'b1,SINK_STALL_PERIOD=4,SINK_STALL_READY=1) .dut.u_fifo  File: /get/work/krishna.vardhan/git_trees/mtp_pcie_axi/pcie_axi_dma_latency/design/rtl/axis_fifo.sv Line: 165
Warning: [axis_fifo] FIFO full (depth=256) — upstream back-pressured at t=48495000
Time: 48495 ns  Iteration: 0  Process: /tb_pcie_axi_dma(TB_SCENARIO=2,FIFO_DEPTH=256,BATCH_COUNT=4,BATCH_TIMEOUT=64,SINK_STALL_EN=1'b1,SINK_STALL_PERIOD=4,SINK_STALL_READY=1)/dut/u_fifo/Always163_9  Scope: \tb_pcie_axi_dma(TB_SCENARIO=2,FIFO_DEPTH=256,BATCH_COUNT=4,BATCH_TIMEOUT=64,SINK_STALL_EN=1'b1,SINK_STALL_PERIOD=4,SINK_STALL_READY=1) .dut.u_fifo  File: /get/work/krishna.vardhan/git_trees/mtp_pcie_axi/pcie_axi_dma_latency/design/rtl/axis_fifo.sv Line: 165
Warning: [axis_fifo] FIFO full (depth=256) — upstream back-pressured at t=48515000
Time: 48515 ns  Iteration: 0  Process: /tb_pcie_axi_dma(TB_SCENARIO=2,FIFO_DEPTH=256,BATCH_COUNT=4,BATCH_TIMEOUT=64,SINK_STALL_EN=1'b1,SINK_STALL_PERIOD=4,SINK_STALL_READY=1)/dut/u_fifo/Always163_9  Scope: \tb_pcie_axi_dma(TB_SCENARIO=2,FIFO_DEPTH=256,BATCH_COUNT=4,BATCH_TIMEOUT=64,SINK_STALL_EN=1'b1,SINK_STALL_PERIOD=4,SINK_STALL_READY=1) .dut.u_fifo  File: /get/work/krishna.vardhan/git_trees/mtp_pcie_axi/pcie_axi_dma_latency/design/rtl/axis_fifo.sv Line: 165
Warning: [axis_fifo] FIFO full (depth=256) — upstream back-pressured at t=48525000
Time: 48525 ns  Iteration: 0  Process: /tb_pcie_axi_dma(TB_SCENARIO=2,FIFO_DEPTH=256,BATCH_COUNT=4,BATCH_TIMEOUT=64,SINK_STALL_EN=1'b1,SINK_STALL_PERIOD=4,SINK_STALL_READY=1)/dut/u_fifo/Always163_9  Scope: \tb_pcie_axi_dma(TB_SCENARIO=2,FIFO_DEPTH=256,BATCH_COUNT=4,BATCH_TIMEOUT=64,SINK_STALL_EN=1'b1,SINK_STALL_PERIOD=4,SINK_STALL_READY=1) .dut.u_fifo  File: /get/work/krishna.vardhan/git_trees/mtp_pcie_axi/pcie_axi_dma_latency/design/rtl/axis_fifo.sv Line: 165
Warning: [axis_fifo] FIFO full (depth=256) — upstream back-pressured at t=48535000
Time: 48535 ns  Iteration: 0  Process: /tb_pcie_axi_dma(TB_SCENARIO=2,FIFO_DEPTH=256,BATCH_COUNT=4,BATCH_TIMEOUT=64,SINK_STALL_EN=1'b1,SINK_STALL_PERIOD=4,SINK_STALL_READY=1)/dut/u_fifo/Always163_9  Scope: \tb_pcie_axi_dma(TB_SCENARIO=2,FIFO_DEPTH=256,BATCH_COUNT=4,BATCH_TIMEOUT=64,SINK_STALL_EN=1'b1,SINK_STALL_PERIOD=4,SINK_STALL_READY=1) .dut.u_fifo  File: /get/work/krishna.vardhan/git_trees/mtp_pcie_axi/pcie_axi_dma_latency/design/rtl/axis_fifo.sv Line: 165
Warning: [axis_fifo] FIFO full (depth=256) — upstream back-pressured at t=48555000
Time: 48555 ns  Iteration: 0  Process: /tb_pcie_axi_dma(TB_SCENARIO=2,FIFO_DEPTH=256,BATCH_COUNT=4,BATCH_TIMEOUT=64,SINK_STALL_EN=1'b1,SINK_STALL_PERIOD=4,SINK_STALL_READY=1)/dut/u_fifo/Always163_9  Scope: \tb_pcie_axi_dma(TB_SCENARIO=2,FIFO_DEPTH=256,BATCH_COUNT=4,BATCH_TIMEOUT=64,SINK_STALL_EN=1'b1,SINK_STALL_PERIOD=4,SINK_STALL_READY=1) .dut.u_fifo  File: /get/work/krishna.vardhan/git_trees/mtp_pcie_axi/pcie_axi_dma_latency/design/rtl/axis_fifo.sv Line: 165
Warning: [axis_fifo] FIFO full (depth=256) — upstream back-pressured at t=48565000
Time: 48565 ns  Iteration: 0  Process: /tb_pcie_axi_dma(TB_SCENARIO=2,FIFO_DEPTH=256,BATCH_COUNT=4,BATCH_TIMEOUT=64,SINK_STALL_EN=1'b1,SINK_STALL_PERIOD=4,SINK_STALL_READY=1)/dut/u_fifo/Always163_9  Scope: \tb_pcie_axi_dma(TB_SCENARIO=2,FIFO_DEPTH=256,BATCH_COUNT=4,BATCH_TIMEOUT=64,SINK_STALL_EN=1'b1,SINK_STALL_PERIOD=4,SINK_STALL_READY=1) .dut.u_fifo  File: /get/work/krishna.vardhan/git_trees/mtp_pcie_axi/pcie_axi_dma_latency/design/rtl/axis_fifo.sv Line: 165
Warning: [axis_fifo] FIFO full (depth=256) — upstream back-pressured at t=48575000
Time: 48575 ns  Iteration: 0  Process: /tb_pcie_axi_dma(TB_SCENARIO=2,FIFO_DEPTH=256,BATCH_COUNT=4,BATCH_TIMEOUT=64,SINK_STALL_EN=1'b1,SINK_STALL_PERIOD=4,SINK_STALL_READY=1)/dut/u_fifo/Always163_9  Scope: \tb_pcie_axi_dma(TB_SCENARIO=2,FIFO_DEPTH=256,BATCH_COUNT=4,BATCH_TIMEOUT=64,SINK_STALL_EN=1'b1,SINK_STALL_PERIOD=4,SINK_STALL_READY=1) .dut.u_fifo  File: /get/work/krishna.vardhan/git_trees/mtp_pcie_axi/pcie_axi_dma_latency/design/rtl/axis_fifo.sv Line: 165
Warning: [axis_fifo] FIFO full (depth=256) — upstream back-pressured at t=48595000
Time: 48595 ns  Iteration: 0  Process: /tb_pcie_axi_dma(TB_SCENARIO=2,FIFO_DEPTH=256,BATCH_COUNT=4,BATCH_TIMEOUT=64,SINK_STALL_EN=1'b1,SINK_STALL_PERIOD=4,SINK_STALL_READY=1)/dut/u_fifo/Always163_9  Scope: \tb_pcie_axi_dma(TB_SCENARIO=2,FIFO_DEPTH=256,BATCH_COUNT=4,BATCH_TIMEOUT=64,SINK_STALL_EN=1'b1,SINK_STALL_PERIOD=4,SINK_STALL_READY=1) .dut.u_fifo  File: /get/work/krishna.vardhan/git_trees/mtp_pcie_axi/pcie_axi_dma_latency/design/rtl/axis_fifo.sv Line: 165
Warning: [axis_fifo] FIFO full (depth=256) — upstream back-pressured at t=48605000
Time: 48605 ns  Iteration: 0  Process: /tb_pcie_axi_dma(TB_SCENARIO=2,FIFO_DEPTH=256,BATCH_COUNT=4,BATCH_TIMEOUT=64,SINK_STALL_EN=1'b1,SINK_STALL_PERIOD=4,SINK_STALL_READY=1)/dut/u_fifo/Always163_9  Scope: \tb_pcie_axi_dma(TB_SCENARIO=2,FIFO_DEPTH=256,BATCH_COUNT=4,BATCH_TIMEOUT=64,SINK_STALL_EN=1'b1,SINK_STALL_PERIOD=4,SINK_STALL_READY=1) .dut.u_fifo  File: /get/work/krishna.vardhan/git_trees/mtp_pcie_axi/pcie_axi_dma_latency/design/rtl/axis_fifo.sv Line: 165
Warning: [axis_fifo] FIFO full (depth=256) — upstream back-pressured at t=48615000
Time: 48615 ns  Iteration: 0  Process: /tb_pcie_axi_dma(TB_SCENARIO=2,FIFO_DEPTH=256,BATCH_COUNT=4,BATCH_TIMEOUT=64,SINK_STALL_EN=1'b1,SINK_STALL_PERIOD=4,SINK_STALL_READY=1)/dut/u_fifo/Always163_9  Scope: \tb_pcie_axi_dma(TB_SCENARIO=2,FIFO_DEPTH=256,BATCH_COUNT=4,BATCH_TIMEOUT=64,SINK_STALL_EN=1'b1,SINK_STALL_PERIOD=4,SINK_STALL_READY=1) .dut.u_fifo  File: /get/work/krishna.vardhan/git_trees/mtp_pcie_axi/pcie_axi_dma_latency/design/rtl/axis_fifo.sv Line: 165
Warning: [axis_fifo] FIFO full (depth=256) — upstream back-pressured at t=48635000
Time: 48635 ns  Iteration: 0  Process: /tb_pcie_axi_dma(TB_SCENARIO=2,FIFO_DEPTH=256,BATCH_COUNT=4,BATCH_TIMEOUT=64,SINK_STALL_EN=1'b1,SINK_STALL_PERIOD=4,SINK_STALL_READY=1)/dut/u_fifo/Always163_9  Scope: \tb_pcie_axi_dma(TB_SCENARIO=2,FIFO_DEPTH=256,BATCH_COUNT=4,BATCH_TIMEOUT=64,SINK_STALL_EN=1'b1,SINK_STALL_PERIOD=4,SINK_STALL_READY=1) .dut.u_fifo  File: /get/work/krishna.vardhan/git_trees/mtp_pcie_axi/pcie_axi_dma_latency/design/rtl/axis_fifo.sv Line: 165
Warning: [axis_fifo] FIFO full (depth=256) — upstream back-pressured at t=48645000
Time: 48645 ns  Iteration: 0  Process: /tb_pcie_axi_dma(TB_SCENARIO=2,FIFO_DEPTH=256,BATCH_COUNT=4,BATCH_TIMEOUT=64,SINK_STALL_EN=1'b1,SINK_STALL_PERIOD=4,SINK_STALL_READY=1)/dut/u_fifo/Always163_9  Scope: \tb_pcie_axi_dma(TB_SCENARIO=2,FIFO_DEPTH=256,BATCH_COUNT=4,BATCH_TIMEOUT=64,SINK_STALL_EN=1'b1,SINK_STALL_PERIOD=4,SINK_STALL_READY=1) .dut.u_fifo  File: /get/work/krishna.vardhan/git_trees/mtp_pcie_axi/pcie_axi_dma_latency/design/rtl/axis_fifo.sv Line: 165
Warning: [axis_fifo] FIFO full (depth=256) — upstream back-pressured at t=48655000
Time: 48655 ns  Iteration: 0  Process: /tb_pcie_axi_dma(TB_SCENARIO=2,FIFO_DEPTH=256,BATCH_COUNT=4,BATCH_TIMEOUT=64,SINK_STALL_EN=1'b1,SINK_STALL_PERIOD=4,SINK_STALL_READY=1)/dut/u_fifo/Always163_9  Scope: \tb_pcie_axi_dma(TB_SCENARIO=2,FIFO_DEPTH=256,BATCH_COUNT=4,BATCH_TIMEOUT=64,SINK_STALL_EN=1'b1,SINK_STALL_PERIOD=4,SINK_STALL_READY=1) .dut.u_fifo  File: /get/work/krishna.vardhan/git_trees/mtp_pcie_axi/pcie_axi_dma_latency/design/rtl/axis_fifo.sv Line: 165
Warning: [axis_fifo] FIFO full (depth=256) — upstream back-pressured at t=48675000
Time: 48675 ns  Iteration: 0  Process: /tb_pcie_axi_dma(TB_SCENARIO=2,FIFO_DEPTH=256,BATCH_COUNT=4,BATCH_TIMEOUT=64,SINK_STALL_EN=1'b1,SINK_STALL_PERIOD=4,SINK_STALL_READY=1)/dut/u_fifo/Always163_9  Scope: \tb_pcie_axi_dma(TB_SCENARIO=2,FIFO_DEPTH=256,BATCH_COUNT=4,BATCH_TIMEOUT=64,SINK_STALL_EN=1'b1,SINK_STALL_PERIOD=4,SINK_STALL_READY=1) .dut.u_fifo  File: /get/work/krishna.vardhan/git_trees/mtp_pcie_axi/pcie_axi_dma_latency/design/rtl/axis_fifo.sv Line: 165
Warning: [axis_fifo] FIFO full (depth=256) — upstream back-pressured at t=48685000
Time: 48685 ns  Iteration: 0  Process: /tb_pcie_axi_dma(TB_SCENARIO=2,FIFO_DEPTH=256,BATCH_COUNT=4,BATCH_TIMEOUT=64,SINK_STALL_EN=1'b1,SINK_STALL_PERIOD=4,SINK_STALL_READY=1)/dut/u_fifo/Always163_9  Scope: \tb_pcie_axi_dma(TB_SCENARIO=2,FIFO_DEPTH=256,BATCH_COUNT=4,BATCH_TIMEOUT=64,SINK_STALL_EN=1'b1,SINK_STALL_PERIOD=4,SINK_STALL_READY=1) .dut.u_fifo  File: /get/work/krishna.vardhan/git_trees/mtp_pcie_axi/pcie_axi_dma_latency/design/rtl/axis_fifo.sv Line: 165
Warning: [axis_fifo] FIFO full (depth=256) — upstream back-pressured at t=48695000
Time: 48695 ns  Iteration: 0  Process: /tb_pcie_axi_dma(TB_SCENARIO=2,FIFO_DEPTH=256,BATCH_COUNT=4,BATCH_TIMEOUT=64,SINK_STALL_EN=1'b1,SINK_STALL_PERIOD=4,SINK_STALL_READY=1)/dut/u_fifo/Always163_9  Scope: \tb_pcie_axi_dma(TB_SCENARIO=2,FIFO_DEPTH=256,BATCH_COUNT=4,BATCH_TIMEOUT=64,SINK_STALL_EN=1'b1,SINK_STALL_PERIOD=4,SINK_STALL_READY=1) .dut.u_fifo  File: /get/work/krishna.vardhan/git_trees/mtp_pcie_axi/pcie_axi_dma_latency/design/rtl/axis_fifo.sv Line: 165
Warning: [axis_fifo] FIFO full (depth=256) — upstream back-pressured at t=48715000
Time: 48715 ns  Iteration: 0  Process: /tb_pcie_axi_dma(TB_SCENARIO=2,FIFO_DEPTH=256,BATCH_COUNT=4,BATCH_TIMEOUT=64,SINK_STALL_EN=1'b1,SINK_STALL_PERIOD=4,SINK_STALL_READY=1)/dut/u_fifo/Always163_9  Scope: \tb_pcie_axi_dma(TB_SCENARIO=2,FIFO_DEPTH=256,BATCH_COUNT=4,BATCH_TIMEOUT=64,SINK_STALL_EN=1'b1,SINK_STALL_PERIOD=4,SINK_STALL_READY=1) .dut.u_fifo  File: /get/work/krishna.vardhan/git_trees/mtp_pcie_axi/pcie_axi_dma_latency/design/rtl/axis_fifo.sv Line: 165
Warning: [axis_fifo] FIFO full (depth=256) — upstream back-pressured at t=48725000
Time: 48725 ns  Iteration: 0  Process: /tb_pcie_axi_dma(TB_SCENARIO=2,FIFO_DEPTH=256,BATCH_COUNT=4,BATCH_TIMEOUT=64,SINK_STALL_EN=1'b1,SINK_STALL_PERIOD=4,SINK_STALL_READY=1)/dut/u_fifo/Always163_9  Scope: \tb_pcie_axi_dma(TB_SCENARIO=2,FIFO_DEPTH=256,BATCH_COUNT=4,BATCH_TIMEOUT=64,SINK_STALL_EN=1'b1,SINK_STALL_PERIOD=4,SINK_STALL_READY=1) .dut.u_fifo  File: /get/work/krishna.vardhan/git_trees/mtp_pcie_axi/pcie_axi_dma_latency/design/rtl/axis_fifo.sv Line: 165
Warning: [axis_fifo] FIFO full (depth=256) — upstream back-pressured at t=48735000
Time: 48735 ns  Iteration: 0  Process: /tb_pcie_axi_dma(TB_SCENARIO=2,FIFO_DEPTH=256,BATCH_COUNT=4,BATCH_TIMEOUT=64,SINK_STALL_EN=1'b1,SINK_STALL_PERIOD=4,SINK_STALL_READY=1)/dut/u_fifo/Always163_9  Scope: \tb_pcie_axi_dma(TB_SCENARIO=2,FIFO_DEPTH=256,BATCH_COUNT=4,BATCH_TIMEOUT=64,SINK_STALL_EN=1'b1,SINK_STALL_PERIOD=4,SINK_STALL_READY=1) .dut.u_fifo  File: /get/work/krishna.vardhan/git_trees/mtp_pcie_axi/pcie_axi_dma_latency/design/rtl/axis_fifo.sv Line: 165
Warning: [axis_fifo] FIFO full (depth=256) — upstream back-pressured at t=48755000
Time: 48755 ns  Iteration: 0  Process: /tb_pcie_axi_dma(TB_SCENARIO=2,FIFO_DEPTH=256,BATCH_COUNT=4,BATCH_TIMEOUT=64,SINK_STALL_EN=1'b1,SINK_STALL_PERIOD=4,SINK_STALL_READY=1)/dut/u_fifo/Always163_9  Scope: \tb_pcie_axi_dma(TB_SCENARIO=2,FIFO_DEPTH=256,BATCH_COUNT=4,BATCH_TIMEOUT=64,SINK_STALL_EN=1'b1,SINK_STALL_PERIOD=4,SINK_STALL_READY=1) .dut.u_fifo  File: /get/work/krishna.vardhan/git_trees/mtp_pcie_axi/pcie_axi_dma_latency/design/rtl/axis_fifo.sv Line: 165
Warning: [axis_fifo] FIFO full (depth=256) — upstream back-pressured at t=48765000
Time: 48765 ns  Iteration: 0  Process: /tb_pcie_axi_dma(TB_SCENARIO=2,FIFO_DEPTH=256,BATCH_COUNT=4,BATCH_TIMEOUT=64,SINK_STALL_EN=1'b1,SINK_STALL_PERIOD=4,SINK_STALL_READY=1)/dut/u_fifo/Always163_9  Scope: \tb_pcie_axi_dma(TB_SCENARIO=2,FIFO_DEPTH=256,BATCH_COUNT=4,BATCH_TIMEOUT=64,SINK_STALL_EN=1'b1,SINK_STALL_PERIOD=4,SINK_STALL_READY=1) .dut.u_fifo  File: /get/work/krishna.vardhan/git_trees/mtp_pcie_axi/pcie_axi_dma_latency/design/rtl/axis_fifo.sv Line: 165
Warning: [axis_fifo] FIFO full (depth=256) — upstream back-pressured at t=48775000
Time: 48775 ns  Iteration: 0  Process: /tb_pcie_axi_dma(TB_SCENARIO=2,FIFO_DEPTH=256,BATCH_COUNT=4,BATCH_TIMEOUT=64,SINK_STALL_EN=1'b1,SINK_STALL_PERIOD=4,SINK_STALL_READY=1)/dut/u_fifo/Always163_9  Scope: \tb_pcie_axi_dma(TB_SCENARIO=2,FIFO_DEPTH=256,BATCH_COUNT=4,BATCH_TIMEOUT=64,SINK_STALL_EN=1'b1,SINK_STALL_PERIOD=4,SINK_STALL_READY=1) .dut.u_fifo  File: /get/work/krishna.vardhan/git_trees/mtp_pcie_axi/pcie_axi_dma_latency/design/rtl/axis_fifo.sv Line: 165
Warning: [axis_fifo] FIFO full (depth=256) — upstream back-pressured at t=48795000
Time: 48795 ns  Iteration: 0  Process: /tb_pcie_axi_dma(TB_SCENARIO=2,FIFO_DEPTH=256,BATCH_COUNT=4,BATCH_TIMEOUT=64,SINK_STALL_EN=1'b1,SINK_STALL_PERIOD=4,SINK_STALL_READY=1)/dut/u_fifo/Always163_9  Scope: \tb_pcie_axi_dma(TB_SCENARIO=2,FIFO_DEPTH=256,BATCH_COUNT=4,BATCH_TIMEOUT=64,SINK_STALL_EN=1'b1,SINK_STALL_PERIOD=4,SINK_STALL_READY=1) .dut.u_fifo  File: /get/work/krishna.vardhan/git_trees/mtp_pcie_axi/pcie_axi_dma_latency/design/rtl/axis_fifo.sv Line: 165
Warning: [axis_fifo] FIFO full (depth=256) — upstream back-pressured at t=48805000
Time: 48805 ns  Iteration: 0  Process: /tb_pcie_axi_dma(TB_SCENARIO=2,FIFO_DEPTH=256,BATCH_COUNT=4,BATCH_TIMEOUT=64,SINK_STALL_EN=1'b1,SINK_STALL_PERIOD=4,SINK_STALL_READY=1)/dut/u_fifo/Always163_9  Scope: \tb_pcie_axi_dma(TB_SCENARIO=2,FIFO_DEPTH=256,BATCH_COUNT=4,BATCH_TIMEOUT=64,SINK_STALL_EN=1'b1,SINK_STALL_PERIOD=4,SINK_STALL_READY=1) .dut.u_fifo  File: /get/work/krishna.vardhan/git_trees/mtp_pcie_axi/pcie_axi_dma_latency/design/rtl/axis_fifo.sv Line: 165
Warning: [axis_fifo] FIFO full (depth=256) — upstream back-pressured at t=48815000
Time: 48815 ns  Iteration: 0  Process: /tb_pcie_axi_dma(TB_SCENARIO=2,FIFO_DEPTH=256,BATCH_COUNT=4,BATCH_TIMEOUT=64,SINK_STALL_EN=1'b1,SINK_STALL_PERIOD=4,SINK_STALL_READY=1)/dut/u_fifo/Always163_9  Scope: \tb_pcie_axi_dma(TB_SCENARIO=2,FIFO_DEPTH=256,BATCH_COUNT=4,BATCH_TIMEOUT=64,SINK_STALL_EN=1'b1,SINK_STALL_PERIOD=4,SINK_STALL_READY=1) .dut.u_fifo  File: /get/work/krishna.vardhan/git_trees/mtp_pcie_axi/pcie_axi_dma_latency/design/rtl/axis_fifo.sv Line: 165
Warning: [axis_fifo] FIFO full (depth=256) — upstream back-pressured at t=48835000
Time: 48835 ns  Iteration: 0  Process: /tb_pcie_axi_dma(TB_SCENARIO=2,FIFO_DEPTH=256,BATCH_COUNT=4,BATCH_TIMEOUT=64,SINK_STALL_EN=1'b1,SINK_STALL_PERIOD=4,SINK_STALL_READY=1)/dut/u_fifo/Always163_9  Scope: \tb_pcie_axi_dma(TB_SCENARIO=2,FIFO_DEPTH=256,BATCH_COUNT=4,BATCH_TIMEOUT=64,SINK_STALL_EN=1'b1,SINK_STALL_PERIOD=4,SINK_STALL_READY=1) .dut.u_fifo  File: /get/work/krishna.vardhan/git_trees/mtp_pcie_axi/pcie_axi_dma_latency/design/rtl/axis_fifo.sv Line: 165
Warning: [axis_fifo] FIFO full (depth=256) — upstream back-pressured at t=48845000
Time: 48845 ns  Iteration: 0  Process: /tb_pcie_axi_dma(TB_SCENARIO=2,FIFO_DEPTH=256,BATCH_COUNT=4,BATCH_TIMEOUT=64,SINK_STALL_EN=1'b1,SINK_STALL_PERIOD=4,SINK_STALL_READY=1)/dut/u_fifo/Always163_9  Scope: \tb_pcie_axi_dma(TB_SCENARIO=2,FIFO_DEPTH=256,BATCH_COUNT=4,BATCH_TIMEOUT=64,SINK_STALL_EN=1'b1,SINK_STALL_PERIOD=4,SINK_STALL_READY=1) .dut.u_fifo  File: /get/work/krishna.vardhan/git_trees/mtp_pcie_axi/pcie_axi_dma_latency/design/rtl/axis_fifo.sv Line: 165
Warning: [axis_fifo] FIFO full (depth=256) — upstream back-pressured at t=48855000
Time: 48855 ns  Iteration: 0  Process: /tb_pcie_axi_dma(TB_SCENARIO=2,FIFO_DEPTH=256,BATCH_COUNT=4,BATCH_TIMEOUT=64,SINK_STALL_EN=1'b1,SINK_STALL_PERIOD=4,SINK_STALL_READY=1)/dut/u_fifo/Always163_9  Scope: \tb_pcie_axi_dma(TB_SCENARIO=2,FIFO_DEPTH=256,BATCH_COUNT=4,BATCH_TIMEOUT=64,SINK_STALL_EN=1'b1,SINK_STALL_PERIOD=4,SINK_STALL_READY=1) .dut.u_fifo  File: /get/work/krishna.vardhan/git_trees/mtp_pcie_axi/pcie_axi_dma_latency/design/rtl/axis_fifo.sv Line: 165
Warning: [axis_fifo] FIFO full (depth=256) — upstream back-pressured at t=48875000
Time: 48875 ns  Iteration: 0  Process: /tb_pcie_axi_dma(TB_SCENARIO=2,FIFO_DEPTH=256,BATCH_COUNT=4,BATCH_TIMEOUT=64,SINK_STALL_EN=1'b1,SINK_STALL_PERIOD=4,SINK_STALL_READY=1)/dut/u_fifo/Always163_9  Scope: \tb_pcie_axi_dma(TB_SCENARIO=2,FIFO_DEPTH=256,BATCH_COUNT=4,BATCH_TIMEOUT=64,SINK_STALL_EN=1'b1,SINK_STALL_PERIOD=4,SINK_STALL_READY=1) .dut.u_fifo  File: /get/work/krishna.vardhan/git_trees/mtp_pcie_axi/pcie_axi_dma_latency/design/rtl/axis_fifo.sv Line: 165
Warning: [axis_fifo] FIFO full (depth=256) — upstream back-pressured at t=48885000
Time: 48885 ns  Iteration: 0  Process: /tb_pcie_axi_dma(TB_SCENARIO=2,FIFO_DEPTH=256,BATCH_COUNT=4,BATCH_TIMEOUT=64,SINK_STALL_EN=1'b1,SINK_STALL_PERIOD=4,SINK_STALL_READY=1)/dut/u_fifo/Always163_9  Scope: \tb_pcie_axi_dma(TB_SCENARIO=2,FIFO_DEPTH=256,BATCH_COUNT=4,BATCH_TIMEOUT=64,SINK_STALL_EN=1'b1,SINK_STALL_PERIOD=4,SINK_STALL_READY=1) .dut.u_fifo  File: /get/work/krishna.vardhan/git_trees/mtp_pcie_axi/pcie_axi_dma_latency/design/rtl/axis_fifo.sv Line: 165
Warning: [axis_fifo] FIFO full (depth=256) — upstream back-pressured at t=48895000
Time: 48895 ns  Iteration: 0  Process: /tb_pcie_axi_dma(TB_SCENARIO=2,FIFO_DEPTH=256,BATCH_COUNT=4,BATCH_TIMEOUT=64,SINK_STALL_EN=1'b1,SINK_STALL_PERIOD=4,SINK_STALL_READY=1)/dut/u_fifo/Always163_9  Scope: \tb_pcie_axi_dma(TB_SCENARIO=2,FIFO_DEPTH=256,BATCH_COUNT=4,BATCH_TIMEOUT=64,SINK_STALL_EN=1'b1,SINK_STALL_PERIOD=4,SINK_STALL_READY=1) .dut.u_fifo  File: /get/work/krishna.vardhan/git_trees/mtp_pcie_axi/pcie_axi_dma_latency/design/rtl/axis_fifo.sv Line: 165
Warning: [axis_fifo] FIFO full (depth=256) — upstream back-pressured at t=48915000
Time: 48915 ns  Iteration: 0  Process: /tb_pcie_axi_dma(TB_SCENARIO=2,FIFO_DEPTH=256,BATCH_COUNT=4,BATCH_TIMEOUT=64,SINK_STALL_EN=1'b1,SINK_STALL_PERIOD=4,SINK_STALL_READY=1)/dut/u_fifo/Always163_9  Scope: \tb_pcie_axi_dma(TB_SCENARIO=2,FIFO_DEPTH=256,BATCH_COUNT=4,BATCH_TIMEOUT=64,SINK_STALL_EN=1'b1,SINK_STALL_PERIOD=4,SINK_STALL_READY=1) .dut.u_fifo  File: /get/work/krishna.vardhan/git_trees/mtp_pcie_axi/pcie_axi_dma_latency/design/rtl/axis_fifo.sv Line: 165
Warning: [axis_fifo] FIFO full (depth=256) — upstream back-pressured at t=48925000
Time: 48925 ns  Iteration: 0  Process: /tb_pcie_axi_dma(TB_SCENARIO=2,FIFO_DEPTH=256,BATCH_COUNT=4,BATCH_TIMEOUT=64,SINK_STALL_EN=1'b1,SINK_STALL_PERIOD=4,SINK_STALL_READY=1)/dut/u_fifo/Always163_9  Scope: \tb_pcie_axi_dma(TB_SCENARIO=2,FIFO_DEPTH=256,BATCH_COUNT=4,BATCH_TIMEOUT=64,SINK_STALL_EN=1'b1,SINK_STALL_PERIOD=4,SINK_STALL_READY=1) .dut.u_fifo  File: /get/work/krishna.vardhan/git_trees/mtp_pcie_axi/pcie_axi_dma_latency/design/rtl/axis_fifo.sv Line: 165
Warning: [axis_fifo] FIFO full (depth=256) — upstream back-pressured at t=48935000
Time: 48935 ns  Iteration: 0  Process: /tb_pcie_axi_dma(TB_SCENARIO=2,FIFO_DEPTH=256,BATCH_COUNT=4,BATCH_TIMEOUT=64,SINK_STALL_EN=1'b1,SINK_STALL_PERIOD=4,SINK_STALL_READY=1)/dut/u_fifo/Always163_9  Scope: \tb_pcie_axi_dma(TB_SCENARIO=2,FIFO_DEPTH=256,BATCH_COUNT=4,BATCH_TIMEOUT=64,SINK_STALL_EN=1'b1,SINK_STALL_PERIOD=4,SINK_STALL_READY=1) .dut.u_fifo  File: /get/work/krishna.vardhan/git_trees/mtp_pcie_axi/pcie_axi_dma_latency/design/rtl/axis_fifo.sv Line: 165
Warning: [axis_fifo] FIFO full (depth=256) — upstream back-pressured at t=48955000
Time: 48955 ns  Iteration: 0  Process: /tb_pcie_axi_dma(TB_SCENARIO=2,FIFO_DEPTH=256,BATCH_COUNT=4,BATCH_TIMEOUT=64,SINK_STALL_EN=1'b1,SINK_STALL_PERIOD=4,SINK_STALL_READY=1)/dut/u_fifo/Always163_9  Scope: \tb_pcie_axi_dma(TB_SCENARIO=2,FIFO_DEPTH=256,BATCH_COUNT=4,BATCH_TIMEOUT=64,SINK_STALL_EN=1'b1,SINK_STALL_PERIOD=4,SINK_STALL_READY=1) .dut.u_fifo  File: /get/work/krishna.vardhan/git_trees/mtp_pcie_axi/pcie_axi_dma_latency/design/rtl/axis_fifo.sv Line: 165
Warning: [axis_fifo] FIFO full (depth=256) — upstream back-pressured at t=48965000
Time: 48965 ns  Iteration: 0  Process: /tb_pcie_axi_dma(TB_SCENARIO=2,FIFO_DEPTH=256,BATCH_COUNT=4,BATCH_TIMEOUT=64,SINK_STALL_EN=1'b1,SINK_STALL_PERIOD=4,SINK_STALL_READY=1)/dut/u_fifo/Always163_9  Scope: \tb_pcie_axi_dma(TB_SCENARIO=2,FIFO_DEPTH=256,BATCH_COUNT=4,BATCH_TIMEOUT=64,SINK_STALL_EN=1'b1,SINK_STALL_PERIOD=4,SINK_STALL_READY=1) .dut.u_fifo  File: /get/work/krishna.vardhan/git_trees/mtp_pcie_axi/pcie_axi_dma_latency/design/rtl/axis_fifo.sv Line: 165
Warning: [axis_fifo] FIFO full (depth=256) — upstream back-pressured at t=48975000
Time: 48975 ns  Iteration: 0  Process: /tb_pcie_axi_dma(TB_SCENARIO=2,FIFO_DEPTH=256,BATCH_COUNT=4,BATCH_TIMEOUT=64,SINK_STALL_EN=1'b1,SINK_STALL_PERIOD=4,SINK_STALL_READY=1)/dut/u_fifo/Always163_9  Scope: \tb_pcie_axi_dma(TB_SCENARIO=2,FIFO_DEPTH=256,BATCH_COUNT=4,BATCH_TIMEOUT=64,SINK_STALL_EN=1'b1,SINK_STALL_PERIOD=4,SINK_STALL_READY=1) .dut.u_fifo  File: /get/work/krishna.vardhan/git_trees/mtp_pcie_axi/pcie_axi_dma_latency/design/rtl/axis_fifo.sv Line: 165
Warning: [axis_fifo] FIFO full (depth=256) — upstream back-pressured at t=48995000
Time: 48995 ns  Iteration: 0  Process: /tb_pcie_axi_dma(TB_SCENARIO=2,FIFO_DEPTH=256,BATCH_COUNT=4,BATCH_TIMEOUT=64,SINK_STALL_EN=1'b1,SINK_STALL_PERIOD=4,SINK_STALL_READY=1)/dut/u_fifo/Always163_9  Scope: \tb_pcie_axi_dma(TB_SCENARIO=2,FIFO_DEPTH=256,BATCH_COUNT=4,BATCH_TIMEOUT=64,SINK_STALL_EN=1'b1,SINK_STALL_PERIOD=4,SINK_STALL_READY=1) .dut.u_fifo  File: /get/work/krishna.vardhan/git_trees/mtp_pcie_axi/pcie_axi_dma_latency/design/rtl/axis_fifo.sv Line: 165
Warning: [axis_fifo] FIFO full (depth=256) — upstream back-pressured at t=49005000
Time: 49005 ns  Iteration: 0  Process: /tb_pcie_axi_dma(TB_SCENARIO=2,FIFO_DEPTH=256,BATCH_COUNT=4,BATCH_TIMEOUT=64,SINK_STALL_EN=1'b1,SINK_STALL_PERIOD=4,SINK_STALL_READY=1)/dut/u_fifo/Always163_9  Scope: \tb_pcie_axi_dma(TB_SCENARIO=2,FIFO_DEPTH=256,BATCH_COUNT=4,BATCH_TIMEOUT=64,SINK_STALL_EN=1'b1,SINK_STALL_PERIOD=4,SINK_STALL_READY=1) .dut.u_fifo  File: /get/work/krishna.vardhan/git_trees/mtp_pcie_axi/pcie_axi_dma_latency/design/rtl/axis_fifo.sv Line: 165
Warning: [axis_fifo] FIFO full (depth=256) — upstream back-pressured at t=49015000
Time: 49015 ns  Iteration: 0  Process: /tb_pcie_axi_dma(TB_SCENARIO=2,FIFO_DEPTH=256,BATCH_COUNT=4,BATCH_TIMEOUT=64,SINK_STALL_EN=1'b1,SINK_STALL_PERIOD=4,SINK_STALL_READY=1)/dut/u_fifo/Always163_9  Scope: \tb_pcie_axi_dma(TB_SCENARIO=2,FIFO_DEPTH=256,BATCH_COUNT=4,BATCH_TIMEOUT=64,SINK_STALL_EN=1'b1,SINK_STALL_PERIOD=4,SINK_STALL_READY=1) .dut.u_fifo  File: /get/work/krishna.vardhan/git_trees/mtp_pcie_axi/pcie_axi_dma_latency/design/rtl/axis_fifo.sv Line: 165
Warning: [axis_fifo] FIFO full (depth=256) — upstream back-pressured at t=49035000
Time: 49035 ns  Iteration: 0  Process: /tb_pcie_axi_dma(TB_SCENARIO=2,FIFO_DEPTH=256,BATCH_COUNT=4,BATCH_TIMEOUT=64,SINK_STALL_EN=1'b1,SINK_STALL_PERIOD=4,SINK_STALL_READY=1)/dut/u_fifo/Always163_9  Scope: \tb_pcie_axi_dma(TB_SCENARIO=2,FIFO_DEPTH=256,BATCH_COUNT=4,BATCH_TIMEOUT=64,SINK_STALL_EN=1'b1,SINK_STALL_PERIOD=4,SINK_STALL_READY=1) .dut.u_fifo  File: /get/work/krishna.vardhan/git_trees/mtp_pcie_axi/pcie_axi_dma_latency/design/rtl/axis_fifo.sv Line: 165
Warning: [axis_fifo] FIFO full (depth=256) — upstream back-pressured at t=49045000
Time: 49045 ns  Iteration: 0  Process: /tb_pcie_axi_dma(TB_SCENARIO=2,FIFO_DEPTH=256,BATCH_COUNT=4,BATCH_TIMEOUT=64,SINK_STALL_EN=1'b1,SINK_STALL_PERIOD=4,SINK_STALL_READY=1)/dut/u_fifo/Always163_9  Scope: \tb_pcie_axi_dma(TB_SCENARIO=2,FIFO_DEPTH=256,BATCH_COUNT=4,BATCH_TIMEOUT=64,SINK_STALL_EN=1'b1,SINK_STALL_PERIOD=4,SINK_STALL_READY=1) .dut.u_fifo  File: /get/work/krishna.vardhan/git_trees/mtp_pcie_axi/pcie_axi_dma_latency/design/rtl/axis_fifo.sv Line: 165
Warning: [axis_fifo] FIFO full (depth=256) — upstream back-pressured at t=49055000
Time: 49055 ns  Iteration: 0  Process: /tb_pcie_axi_dma(TB_SCENARIO=2,FIFO_DEPTH=256,BATCH_COUNT=4,BATCH_TIMEOUT=64,SINK_STALL_EN=1'b1,SINK_STALL_PERIOD=4,SINK_STALL_READY=1)/dut/u_fifo/Always163_9  Scope: \tb_pcie_axi_dma(TB_SCENARIO=2,FIFO_DEPTH=256,BATCH_COUNT=4,BATCH_TIMEOUT=64,SINK_STALL_EN=1'b1,SINK_STALL_PERIOD=4,SINK_STALL_READY=1) .dut.u_fifo  File: /get/work/krishna.vardhan/git_trees/mtp_pcie_axi/pcie_axi_dma_latency/design/rtl/axis_fifo.sv Line: 165
Warning: [axis_fifo] FIFO full (depth=256) — upstream back-pressured at t=49075000
Time: 49075 ns  Iteration: 0  Process: /tb_pcie_axi_dma(TB_SCENARIO=2,FIFO_DEPTH=256,BATCH_COUNT=4,BATCH_TIMEOUT=64,SINK_STALL_EN=1'b1,SINK_STALL_PERIOD=4,SINK_STALL_READY=1)/dut/u_fifo/Always163_9  Scope: \tb_pcie_axi_dma(TB_SCENARIO=2,FIFO_DEPTH=256,BATCH_COUNT=4,BATCH_TIMEOUT=64,SINK_STALL_EN=1'b1,SINK_STALL_PERIOD=4,SINK_STALL_READY=1) .dut.u_fifo  File: /get/work/krishna.vardhan/git_trees/mtp_pcie_axi/pcie_axi_dma_latency/design/rtl/axis_fifo.sv Line: 165
Warning: [axis_fifo] FIFO full (depth=256) — upstream back-pressured at t=49085000
Time: 49085 ns  Iteration: 0  Process: /tb_pcie_axi_dma(TB_SCENARIO=2,FIFO_DEPTH=256,BATCH_COUNT=4,BATCH_TIMEOUT=64,SINK_STALL_EN=1'b1,SINK_STALL_PERIOD=4,SINK_STALL_READY=1)/dut/u_fifo/Always163_9  Scope: \tb_pcie_axi_dma(TB_SCENARIO=2,FIFO_DEPTH=256,BATCH_COUNT=4,BATCH_TIMEOUT=64,SINK_STALL_EN=1'b1,SINK_STALL_PERIOD=4,SINK_STALL_READY=1) .dut.u_fifo  File: /get/work/krishna.vardhan/git_trees/mtp_pcie_axi/pcie_axi_dma_latency/design/rtl/axis_fifo.sv Line: 165
Warning: [axis_fifo] FIFO full (depth=256) — upstream back-pressured at t=49095000
Time: 49095 ns  Iteration: 0  Process: /tb_pcie_axi_dma(TB_SCENARIO=2,FIFO_DEPTH=256,BATCH_COUNT=4,BATCH_TIMEOUT=64,SINK_STALL_EN=1'b1,SINK_STALL_PERIOD=4,SINK_STALL_READY=1)/dut/u_fifo/Always163_9  Scope: \tb_pcie_axi_dma(TB_SCENARIO=2,FIFO_DEPTH=256,BATCH_COUNT=4,BATCH_TIMEOUT=64,SINK_STALL_EN=1'b1,SINK_STALL_PERIOD=4,SINK_STALL_READY=1) .dut.u_fifo  File: /get/work/krishna.vardhan/git_trees/mtp_pcie_axi/pcie_axi_dma_latency/design/rtl/axis_fifo.sv Line: 165
Warning: [axis_fifo] FIFO full (depth=256) — upstream back-pressured at t=49115000
Time: 49115 ns  Iteration: 0  Process: /tb_pcie_axi_dma(TB_SCENARIO=2,FIFO_DEPTH=256,BATCH_COUNT=4,BATCH_TIMEOUT=64,SINK_STALL_EN=1'b1,SINK_STALL_PERIOD=4,SINK_STALL_READY=1)/dut/u_fifo/Always163_9  Scope: \tb_pcie_axi_dma(TB_SCENARIO=2,FIFO_DEPTH=256,BATCH_COUNT=4,BATCH_TIMEOUT=64,SINK_STALL_EN=1'b1,SINK_STALL_PERIOD=4,SINK_STALL_READY=1) .dut.u_fifo  File: /get/work/krishna.vardhan/git_trees/mtp_pcie_axi/pcie_axi_dma_latency/design/rtl/axis_fifo.sv Line: 165
Warning: [axis_fifo] FIFO full (depth=256) — upstream back-pressured at t=49125000
Time: 49125 ns  Iteration: 0  Process: /tb_pcie_axi_dma(TB_SCENARIO=2,FIFO_DEPTH=256,BATCH_COUNT=4,BATCH_TIMEOUT=64,SINK_STALL_EN=1'b1,SINK_STALL_PERIOD=4,SINK_STALL_READY=1)/dut/u_fifo/Always163_9  Scope: \tb_pcie_axi_dma(TB_SCENARIO=2,FIFO_DEPTH=256,BATCH_COUNT=4,BATCH_TIMEOUT=64,SINK_STALL_EN=1'b1,SINK_STALL_PERIOD=4,SINK_STALL_READY=1) .dut.u_fifo  File: /get/work/krishna.vardhan/git_trees/mtp_pcie_axi/pcie_axi_dma_latency/design/rtl/axis_fifo.sv Line: 165
Warning: [axis_fifo] FIFO full (depth=256) — upstream back-pressured at t=49135000
Time: 49135 ns  Iteration: 0  Process: /tb_pcie_axi_dma(TB_SCENARIO=2,FIFO_DEPTH=256,BATCH_COUNT=4,BATCH_TIMEOUT=64,SINK_STALL_EN=1'b1,SINK_STALL_PERIOD=4,SINK_STALL_READY=1)/dut/u_fifo/Always163_9  Scope: \tb_pcie_axi_dma(TB_SCENARIO=2,FIFO_DEPTH=256,BATCH_COUNT=4,BATCH_TIMEOUT=64,SINK_STALL_EN=1'b1,SINK_STALL_PERIOD=4,SINK_STALL_READY=1) .dut.u_fifo  File: /get/work/krishna.vardhan/git_trees/mtp_pcie_axi/pcie_axi_dma_latency/design/rtl/axis_fifo.sv Line: 165
Warning: [axis_fifo] FIFO full (depth=256) — upstream back-pressured at t=49155000
Time: 49155 ns  Iteration: 0  Process: /tb_pcie_axi_dma(TB_SCENARIO=2,FIFO_DEPTH=256,BATCH_COUNT=4,BATCH_TIMEOUT=64,SINK_STALL_EN=1'b1,SINK_STALL_PERIOD=4,SINK_STALL_READY=1)/dut/u_fifo/Always163_9  Scope: \tb_pcie_axi_dma(TB_SCENARIO=2,FIFO_DEPTH=256,BATCH_COUNT=4,BATCH_TIMEOUT=64,SINK_STALL_EN=1'b1,SINK_STALL_PERIOD=4,SINK_STALL_READY=1) .dut.u_fifo  File: /get/work/krishna.vardhan/git_trees/mtp_pcie_axi/pcie_axi_dma_latency/design/rtl/axis_fifo.sv Line: 165
Warning: [axis_fifo] FIFO full (depth=256) — upstream back-pressured at t=49165000
Time: 49165 ns  Iteration: 0  Process: /tb_pcie_axi_dma(TB_SCENARIO=2,FIFO_DEPTH=256,BATCH_COUNT=4,BATCH_TIMEOUT=64,SINK_STALL_EN=1'b1,SINK_STALL_PERIOD=4,SINK_STALL_READY=1)/dut/u_fifo/Always163_9  Scope: \tb_pcie_axi_dma(TB_SCENARIO=2,FIFO_DEPTH=256,BATCH_COUNT=4,BATCH_TIMEOUT=64,SINK_STALL_EN=1'b1,SINK_STALL_PERIOD=4,SINK_STALL_READY=1) .dut.u_fifo  File: /get/work/krishna.vardhan/git_trees/mtp_pcie_axi/pcie_axi_dma_latency/design/rtl/axis_fifo.sv Line: 165
Warning: [axis_fifo] FIFO full (depth=256) — upstream back-pressured at t=49175000
Time: 49175 ns  Iteration: 0  Process: /tb_pcie_axi_dma(TB_SCENARIO=2,FIFO_DEPTH=256,BATCH_COUNT=4,BATCH_TIMEOUT=64,SINK_STALL_EN=1'b1,SINK_STALL_PERIOD=4,SINK_STALL_READY=1)/dut/u_fifo/Always163_9  Scope: \tb_pcie_axi_dma(TB_SCENARIO=2,FIFO_DEPTH=256,BATCH_COUNT=4,BATCH_TIMEOUT=64,SINK_STALL_EN=1'b1,SINK_STALL_PERIOD=4,SINK_STALL_READY=1) .dut.u_fifo  File: /get/work/krishna.vardhan/git_trees/mtp_pcie_axi/pcie_axi_dma_latency/design/rtl/axis_fifo.sv Line: 165
Warning: [axis_fifo] FIFO full (depth=256) — upstream back-pressured at t=49195000
Time: 49195 ns  Iteration: 0  Process: /tb_pcie_axi_dma(TB_SCENARIO=2,FIFO_DEPTH=256,BATCH_COUNT=4,BATCH_TIMEOUT=64,SINK_STALL_EN=1'b1,SINK_STALL_PERIOD=4,SINK_STALL_READY=1)/dut/u_fifo/Always163_9  Scope: \tb_pcie_axi_dma(TB_SCENARIO=2,FIFO_DEPTH=256,BATCH_COUNT=4,BATCH_TIMEOUT=64,SINK_STALL_EN=1'b1,SINK_STALL_PERIOD=4,SINK_STALL_READY=1) .dut.u_fifo  File: /get/work/krishna.vardhan/git_trees/mtp_pcie_axi/pcie_axi_dma_latency/design/rtl/axis_fifo.sv Line: 165
Warning: [axis_fifo] FIFO full (depth=256) — upstream back-pressured at t=49205000
Time: 49205 ns  Iteration: 0  Process: /tb_pcie_axi_dma(TB_SCENARIO=2,FIFO_DEPTH=256,BATCH_COUNT=4,BATCH_TIMEOUT=64,SINK_STALL_EN=1'b1,SINK_STALL_PERIOD=4,SINK_STALL_READY=1)/dut/u_fifo/Always163_9  Scope: \tb_pcie_axi_dma(TB_SCENARIO=2,FIFO_DEPTH=256,BATCH_COUNT=4,BATCH_TIMEOUT=64,SINK_STALL_EN=1'b1,SINK_STALL_PERIOD=4,SINK_STALL_READY=1) .dut.u_fifo  File: /get/work/krishna.vardhan/git_trees/mtp_pcie_axi/pcie_axi_dma_latency/design/rtl/axis_fifo.sv Line: 165
Warning: [axis_fifo] FIFO full (depth=256) — upstream back-pressured at t=49215000
Time: 49215 ns  Iteration: 0  Process: /tb_pcie_axi_dma(TB_SCENARIO=2,FIFO_DEPTH=256,BATCH_COUNT=4,BATCH_TIMEOUT=64,SINK_STALL_EN=1'b1,SINK_STALL_PERIOD=4,SINK_STALL_READY=1)/dut/u_fifo/Always163_9  Scope: \tb_pcie_axi_dma(TB_SCENARIO=2,FIFO_DEPTH=256,BATCH_COUNT=4,BATCH_TIMEOUT=64,SINK_STALL_EN=1'b1,SINK_STALL_PERIOD=4,SINK_STALL_READY=1) .dut.u_fifo  File: /get/work/krishna.vardhan/git_trees/mtp_pcie_axi/pcie_axi_dma_latency/design/rtl/axis_fifo.sv Line: 165
Warning: [axis_fifo] FIFO full (depth=256) — upstream back-pressured at t=49235000
Time: 49235 ns  Iteration: 0  Process: /tb_pcie_axi_dma(TB_SCENARIO=2,FIFO_DEPTH=256,BATCH_COUNT=4,BATCH_TIMEOUT=64,SINK_STALL_EN=1'b1,SINK_STALL_PERIOD=4,SINK_STALL_READY=1)/dut/u_fifo/Always163_9  Scope: \tb_pcie_axi_dma(TB_SCENARIO=2,FIFO_DEPTH=256,BATCH_COUNT=4,BATCH_TIMEOUT=64,SINK_STALL_EN=1'b1,SINK_STALL_PERIOD=4,SINK_STALL_READY=1) .dut.u_fifo  File: /get/work/krishna.vardhan/git_trees/mtp_pcie_axi/pcie_axi_dma_latency/design/rtl/axis_fifo.sv Line: 165
Warning: [axis_fifo] FIFO full (depth=256) — upstream back-pressured at t=49245000
Time: 49245 ns  Iteration: 0  Process: /tb_pcie_axi_dma(TB_SCENARIO=2,FIFO_DEPTH=256,BATCH_COUNT=4,BATCH_TIMEOUT=64,SINK_STALL_EN=1'b1,SINK_STALL_PERIOD=4,SINK_STALL_READY=1)/dut/u_fifo/Always163_9  Scope: \tb_pcie_axi_dma(TB_SCENARIO=2,FIFO_DEPTH=256,BATCH_COUNT=4,BATCH_TIMEOUT=64,SINK_STALL_EN=1'b1,SINK_STALL_PERIOD=4,SINK_STALL_READY=1) .dut.u_fifo  File: /get/work/krishna.vardhan/git_trees/mtp_pcie_axi/pcie_axi_dma_latency/design/rtl/axis_fifo.sv Line: 165
Warning: [axis_fifo] FIFO full (depth=256) — upstream back-pressured at t=49255000
Time: 49255 ns  Iteration: 0  Process: /tb_pcie_axi_dma(TB_SCENARIO=2,FIFO_DEPTH=256,BATCH_COUNT=4,BATCH_TIMEOUT=64,SINK_STALL_EN=1'b1,SINK_STALL_PERIOD=4,SINK_STALL_READY=1)/dut/u_fifo/Always163_9  Scope: \tb_pcie_axi_dma(TB_SCENARIO=2,FIFO_DEPTH=256,BATCH_COUNT=4,BATCH_TIMEOUT=64,SINK_STALL_EN=1'b1,SINK_STALL_PERIOD=4,SINK_STALL_READY=1) .dut.u_fifo  File: /get/work/krishna.vardhan/git_trees/mtp_pcie_axi/pcie_axi_dma_latency/design/rtl/axis_fifo.sv Line: 165
Warning: [axis_fifo] FIFO full (depth=256) — upstream back-pressured at t=49275000
Time: 49275 ns  Iteration: 0  Process: /tb_pcie_axi_dma(TB_SCENARIO=2,FIFO_DEPTH=256,BATCH_COUNT=4,BATCH_TIMEOUT=64,SINK_STALL_EN=1'b1,SINK_STALL_PERIOD=4,SINK_STALL_READY=1)/dut/u_fifo/Always163_9  Scope: \tb_pcie_axi_dma(TB_SCENARIO=2,FIFO_DEPTH=256,BATCH_COUNT=4,BATCH_TIMEOUT=64,SINK_STALL_EN=1'b1,SINK_STALL_PERIOD=4,SINK_STALL_READY=1) .dut.u_fifo  File: /get/work/krishna.vardhan/git_trees/mtp_pcie_axi/pcie_axi_dma_latency/design/rtl/axis_fifo.sv Line: 165
Warning: [axis_fifo] FIFO full (depth=256) — upstream back-pressured at t=49285000
Time: 49285 ns  Iteration: 0  Process: /tb_pcie_axi_dma(TB_SCENARIO=2,FIFO_DEPTH=256,BATCH_COUNT=4,BATCH_TIMEOUT=64,SINK_STALL_EN=1'b1,SINK_STALL_PERIOD=4,SINK_STALL_READY=1)/dut/u_fifo/Always163_9  Scope: \tb_pcie_axi_dma(TB_SCENARIO=2,FIFO_DEPTH=256,BATCH_COUNT=4,BATCH_TIMEOUT=64,SINK_STALL_EN=1'b1,SINK_STALL_PERIOD=4,SINK_STALL_READY=1) .dut.u_fifo  File: /get/work/krishna.vardhan/git_trees/mtp_pcie_axi/pcie_axi_dma_latency/design/rtl/axis_fifo.sv Line: 165
Warning: [axis_fifo] FIFO full (depth=256) — upstream back-pressured at t=49295000
Time: 49295 ns  Iteration: 0  Process: /tb_pcie_axi_dma(TB_SCENARIO=2,FIFO_DEPTH=256,BATCH_COUNT=4,BATCH_TIMEOUT=64,SINK_STALL_EN=1'b1,SINK_STALL_PERIOD=4,SINK_STALL_READY=1)/dut/u_fifo/Always163_9  Scope: \tb_pcie_axi_dma(TB_SCENARIO=2,FIFO_DEPTH=256,BATCH_COUNT=4,BATCH_TIMEOUT=64,SINK_STALL_EN=1'b1,SINK_STALL_PERIOD=4,SINK_STALL_READY=1) .dut.u_fifo  File: /get/work/krishna.vardhan/git_trees/mtp_pcie_axi/pcie_axi_dma_latency/design/rtl/axis_fifo.sv Line: 165
Warning: [axis_fifo] FIFO full (depth=256) — upstream back-pressured at t=49315000
Time: 49315 ns  Iteration: 0  Process: /tb_pcie_axi_dma(TB_SCENARIO=2,FIFO_DEPTH=256,BATCH_COUNT=4,BATCH_TIMEOUT=64,SINK_STALL_EN=1'b1,SINK_STALL_PERIOD=4,SINK_STALL_READY=1)/dut/u_fifo/Always163_9  Scope: \tb_pcie_axi_dma(TB_SCENARIO=2,FIFO_DEPTH=256,BATCH_COUNT=4,BATCH_TIMEOUT=64,SINK_STALL_EN=1'b1,SINK_STALL_PERIOD=4,SINK_STALL_READY=1) .dut.u_fifo  File: /get/work/krishna.vardhan/git_trees/mtp_pcie_axi/pcie_axi_dma_latency/design/rtl/axis_fifo.sv Line: 165
Warning: [axis_fifo] FIFO full (depth=256) — upstream back-pressured at t=49325000
Time: 49325 ns  Iteration: 0  Process: /tb_pcie_axi_dma(TB_SCENARIO=2,FIFO_DEPTH=256,BATCH_COUNT=4,BATCH_TIMEOUT=64,SINK_STALL_EN=1'b1,SINK_STALL_PERIOD=4,SINK_STALL_READY=1)/dut/u_fifo/Always163_9  Scope: \tb_pcie_axi_dma(TB_SCENARIO=2,FIFO_DEPTH=256,BATCH_COUNT=4,BATCH_TIMEOUT=64,SINK_STALL_EN=1'b1,SINK_STALL_PERIOD=4,SINK_STALL_READY=1) .dut.u_fifo  File: /get/work/krishna.vardhan/git_trees/mtp_pcie_axi/pcie_axi_dma_latency/design/rtl/axis_fifo.sv Line: 165
Warning: [axis_fifo] FIFO full (depth=256) — upstream back-pressured at t=49335000
Time: 49335 ns  Iteration: 0  Process: /tb_pcie_axi_dma(TB_SCENARIO=2,FIFO_DEPTH=256,BATCH_COUNT=4,BATCH_TIMEOUT=64,SINK_STALL_EN=1'b1,SINK_STALL_PERIOD=4,SINK_STALL_READY=1)/dut/u_fifo/Always163_9  Scope: \tb_pcie_axi_dma(TB_SCENARIO=2,FIFO_DEPTH=256,BATCH_COUNT=4,BATCH_TIMEOUT=64,SINK_STALL_EN=1'b1,SINK_STALL_PERIOD=4,SINK_STALL_READY=1) .dut.u_fifo  File: /get/work/krishna.vardhan/git_trees/mtp_pcie_axi/pcie_axi_dma_latency/design/rtl/axis_fifo.sv Line: 165
Warning: [axis_fifo] FIFO full (depth=256) — upstream back-pressured at t=49355000
Time: 49355 ns  Iteration: 0  Process: /tb_pcie_axi_dma(TB_SCENARIO=2,FIFO_DEPTH=256,BATCH_COUNT=4,BATCH_TIMEOUT=64,SINK_STALL_EN=1'b1,SINK_STALL_PERIOD=4,SINK_STALL_READY=1)/dut/u_fifo/Always163_9  Scope: \tb_pcie_axi_dma(TB_SCENARIO=2,FIFO_DEPTH=256,BATCH_COUNT=4,BATCH_TIMEOUT=64,SINK_STALL_EN=1'b1,SINK_STALL_PERIOD=4,SINK_STALL_READY=1) .dut.u_fifo  File: /get/work/krishna.vardhan/git_trees/mtp_pcie_axi/pcie_axi_dma_latency/design/rtl/axis_fifo.sv Line: 165
Warning: [axis_fifo] FIFO full (depth=256) — upstream back-pressured at t=49365000
Time: 49365 ns  Iteration: 0  Process: /tb_pcie_axi_dma(TB_SCENARIO=2,FIFO_DEPTH=256,BATCH_COUNT=4,BATCH_TIMEOUT=64,SINK_STALL_EN=1'b1,SINK_STALL_PERIOD=4,SINK_STALL_READY=1)/dut/u_fifo/Always163_9  Scope: \tb_pcie_axi_dma(TB_SCENARIO=2,FIFO_DEPTH=256,BATCH_COUNT=4,BATCH_TIMEOUT=64,SINK_STALL_EN=1'b1,SINK_STALL_PERIOD=4,SINK_STALL_READY=1) .dut.u_fifo  File: /get/work/krishna.vardhan/git_trees/mtp_pcie_axi/pcie_axi_dma_latency/design/rtl/axis_fifo.sv Line: 165
Warning: [axis_fifo] FIFO full (depth=256) — upstream back-pressured at t=49375000
Time: 49375 ns  Iteration: 0  Process: /tb_pcie_axi_dma(TB_SCENARIO=2,FIFO_DEPTH=256,BATCH_COUNT=4,BATCH_TIMEOUT=64,SINK_STALL_EN=1'b1,SINK_STALL_PERIOD=4,SINK_STALL_READY=1)/dut/u_fifo/Always163_9  Scope: \tb_pcie_axi_dma(TB_SCENARIO=2,FIFO_DEPTH=256,BATCH_COUNT=4,BATCH_TIMEOUT=64,SINK_STALL_EN=1'b1,SINK_STALL_PERIOD=4,SINK_STALL_READY=1) .dut.u_fifo  File: /get/work/krishna.vardhan/git_trees/mtp_pcie_axi/pcie_axi_dma_latency/design/rtl/axis_fifo.sv Line: 165
Warning: [axis_fifo] FIFO full (depth=256) — upstream back-pressured at t=49395000
Time: 49395 ns  Iteration: 0  Process: /tb_pcie_axi_dma(TB_SCENARIO=2,FIFO_DEPTH=256,BATCH_COUNT=4,BATCH_TIMEOUT=64,SINK_STALL_EN=1'b1,SINK_STALL_PERIOD=4,SINK_STALL_READY=1)/dut/u_fifo/Always163_9  Scope: \tb_pcie_axi_dma(TB_SCENARIO=2,FIFO_DEPTH=256,BATCH_COUNT=4,BATCH_TIMEOUT=64,SINK_STALL_EN=1'b1,SINK_STALL_PERIOD=4,SINK_STALL_READY=1) .dut.u_fifo  File: /get/work/krishna.vardhan/git_trees/mtp_pcie_axi/pcie_axi_dma_latency/design/rtl/axis_fifo.sv Line: 165
Warning: [axis_fifo] FIFO full (depth=256) — upstream back-pressured at t=49405000
Time: 49405 ns  Iteration: 0  Process: /tb_pcie_axi_dma(TB_SCENARIO=2,FIFO_DEPTH=256,BATCH_COUNT=4,BATCH_TIMEOUT=64,SINK_STALL_EN=1'b1,SINK_STALL_PERIOD=4,SINK_STALL_READY=1)/dut/u_fifo/Always163_9  Scope: \tb_pcie_axi_dma(TB_SCENARIO=2,FIFO_DEPTH=256,BATCH_COUNT=4,BATCH_TIMEOUT=64,SINK_STALL_EN=1'b1,SINK_STALL_PERIOD=4,SINK_STALL_READY=1) .dut.u_fifo  File: /get/work/krishna.vardhan/git_trees/mtp_pcie_axi/pcie_axi_dma_latency/design/rtl/axis_fifo.sv Line: 165
Warning: [axis_fifo] FIFO full (depth=256) — upstream back-pressured at t=49415000
Time: 49415 ns  Iteration: 0  Process: /tb_pcie_axi_dma(TB_SCENARIO=2,FIFO_DEPTH=256,BATCH_COUNT=4,BATCH_TIMEOUT=64,SINK_STALL_EN=1'b1,SINK_STALL_PERIOD=4,SINK_STALL_READY=1)/dut/u_fifo/Always163_9  Scope: \tb_pcie_axi_dma(TB_SCENARIO=2,FIFO_DEPTH=256,BATCH_COUNT=4,BATCH_TIMEOUT=64,SINK_STALL_EN=1'b1,SINK_STALL_PERIOD=4,SINK_STALL_READY=1) .dut.u_fifo  File: /get/work/krishna.vardhan/git_trees/mtp_pcie_axi/pcie_axi_dma_latency/design/rtl/axis_fifo.sv Line: 165
Warning: [axis_fifo] FIFO full (depth=256) — upstream back-pressured at t=49435000
Time: 49435 ns  Iteration: 0  Process: /tb_pcie_axi_dma(TB_SCENARIO=2,FIFO_DEPTH=256,BATCH_COUNT=4,BATCH_TIMEOUT=64,SINK_STALL_EN=1'b1,SINK_STALL_PERIOD=4,SINK_STALL_READY=1)/dut/u_fifo/Always163_9  Scope: \tb_pcie_axi_dma(TB_SCENARIO=2,FIFO_DEPTH=256,BATCH_COUNT=4,BATCH_TIMEOUT=64,SINK_STALL_EN=1'b1,SINK_STALL_PERIOD=4,SINK_STALL_READY=1) .dut.u_fifo  File: /get/work/krishna.vardhan/git_trees/mtp_pcie_axi/pcie_axi_dma_latency/design/rtl/axis_fifo.sv Line: 165
Warning: [axis_fifo] FIFO full (depth=256) — upstream back-pressured at t=49445000
Time: 49445 ns  Iteration: 0  Process: /tb_pcie_axi_dma(TB_SCENARIO=2,FIFO_DEPTH=256,BATCH_COUNT=4,BATCH_TIMEOUT=64,SINK_STALL_EN=1'b1,SINK_STALL_PERIOD=4,SINK_STALL_READY=1)/dut/u_fifo/Always163_9  Scope: \tb_pcie_axi_dma(TB_SCENARIO=2,FIFO_DEPTH=256,BATCH_COUNT=4,BATCH_TIMEOUT=64,SINK_STALL_EN=1'b1,SINK_STALL_PERIOD=4,SINK_STALL_READY=1) .dut.u_fifo  File: /get/work/krishna.vardhan/git_trees/mtp_pcie_axi/pcie_axi_dma_latency/design/rtl/axis_fifo.sv Line: 165
Warning: [axis_fifo] FIFO full (depth=256) — upstream back-pressured at t=49455000
Time: 49455 ns  Iteration: 0  Process: /tb_pcie_axi_dma(TB_SCENARIO=2,FIFO_DEPTH=256,BATCH_COUNT=4,BATCH_TIMEOUT=64,SINK_STALL_EN=1'b1,SINK_STALL_PERIOD=4,SINK_STALL_READY=1)/dut/u_fifo/Always163_9  Scope: \tb_pcie_axi_dma(TB_SCENARIO=2,FIFO_DEPTH=256,BATCH_COUNT=4,BATCH_TIMEOUT=64,SINK_STALL_EN=1'b1,SINK_STALL_PERIOD=4,SINK_STALL_READY=1) .dut.u_fifo  File: /get/work/krishna.vardhan/git_trees/mtp_pcie_axi/pcie_axi_dma_latency/design/rtl/axis_fifo.sv Line: 165
Warning: [axis_fifo] FIFO full (depth=256) — upstream back-pressured at t=49475000
Time: 49475 ns  Iteration: 0  Process: /tb_pcie_axi_dma(TB_SCENARIO=2,FIFO_DEPTH=256,BATCH_COUNT=4,BATCH_TIMEOUT=64,SINK_STALL_EN=1'b1,SINK_STALL_PERIOD=4,SINK_STALL_READY=1)/dut/u_fifo/Always163_9  Scope: \tb_pcie_axi_dma(TB_SCENARIO=2,FIFO_DEPTH=256,BATCH_COUNT=4,BATCH_TIMEOUT=64,SINK_STALL_EN=1'b1,SINK_STALL_PERIOD=4,SINK_STALL_READY=1) .dut.u_fifo  File: /get/work/krishna.vardhan/git_trees/mtp_pcie_axi/pcie_axi_dma_latency/design/rtl/axis_fifo.sv Line: 165
Warning: [axis_fifo] FIFO full (depth=256) — upstream back-pressured at t=49485000
Time: 49485 ns  Iteration: 0  Process: /tb_pcie_axi_dma(TB_SCENARIO=2,FIFO_DEPTH=256,BATCH_COUNT=4,BATCH_TIMEOUT=64,SINK_STALL_EN=1'b1,SINK_STALL_PERIOD=4,SINK_STALL_READY=1)/dut/u_fifo/Always163_9  Scope: \tb_pcie_axi_dma(TB_SCENARIO=2,FIFO_DEPTH=256,BATCH_COUNT=4,BATCH_TIMEOUT=64,SINK_STALL_EN=1'b1,SINK_STALL_PERIOD=4,SINK_STALL_READY=1) .dut.u_fifo  File: /get/work/krishna.vardhan/git_trees/mtp_pcie_axi/pcie_axi_dma_latency/design/rtl/axis_fifo.sv Line: 165
Warning: [axis_fifo] FIFO full (depth=256) — upstream back-pressured at t=49495000
Time: 49495 ns  Iteration: 0  Process: /tb_pcie_axi_dma(TB_SCENARIO=2,FIFO_DEPTH=256,BATCH_COUNT=4,BATCH_TIMEOUT=64,SINK_STALL_EN=1'b1,SINK_STALL_PERIOD=4,SINK_STALL_READY=1)/dut/u_fifo/Always163_9  Scope: \tb_pcie_axi_dma(TB_SCENARIO=2,FIFO_DEPTH=256,BATCH_COUNT=4,BATCH_TIMEOUT=64,SINK_STALL_EN=1'b1,SINK_STALL_PERIOD=4,SINK_STALL_READY=1) .dut.u_fifo  File: /get/work/krishna.vardhan/git_trees/mtp_pcie_axi/pcie_axi_dma_latency/design/rtl/axis_fifo.sv Line: 165
Warning: [axis_fifo] FIFO full (depth=256) — upstream back-pressured at t=49515000
Time: 49515 ns  Iteration: 0  Process: /tb_pcie_axi_dma(TB_SCENARIO=2,FIFO_DEPTH=256,BATCH_COUNT=4,BATCH_TIMEOUT=64,SINK_STALL_EN=1'b1,SINK_STALL_PERIOD=4,SINK_STALL_READY=1)/dut/u_fifo/Always163_9  Scope: \tb_pcie_axi_dma(TB_SCENARIO=2,FIFO_DEPTH=256,BATCH_COUNT=4,BATCH_TIMEOUT=64,SINK_STALL_EN=1'b1,SINK_STALL_PERIOD=4,SINK_STALL_READY=1) .dut.u_fifo  File: /get/work/krishna.vardhan/git_trees/mtp_pcie_axi/pcie_axi_dma_latency/design/rtl/axis_fifo.sv Line: 165
Warning: [axis_fifo] FIFO full (depth=256) — upstream back-pressured at t=49525000
Time: 49525 ns  Iteration: 0  Process: /tb_pcie_axi_dma(TB_SCENARIO=2,FIFO_DEPTH=256,BATCH_COUNT=4,BATCH_TIMEOUT=64,SINK_STALL_EN=1'b1,SINK_STALL_PERIOD=4,SINK_STALL_READY=1)/dut/u_fifo/Always163_9  Scope: \tb_pcie_axi_dma(TB_SCENARIO=2,FIFO_DEPTH=256,BATCH_COUNT=4,BATCH_TIMEOUT=64,SINK_STALL_EN=1'b1,SINK_STALL_PERIOD=4,SINK_STALL_READY=1) .dut.u_fifo  File: /get/work/krishna.vardhan/git_trees/mtp_pcie_axi/pcie_axi_dma_latency/design/rtl/axis_fifo.sv Line: 165
Warning: [axis_fifo] FIFO full (depth=256) — upstream back-pressured at t=49535000
Time: 49535 ns  Iteration: 0  Process: /tb_pcie_axi_dma(TB_SCENARIO=2,FIFO_DEPTH=256,BATCH_COUNT=4,BATCH_TIMEOUT=64,SINK_STALL_EN=1'b1,SINK_STALL_PERIOD=4,SINK_STALL_READY=1)/dut/u_fifo/Always163_9  Scope: \tb_pcie_axi_dma(TB_SCENARIO=2,FIFO_DEPTH=256,BATCH_COUNT=4,BATCH_TIMEOUT=64,SINK_STALL_EN=1'b1,SINK_STALL_PERIOD=4,SINK_STALL_READY=1) .dut.u_fifo  File: /get/work/krishna.vardhan/git_trees/mtp_pcie_axi/pcie_axi_dma_latency/design/rtl/axis_fifo.sv Line: 165
Warning: [axis_fifo] FIFO full (depth=256) — upstream back-pressured at t=49555000
Time: 49555 ns  Iteration: 0  Process: /tb_pcie_axi_dma(TB_SCENARIO=2,FIFO_DEPTH=256,BATCH_COUNT=4,BATCH_TIMEOUT=64,SINK_STALL_EN=1'b1,SINK_STALL_PERIOD=4,SINK_STALL_READY=1)/dut/u_fifo/Always163_9  Scope: \tb_pcie_axi_dma(TB_SCENARIO=2,FIFO_DEPTH=256,BATCH_COUNT=4,BATCH_TIMEOUT=64,SINK_STALL_EN=1'b1,SINK_STALL_PERIOD=4,SINK_STALL_READY=1) .dut.u_fifo  File: /get/work/krishna.vardhan/git_trees/mtp_pcie_axi/pcie_axi_dma_latency/design/rtl/axis_fifo.sv Line: 165
Warning: [axis_fifo] FIFO full (depth=256) — upstream back-pressured at t=49565000
Time: 49565 ns  Iteration: 0  Process: /tb_pcie_axi_dma(TB_SCENARIO=2,FIFO_DEPTH=256,BATCH_COUNT=4,BATCH_TIMEOUT=64,SINK_STALL_EN=1'b1,SINK_STALL_PERIOD=4,SINK_STALL_READY=1)/dut/u_fifo/Always163_9  Scope: \tb_pcie_axi_dma(TB_SCENARIO=2,FIFO_DEPTH=256,BATCH_COUNT=4,BATCH_TIMEOUT=64,SINK_STALL_EN=1'b1,SINK_STALL_PERIOD=4,SINK_STALL_READY=1) .dut.u_fifo  File: /get/work/krishna.vardhan/git_trees/mtp_pcie_axi/pcie_axi_dma_latency/design/rtl/axis_fifo.sv Line: 165
Warning: [axis_fifo] FIFO full (depth=256) — upstream back-pressured at t=49575000
Time: 49575 ns  Iteration: 0  Process: /tb_pcie_axi_dma(TB_SCENARIO=2,FIFO_DEPTH=256,BATCH_COUNT=4,BATCH_TIMEOUT=64,SINK_STALL_EN=1'b1,SINK_STALL_PERIOD=4,SINK_STALL_READY=1)/dut/u_fifo/Always163_9  Scope: \tb_pcie_axi_dma(TB_SCENARIO=2,FIFO_DEPTH=256,BATCH_COUNT=4,BATCH_TIMEOUT=64,SINK_STALL_EN=1'b1,SINK_STALL_PERIOD=4,SINK_STALL_READY=1) .dut.u_fifo  File: /get/work/krishna.vardhan/git_trees/mtp_pcie_axi/pcie_axi_dma_latency/design/rtl/axis_fifo.sv Line: 165
Warning: [axis_fifo] FIFO full (depth=256) — upstream back-pressured at t=49595000
Time: 49595 ns  Iteration: 0  Process: /tb_pcie_axi_dma(TB_SCENARIO=2,FIFO_DEPTH=256,BATCH_COUNT=4,BATCH_TIMEOUT=64,SINK_STALL_EN=1'b1,SINK_STALL_PERIOD=4,SINK_STALL_READY=1)/dut/u_fifo/Always163_9  Scope: \tb_pcie_axi_dma(TB_SCENARIO=2,FIFO_DEPTH=256,BATCH_COUNT=4,BATCH_TIMEOUT=64,SINK_STALL_EN=1'b1,SINK_STALL_PERIOD=4,SINK_STALL_READY=1) .dut.u_fifo  File: /get/work/krishna.vardhan/git_trees/mtp_pcie_axi/pcie_axi_dma_latency/design/rtl/axis_fifo.sv Line: 165
Warning: [axis_fifo] FIFO full (depth=256) — upstream back-pressured at t=49605000
Time: 49605 ns  Iteration: 0  Process: /tb_pcie_axi_dma(TB_SCENARIO=2,FIFO_DEPTH=256,BATCH_COUNT=4,BATCH_TIMEOUT=64,SINK_STALL_EN=1'b1,SINK_STALL_PERIOD=4,SINK_STALL_READY=1)/dut/u_fifo/Always163_9  Scope: \tb_pcie_axi_dma(TB_SCENARIO=2,FIFO_DEPTH=256,BATCH_COUNT=4,BATCH_TIMEOUT=64,SINK_STALL_EN=1'b1,SINK_STALL_PERIOD=4,SINK_STALL_READY=1) .dut.u_fifo  File: /get/work/krishna.vardhan/git_trees/mtp_pcie_axi/pcie_axi_dma_latency/design/rtl/axis_fifo.sv Line: 165
Warning: [axis_fifo] FIFO full (depth=256) — upstream back-pressured at t=49615000
Time: 49615 ns  Iteration: 0  Process: /tb_pcie_axi_dma(TB_SCENARIO=2,FIFO_DEPTH=256,BATCH_COUNT=4,BATCH_TIMEOUT=64,SINK_STALL_EN=1'b1,SINK_STALL_PERIOD=4,SINK_STALL_READY=1)/dut/u_fifo/Always163_9  Scope: \tb_pcie_axi_dma(TB_SCENARIO=2,FIFO_DEPTH=256,BATCH_COUNT=4,BATCH_TIMEOUT=64,SINK_STALL_EN=1'b1,SINK_STALL_PERIOD=4,SINK_STALL_READY=1) .dut.u_fifo  File: /get/work/krishna.vardhan/git_trees/mtp_pcie_axi/pcie_axi_dma_latency/design/rtl/axis_fifo.sv Line: 165
Warning: [axis_fifo] FIFO full (depth=256) — upstream back-pressured at t=49635000
Time: 49635 ns  Iteration: 0  Process: /tb_pcie_axi_dma(TB_SCENARIO=2,FIFO_DEPTH=256,BATCH_COUNT=4,BATCH_TIMEOUT=64,SINK_STALL_EN=1'b1,SINK_STALL_PERIOD=4,SINK_STALL_READY=1)/dut/u_fifo/Always163_9  Scope: \tb_pcie_axi_dma(TB_SCENARIO=2,FIFO_DEPTH=256,BATCH_COUNT=4,BATCH_TIMEOUT=64,SINK_STALL_EN=1'b1,SINK_STALL_PERIOD=4,SINK_STALL_READY=1) .dut.u_fifo  File: /get/work/krishna.vardhan/git_trees/mtp_pcie_axi/pcie_axi_dma_latency/design/rtl/axis_fifo.sv Line: 165
Warning: [axis_fifo] FIFO full (depth=256) — upstream back-pressured at t=49645000
Time: 49645 ns  Iteration: 0  Process: /tb_pcie_axi_dma(TB_SCENARIO=2,FIFO_DEPTH=256,BATCH_COUNT=4,BATCH_TIMEOUT=64,SINK_STALL_EN=1'b1,SINK_STALL_PERIOD=4,SINK_STALL_READY=1)/dut/u_fifo/Always163_9  Scope: \tb_pcie_axi_dma(TB_SCENARIO=2,FIFO_DEPTH=256,BATCH_COUNT=4,BATCH_TIMEOUT=64,SINK_STALL_EN=1'b1,SINK_STALL_PERIOD=4,SINK_STALL_READY=1) .dut.u_fifo  File: /get/work/krishna.vardhan/git_trees/mtp_pcie_axi/pcie_axi_dma_latency/design/rtl/axis_fifo.sv Line: 165
Warning: [axis_fifo] FIFO full (depth=256) — upstream back-pressured at t=49655000
Time: 49655 ns  Iteration: 0  Process: /tb_pcie_axi_dma(TB_SCENARIO=2,FIFO_DEPTH=256,BATCH_COUNT=4,BATCH_TIMEOUT=64,SINK_STALL_EN=1'b1,SINK_STALL_PERIOD=4,SINK_STALL_READY=1)/dut/u_fifo/Always163_9  Scope: \tb_pcie_axi_dma(TB_SCENARIO=2,FIFO_DEPTH=256,BATCH_COUNT=4,BATCH_TIMEOUT=64,SINK_STALL_EN=1'b1,SINK_STALL_PERIOD=4,SINK_STALL_READY=1) .dut.u_fifo  File: /get/work/krishna.vardhan/git_trees/mtp_pcie_axi/pcie_axi_dma_latency/design/rtl/axis_fifo.sv Line: 165
Warning: [axis_fifo] FIFO full (depth=256) — upstream back-pressured at t=49675000
Time: 49675 ns  Iteration: 0  Process: /tb_pcie_axi_dma(TB_SCENARIO=2,FIFO_DEPTH=256,BATCH_COUNT=4,BATCH_TIMEOUT=64,SINK_STALL_EN=1'b1,SINK_STALL_PERIOD=4,SINK_STALL_READY=1)/dut/u_fifo/Always163_9  Scope: \tb_pcie_axi_dma(TB_SCENARIO=2,FIFO_DEPTH=256,BATCH_COUNT=4,BATCH_TIMEOUT=64,SINK_STALL_EN=1'b1,SINK_STALL_PERIOD=4,SINK_STALL_READY=1) .dut.u_fifo  File: /get/work/krishna.vardhan/git_trees/mtp_pcie_axi/pcie_axi_dma_latency/design/rtl/axis_fifo.sv Line: 165
Warning: [axis_fifo] FIFO full (depth=256) — upstream back-pressured at t=49685000
Time: 49685 ns  Iteration: 0  Process: /tb_pcie_axi_dma(TB_SCENARIO=2,FIFO_DEPTH=256,BATCH_COUNT=4,BATCH_TIMEOUT=64,SINK_STALL_EN=1'b1,SINK_STALL_PERIOD=4,SINK_STALL_READY=1)/dut/u_fifo/Always163_9  Scope: \tb_pcie_axi_dma(TB_SCENARIO=2,FIFO_DEPTH=256,BATCH_COUNT=4,BATCH_TIMEOUT=64,SINK_STALL_EN=1'b1,SINK_STALL_PERIOD=4,SINK_STALL_READY=1) .dut.u_fifo  File: /get/work/krishna.vardhan/git_trees/mtp_pcie_axi/pcie_axi_dma_latency/design/rtl/axis_fifo.sv Line: 165
Warning: [axis_fifo] FIFO full (depth=256) — upstream back-pressured at t=49695000
Time: 49695 ns  Iteration: 0  Process: /tb_pcie_axi_dma(TB_SCENARIO=2,FIFO_DEPTH=256,BATCH_COUNT=4,BATCH_TIMEOUT=64,SINK_STALL_EN=1'b1,SINK_STALL_PERIOD=4,SINK_STALL_READY=1)/dut/u_fifo/Always163_9  Scope: \tb_pcie_axi_dma(TB_SCENARIO=2,FIFO_DEPTH=256,BATCH_COUNT=4,BATCH_TIMEOUT=64,SINK_STALL_EN=1'b1,SINK_STALL_PERIOD=4,SINK_STALL_READY=1) .dut.u_fifo  File: /get/work/krishna.vardhan/git_trees/mtp_pcie_axi/pcie_axi_dma_latency/design/rtl/axis_fifo.sv Line: 165
Warning: [axis_fifo] FIFO full (depth=256) — upstream back-pressured at t=49715000
Time: 49715 ns  Iteration: 0  Process: /tb_pcie_axi_dma(TB_SCENARIO=2,FIFO_DEPTH=256,BATCH_COUNT=4,BATCH_TIMEOUT=64,SINK_STALL_EN=1'b1,SINK_STALL_PERIOD=4,SINK_STALL_READY=1)/dut/u_fifo/Always163_9  Scope: \tb_pcie_axi_dma(TB_SCENARIO=2,FIFO_DEPTH=256,BATCH_COUNT=4,BATCH_TIMEOUT=64,SINK_STALL_EN=1'b1,SINK_STALL_PERIOD=4,SINK_STALL_READY=1) .dut.u_fifo  File: /get/work/krishna.vardhan/git_trees/mtp_pcie_axi/pcie_axi_dma_latency/design/rtl/axis_fifo.sv Line: 165
Warning: [axis_fifo] FIFO full (depth=256) — upstream back-pressured at t=49725000
Time: 49725 ns  Iteration: 0  Process: /tb_pcie_axi_dma(TB_SCENARIO=2,FIFO_DEPTH=256,BATCH_COUNT=4,BATCH_TIMEOUT=64,SINK_STALL_EN=1'b1,SINK_STALL_PERIOD=4,SINK_STALL_READY=1)/dut/u_fifo/Always163_9  Scope: \tb_pcie_axi_dma(TB_SCENARIO=2,FIFO_DEPTH=256,BATCH_COUNT=4,BATCH_TIMEOUT=64,SINK_STALL_EN=1'b1,SINK_STALL_PERIOD=4,SINK_STALL_READY=1) .dut.u_fifo  File: /get/work/krishna.vardhan/git_trees/mtp_pcie_axi/pcie_axi_dma_latency/design/rtl/axis_fifo.sv Line: 165
Warning: [axis_fifo] FIFO full (depth=256) — upstream back-pressured at t=49735000
Time: 49735 ns  Iteration: 0  Process: /tb_pcie_axi_dma(TB_SCENARIO=2,FIFO_DEPTH=256,BATCH_COUNT=4,BATCH_TIMEOUT=64,SINK_STALL_EN=1'b1,SINK_STALL_PERIOD=4,SINK_STALL_READY=1)/dut/u_fifo/Always163_9  Scope: \tb_pcie_axi_dma(TB_SCENARIO=2,FIFO_DEPTH=256,BATCH_COUNT=4,BATCH_TIMEOUT=64,SINK_STALL_EN=1'b1,SINK_STALL_PERIOD=4,SINK_STALL_READY=1) .dut.u_fifo  File: /get/work/krishna.vardhan/git_trees/mtp_pcie_axi/pcie_axi_dma_latency/design/rtl/axis_fifo.sv Line: 165
Warning: [axis_fifo] FIFO full (depth=256) — upstream back-pressured at t=49755000
Time: 49755 ns  Iteration: 0  Process: /tb_pcie_axi_dma(TB_SCENARIO=2,FIFO_DEPTH=256,BATCH_COUNT=4,BATCH_TIMEOUT=64,SINK_STALL_EN=1'b1,SINK_STALL_PERIOD=4,SINK_STALL_READY=1)/dut/u_fifo/Always163_9  Scope: \tb_pcie_axi_dma(TB_SCENARIO=2,FIFO_DEPTH=256,BATCH_COUNT=4,BATCH_TIMEOUT=64,SINK_STALL_EN=1'b1,SINK_STALL_PERIOD=4,SINK_STALL_READY=1) .dut.u_fifo  File: /get/work/krishna.vardhan/git_trees/mtp_pcie_axi/pcie_axi_dma_latency/design/rtl/axis_fifo.sv Line: 165
Warning: [axis_fifo] FIFO full (depth=256) — upstream back-pressured at t=49765000
Time: 49765 ns  Iteration: 0  Process: /tb_pcie_axi_dma(TB_SCENARIO=2,FIFO_DEPTH=256,BATCH_COUNT=4,BATCH_TIMEOUT=64,SINK_STALL_EN=1'b1,SINK_STALL_PERIOD=4,SINK_STALL_READY=1)/dut/u_fifo/Always163_9  Scope: \tb_pcie_axi_dma(TB_SCENARIO=2,FIFO_DEPTH=256,BATCH_COUNT=4,BATCH_TIMEOUT=64,SINK_STALL_EN=1'b1,SINK_STALL_PERIOD=4,SINK_STALL_READY=1) .dut.u_fifo  File: /get/work/krishna.vardhan/git_trees/mtp_pcie_axi/pcie_axi_dma_latency/design/rtl/axis_fifo.sv Line: 165
Warning: [axis_fifo] FIFO full (depth=256) — upstream back-pressured at t=49775000
Time: 49775 ns  Iteration: 0  Process: /tb_pcie_axi_dma(TB_SCENARIO=2,FIFO_DEPTH=256,BATCH_COUNT=4,BATCH_TIMEOUT=64,SINK_STALL_EN=1'b1,SINK_STALL_PERIOD=4,SINK_STALL_READY=1)/dut/u_fifo/Always163_9  Scope: \tb_pcie_axi_dma(TB_SCENARIO=2,FIFO_DEPTH=256,BATCH_COUNT=4,BATCH_TIMEOUT=64,SINK_STALL_EN=1'b1,SINK_STALL_PERIOD=4,SINK_STALL_READY=1) .dut.u_fifo  File: /get/work/krishna.vardhan/git_trees/mtp_pcie_axi/pcie_axi_dma_latency/design/rtl/axis_fifo.sv Line: 165
Warning: [axis_fifo] FIFO full (depth=256) — upstream back-pressured at t=49795000
Time: 49795 ns  Iteration: 0  Process: /tb_pcie_axi_dma(TB_SCENARIO=2,FIFO_DEPTH=256,BATCH_COUNT=4,BATCH_TIMEOUT=64,SINK_STALL_EN=1'b1,SINK_STALL_PERIOD=4,SINK_STALL_READY=1)/dut/u_fifo/Always163_9  Scope: \tb_pcie_axi_dma(TB_SCENARIO=2,FIFO_DEPTH=256,BATCH_COUNT=4,BATCH_TIMEOUT=64,SINK_STALL_EN=1'b1,SINK_STALL_PERIOD=4,SINK_STALL_READY=1) .dut.u_fifo  File: /get/work/krishna.vardhan/git_trees/mtp_pcie_axi/pcie_axi_dma_latency/design/rtl/axis_fifo.sv Line: 165
Warning: [axis_fifo] FIFO full (depth=256) — upstream back-pressured at t=49805000
Time: 49805 ns  Iteration: 0  Process: /tb_pcie_axi_dma(TB_SCENARIO=2,FIFO_DEPTH=256,BATCH_COUNT=4,BATCH_TIMEOUT=64,SINK_STALL_EN=1'b1,SINK_STALL_PERIOD=4,SINK_STALL_READY=1)/dut/u_fifo/Always163_9  Scope: \tb_pcie_axi_dma(TB_SCENARIO=2,FIFO_DEPTH=256,BATCH_COUNT=4,BATCH_TIMEOUT=64,SINK_STALL_EN=1'b1,SINK_STALL_PERIOD=4,SINK_STALL_READY=1) .dut.u_fifo  File: /get/work/krishna.vardhan/git_trees/mtp_pcie_axi/pcie_axi_dma_latency/design/rtl/axis_fifo.sv Line: 165
Warning: [axis_fifo] FIFO full (depth=256) — upstream back-pressured at t=49815000
Time: 49815 ns  Iteration: 0  Process: /tb_pcie_axi_dma(TB_SCENARIO=2,FIFO_DEPTH=256,BATCH_COUNT=4,BATCH_TIMEOUT=64,SINK_STALL_EN=1'b1,SINK_STALL_PERIOD=4,SINK_STALL_READY=1)/dut/u_fifo/Always163_9  Scope: \tb_pcie_axi_dma(TB_SCENARIO=2,FIFO_DEPTH=256,BATCH_COUNT=4,BATCH_TIMEOUT=64,SINK_STALL_EN=1'b1,SINK_STALL_PERIOD=4,SINK_STALL_READY=1) .dut.u_fifo  File: /get/work/krishna.vardhan/git_trees/mtp_pcie_axi/pcie_axi_dma_latency/design/rtl/axis_fifo.sv Line: 165
Warning: [axis_fifo] FIFO full (depth=256) — upstream back-pressured at t=49835000
Time: 49835 ns  Iteration: 0  Process: /tb_pcie_axi_dma(TB_SCENARIO=2,FIFO_DEPTH=256,BATCH_COUNT=4,BATCH_TIMEOUT=64,SINK_STALL_EN=1'b1,SINK_STALL_PERIOD=4,SINK_STALL_READY=1)/dut/u_fifo/Always163_9  Scope: \tb_pcie_axi_dma(TB_SCENARIO=2,FIFO_DEPTH=256,BATCH_COUNT=4,BATCH_TIMEOUT=64,SINK_STALL_EN=1'b1,SINK_STALL_PERIOD=4,SINK_STALL_READY=1) .dut.u_fifo  File: /get/work/krishna.vardhan/git_trees/mtp_pcie_axi/pcie_axi_dma_latency/design/rtl/axis_fifo.sv Line: 165
Warning: [axis_fifo] FIFO full (depth=256) — upstream back-pressured at t=49845000
Time: 49845 ns  Iteration: 0  Process: /tb_pcie_axi_dma(TB_SCENARIO=2,FIFO_DEPTH=256,BATCH_COUNT=4,BATCH_TIMEOUT=64,SINK_STALL_EN=1'b1,SINK_STALL_PERIOD=4,SINK_STALL_READY=1)/dut/u_fifo/Always163_9  Scope: \tb_pcie_axi_dma(TB_SCENARIO=2,FIFO_DEPTH=256,BATCH_COUNT=4,BATCH_TIMEOUT=64,SINK_STALL_EN=1'b1,SINK_STALL_PERIOD=4,SINK_STALL_READY=1) .dut.u_fifo  File: /get/work/krishna.vardhan/git_trees/mtp_pcie_axi/pcie_axi_dma_latency/design/rtl/axis_fifo.sv Line: 165
Warning: [axis_fifo] FIFO full (depth=256) — upstream back-pressured at t=49855000
Time: 49855 ns  Iteration: 0  Process: /tb_pcie_axi_dma(TB_SCENARIO=2,FIFO_DEPTH=256,BATCH_COUNT=4,BATCH_TIMEOUT=64,SINK_STALL_EN=1'b1,SINK_STALL_PERIOD=4,SINK_STALL_READY=1)/dut/u_fifo/Always163_9  Scope: \tb_pcie_axi_dma(TB_SCENARIO=2,FIFO_DEPTH=256,BATCH_COUNT=4,BATCH_TIMEOUT=64,SINK_STALL_EN=1'b1,SINK_STALL_PERIOD=4,SINK_STALL_READY=1) .dut.u_fifo  File: /get/work/krishna.vardhan/git_trees/mtp_pcie_axi/pcie_axi_dma_latency/design/rtl/axis_fifo.sv Line: 165
Warning: [axis_fifo] FIFO full (depth=256) — upstream back-pressured at t=49875000
Time: 49875 ns  Iteration: 0  Process: /tb_pcie_axi_dma(TB_SCENARIO=2,FIFO_DEPTH=256,BATCH_COUNT=4,BATCH_TIMEOUT=64,SINK_STALL_EN=1'b1,SINK_STALL_PERIOD=4,SINK_STALL_READY=1)/dut/u_fifo/Always163_9  Scope: \tb_pcie_axi_dma(TB_SCENARIO=2,FIFO_DEPTH=256,BATCH_COUNT=4,BATCH_TIMEOUT=64,SINK_STALL_EN=1'b1,SINK_STALL_PERIOD=4,SINK_STALL_READY=1) .dut.u_fifo  File: /get/work/krishna.vardhan/git_trees/mtp_pcie_axi/pcie_axi_dma_latency/design/rtl/axis_fifo.sv Line: 165
Warning: [axis_fifo] FIFO full (depth=256) — upstream back-pressured at t=49885000
Time: 49885 ns  Iteration: 0  Process: /tb_pcie_axi_dma(TB_SCENARIO=2,FIFO_DEPTH=256,BATCH_COUNT=4,BATCH_TIMEOUT=64,SINK_STALL_EN=1'b1,SINK_STALL_PERIOD=4,SINK_STALL_READY=1)/dut/u_fifo/Always163_9  Scope: \tb_pcie_axi_dma(TB_SCENARIO=2,FIFO_DEPTH=256,BATCH_COUNT=4,BATCH_TIMEOUT=64,SINK_STALL_EN=1'b1,SINK_STALL_PERIOD=4,SINK_STALL_READY=1) .dut.u_fifo  File: /get/work/krishna.vardhan/git_trees/mtp_pcie_axi/pcie_axi_dma_latency/design/rtl/axis_fifo.sv Line: 165
Warning: [axis_fifo] FIFO full (depth=256) — upstream back-pressured at t=49895000
Time: 49895 ns  Iteration: 0  Process: /tb_pcie_axi_dma(TB_SCENARIO=2,FIFO_DEPTH=256,BATCH_COUNT=4,BATCH_TIMEOUT=64,SINK_STALL_EN=1'b1,SINK_STALL_PERIOD=4,SINK_STALL_READY=1)/dut/u_fifo/Always163_9  Scope: \tb_pcie_axi_dma(TB_SCENARIO=2,FIFO_DEPTH=256,BATCH_COUNT=4,BATCH_TIMEOUT=64,SINK_STALL_EN=1'b1,SINK_STALL_PERIOD=4,SINK_STALL_READY=1) .dut.u_fifo  File: /get/work/krishna.vardhan/git_trees/mtp_pcie_axi/pcie_axi_dma_latency/design/rtl/axis_fifo.sv Line: 165
Warning: [axis_fifo] FIFO full (depth=256) — upstream back-pressured at t=49915000
Time: 49915 ns  Iteration: 0  Process: /tb_pcie_axi_dma(TB_SCENARIO=2,FIFO_DEPTH=256,BATCH_COUNT=4,BATCH_TIMEOUT=64,SINK_STALL_EN=1'b1,SINK_STALL_PERIOD=4,SINK_STALL_READY=1)/dut/u_fifo/Always163_9  Scope: \tb_pcie_axi_dma(TB_SCENARIO=2,FIFO_DEPTH=256,BATCH_COUNT=4,BATCH_TIMEOUT=64,SINK_STALL_EN=1'b1,SINK_STALL_PERIOD=4,SINK_STALL_READY=1) .dut.u_fifo  File: /get/work/krishna.vardhan/git_trees/mtp_pcie_axi/pcie_axi_dma_latency/design/rtl/axis_fifo.sv Line: 165
Warning: [axis_fifo] FIFO full (depth=256) — upstream back-pressured at t=49925000
Time: 49925 ns  Iteration: 0  Process: /tb_pcie_axi_dma(TB_SCENARIO=2,FIFO_DEPTH=256,BATCH_COUNT=4,BATCH_TIMEOUT=64,SINK_STALL_EN=1'b1,SINK_STALL_PERIOD=4,SINK_STALL_READY=1)/dut/u_fifo/Always163_9  Scope: \tb_pcie_axi_dma(TB_SCENARIO=2,FIFO_DEPTH=256,BATCH_COUNT=4,BATCH_TIMEOUT=64,SINK_STALL_EN=1'b1,SINK_STALL_PERIOD=4,SINK_STALL_READY=1) .dut.u_fifo  File: /get/work/krishna.vardhan/git_trees/mtp_pcie_axi/pcie_axi_dma_latency/design/rtl/axis_fifo.sv Line: 165
Warning: [axis_fifo] FIFO full (depth=256) — upstream back-pressured at t=49935000
Time: 49935 ns  Iteration: 0  Process: /tb_pcie_axi_dma(TB_SCENARIO=2,FIFO_DEPTH=256,BATCH_COUNT=4,BATCH_TIMEOUT=64,SINK_STALL_EN=1'b1,SINK_STALL_PERIOD=4,SINK_STALL_READY=1)/dut/u_fifo/Always163_9  Scope: \tb_pcie_axi_dma(TB_SCENARIO=2,FIFO_DEPTH=256,BATCH_COUNT=4,BATCH_TIMEOUT=64,SINK_STALL_EN=1'b1,SINK_STALL_PERIOD=4,SINK_STALL_READY=1) .dut.u_fifo  File: /get/work/krishna.vardhan/git_trees/mtp_pcie_axi/pcie_axi_dma_latency/design/rtl/axis_fifo.sv Line: 165
Warning: [axis_fifo] FIFO full (depth=256) — upstream back-pressured at t=49955000
Time: 49955 ns  Iteration: 0  Process: /tb_pcie_axi_dma(TB_SCENARIO=2,FIFO_DEPTH=256,BATCH_COUNT=4,BATCH_TIMEOUT=64,SINK_STALL_EN=1'b1,SINK_STALL_PERIOD=4,SINK_STALL_READY=1)/dut/u_fifo/Always163_9  Scope: \tb_pcie_axi_dma(TB_SCENARIO=2,FIFO_DEPTH=256,BATCH_COUNT=4,BATCH_TIMEOUT=64,SINK_STALL_EN=1'b1,SINK_STALL_PERIOD=4,SINK_STALL_READY=1) .dut.u_fifo  File: /get/work/krishna.vardhan/git_trees/mtp_pcie_axi/pcie_axi_dma_latency/design/rtl/axis_fifo.sv Line: 165
Warning: [axis_fifo] FIFO full (depth=256) — upstream back-pressured at t=49965000
Time: 49965 ns  Iteration: 0  Process: /tb_pcie_axi_dma(TB_SCENARIO=2,FIFO_DEPTH=256,BATCH_COUNT=4,BATCH_TIMEOUT=64,SINK_STALL_EN=1'b1,SINK_STALL_PERIOD=4,SINK_STALL_READY=1)/dut/u_fifo/Always163_9  Scope: \tb_pcie_axi_dma(TB_SCENARIO=2,FIFO_DEPTH=256,BATCH_COUNT=4,BATCH_TIMEOUT=64,SINK_STALL_EN=1'b1,SINK_STALL_PERIOD=4,SINK_STALL_READY=1) .dut.u_fifo  File: /get/work/krishna.vardhan/git_trees/mtp_pcie_axi/pcie_axi_dma_latency/design/rtl/axis_fifo.sv Line: 165
Warning: [axis_fifo] FIFO full (depth=256) — upstream back-pressured at t=49975000
Time: 49975 ns  Iteration: 0  Process: /tb_pcie_axi_dma(TB_SCENARIO=2,FIFO_DEPTH=256,BATCH_COUNT=4,BATCH_TIMEOUT=64,SINK_STALL_EN=1'b1,SINK_STALL_PERIOD=4,SINK_STALL_READY=1)/dut/u_fifo/Always163_9  Scope: \tb_pcie_axi_dma(TB_SCENARIO=2,FIFO_DEPTH=256,BATCH_COUNT=4,BATCH_TIMEOUT=64,SINK_STALL_EN=1'b1,SINK_STALL_PERIOD=4,SINK_STALL_READY=1) .dut.u_fifo  File: /get/work/krishna.vardhan/git_trees/mtp_pcie_axi/pcie_axi_dma_latency/design/rtl/axis_fifo.sv Line: 165
Warning: [axis_fifo] FIFO full (depth=256) — upstream back-pressured at t=49995000
Time: 49995 ns  Iteration: 0  Process: /tb_pcie_axi_dma(TB_SCENARIO=2,FIFO_DEPTH=256,BATCH_COUNT=4,BATCH_TIMEOUT=64,SINK_STALL_EN=1'b1,SINK_STALL_PERIOD=4,SINK_STALL_READY=1)/dut/u_fifo/Always163_9  Scope: \tb_pcie_axi_dma(TB_SCENARIO=2,FIFO_DEPTH=256,BATCH_COUNT=4,BATCH_TIMEOUT=64,SINK_STALL_EN=1'b1,SINK_STALL_PERIOD=4,SINK_STALL_READY=1) .dut.u_fifo  File: /get/work/krishna.vardhan/git_trees/mtp_pcie_axi/pcie_axi_dma_latency/design/rtl/axis_fifo.sv Line: 165
Warning: [axis_fifo] FIFO full (depth=256) — upstream back-pressured at t=50005000
Time: 50005 ns  Iteration: 0  Process: /tb_pcie_axi_dma(TB_SCENARIO=2,FIFO_DEPTH=256,BATCH_COUNT=4,BATCH_TIMEOUT=64,SINK_STALL_EN=1'b1,SINK_STALL_PERIOD=4,SINK_STALL_READY=1)/dut/u_fifo/Always163_9  Scope: \tb_pcie_axi_dma(TB_SCENARIO=2,FIFO_DEPTH=256,BATCH_COUNT=4,BATCH_TIMEOUT=64,SINK_STALL_EN=1'b1,SINK_STALL_PERIOD=4,SINK_STALL_READY=1) .dut.u_fifo  File: /get/work/krishna.vardhan/git_trees/mtp_pcie_axi/pcie_axi_dma_latency/design/rtl/axis_fifo.sv Line: 165
Warning: [axis_fifo] FIFO full (depth=256) — upstream back-pressured at t=50015000
Time: 50015 ns  Iteration: 0  Process: /tb_pcie_axi_dma(TB_SCENARIO=2,FIFO_DEPTH=256,BATCH_COUNT=4,BATCH_TIMEOUT=64,SINK_STALL_EN=1'b1,SINK_STALL_PERIOD=4,SINK_STALL_READY=1)/dut/u_fifo/Always163_9  Scope: \tb_pcie_axi_dma(TB_SCENARIO=2,FIFO_DEPTH=256,BATCH_COUNT=4,BATCH_TIMEOUT=64,SINK_STALL_EN=1'b1,SINK_STALL_PERIOD=4,SINK_STALL_READY=1) .dut.u_fifo  File: /get/work/krishna.vardhan/git_trees/mtp_pcie_axi/pcie_axi_dma_latency/design/rtl/axis_fifo.sv Line: 165
Warning: [axis_fifo] FIFO full (depth=256) — upstream back-pressured at t=50035000
Time: 50035 ns  Iteration: 0  Process: /tb_pcie_axi_dma(TB_SCENARIO=2,FIFO_DEPTH=256,BATCH_COUNT=4,BATCH_TIMEOUT=64,SINK_STALL_EN=1'b1,SINK_STALL_PERIOD=4,SINK_STALL_READY=1)/dut/u_fifo/Always163_9  Scope: \tb_pcie_axi_dma(TB_SCENARIO=2,FIFO_DEPTH=256,BATCH_COUNT=4,BATCH_TIMEOUT=64,SINK_STALL_EN=1'b1,SINK_STALL_PERIOD=4,SINK_STALL_READY=1) .dut.u_fifo  File: /get/work/krishna.vardhan/git_trees/mtp_pcie_axi/pcie_axi_dma_latency/design/rtl/axis_fifo.sv Line: 165
Warning: [axis_fifo] FIFO full (depth=256) — upstream back-pressured at t=50045000
Time: 50045 ns  Iteration: 0  Process: /tb_pcie_axi_dma(TB_SCENARIO=2,FIFO_DEPTH=256,BATCH_COUNT=4,BATCH_TIMEOUT=64,SINK_STALL_EN=1'b1,SINK_STALL_PERIOD=4,SINK_STALL_READY=1)/dut/u_fifo/Always163_9  Scope: \tb_pcie_axi_dma(TB_SCENARIO=2,FIFO_DEPTH=256,BATCH_COUNT=4,BATCH_TIMEOUT=64,SINK_STALL_EN=1'b1,SINK_STALL_PERIOD=4,SINK_STALL_READY=1) .dut.u_fifo  File: /get/work/krishna.vardhan/git_trees/mtp_pcie_axi/pcie_axi_dma_latency/design/rtl/axis_fifo.sv Line: 165
Warning: [axis_fifo] FIFO full (depth=256) — upstream back-pressured at t=50055000
Time: 50055 ns  Iteration: 0  Process: /tb_pcie_axi_dma(TB_SCENARIO=2,FIFO_DEPTH=256,BATCH_COUNT=4,BATCH_TIMEOUT=64,SINK_STALL_EN=1'b1,SINK_STALL_PERIOD=4,SINK_STALL_READY=1)/dut/u_fifo/Always163_9  Scope: \tb_pcie_axi_dma(TB_SCENARIO=2,FIFO_DEPTH=256,BATCH_COUNT=4,BATCH_TIMEOUT=64,SINK_STALL_EN=1'b1,SINK_STALL_PERIOD=4,SINK_STALL_READY=1) .dut.u_fifo  File: /get/work/krishna.vardhan/git_trees/mtp_pcie_axi/pcie_axi_dma_latency/design/rtl/axis_fifo.sv Line: 165
Warning: [axis_fifo] FIFO full (depth=256) — upstream back-pressured at t=50075000
Time: 50075 ns  Iteration: 0  Process: /tb_pcie_axi_dma(TB_SCENARIO=2,FIFO_DEPTH=256,BATCH_COUNT=4,BATCH_TIMEOUT=64,SINK_STALL_EN=1'b1,SINK_STALL_PERIOD=4,SINK_STALL_READY=1)/dut/u_fifo/Always163_9  Scope: \tb_pcie_axi_dma(TB_SCENARIO=2,FIFO_DEPTH=256,BATCH_COUNT=4,BATCH_TIMEOUT=64,SINK_STALL_EN=1'b1,SINK_STALL_PERIOD=4,SINK_STALL_READY=1) .dut.u_fifo  File: /get/work/krishna.vardhan/git_trees/mtp_pcie_axi/pcie_axi_dma_latency/design/rtl/axis_fifo.sv Line: 165
Warning: [axis_fifo] FIFO full (depth=256) — upstream back-pressured at t=50085000
Time: 50085 ns  Iteration: 0  Process: /tb_pcie_axi_dma(TB_SCENARIO=2,FIFO_DEPTH=256,BATCH_COUNT=4,BATCH_TIMEOUT=64,SINK_STALL_EN=1'b1,SINK_STALL_PERIOD=4,SINK_STALL_READY=1)/dut/u_fifo/Always163_9  Scope: \tb_pcie_axi_dma(TB_SCENARIO=2,FIFO_DEPTH=256,BATCH_COUNT=4,BATCH_TIMEOUT=64,SINK_STALL_EN=1'b1,SINK_STALL_PERIOD=4,SINK_STALL_READY=1) .dut.u_fifo  File: /get/work/krishna.vardhan/git_trees/mtp_pcie_axi/pcie_axi_dma_latency/design/rtl/axis_fifo.sv Line: 165
Warning: [axis_fifo] FIFO full (depth=256) — upstream back-pressured at t=50095000
Time: 50095 ns  Iteration: 0  Process: /tb_pcie_axi_dma(TB_SCENARIO=2,FIFO_DEPTH=256,BATCH_COUNT=4,BATCH_TIMEOUT=64,SINK_STALL_EN=1'b1,SINK_STALL_PERIOD=4,SINK_STALL_READY=1)/dut/u_fifo/Always163_9  Scope: \tb_pcie_axi_dma(TB_SCENARIO=2,FIFO_DEPTH=256,BATCH_COUNT=4,BATCH_TIMEOUT=64,SINK_STALL_EN=1'b1,SINK_STALL_PERIOD=4,SINK_STALL_READY=1) .dut.u_fifo  File: /get/work/krishna.vardhan/git_trees/mtp_pcie_axi/pcie_axi_dma_latency/design/rtl/axis_fifo.sv Line: 165
Warning: [axis_fifo] FIFO full (depth=256) — upstream back-pressured at t=50115000
Time: 50115 ns  Iteration: 0  Process: /tb_pcie_axi_dma(TB_SCENARIO=2,FIFO_DEPTH=256,BATCH_COUNT=4,BATCH_TIMEOUT=64,SINK_STALL_EN=1'b1,SINK_STALL_PERIOD=4,SINK_STALL_READY=1)/dut/u_fifo/Always163_9  Scope: \tb_pcie_axi_dma(TB_SCENARIO=2,FIFO_DEPTH=256,BATCH_COUNT=4,BATCH_TIMEOUT=64,SINK_STALL_EN=1'b1,SINK_STALL_PERIOD=4,SINK_STALL_READY=1) .dut.u_fifo  File: /get/work/krishna.vardhan/git_trees/mtp_pcie_axi/pcie_axi_dma_latency/design/rtl/axis_fifo.sv Line: 165
Warning: [axis_fifo] FIFO full (depth=256) — upstream back-pressured at t=50125000
Time: 50125 ns  Iteration: 0  Process: /tb_pcie_axi_dma(TB_SCENARIO=2,FIFO_DEPTH=256,BATCH_COUNT=4,BATCH_TIMEOUT=64,SINK_STALL_EN=1'b1,SINK_STALL_PERIOD=4,SINK_STALL_READY=1)/dut/u_fifo/Always163_9  Scope: \tb_pcie_axi_dma(TB_SCENARIO=2,FIFO_DEPTH=256,BATCH_COUNT=4,BATCH_TIMEOUT=64,SINK_STALL_EN=1'b1,SINK_STALL_PERIOD=4,SINK_STALL_READY=1) .dut.u_fifo  File: /get/work/krishna.vardhan/git_trees/mtp_pcie_axi/pcie_axi_dma_latency/design/rtl/axis_fifo.sv Line: 165
Warning: [axis_fifo] FIFO full (depth=256) — upstream back-pressured at t=50135000
Time: 50135 ns  Iteration: 0  Process: /tb_pcie_axi_dma(TB_SCENARIO=2,FIFO_DEPTH=256,BATCH_COUNT=4,BATCH_TIMEOUT=64,SINK_STALL_EN=1'b1,SINK_STALL_PERIOD=4,SINK_STALL_READY=1)/dut/u_fifo/Always163_9  Scope: \tb_pcie_axi_dma(TB_SCENARIO=2,FIFO_DEPTH=256,BATCH_COUNT=4,BATCH_TIMEOUT=64,SINK_STALL_EN=1'b1,SINK_STALL_PERIOD=4,SINK_STALL_READY=1) .dut.u_fifo  File: /get/work/krishna.vardhan/git_trees/mtp_pcie_axi/pcie_axi_dma_latency/design/rtl/axis_fifo.sv Line: 165
Warning: [axis_fifo] FIFO full (depth=256) — upstream back-pressured at t=50155000
Time: 50155 ns  Iteration: 0  Process: /tb_pcie_axi_dma(TB_SCENARIO=2,FIFO_DEPTH=256,BATCH_COUNT=4,BATCH_TIMEOUT=64,SINK_STALL_EN=1'b1,SINK_STALL_PERIOD=4,SINK_STALL_READY=1)/dut/u_fifo/Always163_9  Scope: \tb_pcie_axi_dma(TB_SCENARIO=2,FIFO_DEPTH=256,BATCH_COUNT=4,BATCH_TIMEOUT=64,SINK_STALL_EN=1'b1,SINK_STALL_PERIOD=4,SINK_STALL_READY=1) .dut.u_fifo  File: /get/work/krishna.vardhan/git_trees/mtp_pcie_axi/pcie_axi_dma_latency/design/rtl/axis_fifo.sv Line: 165
Warning: [axis_fifo] FIFO full (depth=256) — upstream back-pressured at t=50165000
Time: 50165 ns  Iteration: 0  Process: /tb_pcie_axi_dma(TB_SCENARIO=2,FIFO_DEPTH=256,BATCH_COUNT=4,BATCH_TIMEOUT=64,SINK_STALL_EN=1'b1,SINK_STALL_PERIOD=4,SINK_STALL_READY=1)/dut/u_fifo/Always163_9  Scope: \tb_pcie_axi_dma(TB_SCENARIO=2,FIFO_DEPTH=256,BATCH_COUNT=4,BATCH_TIMEOUT=64,SINK_STALL_EN=1'b1,SINK_STALL_PERIOD=4,SINK_STALL_READY=1) .dut.u_fifo  File: /get/work/krishna.vardhan/git_trees/mtp_pcie_axi/pcie_axi_dma_latency/design/rtl/axis_fifo.sv Line: 165
Warning: [axis_fifo] FIFO full (depth=256) — upstream back-pressured at t=50175000
Time: 50175 ns  Iteration: 0  Process: /tb_pcie_axi_dma(TB_SCENARIO=2,FIFO_DEPTH=256,BATCH_COUNT=4,BATCH_TIMEOUT=64,SINK_STALL_EN=1'b1,SINK_STALL_PERIOD=4,SINK_STALL_READY=1)/dut/u_fifo/Always163_9  Scope: \tb_pcie_axi_dma(TB_SCENARIO=2,FIFO_DEPTH=256,BATCH_COUNT=4,BATCH_TIMEOUT=64,SINK_STALL_EN=1'b1,SINK_STALL_PERIOD=4,SINK_STALL_READY=1) .dut.u_fifo  File: /get/work/krishna.vardhan/git_trees/mtp_pcie_axi/pcie_axi_dma_latency/design/rtl/axis_fifo.sv Line: 165
Warning: [axis_fifo] FIFO full (depth=256) — upstream back-pressured at t=50195000
Time: 50195 ns  Iteration: 0  Process: /tb_pcie_axi_dma(TB_SCENARIO=2,FIFO_DEPTH=256,BATCH_COUNT=4,BATCH_TIMEOUT=64,SINK_STALL_EN=1'b1,SINK_STALL_PERIOD=4,SINK_STALL_READY=1)/dut/u_fifo/Always163_9  Scope: \tb_pcie_axi_dma(TB_SCENARIO=2,FIFO_DEPTH=256,BATCH_COUNT=4,BATCH_TIMEOUT=64,SINK_STALL_EN=1'b1,SINK_STALL_PERIOD=4,SINK_STALL_READY=1) .dut.u_fifo  File: /get/work/krishna.vardhan/git_trees/mtp_pcie_axi/pcie_axi_dma_latency/design/rtl/axis_fifo.sv Line: 165
Warning: [axis_fifo] FIFO full (depth=256) — upstream back-pressured at t=50205000
Time: 50205 ns  Iteration: 0  Process: /tb_pcie_axi_dma(TB_SCENARIO=2,FIFO_DEPTH=256,BATCH_COUNT=4,BATCH_TIMEOUT=64,SINK_STALL_EN=1'b1,SINK_STALL_PERIOD=4,SINK_STALL_READY=1)/dut/u_fifo/Always163_9  Scope: \tb_pcie_axi_dma(TB_SCENARIO=2,FIFO_DEPTH=256,BATCH_COUNT=4,BATCH_TIMEOUT=64,SINK_STALL_EN=1'b1,SINK_STALL_PERIOD=4,SINK_STALL_READY=1) .dut.u_fifo  File: /get/work/krishna.vardhan/git_trees/mtp_pcie_axi/pcie_axi_dma_latency/design/rtl/axis_fifo.sv Line: 165
Warning: [axis_fifo] FIFO full (depth=256) — upstream back-pressured at t=50215000
Time: 50215 ns  Iteration: 0  Process: /tb_pcie_axi_dma(TB_SCENARIO=2,FIFO_DEPTH=256,BATCH_COUNT=4,BATCH_TIMEOUT=64,SINK_STALL_EN=1'b1,SINK_STALL_PERIOD=4,SINK_STALL_READY=1)/dut/u_fifo/Always163_9  Scope: \tb_pcie_axi_dma(TB_SCENARIO=2,FIFO_DEPTH=256,BATCH_COUNT=4,BATCH_TIMEOUT=64,SINK_STALL_EN=1'b1,SINK_STALL_PERIOD=4,SINK_STALL_READY=1) .dut.u_fifo  File: /get/work/krishna.vardhan/git_trees/mtp_pcie_axi/pcie_axi_dma_latency/design/rtl/axis_fifo.sv Line: 165
Warning: [axis_fifo] FIFO full (depth=256) — upstream back-pressured at t=50235000
Time: 50235 ns  Iteration: 0  Process: /tb_pcie_axi_dma(TB_SCENARIO=2,FIFO_DEPTH=256,BATCH_COUNT=4,BATCH_TIMEOUT=64,SINK_STALL_EN=1'b1,SINK_STALL_PERIOD=4,SINK_STALL_READY=1)/dut/u_fifo/Always163_9  Scope: \tb_pcie_axi_dma(TB_SCENARIO=2,FIFO_DEPTH=256,BATCH_COUNT=4,BATCH_TIMEOUT=64,SINK_STALL_EN=1'b1,SINK_STALL_PERIOD=4,SINK_STALL_READY=1) .dut.u_fifo  File: /get/work/krishna.vardhan/git_trees/mtp_pcie_axi/pcie_axi_dma_latency/design/rtl/axis_fifo.sv Line: 165
Warning: [axis_fifo] FIFO full (depth=256) — upstream back-pressured at t=50245000
Time: 50245 ns  Iteration: 0  Process: /tb_pcie_axi_dma(TB_SCENARIO=2,FIFO_DEPTH=256,BATCH_COUNT=4,BATCH_TIMEOUT=64,SINK_STALL_EN=1'b1,SINK_STALL_PERIOD=4,SINK_STALL_READY=1)/dut/u_fifo/Always163_9  Scope: \tb_pcie_axi_dma(TB_SCENARIO=2,FIFO_DEPTH=256,BATCH_COUNT=4,BATCH_TIMEOUT=64,SINK_STALL_EN=1'b1,SINK_STALL_PERIOD=4,SINK_STALL_READY=1) .dut.u_fifo  File: /get/work/krishna.vardhan/git_trees/mtp_pcie_axi/pcie_axi_dma_latency/design/rtl/axis_fifo.sv Line: 165
Warning: [axis_fifo] FIFO full (depth=256) — upstream back-pressured at t=50255000
Time: 50255 ns  Iteration: 0  Process: /tb_pcie_axi_dma(TB_SCENARIO=2,FIFO_DEPTH=256,BATCH_COUNT=4,BATCH_TIMEOUT=64,SINK_STALL_EN=1'b1,SINK_STALL_PERIOD=4,SINK_STALL_READY=1)/dut/u_fifo/Always163_9  Scope: \tb_pcie_axi_dma(TB_SCENARIO=2,FIFO_DEPTH=256,BATCH_COUNT=4,BATCH_TIMEOUT=64,SINK_STALL_EN=1'b1,SINK_STALL_PERIOD=4,SINK_STALL_READY=1) .dut.u_fifo  File: /get/work/krishna.vardhan/git_trees/mtp_pcie_axi/pcie_axi_dma_latency/design/rtl/axis_fifo.sv Line: 165
Warning: [axis_fifo] FIFO full (depth=256) — upstream back-pressured at t=50275000
Time: 50275 ns  Iteration: 0  Process: /tb_pcie_axi_dma(TB_SCENARIO=2,FIFO_DEPTH=256,BATCH_COUNT=4,BATCH_TIMEOUT=64,SINK_STALL_EN=1'b1,SINK_STALL_PERIOD=4,SINK_STALL_READY=1)/dut/u_fifo/Always163_9  Scope: \tb_pcie_axi_dma(TB_SCENARIO=2,FIFO_DEPTH=256,BATCH_COUNT=4,BATCH_TIMEOUT=64,SINK_STALL_EN=1'b1,SINK_STALL_PERIOD=4,SINK_STALL_READY=1) .dut.u_fifo  File: /get/work/krishna.vardhan/git_trees/mtp_pcie_axi/pcie_axi_dma_latency/design/rtl/axis_fifo.sv Line: 165
Warning: [axis_fifo] FIFO full (depth=256) — upstream back-pressured at t=50285000
Time: 50285 ns  Iteration: 0  Process: /tb_pcie_axi_dma(TB_SCENARIO=2,FIFO_DEPTH=256,BATCH_COUNT=4,BATCH_TIMEOUT=64,SINK_STALL_EN=1'b1,SINK_STALL_PERIOD=4,SINK_STALL_READY=1)/dut/u_fifo/Always163_9  Scope: \tb_pcie_axi_dma(TB_SCENARIO=2,FIFO_DEPTH=256,BATCH_COUNT=4,BATCH_TIMEOUT=64,SINK_STALL_EN=1'b1,SINK_STALL_PERIOD=4,SINK_STALL_READY=1) .dut.u_fifo  File: /get/work/krishna.vardhan/git_trees/mtp_pcie_axi/pcie_axi_dma_latency/design/rtl/axis_fifo.sv Line: 165
Warning: [axis_fifo] FIFO full (depth=256) — upstream back-pressured at t=50295000
Time: 50295 ns  Iteration: 0  Process: /tb_pcie_axi_dma(TB_SCENARIO=2,FIFO_DEPTH=256,BATCH_COUNT=4,BATCH_TIMEOUT=64,SINK_STALL_EN=1'b1,SINK_STALL_PERIOD=4,SINK_STALL_READY=1)/dut/u_fifo/Always163_9  Scope: \tb_pcie_axi_dma(TB_SCENARIO=2,FIFO_DEPTH=256,BATCH_COUNT=4,BATCH_TIMEOUT=64,SINK_STALL_EN=1'b1,SINK_STALL_PERIOD=4,SINK_STALL_READY=1) .dut.u_fifo  File: /get/work/krishna.vardhan/git_trees/mtp_pcie_axi/pcie_axi_dma_latency/design/rtl/axis_fifo.sv Line: 165
Warning: [axis_fifo] FIFO full (depth=256) — upstream back-pressured at t=50315000
Time: 50315 ns  Iteration: 0  Process: /tb_pcie_axi_dma(TB_SCENARIO=2,FIFO_DEPTH=256,BATCH_COUNT=4,BATCH_TIMEOUT=64,SINK_STALL_EN=1'b1,SINK_STALL_PERIOD=4,SINK_STALL_READY=1)/dut/u_fifo/Always163_9  Scope: \tb_pcie_axi_dma(TB_SCENARIO=2,FIFO_DEPTH=256,BATCH_COUNT=4,BATCH_TIMEOUT=64,SINK_STALL_EN=1'b1,SINK_STALL_PERIOD=4,SINK_STALL_READY=1) .dut.u_fifo  File: /get/work/krishna.vardhan/git_trees/mtp_pcie_axi/pcie_axi_dma_latency/design/rtl/axis_fifo.sv Line: 165
Warning: [axis_fifo] FIFO full (depth=256) — upstream back-pressured at t=50325000
Time: 50325 ns  Iteration: 0  Process: /tb_pcie_axi_dma(TB_SCENARIO=2,FIFO_DEPTH=256,BATCH_COUNT=4,BATCH_TIMEOUT=64,SINK_STALL_EN=1'b1,SINK_STALL_PERIOD=4,SINK_STALL_READY=1)/dut/u_fifo/Always163_9  Scope: \tb_pcie_axi_dma(TB_SCENARIO=2,FIFO_DEPTH=256,BATCH_COUNT=4,BATCH_TIMEOUT=64,SINK_STALL_EN=1'b1,SINK_STALL_PERIOD=4,SINK_STALL_READY=1) .dut.u_fifo  File: /get/work/krishna.vardhan/git_trees/mtp_pcie_axi/pcie_axi_dma_latency/design/rtl/axis_fifo.sv Line: 165
Warning: [axis_fifo] FIFO full (depth=256) — upstream back-pressured at t=50335000
Time: 50335 ns  Iteration: 0  Process: /tb_pcie_axi_dma(TB_SCENARIO=2,FIFO_DEPTH=256,BATCH_COUNT=4,BATCH_TIMEOUT=64,SINK_STALL_EN=1'b1,SINK_STALL_PERIOD=4,SINK_STALL_READY=1)/dut/u_fifo/Always163_9  Scope: \tb_pcie_axi_dma(TB_SCENARIO=2,FIFO_DEPTH=256,BATCH_COUNT=4,BATCH_TIMEOUT=64,SINK_STALL_EN=1'b1,SINK_STALL_PERIOD=4,SINK_STALL_READY=1) .dut.u_fifo  File: /get/work/krishna.vardhan/git_trees/mtp_pcie_axi/pcie_axi_dma_latency/design/rtl/axis_fifo.sv Line: 165
Warning: [axis_fifo] FIFO full (depth=256) — upstream back-pressured at t=50355000
Time: 50355 ns  Iteration: 0  Process: /tb_pcie_axi_dma(TB_SCENARIO=2,FIFO_DEPTH=256,BATCH_COUNT=4,BATCH_TIMEOUT=64,SINK_STALL_EN=1'b1,SINK_STALL_PERIOD=4,SINK_STALL_READY=1)/dut/u_fifo/Always163_9  Scope: \tb_pcie_axi_dma(TB_SCENARIO=2,FIFO_DEPTH=256,BATCH_COUNT=4,BATCH_TIMEOUT=64,SINK_STALL_EN=1'b1,SINK_STALL_PERIOD=4,SINK_STALL_READY=1) .dut.u_fifo  File: /get/work/krishna.vardhan/git_trees/mtp_pcie_axi/pcie_axi_dma_latency/design/rtl/axis_fifo.sv Line: 165
Warning: [axis_fifo] FIFO full (depth=256) — upstream back-pressured at t=50365000
Time: 50365 ns  Iteration: 0  Process: /tb_pcie_axi_dma(TB_SCENARIO=2,FIFO_DEPTH=256,BATCH_COUNT=4,BATCH_TIMEOUT=64,SINK_STALL_EN=1'b1,SINK_STALL_PERIOD=4,SINK_STALL_READY=1)/dut/u_fifo/Always163_9  Scope: \tb_pcie_axi_dma(TB_SCENARIO=2,FIFO_DEPTH=256,BATCH_COUNT=4,BATCH_TIMEOUT=64,SINK_STALL_EN=1'b1,SINK_STALL_PERIOD=4,SINK_STALL_READY=1) .dut.u_fifo  File: /get/work/krishna.vardhan/git_trees/mtp_pcie_axi/pcie_axi_dma_latency/design/rtl/axis_fifo.sv Line: 165
Warning: [axis_fifo] FIFO full (depth=256) — upstream back-pressured at t=50375000
Time: 50375 ns  Iteration: 0  Process: /tb_pcie_axi_dma(TB_SCENARIO=2,FIFO_DEPTH=256,BATCH_COUNT=4,BATCH_TIMEOUT=64,SINK_STALL_EN=1'b1,SINK_STALL_PERIOD=4,SINK_STALL_READY=1)/dut/u_fifo/Always163_9  Scope: \tb_pcie_axi_dma(TB_SCENARIO=2,FIFO_DEPTH=256,BATCH_COUNT=4,BATCH_TIMEOUT=64,SINK_STALL_EN=1'b1,SINK_STALL_PERIOD=4,SINK_STALL_READY=1) .dut.u_fifo  File: /get/work/krishna.vardhan/git_trees/mtp_pcie_axi/pcie_axi_dma_latency/design/rtl/axis_fifo.sv Line: 165
Warning: [axis_fifo] FIFO full (depth=256) — upstream back-pressured at t=50395000
Time: 50395 ns  Iteration: 0  Process: /tb_pcie_axi_dma(TB_SCENARIO=2,FIFO_DEPTH=256,BATCH_COUNT=4,BATCH_TIMEOUT=64,SINK_STALL_EN=1'b1,SINK_STALL_PERIOD=4,SINK_STALL_READY=1)/dut/u_fifo/Always163_9  Scope: \tb_pcie_axi_dma(TB_SCENARIO=2,FIFO_DEPTH=256,BATCH_COUNT=4,BATCH_TIMEOUT=64,SINK_STALL_EN=1'b1,SINK_STALL_PERIOD=4,SINK_STALL_READY=1) .dut.u_fifo  File: /get/work/krishna.vardhan/git_trees/mtp_pcie_axi/pcie_axi_dma_latency/design/rtl/axis_fifo.sv Line: 165
Warning: [axis_fifo] FIFO full (depth=256) — upstream back-pressured at t=50405000
Time: 50405 ns  Iteration: 0  Process: /tb_pcie_axi_dma(TB_SCENARIO=2,FIFO_DEPTH=256,BATCH_COUNT=4,BATCH_TIMEOUT=64,SINK_STALL_EN=1'b1,SINK_STALL_PERIOD=4,SINK_STALL_READY=1)/dut/u_fifo/Always163_9  Scope: \tb_pcie_axi_dma(TB_SCENARIO=2,FIFO_DEPTH=256,BATCH_COUNT=4,BATCH_TIMEOUT=64,SINK_STALL_EN=1'b1,SINK_STALL_PERIOD=4,SINK_STALL_READY=1) .dut.u_fifo  File: /get/work/krishna.vardhan/git_trees/mtp_pcie_axi/pcie_axi_dma_latency/design/rtl/axis_fifo.sv Line: 165
Warning: [axis_fifo] FIFO full (depth=256) — upstream back-pressured at t=50415000
Time: 50415 ns  Iteration: 0  Process: /tb_pcie_axi_dma(TB_SCENARIO=2,FIFO_DEPTH=256,BATCH_COUNT=4,BATCH_TIMEOUT=64,SINK_STALL_EN=1'b1,SINK_STALL_PERIOD=4,SINK_STALL_READY=1)/dut/u_fifo/Always163_9  Scope: \tb_pcie_axi_dma(TB_SCENARIO=2,FIFO_DEPTH=256,BATCH_COUNT=4,BATCH_TIMEOUT=64,SINK_STALL_EN=1'b1,SINK_STALL_PERIOD=4,SINK_STALL_READY=1) .dut.u_fifo  File: /get/work/krishna.vardhan/git_trees/mtp_pcie_axi/pcie_axi_dma_latency/design/rtl/axis_fifo.sv Line: 165
Warning: [axis_fifo] FIFO full (depth=256) — upstream back-pressured at t=50435000
Time: 50435 ns  Iteration: 0  Process: /tb_pcie_axi_dma(TB_SCENARIO=2,FIFO_DEPTH=256,BATCH_COUNT=4,BATCH_TIMEOUT=64,SINK_STALL_EN=1'b1,SINK_STALL_PERIOD=4,SINK_STALL_READY=1)/dut/u_fifo/Always163_9  Scope: \tb_pcie_axi_dma(TB_SCENARIO=2,FIFO_DEPTH=256,BATCH_COUNT=4,BATCH_TIMEOUT=64,SINK_STALL_EN=1'b1,SINK_STALL_PERIOD=4,SINK_STALL_READY=1) .dut.u_fifo  File: /get/work/krishna.vardhan/git_trees/mtp_pcie_axi/pcie_axi_dma_latency/design/rtl/axis_fifo.sv Line: 165
Warning: [axis_fifo] FIFO full (depth=256) — upstream back-pressured at t=50445000
Time: 50445 ns  Iteration: 0  Process: /tb_pcie_axi_dma(TB_SCENARIO=2,FIFO_DEPTH=256,BATCH_COUNT=4,BATCH_TIMEOUT=64,SINK_STALL_EN=1'b1,SINK_STALL_PERIOD=4,SINK_STALL_READY=1)/dut/u_fifo/Always163_9  Scope: \tb_pcie_axi_dma(TB_SCENARIO=2,FIFO_DEPTH=256,BATCH_COUNT=4,BATCH_TIMEOUT=64,SINK_STALL_EN=1'b1,SINK_STALL_PERIOD=4,SINK_STALL_READY=1) .dut.u_fifo  File: /get/work/krishna.vardhan/git_trees/mtp_pcie_axi/pcie_axi_dma_latency/design/rtl/axis_fifo.sv Line: 165
Warning: [axis_fifo] FIFO full (depth=256) — upstream back-pressured at t=50455000
Time: 50455 ns  Iteration: 0  Process: /tb_pcie_axi_dma(TB_SCENARIO=2,FIFO_DEPTH=256,BATCH_COUNT=4,BATCH_TIMEOUT=64,SINK_STALL_EN=1'b1,SINK_STALL_PERIOD=4,SINK_STALL_READY=1)/dut/u_fifo/Always163_9  Scope: \tb_pcie_axi_dma(TB_SCENARIO=2,FIFO_DEPTH=256,BATCH_COUNT=4,BATCH_TIMEOUT=64,SINK_STALL_EN=1'b1,SINK_STALL_PERIOD=4,SINK_STALL_READY=1) .dut.u_fifo  File: /get/work/krishna.vardhan/git_trees/mtp_pcie_axi/pcie_axi_dma_latency/design/rtl/axis_fifo.sv Line: 165
Warning: [axis_fifo] FIFO full (depth=256) — upstream back-pressured at t=50475000
Time: 50475 ns  Iteration: 0  Process: /tb_pcie_axi_dma(TB_SCENARIO=2,FIFO_DEPTH=256,BATCH_COUNT=4,BATCH_TIMEOUT=64,SINK_STALL_EN=1'b1,SINK_STALL_PERIOD=4,SINK_STALL_READY=1)/dut/u_fifo/Always163_9  Scope: \tb_pcie_axi_dma(TB_SCENARIO=2,FIFO_DEPTH=256,BATCH_COUNT=4,BATCH_TIMEOUT=64,SINK_STALL_EN=1'b1,SINK_STALL_PERIOD=4,SINK_STALL_READY=1) .dut.u_fifo  File: /get/work/krishna.vardhan/git_trees/mtp_pcie_axi/pcie_axi_dma_latency/design/rtl/axis_fifo.sv Line: 165
Warning: [axis_fifo] FIFO full (depth=256) — upstream back-pressured at t=50485000
Time: 50485 ns  Iteration: 0  Process: /tb_pcie_axi_dma(TB_SCENARIO=2,FIFO_DEPTH=256,BATCH_COUNT=4,BATCH_TIMEOUT=64,SINK_STALL_EN=1'b1,SINK_STALL_PERIOD=4,SINK_STALL_READY=1)/dut/u_fifo/Always163_9  Scope: \tb_pcie_axi_dma(TB_SCENARIO=2,FIFO_DEPTH=256,BATCH_COUNT=4,BATCH_TIMEOUT=64,SINK_STALL_EN=1'b1,SINK_STALL_PERIOD=4,SINK_STALL_READY=1) .dut.u_fifo  File: /get/work/krishna.vardhan/git_trees/mtp_pcie_axi/pcie_axi_dma_latency/design/rtl/axis_fifo.sv Line: 165
Warning: [axis_fifo] FIFO full (depth=256) — upstream back-pressured at t=50495000
Time: 50495 ns  Iteration: 0  Process: /tb_pcie_axi_dma(TB_SCENARIO=2,FIFO_DEPTH=256,BATCH_COUNT=4,BATCH_TIMEOUT=64,SINK_STALL_EN=1'b1,SINK_STALL_PERIOD=4,SINK_STALL_READY=1)/dut/u_fifo/Always163_9  Scope: \tb_pcie_axi_dma(TB_SCENARIO=2,FIFO_DEPTH=256,BATCH_COUNT=4,BATCH_TIMEOUT=64,SINK_STALL_EN=1'b1,SINK_STALL_PERIOD=4,SINK_STALL_READY=1) .dut.u_fifo  File: /get/work/krishna.vardhan/git_trees/mtp_pcie_axi/pcie_axi_dma_latency/design/rtl/axis_fifo.sv Line: 165
Warning: [axis_fifo] FIFO full (depth=256) — upstream back-pressured at t=50515000
Time: 50515 ns  Iteration: 0  Process: /tb_pcie_axi_dma(TB_SCENARIO=2,FIFO_DEPTH=256,BATCH_COUNT=4,BATCH_TIMEOUT=64,SINK_STALL_EN=1'b1,SINK_STALL_PERIOD=4,SINK_STALL_READY=1)/dut/u_fifo/Always163_9  Scope: \tb_pcie_axi_dma(TB_SCENARIO=2,FIFO_DEPTH=256,BATCH_COUNT=4,BATCH_TIMEOUT=64,SINK_STALL_EN=1'b1,SINK_STALL_PERIOD=4,SINK_STALL_READY=1) .dut.u_fifo  File: /get/work/krishna.vardhan/git_trees/mtp_pcie_axi/pcie_axi_dma_latency/design/rtl/axis_fifo.sv Line: 165
Warning: [axis_fifo] FIFO full (depth=256) — upstream back-pressured at t=50525000
Time: 50525 ns  Iteration: 0  Process: /tb_pcie_axi_dma(TB_SCENARIO=2,FIFO_DEPTH=256,BATCH_COUNT=4,BATCH_TIMEOUT=64,SINK_STALL_EN=1'b1,SINK_STALL_PERIOD=4,SINK_STALL_READY=1)/dut/u_fifo/Always163_9  Scope: \tb_pcie_axi_dma(TB_SCENARIO=2,FIFO_DEPTH=256,BATCH_COUNT=4,BATCH_TIMEOUT=64,SINK_STALL_EN=1'b1,SINK_STALL_PERIOD=4,SINK_STALL_READY=1) .dut.u_fifo  File: /get/work/krishna.vardhan/git_trees/mtp_pcie_axi/pcie_axi_dma_latency/design/rtl/axis_fifo.sv Line: 165
Warning: [axis_fifo] FIFO full (depth=256) — upstream back-pressured at t=50535000
Time: 50535 ns  Iteration: 0  Process: /tb_pcie_axi_dma(TB_SCENARIO=2,FIFO_DEPTH=256,BATCH_COUNT=4,BATCH_TIMEOUT=64,SINK_STALL_EN=1'b1,SINK_STALL_PERIOD=4,SINK_STALL_READY=1)/dut/u_fifo/Always163_9  Scope: \tb_pcie_axi_dma(TB_SCENARIO=2,FIFO_DEPTH=256,BATCH_COUNT=4,BATCH_TIMEOUT=64,SINK_STALL_EN=1'b1,SINK_STALL_PERIOD=4,SINK_STALL_READY=1) .dut.u_fifo  File: /get/work/krishna.vardhan/git_trees/mtp_pcie_axi/pcie_axi_dma_latency/design/rtl/axis_fifo.sv Line: 165
Warning: [axis_fifo] FIFO full (depth=256) — upstream back-pressured at t=50555000
Time: 50555 ns  Iteration: 0  Process: /tb_pcie_axi_dma(TB_SCENARIO=2,FIFO_DEPTH=256,BATCH_COUNT=4,BATCH_TIMEOUT=64,SINK_STALL_EN=1'b1,SINK_STALL_PERIOD=4,SINK_STALL_READY=1)/dut/u_fifo/Always163_9  Scope: \tb_pcie_axi_dma(TB_SCENARIO=2,FIFO_DEPTH=256,BATCH_COUNT=4,BATCH_TIMEOUT=64,SINK_STALL_EN=1'b1,SINK_STALL_PERIOD=4,SINK_STALL_READY=1) .dut.u_fifo  File: /get/work/krishna.vardhan/git_trees/mtp_pcie_axi/pcie_axi_dma_latency/design/rtl/axis_fifo.sv Line: 165
Warning: [axis_fifo] FIFO full (depth=256) — upstream back-pressured at t=50565000
Time: 50565 ns  Iteration: 0  Process: /tb_pcie_axi_dma(TB_SCENARIO=2,FIFO_DEPTH=256,BATCH_COUNT=4,BATCH_TIMEOUT=64,SINK_STALL_EN=1'b1,SINK_STALL_PERIOD=4,SINK_STALL_READY=1)/dut/u_fifo/Always163_9  Scope: \tb_pcie_axi_dma(TB_SCENARIO=2,FIFO_DEPTH=256,BATCH_COUNT=4,BATCH_TIMEOUT=64,SINK_STALL_EN=1'b1,SINK_STALL_PERIOD=4,SINK_STALL_READY=1) .dut.u_fifo  File: /get/work/krishna.vardhan/git_trees/mtp_pcie_axi/pcie_axi_dma_latency/design/rtl/axis_fifo.sv Line: 165
Warning: [axis_fifo] FIFO full (depth=256) — upstream back-pressured at t=50575000
Time: 50575 ns  Iteration: 0  Process: /tb_pcie_axi_dma(TB_SCENARIO=2,FIFO_DEPTH=256,BATCH_COUNT=4,BATCH_TIMEOUT=64,SINK_STALL_EN=1'b1,SINK_STALL_PERIOD=4,SINK_STALL_READY=1)/dut/u_fifo/Always163_9  Scope: \tb_pcie_axi_dma(TB_SCENARIO=2,FIFO_DEPTH=256,BATCH_COUNT=4,BATCH_TIMEOUT=64,SINK_STALL_EN=1'b1,SINK_STALL_PERIOD=4,SINK_STALL_READY=1) .dut.u_fifo  File: /get/work/krishna.vardhan/git_trees/mtp_pcie_axi/pcie_axi_dma_latency/design/rtl/axis_fifo.sv Line: 165
Warning: [axis_fifo] FIFO full (depth=256) — upstream back-pressured at t=50595000
Time: 50595 ns  Iteration: 0  Process: /tb_pcie_axi_dma(TB_SCENARIO=2,FIFO_DEPTH=256,BATCH_COUNT=4,BATCH_TIMEOUT=64,SINK_STALL_EN=1'b1,SINK_STALL_PERIOD=4,SINK_STALL_READY=1)/dut/u_fifo/Always163_9  Scope: \tb_pcie_axi_dma(TB_SCENARIO=2,FIFO_DEPTH=256,BATCH_COUNT=4,BATCH_TIMEOUT=64,SINK_STALL_EN=1'b1,SINK_STALL_PERIOD=4,SINK_STALL_READY=1) .dut.u_fifo  File: /get/work/krishna.vardhan/git_trees/mtp_pcie_axi/pcie_axi_dma_latency/design/rtl/axis_fifo.sv Line: 165
Warning: [axis_fifo] FIFO full (depth=256) — upstream back-pressured at t=50605000
Time: 50605 ns  Iteration: 0  Process: /tb_pcie_axi_dma(TB_SCENARIO=2,FIFO_DEPTH=256,BATCH_COUNT=4,BATCH_TIMEOUT=64,SINK_STALL_EN=1'b1,SINK_STALL_PERIOD=4,SINK_STALL_READY=1)/dut/u_fifo/Always163_9  Scope: \tb_pcie_axi_dma(TB_SCENARIO=2,FIFO_DEPTH=256,BATCH_COUNT=4,BATCH_TIMEOUT=64,SINK_STALL_EN=1'b1,SINK_STALL_PERIOD=4,SINK_STALL_READY=1) .dut.u_fifo  File: /get/work/krishna.vardhan/git_trees/mtp_pcie_axi/pcie_axi_dma_latency/design/rtl/axis_fifo.sv Line: 165
Warning: [axis_fifo] FIFO full (depth=256) — upstream back-pressured at t=50615000
Time: 50615 ns  Iteration: 0  Process: /tb_pcie_axi_dma(TB_SCENARIO=2,FIFO_DEPTH=256,BATCH_COUNT=4,BATCH_TIMEOUT=64,SINK_STALL_EN=1'b1,SINK_STALL_PERIOD=4,SINK_STALL_READY=1)/dut/u_fifo/Always163_9  Scope: \tb_pcie_axi_dma(TB_SCENARIO=2,FIFO_DEPTH=256,BATCH_COUNT=4,BATCH_TIMEOUT=64,SINK_STALL_EN=1'b1,SINK_STALL_PERIOD=4,SINK_STALL_READY=1) .dut.u_fifo  File: /get/work/krishna.vardhan/git_trees/mtp_pcie_axi/pcie_axi_dma_latency/design/rtl/axis_fifo.sv Line: 165
Warning: [axis_fifo] FIFO full (depth=256) — upstream back-pressured at t=50635000
Time: 50635 ns  Iteration: 0  Process: /tb_pcie_axi_dma(TB_SCENARIO=2,FIFO_DEPTH=256,BATCH_COUNT=4,BATCH_TIMEOUT=64,SINK_STALL_EN=1'b1,SINK_STALL_PERIOD=4,SINK_STALL_READY=1)/dut/u_fifo/Always163_9  Scope: \tb_pcie_axi_dma(TB_SCENARIO=2,FIFO_DEPTH=256,BATCH_COUNT=4,BATCH_TIMEOUT=64,SINK_STALL_EN=1'b1,SINK_STALL_PERIOD=4,SINK_STALL_READY=1) .dut.u_fifo  File: /get/work/krishna.vardhan/git_trees/mtp_pcie_axi/pcie_axi_dma_latency/design/rtl/axis_fifo.sv Line: 165
Warning: [axis_fifo] FIFO full (depth=256) — upstream back-pressured at t=50645000
Time: 50645 ns  Iteration: 0  Process: /tb_pcie_axi_dma(TB_SCENARIO=2,FIFO_DEPTH=256,BATCH_COUNT=4,BATCH_TIMEOUT=64,SINK_STALL_EN=1'b1,SINK_STALL_PERIOD=4,SINK_STALL_READY=1)/dut/u_fifo/Always163_9  Scope: \tb_pcie_axi_dma(TB_SCENARIO=2,FIFO_DEPTH=256,BATCH_COUNT=4,BATCH_TIMEOUT=64,SINK_STALL_EN=1'b1,SINK_STALL_PERIOD=4,SINK_STALL_READY=1) .dut.u_fifo  File: /get/work/krishna.vardhan/git_trees/mtp_pcie_axi/pcie_axi_dma_latency/design/rtl/axis_fifo.sv Line: 165
Warning: [axis_fifo] FIFO full (depth=256) — upstream back-pressured at t=50655000
Time: 50655 ns  Iteration: 0  Process: /tb_pcie_axi_dma(TB_SCENARIO=2,FIFO_DEPTH=256,BATCH_COUNT=4,BATCH_TIMEOUT=64,SINK_STALL_EN=1'b1,SINK_STALL_PERIOD=4,SINK_STALL_READY=1)/dut/u_fifo/Always163_9  Scope: \tb_pcie_axi_dma(TB_SCENARIO=2,FIFO_DEPTH=256,BATCH_COUNT=4,BATCH_TIMEOUT=64,SINK_STALL_EN=1'b1,SINK_STALL_PERIOD=4,SINK_STALL_READY=1) .dut.u_fifo  File: /get/work/krishna.vardhan/git_trees/mtp_pcie_axi/pcie_axi_dma_latency/design/rtl/axis_fifo.sv Line: 165
Warning: [axis_fifo] FIFO full (depth=256) — upstream back-pressured at t=50675000
Time: 50675 ns  Iteration: 0  Process: /tb_pcie_axi_dma(TB_SCENARIO=2,FIFO_DEPTH=256,BATCH_COUNT=4,BATCH_TIMEOUT=64,SINK_STALL_EN=1'b1,SINK_STALL_PERIOD=4,SINK_STALL_READY=1)/dut/u_fifo/Always163_9  Scope: \tb_pcie_axi_dma(TB_SCENARIO=2,FIFO_DEPTH=256,BATCH_COUNT=4,BATCH_TIMEOUT=64,SINK_STALL_EN=1'b1,SINK_STALL_PERIOD=4,SINK_STALL_READY=1) .dut.u_fifo  File: /get/work/krishna.vardhan/git_trees/mtp_pcie_axi/pcie_axi_dma_latency/design/rtl/axis_fifo.sv Line: 165
Warning: [axis_fifo] FIFO full (depth=256) — upstream back-pressured at t=50685000
Time: 50685 ns  Iteration: 0  Process: /tb_pcie_axi_dma(TB_SCENARIO=2,FIFO_DEPTH=256,BATCH_COUNT=4,BATCH_TIMEOUT=64,SINK_STALL_EN=1'b1,SINK_STALL_PERIOD=4,SINK_STALL_READY=1)/dut/u_fifo/Always163_9  Scope: \tb_pcie_axi_dma(TB_SCENARIO=2,FIFO_DEPTH=256,BATCH_COUNT=4,BATCH_TIMEOUT=64,SINK_STALL_EN=1'b1,SINK_STALL_PERIOD=4,SINK_STALL_READY=1) .dut.u_fifo  File: /get/work/krishna.vardhan/git_trees/mtp_pcie_axi/pcie_axi_dma_latency/design/rtl/axis_fifo.sv Line: 165
Warning: [axis_fifo] FIFO full (depth=256) — upstream back-pressured at t=50695000
Time: 50695 ns  Iteration: 0  Process: /tb_pcie_axi_dma(TB_SCENARIO=2,FIFO_DEPTH=256,BATCH_COUNT=4,BATCH_TIMEOUT=64,SINK_STALL_EN=1'b1,SINK_STALL_PERIOD=4,SINK_STALL_READY=1)/dut/u_fifo/Always163_9  Scope: \tb_pcie_axi_dma(TB_SCENARIO=2,FIFO_DEPTH=256,BATCH_COUNT=4,BATCH_TIMEOUT=64,SINK_STALL_EN=1'b1,SINK_STALL_PERIOD=4,SINK_STALL_READY=1) .dut.u_fifo  File: /get/work/krishna.vardhan/git_trees/mtp_pcie_axi/pcie_axi_dma_latency/design/rtl/axis_fifo.sv Line: 165
Warning: [axis_fifo] FIFO full (depth=256) — upstream back-pressured at t=50715000
Time: 50715 ns  Iteration: 0  Process: /tb_pcie_axi_dma(TB_SCENARIO=2,FIFO_DEPTH=256,BATCH_COUNT=4,BATCH_TIMEOUT=64,SINK_STALL_EN=1'b1,SINK_STALL_PERIOD=4,SINK_STALL_READY=1)/dut/u_fifo/Always163_9  Scope: \tb_pcie_axi_dma(TB_SCENARIO=2,FIFO_DEPTH=256,BATCH_COUNT=4,BATCH_TIMEOUT=64,SINK_STALL_EN=1'b1,SINK_STALL_PERIOD=4,SINK_STALL_READY=1) .dut.u_fifo  File: /get/work/krishna.vardhan/git_trees/mtp_pcie_axi/pcie_axi_dma_latency/design/rtl/axis_fifo.sv Line: 165
Warning: [axis_fifo] FIFO full (depth=256) — upstream back-pressured at t=50725000
Time: 50725 ns  Iteration: 0  Process: /tb_pcie_axi_dma(TB_SCENARIO=2,FIFO_DEPTH=256,BATCH_COUNT=4,BATCH_TIMEOUT=64,SINK_STALL_EN=1'b1,SINK_STALL_PERIOD=4,SINK_STALL_READY=1)/dut/u_fifo/Always163_9  Scope: \tb_pcie_axi_dma(TB_SCENARIO=2,FIFO_DEPTH=256,BATCH_COUNT=4,BATCH_TIMEOUT=64,SINK_STALL_EN=1'b1,SINK_STALL_PERIOD=4,SINK_STALL_READY=1) .dut.u_fifo  File: /get/work/krishna.vardhan/git_trees/mtp_pcie_axi/pcie_axi_dma_latency/design/rtl/axis_fifo.sv Line: 165
Warning: [axis_fifo] FIFO full (depth=256) — upstream back-pressured at t=50735000
Time: 50735 ns  Iteration: 0  Process: /tb_pcie_axi_dma(TB_SCENARIO=2,FIFO_DEPTH=256,BATCH_COUNT=4,BATCH_TIMEOUT=64,SINK_STALL_EN=1'b1,SINK_STALL_PERIOD=4,SINK_STALL_READY=1)/dut/u_fifo/Always163_9  Scope: \tb_pcie_axi_dma(TB_SCENARIO=2,FIFO_DEPTH=256,BATCH_COUNT=4,BATCH_TIMEOUT=64,SINK_STALL_EN=1'b1,SINK_STALL_PERIOD=4,SINK_STALL_READY=1) .dut.u_fifo  File: /get/work/krishna.vardhan/git_trees/mtp_pcie_axi/pcie_axi_dma_latency/design/rtl/axis_fifo.sv Line: 165
Warning: [axis_fifo] FIFO full (depth=256) — upstream back-pressured at t=50755000
Time: 50755 ns  Iteration: 0  Process: /tb_pcie_axi_dma(TB_SCENARIO=2,FIFO_DEPTH=256,BATCH_COUNT=4,BATCH_TIMEOUT=64,SINK_STALL_EN=1'b1,SINK_STALL_PERIOD=4,SINK_STALL_READY=1)/dut/u_fifo/Always163_9  Scope: \tb_pcie_axi_dma(TB_SCENARIO=2,FIFO_DEPTH=256,BATCH_COUNT=4,BATCH_TIMEOUT=64,SINK_STALL_EN=1'b1,SINK_STALL_PERIOD=4,SINK_STALL_READY=1) .dut.u_fifo  File: /get/work/krishna.vardhan/git_trees/mtp_pcie_axi/pcie_axi_dma_latency/design/rtl/axis_fifo.sv Line: 165
Warning: [axis_fifo] FIFO full (depth=256) — upstream back-pressured at t=50765000
Time: 50765 ns  Iteration: 0  Process: /tb_pcie_axi_dma(TB_SCENARIO=2,FIFO_DEPTH=256,BATCH_COUNT=4,BATCH_TIMEOUT=64,SINK_STALL_EN=1'b1,SINK_STALL_PERIOD=4,SINK_STALL_READY=1)/dut/u_fifo/Always163_9  Scope: \tb_pcie_axi_dma(TB_SCENARIO=2,FIFO_DEPTH=256,BATCH_COUNT=4,BATCH_TIMEOUT=64,SINK_STALL_EN=1'b1,SINK_STALL_PERIOD=4,SINK_STALL_READY=1) .dut.u_fifo  File: /get/work/krishna.vardhan/git_trees/mtp_pcie_axi/pcie_axi_dma_latency/design/rtl/axis_fifo.sv Line: 165
Warning: [axis_fifo] FIFO full (depth=256) — upstream back-pressured at t=50775000
Time: 50775 ns  Iteration: 0  Process: /tb_pcie_axi_dma(TB_SCENARIO=2,FIFO_DEPTH=256,BATCH_COUNT=4,BATCH_TIMEOUT=64,SINK_STALL_EN=1'b1,SINK_STALL_PERIOD=4,SINK_STALL_READY=1)/dut/u_fifo/Always163_9  Scope: \tb_pcie_axi_dma(TB_SCENARIO=2,FIFO_DEPTH=256,BATCH_COUNT=4,BATCH_TIMEOUT=64,SINK_STALL_EN=1'b1,SINK_STALL_PERIOD=4,SINK_STALL_READY=1) .dut.u_fifo  File: /get/work/krishna.vardhan/git_trees/mtp_pcie_axi/pcie_axi_dma_latency/design/rtl/axis_fifo.sv Line: 165
Warning: [axis_fifo] FIFO full (depth=256) — upstream back-pressured at t=50795000
Time: 50795 ns  Iteration: 0  Process: /tb_pcie_axi_dma(TB_SCENARIO=2,FIFO_DEPTH=256,BATCH_COUNT=4,BATCH_TIMEOUT=64,SINK_STALL_EN=1'b1,SINK_STALL_PERIOD=4,SINK_STALL_READY=1)/dut/u_fifo/Always163_9  Scope: \tb_pcie_axi_dma(TB_SCENARIO=2,FIFO_DEPTH=256,BATCH_COUNT=4,BATCH_TIMEOUT=64,SINK_STALL_EN=1'b1,SINK_STALL_PERIOD=4,SINK_STALL_READY=1) .dut.u_fifo  File: /get/work/krishna.vardhan/git_trees/mtp_pcie_axi/pcie_axi_dma_latency/design/rtl/axis_fifo.sv Line: 165
Warning: [axis_fifo] FIFO full (depth=256) — upstream back-pressured at t=50805000
Time: 50805 ns  Iteration: 0  Process: /tb_pcie_axi_dma(TB_SCENARIO=2,FIFO_DEPTH=256,BATCH_COUNT=4,BATCH_TIMEOUT=64,SINK_STALL_EN=1'b1,SINK_STALL_PERIOD=4,SINK_STALL_READY=1)/dut/u_fifo/Always163_9  Scope: \tb_pcie_axi_dma(TB_SCENARIO=2,FIFO_DEPTH=256,BATCH_COUNT=4,BATCH_TIMEOUT=64,SINK_STALL_EN=1'b1,SINK_STALL_PERIOD=4,SINK_STALL_READY=1) .dut.u_fifo  File: /get/work/krishna.vardhan/git_trees/mtp_pcie_axi/pcie_axi_dma_latency/design/rtl/axis_fifo.sv Line: 165
Warning: [axis_fifo] FIFO full (depth=256) — upstream back-pressured at t=50815000
Time: 50815 ns  Iteration: 0  Process: /tb_pcie_axi_dma(TB_SCENARIO=2,FIFO_DEPTH=256,BATCH_COUNT=4,BATCH_TIMEOUT=64,SINK_STALL_EN=1'b1,SINK_STALL_PERIOD=4,SINK_STALL_READY=1)/dut/u_fifo/Always163_9  Scope: \tb_pcie_axi_dma(TB_SCENARIO=2,FIFO_DEPTH=256,BATCH_COUNT=4,BATCH_TIMEOUT=64,SINK_STALL_EN=1'b1,SINK_STALL_PERIOD=4,SINK_STALL_READY=1) .dut.u_fifo  File: /get/work/krishna.vardhan/git_trees/mtp_pcie_axi/pcie_axi_dma_latency/design/rtl/axis_fifo.sv Line: 165
Warning: [axis_fifo] FIFO full (depth=256) — upstream back-pressured at t=50835000
Time: 50835 ns  Iteration: 0  Process: /tb_pcie_axi_dma(TB_SCENARIO=2,FIFO_DEPTH=256,BATCH_COUNT=4,BATCH_TIMEOUT=64,SINK_STALL_EN=1'b1,SINK_STALL_PERIOD=4,SINK_STALL_READY=1)/dut/u_fifo/Always163_9  Scope: \tb_pcie_axi_dma(TB_SCENARIO=2,FIFO_DEPTH=256,BATCH_COUNT=4,BATCH_TIMEOUT=64,SINK_STALL_EN=1'b1,SINK_STALL_PERIOD=4,SINK_STALL_READY=1) .dut.u_fifo  File: /get/work/krishna.vardhan/git_trees/mtp_pcie_axi/pcie_axi_dma_latency/design/rtl/axis_fifo.sv Line: 165
Warning: [axis_fifo] FIFO full (depth=256) — upstream back-pressured at t=50845000
Time: 50845 ns  Iteration: 0  Process: /tb_pcie_axi_dma(TB_SCENARIO=2,FIFO_DEPTH=256,BATCH_COUNT=4,BATCH_TIMEOUT=64,SINK_STALL_EN=1'b1,SINK_STALL_PERIOD=4,SINK_STALL_READY=1)/dut/u_fifo/Always163_9  Scope: \tb_pcie_axi_dma(TB_SCENARIO=2,FIFO_DEPTH=256,BATCH_COUNT=4,BATCH_TIMEOUT=64,SINK_STALL_EN=1'b1,SINK_STALL_PERIOD=4,SINK_STALL_READY=1) .dut.u_fifo  File: /get/work/krishna.vardhan/git_trees/mtp_pcie_axi/pcie_axi_dma_latency/design/rtl/axis_fifo.sv Line: 165
Warning: [axis_fifo] FIFO full (depth=256) — upstream back-pressured at t=50855000
Time: 50855 ns  Iteration: 0  Process: /tb_pcie_axi_dma(TB_SCENARIO=2,FIFO_DEPTH=256,BATCH_COUNT=4,BATCH_TIMEOUT=64,SINK_STALL_EN=1'b1,SINK_STALL_PERIOD=4,SINK_STALL_READY=1)/dut/u_fifo/Always163_9  Scope: \tb_pcie_axi_dma(TB_SCENARIO=2,FIFO_DEPTH=256,BATCH_COUNT=4,BATCH_TIMEOUT=64,SINK_STALL_EN=1'b1,SINK_STALL_PERIOD=4,SINK_STALL_READY=1) .dut.u_fifo  File: /get/work/krishna.vardhan/git_trees/mtp_pcie_axi/pcie_axi_dma_latency/design/rtl/axis_fifo.sv Line: 165
Warning: [axis_fifo] FIFO full (depth=256) — upstream back-pressured at t=50875000
Time: 50875 ns  Iteration: 0  Process: /tb_pcie_axi_dma(TB_SCENARIO=2,FIFO_DEPTH=256,BATCH_COUNT=4,BATCH_TIMEOUT=64,SINK_STALL_EN=1'b1,SINK_STALL_PERIOD=4,SINK_STALL_READY=1)/dut/u_fifo/Always163_9  Scope: \tb_pcie_axi_dma(TB_SCENARIO=2,FIFO_DEPTH=256,BATCH_COUNT=4,BATCH_TIMEOUT=64,SINK_STALL_EN=1'b1,SINK_STALL_PERIOD=4,SINK_STALL_READY=1) .dut.u_fifo  File: /get/work/krishna.vardhan/git_trees/mtp_pcie_axi/pcie_axi_dma_latency/design/rtl/axis_fifo.sv Line: 165
Warning: [axis_fifo] FIFO full (depth=256) — upstream back-pressured at t=50885000
Time: 50885 ns  Iteration: 0  Process: /tb_pcie_axi_dma(TB_SCENARIO=2,FIFO_DEPTH=256,BATCH_COUNT=4,BATCH_TIMEOUT=64,SINK_STALL_EN=1'b1,SINK_STALL_PERIOD=4,SINK_STALL_READY=1)/dut/u_fifo/Always163_9  Scope: \tb_pcie_axi_dma(TB_SCENARIO=2,FIFO_DEPTH=256,BATCH_COUNT=4,BATCH_TIMEOUT=64,SINK_STALL_EN=1'b1,SINK_STALL_PERIOD=4,SINK_STALL_READY=1) .dut.u_fifo  File: /get/work/krishna.vardhan/git_trees/mtp_pcie_axi/pcie_axi_dma_latency/design/rtl/axis_fifo.sv Line: 165
Warning: [axis_fifo] FIFO full (depth=256) — upstream back-pressured at t=50895000
Time: 50895 ns  Iteration: 0  Process: /tb_pcie_axi_dma(TB_SCENARIO=2,FIFO_DEPTH=256,BATCH_COUNT=4,BATCH_TIMEOUT=64,SINK_STALL_EN=1'b1,SINK_STALL_PERIOD=4,SINK_STALL_READY=1)/dut/u_fifo/Always163_9  Scope: \tb_pcie_axi_dma(TB_SCENARIO=2,FIFO_DEPTH=256,BATCH_COUNT=4,BATCH_TIMEOUT=64,SINK_STALL_EN=1'b1,SINK_STALL_PERIOD=4,SINK_STALL_READY=1) .dut.u_fifo  File: /get/work/krishna.vardhan/git_trees/mtp_pcie_axi/pcie_axi_dma_latency/design/rtl/axis_fifo.sv Line: 165
Warning: [axis_fifo] FIFO full (depth=256) — upstream back-pressured at t=50915000
Time: 50915 ns  Iteration: 0  Process: /tb_pcie_axi_dma(TB_SCENARIO=2,FIFO_DEPTH=256,BATCH_COUNT=4,BATCH_TIMEOUT=64,SINK_STALL_EN=1'b1,SINK_STALL_PERIOD=4,SINK_STALL_READY=1)/dut/u_fifo/Always163_9  Scope: \tb_pcie_axi_dma(TB_SCENARIO=2,FIFO_DEPTH=256,BATCH_COUNT=4,BATCH_TIMEOUT=64,SINK_STALL_EN=1'b1,SINK_STALL_PERIOD=4,SINK_STALL_READY=1) .dut.u_fifo  File: /get/work/krishna.vardhan/git_trees/mtp_pcie_axi/pcie_axi_dma_latency/design/rtl/axis_fifo.sv Line: 165
Warning: [axis_fifo] FIFO full (depth=256) — upstream back-pressured at t=50925000
Time: 50925 ns  Iteration: 0  Process: /tb_pcie_axi_dma(TB_SCENARIO=2,FIFO_DEPTH=256,BATCH_COUNT=4,BATCH_TIMEOUT=64,SINK_STALL_EN=1'b1,SINK_STALL_PERIOD=4,SINK_STALL_READY=1)/dut/u_fifo/Always163_9  Scope: \tb_pcie_axi_dma(TB_SCENARIO=2,FIFO_DEPTH=256,BATCH_COUNT=4,BATCH_TIMEOUT=64,SINK_STALL_EN=1'b1,SINK_STALL_PERIOD=4,SINK_STALL_READY=1) .dut.u_fifo  File: /get/work/krishna.vardhan/git_trees/mtp_pcie_axi/pcie_axi_dma_latency/design/rtl/axis_fifo.sv Line: 165
Warning: [axis_fifo] FIFO full (depth=256) — upstream back-pressured at t=50935000
Time: 50935 ns  Iteration: 0  Process: /tb_pcie_axi_dma(TB_SCENARIO=2,FIFO_DEPTH=256,BATCH_COUNT=4,BATCH_TIMEOUT=64,SINK_STALL_EN=1'b1,SINK_STALL_PERIOD=4,SINK_STALL_READY=1)/dut/u_fifo/Always163_9  Scope: \tb_pcie_axi_dma(TB_SCENARIO=2,FIFO_DEPTH=256,BATCH_COUNT=4,BATCH_TIMEOUT=64,SINK_STALL_EN=1'b1,SINK_STALL_PERIOD=4,SINK_STALL_READY=1) .dut.u_fifo  File: /get/work/krishna.vardhan/git_trees/mtp_pcie_axi/pcie_axi_dma_latency/design/rtl/axis_fifo.sv Line: 165
Warning: [axis_fifo] FIFO full (depth=256) — upstream back-pressured at t=50955000
Time: 50955 ns  Iteration: 0  Process: /tb_pcie_axi_dma(TB_SCENARIO=2,FIFO_DEPTH=256,BATCH_COUNT=4,BATCH_TIMEOUT=64,SINK_STALL_EN=1'b1,SINK_STALL_PERIOD=4,SINK_STALL_READY=1)/dut/u_fifo/Always163_9  Scope: \tb_pcie_axi_dma(TB_SCENARIO=2,FIFO_DEPTH=256,BATCH_COUNT=4,BATCH_TIMEOUT=64,SINK_STALL_EN=1'b1,SINK_STALL_PERIOD=4,SINK_STALL_READY=1) .dut.u_fifo  File: /get/work/krishna.vardhan/git_trees/mtp_pcie_axi/pcie_axi_dma_latency/design/rtl/axis_fifo.sv Line: 165
Warning: [axis_fifo] FIFO full (depth=256) — upstream back-pressured at t=50965000
Time: 50965 ns  Iteration: 0  Process: /tb_pcie_axi_dma(TB_SCENARIO=2,FIFO_DEPTH=256,BATCH_COUNT=4,BATCH_TIMEOUT=64,SINK_STALL_EN=1'b1,SINK_STALL_PERIOD=4,SINK_STALL_READY=1)/dut/u_fifo/Always163_9  Scope: \tb_pcie_axi_dma(TB_SCENARIO=2,FIFO_DEPTH=256,BATCH_COUNT=4,BATCH_TIMEOUT=64,SINK_STALL_EN=1'b1,SINK_STALL_PERIOD=4,SINK_STALL_READY=1) .dut.u_fifo  File: /get/work/krishna.vardhan/git_trees/mtp_pcie_axi/pcie_axi_dma_latency/design/rtl/axis_fifo.sv Line: 165
Warning: [axis_fifo] FIFO full (depth=256) — upstream back-pressured at t=50975000
Time: 50975 ns  Iteration: 0  Process: /tb_pcie_axi_dma(TB_SCENARIO=2,FIFO_DEPTH=256,BATCH_COUNT=4,BATCH_TIMEOUT=64,SINK_STALL_EN=1'b1,SINK_STALL_PERIOD=4,SINK_STALL_READY=1)/dut/u_fifo/Always163_9  Scope: \tb_pcie_axi_dma(TB_SCENARIO=2,FIFO_DEPTH=256,BATCH_COUNT=4,BATCH_TIMEOUT=64,SINK_STALL_EN=1'b1,SINK_STALL_PERIOD=4,SINK_STALL_READY=1) .dut.u_fifo  File: /get/work/krishna.vardhan/git_trees/mtp_pcie_axi/pcie_axi_dma_latency/design/rtl/axis_fifo.sv Line: 165
Warning: [axis_fifo] FIFO full (depth=256) — upstream back-pressured at t=50995000
Time: 50995 ns  Iteration: 0  Process: /tb_pcie_axi_dma(TB_SCENARIO=2,FIFO_DEPTH=256,BATCH_COUNT=4,BATCH_TIMEOUT=64,SINK_STALL_EN=1'b1,SINK_STALL_PERIOD=4,SINK_STALL_READY=1)/dut/u_fifo/Always163_9  Scope: \tb_pcie_axi_dma(TB_SCENARIO=2,FIFO_DEPTH=256,BATCH_COUNT=4,BATCH_TIMEOUT=64,SINK_STALL_EN=1'b1,SINK_STALL_PERIOD=4,SINK_STALL_READY=1) .dut.u_fifo  File: /get/work/krishna.vardhan/git_trees/mtp_pcie_axi/pcie_axi_dma_latency/design/rtl/axis_fifo.sv Line: 165
Warning: [axis_fifo] FIFO full (depth=256) — upstream back-pressured at t=51005000
Time: 51005 ns  Iteration: 0  Process: /tb_pcie_axi_dma(TB_SCENARIO=2,FIFO_DEPTH=256,BATCH_COUNT=4,BATCH_TIMEOUT=64,SINK_STALL_EN=1'b1,SINK_STALL_PERIOD=4,SINK_STALL_READY=1)/dut/u_fifo/Always163_9  Scope: \tb_pcie_axi_dma(TB_SCENARIO=2,FIFO_DEPTH=256,BATCH_COUNT=4,BATCH_TIMEOUT=64,SINK_STALL_EN=1'b1,SINK_STALL_PERIOD=4,SINK_STALL_READY=1) .dut.u_fifo  File: /get/work/krishna.vardhan/git_trees/mtp_pcie_axi/pcie_axi_dma_latency/design/rtl/axis_fifo.sv Line: 165
Warning: [axis_fifo] FIFO full (depth=256) — upstream back-pressured at t=51015000
Time: 51015 ns  Iteration: 0  Process: /tb_pcie_axi_dma(TB_SCENARIO=2,FIFO_DEPTH=256,BATCH_COUNT=4,BATCH_TIMEOUT=64,SINK_STALL_EN=1'b1,SINK_STALL_PERIOD=4,SINK_STALL_READY=1)/dut/u_fifo/Always163_9  Scope: \tb_pcie_axi_dma(TB_SCENARIO=2,FIFO_DEPTH=256,BATCH_COUNT=4,BATCH_TIMEOUT=64,SINK_STALL_EN=1'b1,SINK_STALL_PERIOD=4,SINK_STALL_READY=1) .dut.u_fifo  File: /get/work/krishna.vardhan/git_trees/mtp_pcie_axi/pcie_axi_dma_latency/design/rtl/axis_fifo.sv Line: 165
Warning: [axis_fifo] FIFO full (depth=256) — upstream back-pressured at t=51035000
Time: 51035 ns  Iteration: 0  Process: /tb_pcie_axi_dma(TB_SCENARIO=2,FIFO_DEPTH=256,BATCH_COUNT=4,BATCH_TIMEOUT=64,SINK_STALL_EN=1'b1,SINK_STALL_PERIOD=4,SINK_STALL_READY=1)/dut/u_fifo/Always163_9  Scope: \tb_pcie_axi_dma(TB_SCENARIO=2,FIFO_DEPTH=256,BATCH_COUNT=4,BATCH_TIMEOUT=64,SINK_STALL_EN=1'b1,SINK_STALL_PERIOD=4,SINK_STALL_READY=1) .dut.u_fifo  File: /get/work/krishna.vardhan/git_trees/mtp_pcie_axi/pcie_axi_dma_latency/design/rtl/axis_fifo.sv Line: 165
Warning: [axis_fifo] FIFO full (depth=256) — upstream back-pressured at t=51045000
Time: 51045 ns  Iteration: 0  Process: /tb_pcie_axi_dma(TB_SCENARIO=2,FIFO_DEPTH=256,BATCH_COUNT=4,BATCH_TIMEOUT=64,SINK_STALL_EN=1'b1,SINK_STALL_PERIOD=4,SINK_STALL_READY=1)/dut/u_fifo/Always163_9  Scope: \tb_pcie_axi_dma(TB_SCENARIO=2,FIFO_DEPTH=256,BATCH_COUNT=4,BATCH_TIMEOUT=64,SINK_STALL_EN=1'b1,SINK_STALL_PERIOD=4,SINK_STALL_READY=1) .dut.u_fifo  File: /get/work/krishna.vardhan/git_trees/mtp_pcie_axi/pcie_axi_dma_latency/design/rtl/axis_fifo.sv Line: 165
Warning: [axis_fifo] FIFO full (depth=256) — upstream back-pressured at t=51055000
Time: 51055 ns  Iteration: 0  Process: /tb_pcie_axi_dma(TB_SCENARIO=2,FIFO_DEPTH=256,BATCH_COUNT=4,BATCH_TIMEOUT=64,SINK_STALL_EN=1'b1,SINK_STALL_PERIOD=4,SINK_STALL_READY=1)/dut/u_fifo/Always163_9  Scope: \tb_pcie_axi_dma(TB_SCENARIO=2,FIFO_DEPTH=256,BATCH_COUNT=4,BATCH_TIMEOUT=64,SINK_STALL_EN=1'b1,SINK_STALL_PERIOD=4,SINK_STALL_READY=1) .dut.u_fifo  File: /get/work/krishna.vardhan/git_trees/mtp_pcie_axi/pcie_axi_dma_latency/design/rtl/axis_fifo.sv Line: 165
Warning: [axis_fifo] FIFO full (depth=256) — upstream back-pressured at t=51075000
Time: 51075 ns  Iteration: 0  Process: /tb_pcie_axi_dma(TB_SCENARIO=2,FIFO_DEPTH=256,BATCH_COUNT=4,BATCH_TIMEOUT=64,SINK_STALL_EN=1'b1,SINK_STALL_PERIOD=4,SINK_STALL_READY=1)/dut/u_fifo/Always163_9  Scope: \tb_pcie_axi_dma(TB_SCENARIO=2,FIFO_DEPTH=256,BATCH_COUNT=4,BATCH_TIMEOUT=64,SINK_STALL_EN=1'b1,SINK_STALL_PERIOD=4,SINK_STALL_READY=1) .dut.u_fifo  File: /get/work/krishna.vardhan/git_trees/mtp_pcie_axi/pcie_axi_dma_latency/design/rtl/axis_fifo.sv Line: 165
Warning: [axis_fifo] FIFO full (depth=256) — upstream back-pressured at t=51085000
Time: 51085 ns  Iteration: 0  Process: /tb_pcie_axi_dma(TB_SCENARIO=2,FIFO_DEPTH=256,BATCH_COUNT=4,BATCH_TIMEOUT=64,SINK_STALL_EN=1'b1,SINK_STALL_PERIOD=4,SINK_STALL_READY=1)/dut/u_fifo/Always163_9  Scope: \tb_pcie_axi_dma(TB_SCENARIO=2,FIFO_DEPTH=256,BATCH_COUNT=4,BATCH_TIMEOUT=64,SINK_STALL_EN=1'b1,SINK_STALL_PERIOD=4,SINK_STALL_READY=1) .dut.u_fifo  File: /get/work/krishna.vardhan/git_trees/mtp_pcie_axi/pcie_axi_dma_latency/design/rtl/axis_fifo.sv Line: 165
Warning: [axis_fifo] FIFO full (depth=256) — upstream back-pressured at t=51095000
Time: 51095 ns  Iteration: 0  Process: /tb_pcie_axi_dma(TB_SCENARIO=2,FIFO_DEPTH=256,BATCH_COUNT=4,BATCH_TIMEOUT=64,SINK_STALL_EN=1'b1,SINK_STALL_PERIOD=4,SINK_STALL_READY=1)/dut/u_fifo/Always163_9  Scope: \tb_pcie_axi_dma(TB_SCENARIO=2,FIFO_DEPTH=256,BATCH_COUNT=4,BATCH_TIMEOUT=64,SINK_STALL_EN=1'b1,SINK_STALL_PERIOD=4,SINK_STALL_READY=1) .dut.u_fifo  File: /get/work/krishna.vardhan/git_trees/mtp_pcie_axi/pcie_axi_dma_latency/design/rtl/axis_fifo.sv Line: 165
Warning: [axis_fifo] FIFO full (depth=256) — upstream back-pressured at t=51115000
Time: 51115 ns  Iteration: 0  Process: /tb_pcie_axi_dma(TB_SCENARIO=2,FIFO_DEPTH=256,BATCH_COUNT=4,BATCH_TIMEOUT=64,SINK_STALL_EN=1'b1,SINK_STALL_PERIOD=4,SINK_STALL_READY=1)/dut/u_fifo/Always163_9  Scope: \tb_pcie_axi_dma(TB_SCENARIO=2,FIFO_DEPTH=256,BATCH_COUNT=4,BATCH_TIMEOUT=64,SINK_STALL_EN=1'b1,SINK_STALL_PERIOD=4,SINK_STALL_READY=1) .dut.u_fifo  File: /get/work/krishna.vardhan/git_trees/mtp_pcie_axi/pcie_axi_dma_latency/design/rtl/axis_fifo.sv Line: 165
Warning: [axis_fifo] FIFO full (depth=256) — upstream back-pressured at t=51125000
Time: 51125 ns  Iteration: 0  Process: /tb_pcie_axi_dma(TB_SCENARIO=2,FIFO_DEPTH=256,BATCH_COUNT=4,BATCH_TIMEOUT=64,SINK_STALL_EN=1'b1,SINK_STALL_PERIOD=4,SINK_STALL_READY=1)/dut/u_fifo/Always163_9  Scope: \tb_pcie_axi_dma(TB_SCENARIO=2,FIFO_DEPTH=256,BATCH_COUNT=4,BATCH_TIMEOUT=64,SINK_STALL_EN=1'b1,SINK_STALL_PERIOD=4,SINK_STALL_READY=1) .dut.u_fifo  File: /get/work/krishna.vardhan/git_trees/mtp_pcie_axi/pcie_axi_dma_latency/design/rtl/axis_fifo.sv Line: 165
Warning: [axis_fifo] FIFO full (depth=256) — upstream back-pressured at t=51135000
Time: 51135 ns  Iteration: 0  Process: /tb_pcie_axi_dma(TB_SCENARIO=2,FIFO_DEPTH=256,BATCH_COUNT=4,BATCH_TIMEOUT=64,SINK_STALL_EN=1'b1,SINK_STALL_PERIOD=4,SINK_STALL_READY=1)/dut/u_fifo/Always163_9  Scope: \tb_pcie_axi_dma(TB_SCENARIO=2,FIFO_DEPTH=256,BATCH_COUNT=4,BATCH_TIMEOUT=64,SINK_STALL_EN=1'b1,SINK_STALL_PERIOD=4,SINK_STALL_READY=1) .dut.u_fifo  File: /get/work/krishna.vardhan/git_trees/mtp_pcie_axi/pcie_axi_dma_latency/design/rtl/axis_fifo.sv Line: 165
Warning: [axis_fifo] FIFO full (depth=256) — upstream back-pressured at t=51155000
Time: 51155 ns  Iteration: 0  Process: /tb_pcie_axi_dma(TB_SCENARIO=2,FIFO_DEPTH=256,BATCH_COUNT=4,BATCH_TIMEOUT=64,SINK_STALL_EN=1'b1,SINK_STALL_PERIOD=4,SINK_STALL_READY=1)/dut/u_fifo/Always163_9  Scope: \tb_pcie_axi_dma(TB_SCENARIO=2,FIFO_DEPTH=256,BATCH_COUNT=4,BATCH_TIMEOUT=64,SINK_STALL_EN=1'b1,SINK_STALL_PERIOD=4,SINK_STALL_READY=1) .dut.u_fifo  File: /get/work/krishna.vardhan/git_trees/mtp_pcie_axi/pcie_axi_dma_latency/design/rtl/axis_fifo.sv Line: 165
Warning: [axis_fifo] FIFO full (depth=256) — upstream back-pressured at t=51165000
Time: 51165 ns  Iteration: 0  Process: /tb_pcie_axi_dma(TB_SCENARIO=2,FIFO_DEPTH=256,BATCH_COUNT=4,BATCH_TIMEOUT=64,SINK_STALL_EN=1'b1,SINK_STALL_PERIOD=4,SINK_STALL_READY=1)/dut/u_fifo/Always163_9  Scope: \tb_pcie_axi_dma(TB_SCENARIO=2,FIFO_DEPTH=256,BATCH_COUNT=4,BATCH_TIMEOUT=64,SINK_STALL_EN=1'b1,SINK_STALL_PERIOD=4,SINK_STALL_READY=1) .dut.u_fifo  File: /get/work/krishna.vardhan/git_trees/mtp_pcie_axi/pcie_axi_dma_latency/design/rtl/axis_fifo.sv Line: 165
Warning: [axis_fifo] FIFO full (depth=256) — upstream back-pressured at t=51175000
Time: 51175 ns  Iteration: 0  Process: /tb_pcie_axi_dma(TB_SCENARIO=2,FIFO_DEPTH=256,BATCH_COUNT=4,BATCH_TIMEOUT=64,SINK_STALL_EN=1'b1,SINK_STALL_PERIOD=4,SINK_STALL_READY=1)/dut/u_fifo/Always163_9  Scope: \tb_pcie_axi_dma(TB_SCENARIO=2,FIFO_DEPTH=256,BATCH_COUNT=4,BATCH_TIMEOUT=64,SINK_STALL_EN=1'b1,SINK_STALL_PERIOD=4,SINK_STALL_READY=1) .dut.u_fifo  File: /get/work/krishna.vardhan/git_trees/mtp_pcie_axi/pcie_axi_dma_latency/design/rtl/axis_fifo.sv Line: 165
Warning: [axis_fifo] FIFO full (depth=256) — upstream back-pressured at t=51195000
Time: 51195 ns  Iteration: 0  Process: /tb_pcie_axi_dma(TB_SCENARIO=2,FIFO_DEPTH=256,BATCH_COUNT=4,BATCH_TIMEOUT=64,SINK_STALL_EN=1'b1,SINK_STALL_PERIOD=4,SINK_STALL_READY=1)/dut/u_fifo/Always163_9  Scope: \tb_pcie_axi_dma(TB_SCENARIO=2,FIFO_DEPTH=256,BATCH_COUNT=4,BATCH_TIMEOUT=64,SINK_STALL_EN=1'b1,SINK_STALL_PERIOD=4,SINK_STALL_READY=1) .dut.u_fifo  File: /get/work/krishna.vardhan/git_trees/mtp_pcie_axi/pcie_axi_dma_latency/design/rtl/axis_fifo.sv Line: 165
Warning: [axis_fifo] FIFO full (depth=256) — upstream back-pressured at t=51205000
Time: 51205 ns  Iteration: 0  Process: /tb_pcie_axi_dma(TB_SCENARIO=2,FIFO_DEPTH=256,BATCH_COUNT=4,BATCH_TIMEOUT=64,SINK_STALL_EN=1'b1,SINK_STALL_PERIOD=4,SINK_STALL_READY=1)/dut/u_fifo/Always163_9  Scope: \tb_pcie_axi_dma(TB_SCENARIO=2,FIFO_DEPTH=256,BATCH_COUNT=4,BATCH_TIMEOUT=64,SINK_STALL_EN=1'b1,SINK_STALL_PERIOD=4,SINK_STALL_READY=1) .dut.u_fifo  File: /get/work/krishna.vardhan/git_trees/mtp_pcie_axi/pcie_axi_dma_latency/design/rtl/axis_fifo.sv Line: 165
Warning: [axis_fifo] FIFO full (depth=256) — upstream back-pressured at t=51215000
Time: 51215 ns  Iteration: 0  Process: /tb_pcie_axi_dma(TB_SCENARIO=2,FIFO_DEPTH=256,BATCH_COUNT=4,BATCH_TIMEOUT=64,SINK_STALL_EN=1'b1,SINK_STALL_PERIOD=4,SINK_STALL_READY=1)/dut/u_fifo/Always163_9  Scope: \tb_pcie_axi_dma(TB_SCENARIO=2,FIFO_DEPTH=256,BATCH_COUNT=4,BATCH_TIMEOUT=64,SINK_STALL_EN=1'b1,SINK_STALL_PERIOD=4,SINK_STALL_READY=1) .dut.u_fifo  File: /get/work/krishna.vardhan/git_trees/mtp_pcie_axi/pcie_axi_dma_latency/design/rtl/axis_fifo.sv Line: 165
Warning: [axis_fifo] FIFO full (depth=256) — upstream back-pressured at t=51235000
Time: 51235 ns  Iteration: 0  Process: /tb_pcie_axi_dma(TB_SCENARIO=2,FIFO_DEPTH=256,BATCH_COUNT=4,BATCH_TIMEOUT=64,SINK_STALL_EN=1'b1,SINK_STALL_PERIOD=4,SINK_STALL_READY=1)/dut/u_fifo/Always163_9  Scope: \tb_pcie_axi_dma(TB_SCENARIO=2,FIFO_DEPTH=256,BATCH_COUNT=4,BATCH_TIMEOUT=64,SINK_STALL_EN=1'b1,SINK_STALL_PERIOD=4,SINK_STALL_READY=1) .dut.u_fifo  File: /get/work/krishna.vardhan/git_trees/mtp_pcie_axi/pcie_axi_dma_latency/design/rtl/axis_fifo.sv Line: 165
Warning: [axis_fifo] FIFO full (depth=256) — upstream back-pressured at t=51245000
Time: 51245 ns  Iteration: 0  Process: /tb_pcie_axi_dma(TB_SCENARIO=2,FIFO_DEPTH=256,BATCH_COUNT=4,BATCH_TIMEOUT=64,SINK_STALL_EN=1'b1,SINK_STALL_PERIOD=4,SINK_STALL_READY=1)/dut/u_fifo/Always163_9  Scope: \tb_pcie_axi_dma(TB_SCENARIO=2,FIFO_DEPTH=256,BATCH_COUNT=4,BATCH_TIMEOUT=64,SINK_STALL_EN=1'b1,SINK_STALL_PERIOD=4,SINK_STALL_READY=1) .dut.u_fifo  File: /get/work/krishna.vardhan/git_trees/mtp_pcie_axi/pcie_axi_dma_latency/design/rtl/axis_fifo.sv Line: 165
Warning: [axis_fifo] FIFO full (depth=256) — upstream back-pressured at t=51255000
Time: 51255 ns  Iteration: 0  Process: /tb_pcie_axi_dma(TB_SCENARIO=2,FIFO_DEPTH=256,BATCH_COUNT=4,BATCH_TIMEOUT=64,SINK_STALL_EN=1'b1,SINK_STALL_PERIOD=4,SINK_STALL_READY=1)/dut/u_fifo/Always163_9  Scope: \tb_pcie_axi_dma(TB_SCENARIO=2,FIFO_DEPTH=256,BATCH_COUNT=4,BATCH_TIMEOUT=64,SINK_STALL_EN=1'b1,SINK_STALL_PERIOD=4,SINK_STALL_READY=1) .dut.u_fifo  File: /get/work/krishna.vardhan/git_trees/mtp_pcie_axi/pcie_axi_dma_latency/design/rtl/axis_fifo.sv Line: 165
Warning: [axis_fifo] FIFO full (depth=256) — upstream back-pressured at t=51275000
Time: 51275 ns  Iteration: 0  Process: /tb_pcie_axi_dma(TB_SCENARIO=2,FIFO_DEPTH=256,BATCH_COUNT=4,BATCH_TIMEOUT=64,SINK_STALL_EN=1'b1,SINK_STALL_PERIOD=4,SINK_STALL_READY=1)/dut/u_fifo/Always163_9  Scope: \tb_pcie_axi_dma(TB_SCENARIO=2,FIFO_DEPTH=256,BATCH_COUNT=4,BATCH_TIMEOUT=64,SINK_STALL_EN=1'b1,SINK_STALL_PERIOD=4,SINK_STALL_READY=1) .dut.u_fifo  File: /get/work/krishna.vardhan/git_trees/mtp_pcie_axi/pcie_axi_dma_latency/design/rtl/axis_fifo.sv Line: 165
Warning: [axis_fifo] FIFO full (depth=256) — upstream back-pressured at t=51285000
Time: 51285 ns  Iteration: 0  Process: /tb_pcie_axi_dma(TB_SCENARIO=2,FIFO_DEPTH=256,BATCH_COUNT=4,BATCH_TIMEOUT=64,SINK_STALL_EN=1'b1,SINK_STALL_PERIOD=4,SINK_STALL_READY=1)/dut/u_fifo/Always163_9  Scope: \tb_pcie_axi_dma(TB_SCENARIO=2,FIFO_DEPTH=256,BATCH_COUNT=4,BATCH_TIMEOUT=64,SINK_STALL_EN=1'b1,SINK_STALL_PERIOD=4,SINK_STALL_READY=1) .dut.u_fifo  File: /get/work/krishna.vardhan/git_trees/mtp_pcie_axi/pcie_axi_dma_latency/design/rtl/axis_fifo.sv Line: 165
Warning: [axis_fifo] FIFO full (depth=256) — upstream back-pressured at t=51295000
Time: 51295 ns  Iteration: 0  Process: /tb_pcie_axi_dma(TB_SCENARIO=2,FIFO_DEPTH=256,BATCH_COUNT=4,BATCH_TIMEOUT=64,SINK_STALL_EN=1'b1,SINK_STALL_PERIOD=4,SINK_STALL_READY=1)/dut/u_fifo/Always163_9  Scope: \tb_pcie_axi_dma(TB_SCENARIO=2,FIFO_DEPTH=256,BATCH_COUNT=4,BATCH_TIMEOUT=64,SINK_STALL_EN=1'b1,SINK_STALL_PERIOD=4,SINK_STALL_READY=1) .dut.u_fifo  File: /get/work/krishna.vardhan/git_trees/mtp_pcie_axi/pcie_axi_dma_latency/design/rtl/axis_fifo.sv Line: 165
Warning: [axis_fifo] FIFO full (depth=256) — upstream back-pressured at t=51315000
Time: 51315 ns  Iteration: 0  Process: /tb_pcie_axi_dma(TB_SCENARIO=2,FIFO_DEPTH=256,BATCH_COUNT=4,BATCH_TIMEOUT=64,SINK_STALL_EN=1'b1,SINK_STALL_PERIOD=4,SINK_STALL_READY=1)/dut/u_fifo/Always163_9  Scope: \tb_pcie_axi_dma(TB_SCENARIO=2,FIFO_DEPTH=256,BATCH_COUNT=4,BATCH_TIMEOUT=64,SINK_STALL_EN=1'b1,SINK_STALL_PERIOD=4,SINK_STALL_READY=1) .dut.u_fifo  File: /get/work/krishna.vardhan/git_trees/mtp_pcie_axi/pcie_axi_dma_latency/design/rtl/axis_fifo.sv Line: 165
Warning: [axis_fifo] FIFO full (depth=256) — upstream back-pressured at t=51325000
Time: 51325 ns  Iteration: 0  Process: /tb_pcie_axi_dma(TB_SCENARIO=2,FIFO_DEPTH=256,BATCH_COUNT=4,BATCH_TIMEOUT=64,SINK_STALL_EN=1'b1,SINK_STALL_PERIOD=4,SINK_STALL_READY=1)/dut/u_fifo/Always163_9  Scope: \tb_pcie_axi_dma(TB_SCENARIO=2,FIFO_DEPTH=256,BATCH_COUNT=4,BATCH_TIMEOUT=64,SINK_STALL_EN=1'b1,SINK_STALL_PERIOD=4,SINK_STALL_READY=1) .dut.u_fifo  File: /get/work/krishna.vardhan/git_trees/mtp_pcie_axi/pcie_axi_dma_latency/design/rtl/axis_fifo.sv Line: 165
Warning: [axis_fifo] FIFO full (depth=256) — upstream back-pressured at t=51335000
Time: 51335 ns  Iteration: 0  Process: /tb_pcie_axi_dma(TB_SCENARIO=2,FIFO_DEPTH=256,BATCH_COUNT=4,BATCH_TIMEOUT=64,SINK_STALL_EN=1'b1,SINK_STALL_PERIOD=4,SINK_STALL_READY=1)/dut/u_fifo/Always163_9  Scope: \tb_pcie_axi_dma(TB_SCENARIO=2,FIFO_DEPTH=256,BATCH_COUNT=4,BATCH_TIMEOUT=64,SINK_STALL_EN=1'b1,SINK_STALL_PERIOD=4,SINK_STALL_READY=1) .dut.u_fifo  File: /get/work/krishna.vardhan/git_trees/mtp_pcie_axi/pcie_axi_dma_latency/design/rtl/axis_fifo.sv Line: 165
Warning: [axis_fifo] FIFO full (depth=256) — upstream back-pressured at t=51355000
Time: 51355 ns  Iteration: 0  Process: /tb_pcie_axi_dma(TB_SCENARIO=2,FIFO_DEPTH=256,BATCH_COUNT=4,BATCH_TIMEOUT=64,SINK_STALL_EN=1'b1,SINK_STALL_PERIOD=4,SINK_STALL_READY=1)/dut/u_fifo/Always163_9  Scope: \tb_pcie_axi_dma(TB_SCENARIO=2,FIFO_DEPTH=256,BATCH_COUNT=4,BATCH_TIMEOUT=64,SINK_STALL_EN=1'b1,SINK_STALL_PERIOD=4,SINK_STALL_READY=1) .dut.u_fifo  File: /get/work/krishna.vardhan/git_trees/mtp_pcie_axi/pcie_axi_dma_latency/design/rtl/axis_fifo.sv Line: 165
Warning: [axis_fifo] FIFO full (depth=256) — upstream back-pressured at t=51365000
Time: 51365 ns  Iteration: 0  Process: /tb_pcie_axi_dma(TB_SCENARIO=2,FIFO_DEPTH=256,BATCH_COUNT=4,BATCH_TIMEOUT=64,SINK_STALL_EN=1'b1,SINK_STALL_PERIOD=4,SINK_STALL_READY=1)/dut/u_fifo/Always163_9  Scope: \tb_pcie_axi_dma(TB_SCENARIO=2,FIFO_DEPTH=256,BATCH_COUNT=4,BATCH_TIMEOUT=64,SINK_STALL_EN=1'b1,SINK_STALL_PERIOD=4,SINK_STALL_READY=1) .dut.u_fifo  File: /get/work/krishna.vardhan/git_trees/mtp_pcie_axi/pcie_axi_dma_latency/design/rtl/axis_fifo.sv Line: 165
Warning: [axis_fifo] FIFO full (depth=256) — upstream back-pressured at t=51375000
Time: 51375 ns  Iteration: 0  Process: /tb_pcie_axi_dma(TB_SCENARIO=2,FIFO_DEPTH=256,BATCH_COUNT=4,BATCH_TIMEOUT=64,SINK_STALL_EN=1'b1,SINK_STALL_PERIOD=4,SINK_STALL_READY=1)/dut/u_fifo/Always163_9  Scope: \tb_pcie_axi_dma(TB_SCENARIO=2,FIFO_DEPTH=256,BATCH_COUNT=4,BATCH_TIMEOUT=64,SINK_STALL_EN=1'b1,SINK_STALL_PERIOD=4,SINK_STALL_READY=1) .dut.u_fifo  File: /get/work/krishna.vardhan/git_trees/mtp_pcie_axi/pcie_axi_dma_latency/design/rtl/axis_fifo.sv Line: 165
Warning: [axis_fifo] FIFO full (depth=256) — upstream back-pressured at t=51395000
Time: 51395 ns  Iteration: 0  Process: /tb_pcie_axi_dma(TB_SCENARIO=2,FIFO_DEPTH=256,BATCH_COUNT=4,BATCH_TIMEOUT=64,SINK_STALL_EN=1'b1,SINK_STALL_PERIOD=4,SINK_STALL_READY=1)/dut/u_fifo/Always163_9  Scope: \tb_pcie_axi_dma(TB_SCENARIO=2,FIFO_DEPTH=256,BATCH_COUNT=4,BATCH_TIMEOUT=64,SINK_STALL_EN=1'b1,SINK_STALL_PERIOD=4,SINK_STALL_READY=1) .dut.u_fifo  File: /get/work/krishna.vardhan/git_trees/mtp_pcie_axi/pcie_axi_dma_latency/design/rtl/axis_fifo.sv Line: 165
Warning: [axis_fifo] FIFO full (depth=256) — upstream back-pressured at t=51405000
Time: 51405 ns  Iteration: 0  Process: /tb_pcie_axi_dma(TB_SCENARIO=2,FIFO_DEPTH=256,BATCH_COUNT=4,BATCH_TIMEOUT=64,SINK_STALL_EN=1'b1,SINK_STALL_PERIOD=4,SINK_STALL_READY=1)/dut/u_fifo/Always163_9  Scope: \tb_pcie_axi_dma(TB_SCENARIO=2,FIFO_DEPTH=256,BATCH_COUNT=4,BATCH_TIMEOUT=64,SINK_STALL_EN=1'b1,SINK_STALL_PERIOD=4,SINK_STALL_READY=1) .dut.u_fifo  File: /get/work/krishna.vardhan/git_trees/mtp_pcie_axi/pcie_axi_dma_latency/design/rtl/axis_fifo.sv Line: 165
Warning: [axis_fifo] FIFO full (depth=256) — upstream back-pressured at t=51415000
Time: 51415 ns  Iteration: 0  Process: /tb_pcie_axi_dma(TB_SCENARIO=2,FIFO_DEPTH=256,BATCH_COUNT=4,BATCH_TIMEOUT=64,SINK_STALL_EN=1'b1,SINK_STALL_PERIOD=4,SINK_STALL_READY=1)/dut/u_fifo/Always163_9  Scope: \tb_pcie_axi_dma(TB_SCENARIO=2,FIFO_DEPTH=256,BATCH_COUNT=4,BATCH_TIMEOUT=64,SINK_STALL_EN=1'b1,SINK_STALL_PERIOD=4,SINK_STALL_READY=1) .dut.u_fifo  File: /get/work/krishna.vardhan/git_trees/mtp_pcie_axi/pcie_axi_dma_latency/design/rtl/axis_fifo.sv Line: 165
Warning: [axis_fifo] FIFO full (depth=256) — upstream back-pressured at t=51435000
Time: 51435 ns  Iteration: 0  Process: /tb_pcie_axi_dma(TB_SCENARIO=2,FIFO_DEPTH=256,BATCH_COUNT=4,BATCH_TIMEOUT=64,SINK_STALL_EN=1'b1,SINK_STALL_PERIOD=4,SINK_STALL_READY=1)/dut/u_fifo/Always163_9  Scope: \tb_pcie_axi_dma(TB_SCENARIO=2,FIFO_DEPTH=256,BATCH_COUNT=4,BATCH_TIMEOUT=64,SINK_STALL_EN=1'b1,SINK_STALL_PERIOD=4,SINK_STALL_READY=1) .dut.u_fifo  File: /get/work/krishna.vardhan/git_trees/mtp_pcie_axi/pcie_axi_dma_latency/design/rtl/axis_fifo.sv Line: 165
Warning: [axis_fifo] FIFO full (depth=256) — upstream back-pressured at t=51445000
Time: 51445 ns  Iteration: 0  Process: /tb_pcie_axi_dma(TB_SCENARIO=2,FIFO_DEPTH=256,BATCH_COUNT=4,BATCH_TIMEOUT=64,SINK_STALL_EN=1'b1,SINK_STALL_PERIOD=4,SINK_STALL_READY=1)/dut/u_fifo/Always163_9  Scope: \tb_pcie_axi_dma(TB_SCENARIO=2,FIFO_DEPTH=256,BATCH_COUNT=4,BATCH_TIMEOUT=64,SINK_STALL_EN=1'b1,SINK_STALL_PERIOD=4,SINK_STALL_READY=1) .dut.u_fifo  File: /get/work/krishna.vardhan/git_trees/mtp_pcie_axi/pcie_axi_dma_latency/design/rtl/axis_fifo.sv Line: 165
Warning: [axis_fifo] FIFO full (depth=256) — upstream back-pressured at t=51455000
Time: 51455 ns  Iteration: 0  Process: /tb_pcie_axi_dma(TB_SCENARIO=2,FIFO_DEPTH=256,BATCH_COUNT=4,BATCH_TIMEOUT=64,SINK_STALL_EN=1'b1,SINK_STALL_PERIOD=4,SINK_STALL_READY=1)/dut/u_fifo/Always163_9  Scope: \tb_pcie_axi_dma(TB_SCENARIO=2,FIFO_DEPTH=256,BATCH_COUNT=4,BATCH_TIMEOUT=64,SINK_STALL_EN=1'b1,SINK_STALL_PERIOD=4,SINK_STALL_READY=1) .dut.u_fifo  File: /get/work/krishna.vardhan/git_trees/mtp_pcie_axi/pcie_axi_dma_latency/design/rtl/axis_fifo.sv Line: 165
Warning: [axis_fifo] FIFO full (depth=256) — upstream back-pressured at t=51475000
Time: 51475 ns  Iteration: 0  Process: /tb_pcie_axi_dma(TB_SCENARIO=2,FIFO_DEPTH=256,BATCH_COUNT=4,BATCH_TIMEOUT=64,SINK_STALL_EN=1'b1,SINK_STALL_PERIOD=4,SINK_STALL_READY=1)/dut/u_fifo/Always163_9  Scope: \tb_pcie_axi_dma(TB_SCENARIO=2,FIFO_DEPTH=256,BATCH_COUNT=4,BATCH_TIMEOUT=64,SINK_STALL_EN=1'b1,SINK_STALL_PERIOD=4,SINK_STALL_READY=1) .dut.u_fifo  File: /get/work/krishna.vardhan/git_trees/mtp_pcie_axi/pcie_axi_dma_latency/design/rtl/axis_fifo.sv Line: 165
Warning: [axis_fifo] FIFO full (depth=256) — upstream back-pressured at t=51485000
Time: 51485 ns  Iteration: 0  Process: /tb_pcie_axi_dma(TB_SCENARIO=2,FIFO_DEPTH=256,BATCH_COUNT=4,BATCH_TIMEOUT=64,SINK_STALL_EN=1'b1,SINK_STALL_PERIOD=4,SINK_STALL_READY=1)/dut/u_fifo/Always163_9  Scope: \tb_pcie_axi_dma(TB_SCENARIO=2,FIFO_DEPTH=256,BATCH_COUNT=4,BATCH_TIMEOUT=64,SINK_STALL_EN=1'b1,SINK_STALL_PERIOD=4,SINK_STALL_READY=1) .dut.u_fifo  File: /get/work/krishna.vardhan/git_trees/mtp_pcie_axi/pcie_axi_dma_latency/design/rtl/axis_fifo.sv Line: 165
Warning: [axis_fifo] FIFO full (depth=256) — upstream back-pressured at t=51495000
Time: 51495 ns  Iteration: 0  Process: /tb_pcie_axi_dma(TB_SCENARIO=2,FIFO_DEPTH=256,BATCH_COUNT=4,BATCH_TIMEOUT=64,SINK_STALL_EN=1'b1,SINK_STALL_PERIOD=4,SINK_STALL_READY=1)/dut/u_fifo/Always163_9  Scope: \tb_pcie_axi_dma(TB_SCENARIO=2,FIFO_DEPTH=256,BATCH_COUNT=4,BATCH_TIMEOUT=64,SINK_STALL_EN=1'b1,SINK_STALL_PERIOD=4,SINK_STALL_READY=1) .dut.u_fifo  File: /get/work/krishna.vardhan/git_trees/mtp_pcie_axi/pcie_axi_dma_latency/design/rtl/axis_fifo.sv Line: 165
Warning: [axis_fifo] FIFO full (depth=256) — upstream back-pressured at t=51515000
Time: 51515 ns  Iteration: 0  Process: /tb_pcie_axi_dma(TB_SCENARIO=2,FIFO_DEPTH=256,BATCH_COUNT=4,BATCH_TIMEOUT=64,SINK_STALL_EN=1'b1,SINK_STALL_PERIOD=4,SINK_STALL_READY=1)/dut/u_fifo/Always163_9  Scope: \tb_pcie_axi_dma(TB_SCENARIO=2,FIFO_DEPTH=256,BATCH_COUNT=4,BATCH_TIMEOUT=64,SINK_STALL_EN=1'b1,SINK_STALL_PERIOD=4,SINK_STALL_READY=1) .dut.u_fifo  File: /get/work/krishna.vardhan/git_trees/mtp_pcie_axi/pcie_axi_dma_latency/design/rtl/axis_fifo.sv Line: 165
Warning: [axis_fifo] FIFO full (depth=256) — upstream back-pressured at t=51525000
Time: 51525 ns  Iteration: 0  Process: /tb_pcie_axi_dma(TB_SCENARIO=2,FIFO_DEPTH=256,BATCH_COUNT=4,BATCH_TIMEOUT=64,SINK_STALL_EN=1'b1,SINK_STALL_PERIOD=4,SINK_STALL_READY=1)/dut/u_fifo/Always163_9  Scope: \tb_pcie_axi_dma(TB_SCENARIO=2,FIFO_DEPTH=256,BATCH_COUNT=4,BATCH_TIMEOUT=64,SINK_STALL_EN=1'b1,SINK_STALL_PERIOD=4,SINK_STALL_READY=1) .dut.u_fifo  File: /get/work/krishna.vardhan/git_trees/mtp_pcie_axi/pcie_axi_dma_latency/design/rtl/axis_fifo.sv Line: 165
Warning: [axis_fifo] FIFO full (depth=256) — upstream back-pressured at t=51535000
Time: 51535 ns  Iteration: 0  Process: /tb_pcie_axi_dma(TB_SCENARIO=2,FIFO_DEPTH=256,BATCH_COUNT=4,BATCH_TIMEOUT=64,SINK_STALL_EN=1'b1,SINK_STALL_PERIOD=4,SINK_STALL_READY=1)/dut/u_fifo/Always163_9  Scope: \tb_pcie_axi_dma(TB_SCENARIO=2,FIFO_DEPTH=256,BATCH_COUNT=4,BATCH_TIMEOUT=64,SINK_STALL_EN=1'b1,SINK_STALL_PERIOD=4,SINK_STALL_READY=1) .dut.u_fifo  File: /get/work/krishna.vardhan/git_trees/mtp_pcie_axi/pcie_axi_dma_latency/design/rtl/axis_fifo.sv Line: 165
Warning: [axis_fifo] FIFO full (depth=256) — upstream back-pressured at t=51555000
Time: 51555 ns  Iteration: 0  Process: /tb_pcie_axi_dma(TB_SCENARIO=2,FIFO_DEPTH=256,BATCH_COUNT=4,BATCH_TIMEOUT=64,SINK_STALL_EN=1'b1,SINK_STALL_PERIOD=4,SINK_STALL_READY=1)/dut/u_fifo/Always163_9  Scope: \tb_pcie_axi_dma(TB_SCENARIO=2,FIFO_DEPTH=256,BATCH_COUNT=4,BATCH_TIMEOUT=64,SINK_STALL_EN=1'b1,SINK_STALL_PERIOD=4,SINK_STALL_READY=1) .dut.u_fifo  File: /get/work/krishna.vardhan/git_trees/mtp_pcie_axi/pcie_axi_dma_latency/design/rtl/axis_fifo.sv Line: 165
Warning: [axis_fifo] FIFO full (depth=256) — upstream back-pressured at t=51565000
Time: 51565 ns  Iteration: 0  Process: /tb_pcie_axi_dma(TB_SCENARIO=2,FIFO_DEPTH=256,BATCH_COUNT=4,BATCH_TIMEOUT=64,SINK_STALL_EN=1'b1,SINK_STALL_PERIOD=4,SINK_STALL_READY=1)/dut/u_fifo/Always163_9  Scope: \tb_pcie_axi_dma(TB_SCENARIO=2,FIFO_DEPTH=256,BATCH_COUNT=4,BATCH_TIMEOUT=64,SINK_STALL_EN=1'b1,SINK_STALL_PERIOD=4,SINK_STALL_READY=1) .dut.u_fifo  File: /get/work/krishna.vardhan/git_trees/mtp_pcie_axi/pcie_axi_dma_latency/design/rtl/axis_fifo.sv Line: 165
Warning: [axis_fifo] FIFO full (depth=256) — upstream back-pressured at t=51575000
Time: 51575 ns  Iteration: 0  Process: /tb_pcie_axi_dma(TB_SCENARIO=2,FIFO_DEPTH=256,BATCH_COUNT=4,BATCH_TIMEOUT=64,SINK_STALL_EN=1'b1,SINK_STALL_PERIOD=4,SINK_STALL_READY=1)/dut/u_fifo/Always163_9  Scope: \tb_pcie_axi_dma(TB_SCENARIO=2,FIFO_DEPTH=256,BATCH_COUNT=4,BATCH_TIMEOUT=64,SINK_STALL_EN=1'b1,SINK_STALL_PERIOD=4,SINK_STALL_READY=1) .dut.u_fifo  File: /get/work/krishna.vardhan/git_trees/mtp_pcie_axi/pcie_axi_dma_latency/design/rtl/axis_fifo.sv Line: 165
Warning: [axis_fifo] FIFO full (depth=256) — upstream back-pressured at t=51595000
Time: 51595 ns  Iteration: 0  Process: /tb_pcie_axi_dma(TB_SCENARIO=2,FIFO_DEPTH=256,BATCH_COUNT=4,BATCH_TIMEOUT=64,SINK_STALL_EN=1'b1,SINK_STALL_PERIOD=4,SINK_STALL_READY=1)/dut/u_fifo/Always163_9  Scope: \tb_pcie_axi_dma(TB_SCENARIO=2,FIFO_DEPTH=256,BATCH_COUNT=4,BATCH_TIMEOUT=64,SINK_STALL_EN=1'b1,SINK_STALL_PERIOD=4,SINK_STALL_READY=1) .dut.u_fifo  File: /get/work/krishna.vardhan/git_trees/mtp_pcie_axi/pcie_axi_dma_latency/design/rtl/axis_fifo.sv Line: 165
Warning: [axis_fifo] FIFO full (depth=256) — upstream back-pressured at t=51605000
Time: 51605 ns  Iteration: 0  Process: /tb_pcie_axi_dma(TB_SCENARIO=2,FIFO_DEPTH=256,BATCH_COUNT=4,BATCH_TIMEOUT=64,SINK_STALL_EN=1'b1,SINK_STALL_PERIOD=4,SINK_STALL_READY=1)/dut/u_fifo/Always163_9  Scope: \tb_pcie_axi_dma(TB_SCENARIO=2,FIFO_DEPTH=256,BATCH_COUNT=4,BATCH_TIMEOUT=64,SINK_STALL_EN=1'b1,SINK_STALL_PERIOD=4,SINK_STALL_READY=1) .dut.u_fifo  File: /get/work/krishna.vardhan/git_trees/mtp_pcie_axi/pcie_axi_dma_latency/design/rtl/axis_fifo.sv Line: 165
Warning: [axis_fifo] FIFO full (depth=256) — upstream back-pressured at t=51615000
Time: 51615 ns  Iteration: 0  Process: /tb_pcie_axi_dma(TB_SCENARIO=2,FIFO_DEPTH=256,BATCH_COUNT=4,BATCH_TIMEOUT=64,SINK_STALL_EN=1'b1,SINK_STALL_PERIOD=4,SINK_STALL_READY=1)/dut/u_fifo/Always163_9  Scope: \tb_pcie_axi_dma(TB_SCENARIO=2,FIFO_DEPTH=256,BATCH_COUNT=4,BATCH_TIMEOUT=64,SINK_STALL_EN=1'b1,SINK_STALL_PERIOD=4,SINK_STALL_READY=1) .dut.u_fifo  File: /get/work/krishna.vardhan/git_trees/mtp_pcie_axi/pcie_axi_dma_latency/design/rtl/axis_fifo.sv Line: 165
Warning: [axis_fifo] FIFO full (depth=256) — upstream back-pressured at t=51635000
Time: 51635 ns  Iteration: 0  Process: /tb_pcie_axi_dma(TB_SCENARIO=2,FIFO_DEPTH=256,BATCH_COUNT=4,BATCH_TIMEOUT=64,SINK_STALL_EN=1'b1,SINK_STALL_PERIOD=4,SINK_STALL_READY=1)/dut/u_fifo/Always163_9  Scope: \tb_pcie_axi_dma(TB_SCENARIO=2,FIFO_DEPTH=256,BATCH_COUNT=4,BATCH_TIMEOUT=64,SINK_STALL_EN=1'b1,SINK_STALL_PERIOD=4,SINK_STALL_READY=1) .dut.u_fifo  File: /get/work/krishna.vardhan/git_trees/mtp_pcie_axi/pcie_axi_dma_latency/design/rtl/axis_fifo.sv Line: 165
Warning: [axis_fifo] FIFO full (depth=256) — upstream back-pressured at t=51645000
Time: 51645 ns  Iteration: 0  Process: /tb_pcie_axi_dma(TB_SCENARIO=2,FIFO_DEPTH=256,BATCH_COUNT=4,BATCH_TIMEOUT=64,SINK_STALL_EN=1'b1,SINK_STALL_PERIOD=4,SINK_STALL_READY=1)/dut/u_fifo/Always163_9  Scope: \tb_pcie_axi_dma(TB_SCENARIO=2,FIFO_DEPTH=256,BATCH_COUNT=4,BATCH_TIMEOUT=64,SINK_STALL_EN=1'b1,SINK_STALL_PERIOD=4,SINK_STALL_READY=1) .dut.u_fifo  File: /get/work/krishna.vardhan/git_trees/mtp_pcie_axi/pcie_axi_dma_latency/design/rtl/axis_fifo.sv Line: 165
Warning: [axis_fifo] FIFO full (depth=256) — upstream back-pressured at t=51655000
Time: 51655 ns  Iteration: 0  Process: /tb_pcie_axi_dma(TB_SCENARIO=2,FIFO_DEPTH=256,BATCH_COUNT=4,BATCH_TIMEOUT=64,SINK_STALL_EN=1'b1,SINK_STALL_PERIOD=4,SINK_STALL_READY=1)/dut/u_fifo/Always163_9  Scope: \tb_pcie_axi_dma(TB_SCENARIO=2,FIFO_DEPTH=256,BATCH_COUNT=4,BATCH_TIMEOUT=64,SINK_STALL_EN=1'b1,SINK_STALL_PERIOD=4,SINK_STALL_READY=1) .dut.u_fifo  File: /get/work/krishna.vardhan/git_trees/mtp_pcie_axi/pcie_axi_dma_latency/design/rtl/axis_fifo.sv Line: 165
Warning: [axis_fifo] FIFO full (depth=256) — upstream back-pressured at t=51675000
Time: 51675 ns  Iteration: 0  Process: /tb_pcie_axi_dma(TB_SCENARIO=2,FIFO_DEPTH=256,BATCH_COUNT=4,BATCH_TIMEOUT=64,SINK_STALL_EN=1'b1,SINK_STALL_PERIOD=4,SINK_STALL_READY=1)/dut/u_fifo/Always163_9  Scope: \tb_pcie_axi_dma(TB_SCENARIO=2,FIFO_DEPTH=256,BATCH_COUNT=4,BATCH_TIMEOUT=64,SINK_STALL_EN=1'b1,SINK_STALL_PERIOD=4,SINK_STALL_READY=1) .dut.u_fifo  File: /get/work/krishna.vardhan/git_trees/mtp_pcie_axi/pcie_axi_dma_latency/design/rtl/axis_fifo.sv Line: 165
Warning: [axis_fifo] FIFO full (depth=256) — upstream back-pressured at t=51685000
Time: 51685 ns  Iteration: 0  Process: /tb_pcie_axi_dma(TB_SCENARIO=2,FIFO_DEPTH=256,BATCH_COUNT=4,BATCH_TIMEOUT=64,SINK_STALL_EN=1'b1,SINK_STALL_PERIOD=4,SINK_STALL_READY=1)/dut/u_fifo/Always163_9  Scope: \tb_pcie_axi_dma(TB_SCENARIO=2,FIFO_DEPTH=256,BATCH_COUNT=4,BATCH_TIMEOUT=64,SINK_STALL_EN=1'b1,SINK_STALL_PERIOD=4,SINK_STALL_READY=1) .dut.u_fifo  File: /get/work/krishna.vardhan/git_trees/mtp_pcie_axi/pcie_axi_dma_latency/design/rtl/axis_fifo.sv Line: 165
Warning: [axis_fifo] FIFO full (depth=256) — upstream back-pressured at t=51695000
Time: 51695 ns  Iteration: 0  Process: /tb_pcie_axi_dma(TB_SCENARIO=2,FIFO_DEPTH=256,BATCH_COUNT=4,BATCH_TIMEOUT=64,SINK_STALL_EN=1'b1,SINK_STALL_PERIOD=4,SINK_STALL_READY=1)/dut/u_fifo/Always163_9  Scope: \tb_pcie_axi_dma(TB_SCENARIO=2,FIFO_DEPTH=256,BATCH_COUNT=4,BATCH_TIMEOUT=64,SINK_STALL_EN=1'b1,SINK_STALL_PERIOD=4,SINK_STALL_READY=1) .dut.u_fifo  File: /get/work/krishna.vardhan/git_trees/mtp_pcie_axi/pcie_axi_dma_latency/design/rtl/axis_fifo.sv Line: 165
Warning: [axis_fifo] FIFO full (depth=256) — upstream back-pressured at t=51715000
Time: 51715 ns  Iteration: 0  Process: /tb_pcie_axi_dma(TB_SCENARIO=2,FIFO_DEPTH=256,BATCH_COUNT=4,BATCH_TIMEOUT=64,SINK_STALL_EN=1'b1,SINK_STALL_PERIOD=4,SINK_STALL_READY=1)/dut/u_fifo/Always163_9  Scope: \tb_pcie_axi_dma(TB_SCENARIO=2,FIFO_DEPTH=256,BATCH_COUNT=4,BATCH_TIMEOUT=64,SINK_STALL_EN=1'b1,SINK_STALL_PERIOD=4,SINK_STALL_READY=1) .dut.u_fifo  File: /get/work/krishna.vardhan/git_trees/mtp_pcie_axi/pcie_axi_dma_latency/design/rtl/axis_fifo.sv Line: 165
Warning: [axis_fifo] FIFO full (depth=256) — upstream back-pressured at t=51725000
Time: 51725 ns  Iteration: 0  Process: /tb_pcie_axi_dma(TB_SCENARIO=2,FIFO_DEPTH=256,BATCH_COUNT=4,BATCH_TIMEOUT=64,SINK_STALL_EN=1'b1,SINK_STALL_PERIOD=4,SINK_STALL_READY=1)/dut/u_fifo/Always163_9  Scope: \tb_pcie_axi_dma(TB_SCENARIO=2,FIFO_DEPTH=256,BATCH_COUNT=4,BATCH_TIMEOUT=64,SINK_STALL_EN=1'b1,SINK_STALL_PERIOD=4,SINK_STALL_READY=1) .dut.u_fifo  File: /get/work/krishna.vardhan/git_trees/mtp_pcie_axi/pcie_axi_dma_latency/design/rtl/axis_fifo.sv Line: 165
Warning: [axis_fifo] FIFO full (depth=256) — upstream back-pressured at t=51735000
Time: 51735 ns  Iteration: 0  Process: /tb_pcie_axi_dma(TB_SCENARIO=2,FIFO_DEPTH=256,BATCH_COUNT=4,BATCH_TIMEOUT=64,SINK_STALL_EN=1'b1,SINK_STALL_PERIOD=4,SINK_STALL_READY=1)/dut/u_fifo/Always163_9  Scope: \tb_pcie_axi_dma(TB_SCENARIO=2,FIFO_DEPTH=256,BATCH_COUNT=4,BATCH_TIMEOUT=64,SINK_STALL_EN=1'b1,SINK_STALL_PERIOD=4,SINK_STALL_READY=1) .dut.u_fifo  File: /get/work/krishna.vardhan/git_trees/mtp_pcie_axi/pcie_axi_dma_latency/design/rtl/axis_fifo.sv Line: 165
Warning: [axis_fifo] FIFO full (depth=256) — upstream back-pressured at t=51755000
Time: 51755 ns  Iteration: 0  Process: /tb_pcie_axi_dma(TB_SCENARIO=2,FIFO_DEPTH=256,BATCH_COUNT=4,BATCH_TIMEOUT=64,SINK_STALL_EN=1'b1,SINK_STALL_PERIOD=4,SINK_STALL_READY=1)/dut/u_fifo/Always163_9  Scope: \tb_pcie_axi_dma(TB_SCENARIO=2,FIFO_DEPTH=256,BATCH_COUNT=4,BATCH_TIMEOUT=64,SINK_STALL_EN=1'b1,SINK_STALL_PERIOD=4,SINK_STALL_READY=1) .dut.u_fifo  File: /get/work/krishna.vardhan/git_trees/mtp_pcie_axi/pcie_axi_dma_latency/design/rtl/axis_fifo.sv Line: 165
Warning: [axis_fifo] FIFO full (depth=256) — upstream back-pressured at t=51765000
Time: 51765 ns  Iteration: 0  Process: /tb_pcie_axi_dma(TB_SCENARIO=2,FIFO_DEPTH=256,BATCH_COUNT=4,BATCH_TIMEOUT=64,SINK_STALL_EN=1'b1,SINK_STALL_PERIOD=4,SINK_STALL_READY=1)/dut/u_fifo/Always163_9  Scope: \tb_pcie_axi_dma(TB_SCENARIO=2,FIFO_DEPTH=256,BATCH_COUNT=4,BATCH_TIMEOUT=64,SINK_STALL_EN=1'b1,SINK_STALL_PERIOD=4,SINK_STALL_READY=1) .dut.u_fifo  File: /get/work/krishna.vardhan/git_trees/mtp_pcie_axi/pcie_axi_dma_latency/design/rtl/axis_fifo.sv Line: 165
Warning: [axis_fifo] FIFO full (depth=256) — upstream back-pressured at t=51775000
Time: 51775 ns  Iteration: 0  Process: /tb_pcie_axi_dma(TB_SCENARIO=2,FIFO_DEPTH=256,BATCH_COUNT=4,BATCH_TIMEOUT=64,SINK_STALL_EN=1'b1,SINK_STALL_PERIOD=4,SINK_STALL_READY=1)/dut/u_fifo/Always163_9  Scope: \tb_pcie_axi_dma(TB_SCENARIO=2,FIFO_DEPTH=256,BATCH_COUNT=4,BATCH_TIMEOUT=64,SINK_STALL_EN=1'b1,SINK_STALL_PERIOD=4,SINK_STALL_READY=1) .dut.u_fifo  File: /get/work/krishna.vardhan/git_trees/mtp_pcie_axi/pcie_axi_dma_latency/design/rtl/axis_fifo.sv Line: 165
Warning: [axis_fifo] FIFO full (depth=256) — upstream back-pressured at t=51795000
Time: 51795 ns  Iteration: 0  Process: /tb_pcie_axi_dma(TB_SCENARIO=2,FIFO_DEPTH=256,BATCH_COUNT=4,BATCH_TIMEOUT=64,SINK_STALL_EN=1'b1,SINK_STALL_PERIOD=4,SINK_STALL_READY=1)/dut/u_fifo/Always163_9  Scope: \tb_pcie_axi_dma(TB_SCENARIO=2,FIFO_DEPTH=256,BATCH_COUNT=4,BATCH_TIMEOUT=64,SINK_STALL_EN=1'b1,SINK_STALL_PERIOD=4,SINK_STALL_READY=1) .dut.u_fifo  File: /get/work/krishna.vardhan/git_trees/mtp_pcie_axi/pcie_axi_dma_latency/design/rtl/axis_fifo.sv Line: 165
Warning: [axis_fifo] FIFO full (depth=256) — upstream back-pressured at t=51805000
Time: 51805 ns  Iteration: 0  Process: /tb_pcie_axi_dma(TB_SCENARIO=2,FIFO_DEPTH=256,BATCH_COUNT=4,BATCH_TIMEOUT=64,SINK_STALL_EN=1'b1,SINK_STALL_PERIOD=4,SINK_STALL_READY=1)/dut/u_fifo/Always163_9  Scope: \tb_pcie_axi_dma(TB_SCENARIO=2,FIFO_DEPTH=256,BATCH_COUNT=4,BATCH_TIMEOUT=64,SINK_STALL_EN=1'b1,SINK_STALL_PERIOD=4,SINK_STALL_READY=1) .dut.u_fifo  File: /get/work/krishna.vardhan/git_trees/mtp_pcie_axi/pcie_axi_dma_latency/design/rtl/axis_fifo.sv Line: 165
Warning: [axis_fifo] FIFO full (depth=256) — upstream back-pressured at t=51815000
Time: 51815 ns  Iteration: 0  Process: /tb_pcie_axi_dma(TB_SCENARIO=2,FIFO_DEPTH=256,BATCH_COUNT=4,BATCH_TIMEOUT=64,SINK_STALL_EN=1'b1,SINK_STALL_PERIOD=4,SINK_STALL_READY=1)/dut/u_fifo/Always163_9  Scope: \tb_pcie_axi_dma(TB_SCENARIO=2,FIFO_DEPTH=256,BATCH_COUNT=4,BATCH_TIMEOUT=64,SINK_STALL_EN=1'b1,SINK_STALL_PERIOD=4,SINK_STALL_READY=1) .dut.u_fifo  File: /get/work/krishna.vardhan/git_trees/mtp_pcie_axi/pcie_axi_dma_latency/design/rtl/axis_fifo.sv Line: 165
Warning: [axis_fifo] FIFO full (depth=256) — upstream back-pressured at t=51835000
Time: 51835 ns  Iteration: 0  Process: /tb_pcie_axi_dma(TB_SCENARIO=2,FIFO_DEPTH=256,BATCH_COUNT=4,BATCH_TIMEOUT=64,SINK_STALL_EN=1'b1,SINK_STALL_PERIOD=4,SINK_STALL_READY=1)/dut/u_fifo/Always163_9  Scope: \tb_pcie_axi_dma(TB_SCENARIO=2,FIFO_DEPTH=256,BATCH_COUNT=4,BATCH_TIMEOUT=64,SINK_STALL_EN=1'b1,SINK_STALL_PERIOD=4,SINK_STALL_READY=1) .dut.u_fifo  File: /get/work/krishna.vardhan/git_trees/mtp_pcie_axi/pcie_axi_dma_latency/design/rtl/axis_fifo.sv Line: 165
Warning: [axis_fifo] FIFO full (depth=256) — upstream back-pressured at t=51845000
Time: 51845 ns  Iteration: 0  Process: /tb_pcie_axi_dma(TB_SCENARIO=2,FIFO_DEPTH=256,BATCH_COUNT=4,BATCH_TIMEOUT=64,SINK_STALL_EN=1'b1,SINK_STALL_PERIOD=4,SINK_STALL_READY=1)/dut/u_fifo/Always163_9  Scope: \tb_pcie_axi_dma(TB_SCENARIO=2,FIFO_DEPTH=256,BATCH_COUNT=4,BATCH_TIMEOUT=64,SINK_STALL_EN=1'b1,SINK_STALL_PERIOD=4,SINK_STALL_READY=1) .dut.u_fifo  File: /get/work/krishna.vardhan/git_trees/mtp_pcie_axi/pcie_axi_dma_latency/design/rtl/axis_fifo.sv Line: 165
Warning: [axis_fifo] FIFO full (depth=256) — upstream back-pressured at t=51855000
Time: 51855 ns  Iteration: 0  Process: /tb_pcie_axi_dma(TB_SCENARIO=2,FIFO_DEPTH=256,BATCH_COUNT=4,BATCH_TIMEOUT=64,SINK_STALL_EN=1'b1,SINK_STALL_PERIOD=4,SINK_STALL_READY=1)/dut/u_fifo/Always163_9  Scope: \tb_pcie_axi_dma(TB_SCENARIO=2,FIFO_DEPTH=256,BATCH_COUNT=4,BATCH_TIMEOUT=64,SINK_STALL_EN=1'b1,SINK_STALL_PERIOD=4,SINK_STALL_READY=1) .dut.u_fifo  File: /get/work/krishna.vardhan/git_trees/mtp_pcie_axi/pcie_axi_dma_latency/design/rtl/axis_fifo.sv Line: 165
Warning: [axis_fifo] FIFO full (depth=256) — upstream back-pressured at t=51875000
Time: 51875 ns  Iteration: 0  Process: /tb_pcie_axi_dma(TB_SCENARIO=2,FIFO_DEPTH=256,BATCH_COUNT=4,BATCH_TIMEOUT=64,SINK_STALL_EN=1'b1,SINK_STALL_PERIOD=4,SINK_STALL_READY=1)/dut/u_fifo/Always163_9  Scope: \tb_pcie_axi_dma(TB_SCENARIO=2,FIFO_DEPTH=256,BATCH_COUNT=4,BATCH_TIMEOUT=64,SINK_STALL_EN=1'b1,SINK_STALL_PERIOD=4,SINK_STALL_READY=1) .dut.u_fifo  File: /get/work/krishna.vardhan/git_trees/mtp_pcie_axi/pcie_axi_dma_latency/design/rtl/axis_fifo.sv Line: 165
Warning: [axis_fifo] FIFO full (depth=256) — upstream back-pressured at t=51885000
Time: 51885 ns  Iteration: 0  Process: /tb_pcie_axi_dma(TB_SCENARIO=2,FIFO_DEPTH=256,BATCH_COUNT=4,BATCH_TIMEOUT=64,SINK_STALL_EN=1'b1,SINK_STALL_PERIOD=4,SINK_STALL_READY=1)/dut/u_fifo/Always163_9  Scope: \tb_pcie_axi_dma(TB_SCENARIO=2,FIFO_DEPTH=256,BATCH_COUNT=4,BATCH_TIMEOUT=64,SINK_STALL_EN=1'b1,SINK_STALL_PERIOD=4,SINK_STALL_READY=1) .dut.u_fifo  File: /get/work/krishna.vardhan/git_trees/mtp_pcie_axi/pcie_axi_dma_latency/design/rtl/axis_fifo.sv Line: 165
Warning: [axis_fifo] FIFO full (depth=256) — upstream back-pressured at t=51895000
Time: 51895 ns  Iteration: 0  Process: /tb_pcie_axi_dma(TB_SCENARIO=2,FIFO_DEPTH=256,BATCH_COUNT=4,BATCH_TIMEOUT=64,SINK_STALL_EN=1'b1,SINK_STALL_PERIOD=4,SINK_STALL_READY=1)/dut/u_fifo/Always163_9  Scope: \tb_pcie_axi_dma(TB_SCENARIO=2,FIFO_DEPTH=256,BATCH_COUNT=4,BATCH_TIMEOUT=64,SINK_STALL_EN=1'b1,SINK_STALL_PERIOD=4,SINK_STALL_READY=1) .dut.u_fifo  File: /get/work/krishna.vardhan/git_trees/mtp_pcie_axi/pcie_axi_dma_latency/design/rtl/axis_fifo.sv Line: 165
Warning: [axis_fifo] FIFO full (depth=256) — upstream back-pressured at t=51915000
Time: 51915 ns  Iteration: 0  Process: /tb_pcie_axi_dma(TB_SCENARIO=2,FIFO_DEPTH=256,BATCH_COUNT=4,BATCH_TIMEOUT=64,SINK_STALL_EN=1'b1,SINK_STALL_PERIOD=4,SINK_STALL_READY=1)/dut/u_fifo/Always163_9  Scope: \tb_pcie_axi_dma(TB_SCENARIO=2,FIFO_DEPTH=256,BATCH_COUNT=4,BATCH_TIMEOUT=64,SINK_STALL_EN=1'b1,SINK_STALL_PERIOD=4,SINK_STALL_READY=1) .dut.u_fifo  File: /get/work/krishna.vardhan/git_trees/mtp_pcie_axi/pcie_axi_dma_latency/design/rtl/axis_fifo.sv Line: 165
Warning: [axis_fifo] FIFO full (depth=256) — upstream back-pressured at t=51925000
Time: 51925 ns  Iteration: 0  Process: /tb_pcie_axi_dma(TB_SCENARIO=2,FIFO_DEPTH=256,BATCH_COUNT=4,BATCH_TIMEOUT=64,SINK_STALL_EN=1'b1,SINK_STALL_PERIOD=4,SINK_STALL_READY=1)/dut/u_fifo/Always163_9  Scope: \tb_pcie_axi_dma(TB_SCENARIO=2,FIFO_DEPTH=256,BATCH_COUNT=4,BATCH_TIMEOUT=64,SINK_STALL_EN=1'b1,SINK_STALL_PERIOD=4,SINK_STALL_READY=1) .dut.u_fifo  File: /get/work/krishna.vardhan/git_trees/mtp_pcie_axi/pcie_axi_dma_latency/design/rtl/axis_fifo.sv Line: 165
Warning: [axis_fifo] FIFO full (depth=256) — upstream back-pressured at t=51935000
Time: 51935 ns  Iteration: 0  Process: /tb_pcie_axi_dma(TB_SCENARIO=2,FIFO_DEPTH=256,BATCH_COUNT=4,BATCH_TIMEOUT=64,SINK_STALL_EN=1'b1,SINK_STALL_PERIOD=4,SINK_STALL_READY=1)/dut/u_fifo/Always163_9  Scope: \tb_pcie_axi_dma(TB_SCENARIO=2,FIFO_DEPTH=256,BATCH_COUNT=4,BATCH_TIMEOUT=64,SINK_STALL_EN=1'b1,SINK_STALL_PERIOD=4,SINK_STALL_READY=1) .dut.u_fifo  File: /get/work/krishna.vardhan/git_trees/mtp_pcie_axi/pcie_axi_dma_latency/design/rtl/axis_fifo.sv Line: 165
Warning: [axis_fifo] FIFO full (depth=256) — upstream back-pressured at t=51955000
Time: 51955 ns  Iteration: 0  Process: /tb_pcie_axi_dma(TB_SCENARIO=2,FIFO_DEPTH=256,BATCH_COUNT=4,BATCH_TIMEOUT=64,SINK_STALL_EN=1'b1,SINK_STALL_PERIOD=4,SINK_STALL_READY=1)/dut/u_fifo/Always163_9  Scope: \tb_pcie_axi_dma(TB_SCENARIO=2,FIFO_DEPTH=256,BATCH_COUNT=4,BATCH_TIMEOUT=64,SINK_STALL_EN=1'b1,SINK_STALL_PERIOD=4,SINK_STALL_READY=1) .dut.u_fifo  File: /get/work/krishna.vardhan/git_trees/mtp_pcie_axi/pcie_axi_dma_latency/design/rtl/axis_fifo.sv Line: 165
Warning: [axis_fifo] FIFO full (depth=256) — upstream back-pressured at t=51965000
Time: 51965 ns  Iteration: 0  Process: /tb_pcie_axi_dma(TB_SCENARIO=2,FIFO_DEPTH=256,BATCH_COUNT=4,BATCH_TIMEOUT=64,SINK_STALL_EN=1'b1,SINK_STALL_PERIOD=4,SINK_STALL_READY=1)/dut/u_fifo/Always163_9  Scope: \tb_pcie_axi_dma(TB_SCENARIO=2,FIFO_DEPTH=256,BATCH_COUNT=4,BATCH_TIMEOUT=64,SINK_STALL_EN=1'b1,SINK_STALL_PERIOD=4,SINK_STALL_READY=1) .dut.u_fifo  File: /get/work/krishna.vardhan/git_trees/mtp_pcie_axi/pcie_axi_dma_latency/design/rtl/axis_fifo.sv Line: 165
Warning: [axis_fifo] FIFO full (depth=256) — upstream back-pressured at t=51975000
Time: 51975 ns  Iteration: 0  Process: /tb_pcie_axi_dma(TB_SCENARIO=2,FIFO_DEPTH=256,BATCH_COUNT=4,BATCH_TIMEOUT=64,SINK_STALL_EN=1'b1,SINK_STALL_PERIOD=4,SINK_STALL_READY=1)/dut/u_fifo/Always163_9  Scope: \tb_pcie_axi_dma(TB_SCENARIO=2,FIFO_DEPTH=256,BATCH_COUNT=4,BATCH_TIMEOUT=64,SINK_STALL_EN=1'b1,SINK_STALL_PERIOD=4,SINK_STALL_READY=1) .dut.u_fifo  File: /get/work/krishna.vardhan/git_trees/mtp_pcie_axi/pcie_axi_dma_latency/design/rtl/axis_fifo.sv Line: 165
Warning: [axis_fifo] FIFO full (depth=256) — upstream back-pressured at t=51995000
Time: 51995 ns  Iteration: 0  Process: /tb_pcie_axi_dma(TB_SCENARIO=2,FIFO_DEPTH=256,BATCH_COUNT=4,BATCH_TIMEOUT=64,SINK_STALL_EN=1'b1,SINK_STALL_PERIOD=4,SINK_STALL_READY=1)/dut/u_fifo/Always163_9  Scope: \tb_pcie_axi_dma(TB_SCENARIO=2,FIFO_DEPTH=256,BATCH_COUNT=4,BATCH_TIMEOUT=64,SINK_STALL_EN=1'b1,SINK_STALL_PERIOD=4,SINK_STALL_READY=1) .dut.u_fifo  File: /get/work/krishna.vardhan/git_trees/mtp_pcie_axi/pcie_axi_dma_latency/design/rtl/axis_fifo.sv Line: 165
Warning: [axis_fifo] FIFO full (depth=256) — upstream back-pressured at t=52005000
Time: 52005 ns  Iteration: 0  Process: /tb_pcie_axi_dma(TB_SCENARIO=2,FIFO_DEPTH=256,BATCH_COUNT=4,BATCH_TIMEOUT=64,SINK_STALL_EN=1'b1,SINK_STALL_PERIOD=4,SINK_STALL_READY=1)/dut/u_fifo/Always163_9  Scope: \tb_pcie_axi_dma(TB_SCENARIO=2,FIFO_DEPTH=256,BATCH_COUNT=4,BATCH_TIMEOUT=64,SINK_STALL_EN=1'b1,SINK_STALL_PERIOD=4,SINK_STALL_READY=1) .dut.u_fifo  File: /get/work/krishna.vardhan/git_trees/mtp_pcie_axi/pcie_axi_dma_latency/design/rtl/axis_fifo.sv Line: 165
Warning: [axis_fifo] FIFO full (depth=256) — upstream back-pressured at t=52015000
Time: 52015 ns  Iteration: 0  Process: /tb_pcie_axi_dma(TB_SCENARIO=2,FIFO_DEPTH=256,BATCH_COUNT=4,BATCH_TIMEOUT=64,SINK_STALL_EN=1'b1,SINK_STALL_PERIOD=4,SINK_STALL_READY=1)/dut/u_fifo/Always163_9  Scope: \tb_pcie_axi_dma(TB_SCENARIO=2,FIFO_DEPTH=256,BATCH_COUNT=4,BATCH_TIMEOUT=64,SINK_STALL_EN=1'b1,SINK_STALL_PERIOD=4,SINK_STALL_READY=1) .dut.u_fifo  File: /get/work/krishna.vardhan/git_trees/mtp_pcie_axi/pcie_axi_dma_latency/design/rtl/axis_fifo.sv Line: 165
Warning: [axis_fifo] FIFO full (depth=256) — upstream back-pressured at t=52035000
Time: 52035 ns  Iteration: 0  Process: /tb_pcie_axi_dma(TB_SCENARIO=2,FIFO_DEPTH=256,BATCH_COUNT=4,BATCH_TIMEOUT=64,SINK_STALL_EN=1'b1,SINK_STALL_PERIOD=4,SINK_STALL_READY=1)/dut/u_fifo/Always163_9  Scope: \tb_pcie_axi_dma(TB_SCENARIO=2,FIFO_DEPTH=256,BATCH_COUNT=4,BATCH_TIMEOUT=64,SINK_STALL_EN=1'b1,SINK_STALL_PERIOD=4,SINK_STALL_READY=1) .dut.u_fifo  File: /get/work/krishna.vardhan/git_trees/mtp_pcie_axi/pcie_axi_dma_latency/design/rtl/axis_fifo.sv Line: 165
Warning: [axis_fifo] FIFO full (depth=256) — upstream back-pressured at t=52045000
Time: 52045 ns  Iteration: 0  Process: /tb_pcie_axi_dma(TB_SCENARIO=2,FIFO_DEPTH=256,BATCH_COUNT=4,BATCH_TIMEOUT=64,SINK_STALL_EN=1'b1,SINK_STALL_PERIOD=4,SINK_STALL_READY=1)/dut/u_fifo/Always163_9  Scope: \tb_pcie_axi_dma(TB_SCENARIO=2,FIFO_DEPTH=256,BATCH_COUNT=4,BATCH_TIMEOUT=64,SINK_STALL_EN=1'b1,SINK_STALL_PERIOD=4,SINK_STALL_READY=1) .dut.u_fifo  File: /get/work/krishna.vardhan/git_trees/mtp_pcie_axi/pcie_axi_dma_latency/design/rtl/axis_fifo.sv Line: 165
Warning: [axis_fifo] FIFO full (depth=256) — upstream back-pressured at t=52055000
Time: 52055 ns  Iteration: 0  Process: /tb_pcie_axi_dma(TB_SCENARIO=2,FIFO_DEPTH=256,BATCH_COUNT=4,BATCH_TIMEOUT=64,SINK_STALL_EN=1'b1,SINK_STALL_PERIOD=4,SINK_STALL_READY=1)/dut/u_fifo/Always163_9  Scope: \tb_pcie_axi_dma(TB_SCENARIO=2,FIFO_DEPTH=256,BATCH_COUNT=4,BATCH_TIMEOUT=64,SINK_STALL_EN=1'b1,SINK_STALL_PERIOD=4,SINK_STALL_READY=1) .dut.u_fifo  File: /get/work/krishna.vardhan/git_trees/mtp_pcie_axi/pcie_axi_dma_latency/design/rtl/axis_fifo.sv Line: 165
Warning: [axis_fifo] FIFO full (depth=256) — upstream back-pressured at t=52075000
Time: 52075 ns  Iteration: 0  Process: /tb_pcie_axi_dma(TB_SCENARIO=2,FIFO_DEPTH=256,BATCH_COUNT=4,BATCH_TIMEOUT=64,SINK_STALL_EN=1'b1,SINK_STALL_PERIOD=4,SINK_STALL_READY=1)/dut/u_fifo/Always163_9  Scope: \tb_pcie_axi_dma(TB_SCENARIO=2,FIFO_DEPTH=256,BATCH_COUNT=4,BATCH_TIMEOUT=64,SINK_STALL_EN=1'b1,SINK_STALL_PERIOD=4,SINK_STALL_READY=1) .dut.u_fifo  File: /get/work/krishna.vardhan/git_trees/mtp_pcie_axi/pcie_axi_dma_latency/design/rtl/axis_fifo.sv Line: 165
Warning: [axis_fifo] FIFO full (depth=256) — upstream back-pressured at t=52085000
Time: 52085 ns  Iteration: 0  Process: /tb_pcie_axi_dma(TB_SCENARIO=2,FIFO_DEPTH=256,BATCH_COUNT=4,BATCH_TIMEOUT=64,SINK_STALL_EN=1'b1,SINK_STALL_PERIOD=4,SINK_STALL_READY=1)/dut/u_fifo/Always163_9  Scope: \tb_pcie_axi_dma(TB_SCENARIO=2,FIFO_DEPTH=256,BATCH_COUNT=4,BATCH_TIMEOUT=64,SINK_STALL_EN=1'b1,SINK_STALL_PERIOD=4,SINK_STALL_READY=1) .dut.u_fifo  File: /get/work/krishna.vardhan/git_trees/mtp_pcie_axi/pcie_axi_dma_latency/design/rtl/axis_fifo.sv Line: 165
Warning: [axis_fifo] FIFO full (depth=256) — upstream back-pressured at t=52095000
Time: 52095 ns  Iteration: 0  Process: /tb_pcie_axi_dma(TB_SCENARIO=2,FIFO_DEPTH=256,BATCH_COUNT=4,BATCH_TIMEOUT=64,SINK_STALL_EN=1'b1,SINK_STALL_PERIOD=4,SINK_STALL_READY=1)/dut/u_fifo/Always163_9  Scope: \tb_pcie_axi_dma(TB_SCENARIO=2,FIFO_DEPTH=256,BATCH_COUNT=4,BATCH_TIMEOUT=64,SINK_STALL_EN=1'b1,SINK_STALL_PERIOD=4,SINK_STALL_READY=1) .dut.u_fifo  File: /get/work/krishna.vardhan/git_trees/mtp_pcie_axi/pcie_axi_dma_latency/design/rtl/axis_fifo.sv Line: 165
Warning: [axis_fifo] FIFO full (depth=256) — upstream back-pressured at t=52115000
Time: 52115 ns  Iteration: 0  Process: /tb_pcie_axi_dma(TB_SCENARIO=2,FIFO_DEPTH=256,BATCH_COUNT=4,BATCH_TIMEOUT=64,SINK_STALL_EN=1'b1,SINK_STALL_PERIOD=4,SINK_STALL_READY=1)/dut/u_fifo/Always163_9  Scope: \tb_pcie_axi_dma(TB_SCENARIO=2,FIFO_DEPTH=256,BATCH_COUNT=4,BATCH_TIMEOUT=64,SINK_STALL_EN=1'b1,SINK_STALL_PERIOD=4,SINK_STALL_READY=1) .dut.u_fifo  File: /get/work/krishna.vardhan/git_trees/mtp_pcie_axi/pcie_axi_dma_latency/design/rtl/axis_fifo.sv Line: 165
Warning: [axis_fifo] FIFO full (depth=256) — upstream back-pressured at t=52125000
Time: 52125 ns  Iteration: 0  Process: /tb_pcie_axi_dma(TB_SCENARIO=2,FIFO_DEPTH=256,BATCH_COUNT=4,BATCH_TIMEOUT=64,SINK_STALL_EN=1'b1,SINK_STALL_PERIOD=4,SINK_STALL_READY=1)/dut/u_fifo/Always163_9  Scope: \tb_pcie_axi_dma(TB_SCENARIO=2,FIFO_DEPTH=256,BATCH_COUNT=4,BATCH_TIMEOUT=64,SINK_STALL_EN=1'b1,SINK_STALL_PERIOD=4,SINK_STALL_READY=1) .dut.u_fifo  File: /get/work/krishna.vardhan/git_trees/mtp_pcie_axi/pcie_axi_dma_latency/design/rtl/axis_fifo.sv Line: 165
Warning: [axis_fifo] FIFO full (depth=256) — upstream back-pressured at t=52135000
Time: 52135 ns  Iteration: 0  Process: /tb_pcie_axi_dma(TB_SCENARIO=2,FIFO_DEPTH=256,BATCH_COUNT=4,BATCH_TIMEOUT=64,SINK_STALL_EN=1'b1,SINK_STALL_PERIOD=4,SINK_STALL_READY=1)/dut/u_fifo/Always163_9  Scope: \tb_pcie_axi_dma(TB_SCENARIO=2,FIFO_DEPTH=256,BATCH_COUNT=4,BATCH_TIMEOUT=64,SINK_STALL_EN=1'b1,SINK_STALL_PERIOD=4,SINK_STALL_READY=1) .dut.u_fifo  File: /get/work/krishna.vardhan/git_trees/mtp_pcie_axi/pcie_axi_dma_latency/design/rtl/axis_fifo.sv Line: 165
Warning: [axis_fifo] FIFO full (depth=256) — upstream back-pressured at t=52155000
Time: 52155 ns  Iteration: 0  Process: /tb_pcie_axi_dma(TB_SCENARIO=2,FIFO_DEPTH=256,BATCH_COUNT=4,BATCH_TIMEOUT=64,SINK_STALL_EN=1'b1,SINK_STALL_PERIOD=4,SINK_STALL_READY=1)/dut/u_fifo/Always163_9  Scope: \tb_pcie_axi_dma(TB_SCENARIO=2,FIFO_DEPTH=256,BATCH_COUNT=4,BATCH_TIMEOUT=64,SINK_STALL_EN=1'b1,SINK_STALL_PERIOD=4,SINK_STALL_READY=1) .dut.u_fifo  File: /get/work/krishna.vardhan/git_trees/mtp_pcie_axi/pcie_axi_dma_latency/design/rtl/axis_fifo.sv Line: 165
Warning: [axis_fifo] FIFO full (depth=256) — upstream back-pressured at t=52165000
Time: 52165 ns  Iteration: 0  Process: /tb_pcie_axi_dma(TB_SCENARIO=2,FIFO_DEPTH=256,BATCH_COUNT=4,BATCH_TIMEOUT=64,SINK_STALL_EN=1'b1,SINK_STALL_PERIOD=4,SINK_STALL_READY=1)/dut/u_fifo/Always163_9  Scope: \tb_pcie_axi_dma(TB_SCENARIO=2,FIFO_DEPTH=256,BATCH_COUNT=4,BATCH_TIMEOUT=64,SINK_STALL_EN=1'b1,SINK_STALL_PERIOD=4,SINK_STALL_READY=1) .dut.u_fifo  File: /get/work/krishna.vardhan/git_trees/mtp_pcie_axi/pcie_axi_dma_latency/design/rtl/axis_fifo.sv Line: 165
Warning: [axis_fifo] FIFO full (depth=256) — upstream back-pressured at t=52175000
Time: 52175 ns  Iteration: 0  Process: /tb_pcie_axi_dma(TB_SCENARIO=2,FIFO_DEPTH=256,BATCH_COUNT=4,BATCH_TIMEOUT=64,SINK_STALL_EN=1'b1,SINK_STALL_PERIOD=4,SINK_STALL_READY=1)/dut/u_fifo/Always163_9  Scope: \tb_pcie_axi_dma(TB_SCENARIO=2,FIFO_DEPTH=256,BATCH_COUNT=4,BATCH_TIMEOUT=64,SINK_STALL_EN=1'b1,SINK_STALL_PERIOD=4,SINK_STALL_READY=1) .dut.u_fifo  File: /get/work/krishna.vardhan/git_trees/mtp_pcie_axi/pcie_axi_dma_latency/design/rtl/axis_fifo.sv Line: 165
Warning: [axis_fifo] FIFO full (depth=256) — upstream back-pressured at t=52195000
Time: 52195 ns  Iteration: 0  Process: /tb_pcie_axi_dma(TB_SCENARIO=2,FIFO_DEPTH=256,BATCH_COUNT=4,BATCH_TIMEOUT=64,SINK_STALL_EN=1'b1,SINK_STALL_PERIOD=4,SINK_STALL_READY=1)/dut/u_fifo/Always163_9  Scope: \tb_pcie_axi_dma(TB_SCENARIO=2,FIFO_DEPTH=256,BATCH_COUNT=4,BATCH_TIMEOUT=64,SINK_STALL_EN=1'b1,SINK_STALL_PERIOD=4,SINK_STALL_READY=1) .dut.u_fifo  File: /get/work/krishna.vardhan/git_trees/mtp_pcie_axi/pcie_axi_dma_latency/design/rtl/axis_fifo.sv Line: 165
Warning: [axis_fifo] FIFO full (depth=256) — upstream back-pressured at t=52205000
Time: 52205 ns  Iteration: 0  Process: /tb_pcie_axi_dma(TB_SCENARIO=2,FIFO_DEPTH=256,BATCH_COUNT=4,BATCH_TIMEOUT=64,SINK_STALL_EN=1'b1,SINK_STALL_PERIOD=4,SINK_STALL_READY=1)/dut/u_fifo/Always163_9  Scope: \tb_pcie_axi_dma(TB_SCENARIO=2,FIFO_DEPTH=256,BATCH_COUNT=4,BATCH_TIMEOUT=64,SINK_STALL_EN=1'b1,SINK_STALL_PERIOD=4,SINK_STALL_READY=1) .dut.u_fifo  File: /get/work/krishna.vardhan/git_trees/mtp_pcie_axi/pcie_axi_dma_latency/design/rtl/axis_fifo.sv Line: 165
Warning: [axis_fifo] FIFO full (depth=256) — upstream back-pressured at t=52215000
Time: 52215 ns  Iteration: 0  Process: /tb_pcie_axi_dma(TB_SCENARIO=2,FIFO_DEPTH=256,BATCH_COUNT=4,BATCH_TIMEOUT=64,SINK_STALL_EN=1'b1,SINK_STALL_PERIOD=4,SINK_STALL_READY=1)/dut/u_fifo/Always163_9  Scope: \tb_pcie_axi_dma(TB_SCENARIO=2,FIFO_DEPTH=256,BATCH_COUNT=4,BATCH_TIMEOUT=64,SINK_STALL_EN=1'b1,SINK_STALL_PERIOD=4,SINK_STALL_READY=1) .dut.u_fifo  File: /get/work/krishna.vardhan/git_trees/mtp_pcie_axi/pcie_axi_dma_latency/design/rtl/axis_fifo.sv Line: 165
Warning: [axis_fifo] FIFO full (depth=256) — upstream back-pressured at t=52235000
Time: 52235 ns  Iteration: 0  Process: /tb_pcie_axi_dma(TB_SCENARIO=2,FIFO_DEPTH=256,BATCH_COUNT=4,BATCH_TIMEOUT=64,SINK_STALL_EN=1'b1,SINK_STALL_PERIOD=4,SINK_STALL_READY=1)/dut/u_fifo/Always163_9  Scope: \tb_pcie_axi_dma(TB_SCENARIO=2,FIFO_DEPTH=256,BATCH_COUNT=4,BATCH_TIMEOUT=64,SINK_STALL_EN=1'b1,SINK_STALL_PERIOD=4,SINK_STALL_READY=1) .dut.u_fifo  File: /get/work/krishna.vardhan/git_trees/mtp_pcie_axi/pcie_axi_dma_latency/design/rtl/axis_fifo.sv Line: 165
Warning: [axis_fifo] FIFO full (depth=256) — upstream back-pressured at t=52245000
Time: 52245 ns  Iteration: 0  Process: /tb_pcie_axi_dma(TB_SCENARIO=2,FIFO_DEPTH=256,BATCH_COUNT=4,BATCH_TIMEOUT=64,SINK_STALL_EN=1'b1,SINK_STALL_PERIOD=4,SINK_STALL_READY=1)/dut/u_fifo/Always163_9  Scope: \tb_pcie_axi_dma(TB_SCENARIO=2,FIFO_DEPTH=256,BATCH_COUNT=4,BATCH_TIMEOUT=64,SINK_STALL_EN=1'b1,SINK_STALL_PERIOD=4,SINK_STALL_READY=1) .dut.u_fifo  File: /get/work/krishna.vardhan/git_trees/mtp_pcie_axi/pcie_axi_dma_latency/design/rtl/axis_fifo.sv Line: 165
Warning: [axis_fifo] FIFO full (depth=256) — upstream back-pressured at t=52255000
Time: 52255 ns  Iteration: 0  Process: /tb_pcie_axi_dma(TB_SCENARIO=2,FIFO_DEPTH=256,BATCH_COUNT=4,BATCH_TIMEOUT=64,SINK_STALL_EN=1'b1,SINK_STALL_PERIOD=4,SINK_STALL_READY=1)/dut/u_fifo/Always163_9  Scope: \tb_pcie_axi_dma(TB_SCENARIO=2,FIFO_DEPTH=256,BATCH_COUNT=4,BATCH_TIMEOUT=64,SINK_STALL_EN=1'b1,SINK_STALL_PERIOD=4,SINK_STALL_READY=1) .dut.u_fifo  File: /get/work/krishna.vardhan/git_trees/mtp_pcie_axi/pcie_axi_dma_latency/design/rtl/axis_fifo.sv Line: 165
Warning: [axis_fifo] FIFO full (depth=256) — upstream back-pressured at t=52275000
Time: 52275 ns  Iteration: 0  Process: /tb_pcie_axi_dma(TB_SCENARIO=2,FIFO_DEPTH=256,BATCH_COUNT=4,BATCH_TIMEOUT=64,SINK_STALL_EN=1'b1,SINK_STALL_PERIOD=4,SINK_STALL_READY=1)/dut/u_fifo/Always163_9  Scope: \tb_pcie_axi_dma(TB_SCENARIO=2,FIFO_DEPTH=256,BATCH_COUNT=4,BATCH_TIMEOUT=64,SINK_STALL_EN=1'b1,SINK_STALL_PERIOD=4,SINK_STALL_READY=1) .dut.u_fifo  File: /get/work/krishna.vardhan/git_trees/mtp_pcie_axi/pcie_axi_dma_latency/design/rtl/axis_fifo.sv Line: 165
Warning: [axis_fifo] FIFO full (depth=256) — upstream back-pressured at t=52285000
Time: 52285 ns  Iteration: 0  Process: /tb_pcie_axi_dma(TB_SCENARIO=2,FIFO_DEPTH=256,BATCH_COUNT=4,BATCH_TIMEOUT=64,SINK_STALL_EN=1'b1,SINK_STALL_PERIOD=4,SINK_STALL_READY=1)/dut/u_fifo/Always163_9  Scope: \tb_pcie_axi_dma(TB_SCENARIO=2,FIFO_DEPTH=256,BATCH_COUNT=4,BATCH_TIMEOUT=64,SINK_STALL_EN=1'b1,SINK_STALL_PERIOD=4,SINK_STALL_READY=1) .dut.u_fifo  File: /get/work/krishna.vardhan/git_trees/mtp_pcie_axi/pcie_axi_dma_latency/design/rtl/axis_fifo.sv Line: 165
Warning: [axis_fifo] FIFO full (depth=256) — upstream back-pressured at t=52295000
Time: 52295 ns  Iteration: 0  Process: /tb_pcie_axi_dma(TB_SCENARIO=2,FIFO_DEPTH=256,BATCH_COUNT=4,BATCH_TIMEOUT=64,SINK_STALL_EN=1'b1,SINK_STALL_PERIOD=4,SINK_STALL_READY=1)/dut/u_fifo/Always163_9  Scope: \tb_pcie_axi_dma(TB_SCENARIO=2,FIFO_DEPTH=256,BATCH_COUNT=4,BATCH_TIMEOUT=64,SINK_STALL_EN=1'b1,SINK_STALL_PERIOD=4,SINK_STALL_READY=1) .dut.u_fifo  File: /get/work/krishna.vardhan/git_trees/mtp_pcie_axi/pcie_axi_dma_latency/design/rtl/axis_fifo.sv Line: 165
Warning: [axis_fifo] FIFO full (depth=256) — upstream back-pressured at t=52315000
Time: 52315 ns  Iteration: 0  Process: /tb_pcie_axi_dma(TB_SCENARIO=2,FIFO_DEPTH=256,BATCH_COUNT=4,BATCH_TIMEOUT=64,SINK_STALL_EN=1'b1,SINK_STALL_PERIOD=4,SINK_STALL_READY=1)/dut/u_fifo/Always163_9  Scope: \tb_pcie_axi_dma(TB_SCENARIO=2,FIFO_DEPTH=256,BATCH_COUNT=4,BATCH_TIMEOUT=64,SINK_STALL_EN=1'b1,SINK_STALL_PERIOD=4,SINK_STALL_READY=1) .dut.u_fifo  File: /get/work/krishna.vardhan/git_trees/mtp_pcie_axi/pcie_axi_dma_latency/design/rtl/axis_fifo.sv Line: 165
Warning: [axis_fifo] FIFO full (depth=256) — upstream back-pressured at t=52325000
Time: 52325 ns  Iteration: 0  Process: /tb_pcie_axi_dma(TB_SCENARIO=2,FIFO_DEPTH=256,BATCH_COUNT=4,BATCH_TIMEOUT=64,SINK_STALL_EN=1'b1,SINK_STALL_PERIOD=4,SINK_STALL_READY=1)/dut/u_fifo/Always163_9  Scope: \tb_pcie_axi_dma(TB_SCENARIO=2,FIFO_DEPTH=256,BATCH_COUNT=4,BATCH_TIMEOUT=64,SINK_STALL_EN=1'b1,SINK_STALL_PERIOD=4,SINK_STALL_READY=1) .dut.u_fifo  File: /get/work/krishna.vardhan/git_trees/mtp_pcie_axi/pcie_axi_dma_latency/design/rtl/axis_fifo.sv Line: 165
Warning: [axis_fifo] FIFO full (depth=256) — upstream back-pressured at t=52335000
Time: 52335 ns  Iteration: 0  Process: /tb_pcie_axi_dma(TB_SCENARIO=2,FIFO_DEPTH=256,BATCH_COUNT=4,BATCH_TIMEOUT=64,SINK_STALL_EN=1'b1,SINK_STALL_PERIOD=4,SINK_STALL_READY=1)/dut/u_fifo/Always163_9  Scope: \tb_pcie_axi_dma(TB_SCENARIO=2,FIFO_DEPTH=256,BATCH_COUNT=4,BATCH_TIMEOUT=64,SINK_STALL_EN=1'b1,SINK_STALL_PERIOD=4,SINK_STALL_READY=1) .dut.u_fifo  File: /get/work/krishna.vardhan/git_trees/mtp_pcie_axi/pcie_axi_dma_latency/design/rtl/axis_fifo.sv Line: 165
Warning: [axis_fifo] FIFO full (depth=256) — upstream back-pressured at t=52355000
Time: 52355 ns  Iteration: 0  Process: /tb_pcie_axi_dma(TB_SCENARIO=2,FIFO_DEPTH=256,BATCH_COUNT=4,BATCH_TIMEOUT=64,SINK_STALL_EN=1'b1,SINK_STALL_PERIOD=4,SINK_STALL_READY=1)/dut/u_fifo/Always163_9  Scope: \tb_pcie_axi_dma(TB_SCENARIO=2,FIFO_DEPTH=256,BATCH_COUNT=4,BATCH_TIMEOUT=64,SINK_STALL_EN=1'b1,SINK_STALL_PERIOD=4,SINK_STALL_READY=1) .dut.u_fifo  File: /get/work/krishna.vardhan/git_trees/mtp_pcie_axi/pcie_axi_dma_latency/design/rtl/axis_fifo.sv Line: 165
Warning: [axis_fifo] FIFO full (depth=256) — upstream back-pressured at t=52365000
Time: 52365 ns  Iteration: 0  Process: /tb_pcie_axi_dma(TB_SCENARIO=2,FIFO_DEPTH=256,BATCH_COUNT=4,BATCH_TIMEOUT=64,SINK_STALL_EN=1'b1,SINK_STALL_PERIOD=4,SINK_STALL_READY=1)/dut/u_fifo/Always163_9  Scope: \tb_pcie_axi_dma(TB_SCENARIO=2,FIFO_DEPTH=256,BATCH_COUNT=4,BATCH_TIMEOUT=64,SINK_STALL_EN=1'b1,SINK_STALL_PERIOD=4,SINK_STALL_READY=1) .dut.u_fifo  File: /get/work/krishna.vardhan/git_trees/mtp_pcie_axi/pcie_axi_dma_latency/design/rtl/axis_fifo.sv Line: 165
Warning: [axis_fifo] FIFO full (depth=256) — upstream back-pressured at t=52375000
Time: 52375 ns  Iteration: 0  Process: /tb_pcie_axi_dma(TB_SCENARIO=2,FIFO_DEPTH=256,BATCH_COUNT=4,BATCH_TIMEOUT=64,SINK_STALL_EN=1'b1,SINK_STALL_PERIOD=4,SINK_STALL_READY=1)/dut/u_fifo/Always163_9  Scope: \tb_pcie_axi_dma(TB_SCENARIO=2,FIFO_DEPTH=256,BATCH_COUNT=4,BATCH_TIMEOUT=64,SINK_STALL_EN=1'b1,SINK_STALL_PERIOD=4,SINK_STALL_READY=1) .dut.u_fifo  File: /get/work/krishna.vardhan/git_trees/mtp_pcie_axi/pcie_axi_dma_latency/design/rtl/axis_fifo.sv Line: 165
Warning: [axis_fifo] FIFO full (depth=256) — upstream back-pressured at t=52395000
Time: 52395 ns  Iteration: 0  Process: /tb_pcie_axi_dma(TB_SCENARIO=2,FIFO_DEPTH=256,BATCH_COUNT=4,BATCH_TIMEOUT=64,SINK_STALL_EN=1'b1,SINK_STALL_PERIOD=4,SINK_STALL_READY=1)/dut/u_fifo/Always163_9  Scope: \tb_pcie_axi_dma(TB_SCENARIO=2,FIFO_DEPTH=256,BATCH_COUNT=4,BATCH_TIMEOUT=64,SINK_STALL_EN=1'b1,SINK_STALL_PERIOD=4,SINK_STALL_READY=1) .dut.u_fifo  File: /get/work/krishna.vardhan/git_trees/mtp_pcie_axi/pcie_axi_dma_latency/design/rtl/axis_fifo.sv Line: 165
Warning: [axis_fifo] FIFO full (depth=256) — upstream back-pressured at t=52405000
Time: 52405 ns  Iteration: 0  Process: /tb_pcie_axi_dma(TB_SCENARIO=2,FIFO_DEPTH=256,BATCH_COUNT=4,BATCH_TIMEOUT=64,SINK_STALL_EN=1'b1,SINK_STALL_PERIOD=4,SINK_STALL_READY=1)/dut/u_fifo/Always163_9  Scope: \tb_pcie_axi_dma(TB_SCENARIO=2,FIFO_DEPTH=256,BATCH_COUNT=4,BATCH_TIMEOUT=64,SINK_STALL_EN=1'b1,SINK_STALL_PERIOD=4,SINK_STALL_READY=1) .dut.u_fifo  File: /get/work/krishna.vardhan/git_trees/mtp_pcie_axi/pcie_axi_dma_latency/design/rtl/axis_fifo.sv Line: 165
Warning: [axis_fifo] FIFO full (depth=256) — upstream back-pressured at t=52415000
Time: 52415 ns  Iteration: 0  Process: /tb_pcie_axi_dma(TB_SCENARIO=2,FIFO_DEPTH=256,BATCH_COUNT=4,BATCH_TIMEOUT=64,SINK_STALL_EN=1'b1,SINK_STALL_PERIOD=4,SINK_STALL_READY=1)/dut/u_fifo/Always163_9  Scope: \tb_pcie_axi_dma(TB_SCENARIO=2,FIFO_DEPTH=256,BATCH_COUNT=4,BATCH_TIMEOUT=64,SINK_STALL_EN=1'b1,SINK_STALL_PERIOD=4,SINK_STALL_READY=1) .dut.u_fifo  File: /get/work/krishna.vardhan/git_trees/mtp_pcie_axi/pcie_axi_dma_latency/design/rtl/axis_fifo.sv Line: 165
Warning: [axis_fifo] FIFO full (depth=256) — upstream back-pressured at t=52435000
Time: 52435 ns  Iteration: 0  Process: /tb_pcie_axi_dma(TB_SCENARIO=2,FIFO_DEPTH=256,BATCH_COUNT=4,BATCH_TIMEOUT=64,SINK_STALL_EN=1'b1,SINK_STALL_PERIOD=4,SINK_STALL_READY=1)/dut/u_fifo/Always163_9  Scope: \tb_pcie_axi_dma(TB_SCENARIO=2,FIFO_DEPTH=256,BATCH_COUNT=4,BATCH_TIMEOUT=64,SINK_STALL_EN=1'b1,SINK_STALL_PERIOD=4,SINK_STALL_READY=1) .dut.u_fifo  File: /get/work/krishna.vardhan/git_trees/mtp_pcie_axi/pcie_axi_dma_latency/design/rtl/axis_fifo.sv Line: 165
Warning: [axis_fifo] FIFO full (depth=256) — upstream back-pressured at t=52445000
Time: 52445 ns  Iteration: 0  Process: /tb_pcie_axi_dma(TB_SCENARIO=2,FIFO_DEPTH=256,BATCH_COUNT=4,BATCH_TIMEOUT=64,SINK_STALL_EN=1'b1,SINK_STALL_PERIOD=4,SINK_STALL_READY=1)/dut/u_fifo/Always163_9  Scope: \tb_pcie_axi_dma(TB_SCENARIO=2,FIFO_DEPTH=256,BATCH_COUNT=4,BATCH_TIMEOUT=64,SINK_STALL_EN=1'b1,SINK_STALL_PERIOD=4,SINK_STALL_READY=1) .dut.u_fifo  File: /get/work/krishna.vardhan/git_trees/mtp_pcie_axi/pcie_axi_dma_latency/design/rtl/axis_fifo.sv Line: 165
Warning: [axis_fifo] FIFO full (depth=256) — upstream back-pressured at t=52455000
Time: 52455 ns  Iteration: 0  Process: /tb_pcie_axi_dma(TB_SCENARIO=2,FIFO_DEPTH=256,BATCH_COUNT=4,BATCH_TIMEOUT=64,SINK_STALL_EN=1'b1,SINK_STALL_PERIOD=4,SINK_STALL_READY=1)/dut/u_fifo/Always163_9  Scope: \tb_pcie_axi_dma(TB_SCENARIO=2,FIFO_DEPTH=256,BATCH_COUNT=4,BATCH_TIMEOUT=64,SINK_STALL_EN=1'b1,SINK_STALL_PERIOD=4,SINK_STALL_READY=1) .dut.u_fifo  File: /get/work/krishna.vardhan/git_trees/mtp_pcie_axi/pcie_axi_dma_latency/design/rtl/axis_fifo.sv Line: 165
Warning: [axis_fifo] FIFO full (depth=256) — upstream back-pressured at t=52475000
Time: 52475 ns  Iteration: 0  Process: /tb_pcie_axi_dma(TB_SCENARIO=2,FIFO_DEPTH=256,BATCH_COUNT=4,BATCH_TIMEOUT=64,SINK_STALL_EN=1'b1,SINK_STALL_PERIOD=4,SINK_STALL_READY=1)/dut/u_fifo/Always163_9  Scope: \tb_pcie_axi_dma(TB_SCENARIO=2,FIFO_DEPTH=256,BATCH_COUNT=4,BATCH_TIMEOUT=64,SINK_STALL_EN=1'b1,SINK_STALL_PERIOD=4,SINK_STALL_READY=1) .dut.u_fifo  File: /get/work/krishna.vardhan/git_trees/mtp_pcie_axi/pcie_axi_dma_latency/design/rtl/axis_fifo.sv Line: 165
Warning: [axis_fifo] FIFO full (depth=256) — upstream back-pressured at t=52485000
Time: 52485 ns  Iteration: 0  Process: /tb_pcie_axi_dma(TB_SCENARIO=2,FIFO_DEPTH=256,BATCH_COUNT=4,BATCH_TIMEOUT=64,SINK_STALL_EN=1'b1,SINK_STALL_PERIOD=4,SINK_STALL_READY=1)/dut/u_fifo/Always163_9  Scope: \tb_pcie_axi_dma(TB_SCENARIO=2,FIFO_DEPTH=256,BATCH_COUNT=4,BATCH_TIMEOUT=64,SINK_STALL_EN=1'b1,SINK_STALL_PERIOD=4,SINK_STALL_READY=1) .dut.u_fifo  File: /get/work/krishna.vardhan/git_trees/mtp_pcie_axi/pcie_axi_dma_latency/design/rtl/axis_fifo.sv Line: 165
Warning: [axis_fifo] FIFO full (depth=256) — upstream back-pressured at t=52495000
Time: 52495 ns  Iteration: 0  Process: /tb_pcie_axi_dma(TB_SCENARIO=2,FIFO_DEPTH=256,BATCH_COUNT=4,BATCH_TIMEOUT=64,SINK_STALL_EN=1'b1,SINK_STALL_PERIOD=4,SINK_STALL_READY=1)/dut/u_fifo/Always163_9  Scope: \tb_pcie_axi_dma(TB_SCENARIO=2,FIFO_DEPTH=256,BATCH_COUNT=4,BATCH_TIMEOUT=64,SINK_STALL_EN=1'b1,SINK_STALL_PERIOD=4,SINK_STALL_READY=1) .dut.u_fifo  File: /get/work/krishna.vardhan/git_trees/mtp_pcie_axi/pcie_axi_dma_latency/design/rtl/axis_fifo.sv Line: 165
Warning: [axis_fifo] FIFO full (depth=256) — upstream back-pressured at t=52515000
Time: 52515 ns  Iteration: 0  Process: /tb_pcie_axi_dma(TB_SCENARIO=2,FIFO_DEPTH=256,BATCH_COUNT=4,BATCH_TIMEOUT=64,SINK_STALL_EN=1'b1,SINK_STALL_PERIOD=4,SINK_STALL_READY=1)/dut/u_fifo/Always163_9  Scope: \tb_pcie_axi_dma(TB_SCENARIO=2,FIFO_DEPTH=256,BATCH_COUNT=4,BATCH_TIMEOUT=64,SINK_STALL_EN=1'b1,SINK_STALL_PERIOD=4,SINK_STALL_READY=1) .dut.u_fifo  File: /get/work/krishna.vardhan/git_trees/mtp_pcie_axi/pcie_axi_dma_latency/design/rtl/axis_fifo.sv Line: 165
Warning: [axis_fifo] FIFO full (depth=256) — upstream back-pressured at t=52525000
Time: 52525 ns  Iteration: 0  Process: /tb_pcie_axi_dma(TB_SCENARIO=2,FIFO_DEPTH=256,BATCH_COUNT=4,BATCH_TIMEOUT=64,SINK_STALL_EN=1'b1,SINK_STALL_PERIOD=4,SINK_STALL_READY=1)/dut/u_fifo/Always163_9  Scope: \tb_pcie_axi_dma(TB_SCENARIO=2,FIFO_DEPTH=256,BATCH_COUNT=4,BATCH_TIMEOUT=64,SINK_STALL_EN=1'b1,SINK_STALL_PERIOD=4,SINK_STALL_READY=1) .dut.u_fifo  File: /get/work/krishna.vardhan/git_trees/mtp_pcie_axi/pcie_axi_dma_latency/design/rtl/axis_fifo.sv Line: 165
Warning: [axis_fifo] FIFO full (depth=256) — upstream back-pressured at t=52535000
Time: 52535 ns  Iteration: 0  Process: /tb_pcie_axi_dma(TB_SCENARIO=2,FIFO_DEPTH=256,BATCH_COUNT=4,BATCH_TIMEOUT=64,SINK_STALL_EN=1'b1,SINK_STALL_PERIOD=4,SINK_STALL_READY=1)/dut/u_fifo/Always163_9  Scope: \tb_pcie_axi_dma(TB_SCENARIO=2,FIFO_DEPTH=256,BATCH_COUNT=4,BATCH_TIMEOUT=64,SINK_STALL_EN=1'b1,SINK_STALL_PERIOD=4,SINK_STALL_READY=1) .dut.u_fifo  File: /get/work/krishna.vardhan/git_trees/mtp_pcie_axi/pcie_axi_dma_latency/design/rtl/axis_fifo.sv Line: 165
Warning: [axis_fifo] FIFO full (depth=256) — upstream back-pressured at t=52555000
Time: 52555 ns  Iteration: 0  Process: /tb_pcie_axi_dma(TB_SCENARIO=2,FIFO_DEPTH=256,BATCH_COUNT=4,BATCH_TIMEOUT=64,SINK_STALL_EN=1'b1,SINK_STALL_PERIOD=4,SINK_STALL_READY=1)/dut/u_fifo/Always163_9  Scope: \tb_pcie_axi_dma(TB_SCENARIO=2,FIFO_DEPTH=256,BATCH_COUNT=4,BATCH_TIMEOUT=64,SINK_STALL_EN=1'b1,SINK_STALL_PERIOD=4,SINK_STALL_READY=1) .dut.u_fifo  File: /get/work/krishna.vardhan/git_trees/mtp_pcie_axi/pcie_axi_dma_latency/design/rtl/axis_fifo.sv Line: 165
Warning: [axis_fifo] FIFO full (depth=256) — upstream back-pressured at t=52565000
Time: 52565 ns  Iteration: 0  Process: /tb_pcie_axi_dma(TB_SCENARIO=2,FIFO_DEPTH=256,BATCH_COUNT=4,BATCH_TIMEOUT=64,SINK_STALL_EN=1'b1,SINK_STALL_PERIOD=4,SINK_STALL_READY=1)/dut/u_fifo/Always163_9  Scope: \tb_pcie_axi_dma(TB_SCENARIO=2,FIFO_DEPTH=256,BATCH_COUNT=4,BATCH_TIMEOUT=64,SINK_STALL_EN=1'b1,SINK_STALL_PERIOD=4,SINK_STALL_READY=1) .dut.u_fifo  File: /get/work/krishna.vardhan/git_trees/mtp_pcie_axi/pcie_axi_dma_latency/design/rtl/axis_fifo.sv Line: 165
Warning: [axis_fifo] FIFO full (depth=256) — upstream back-pressured at t=52575000
Time: 52575 ns  Iteration: 0  Process: /tb_pcie_axi_dma(TB_SCENARIO=2,FIFO_DEPTH=256,BATCH_COUNT=4,BATCH_TIMEOUT=64,SINK_STALL_EN=1'b1,SINK_STALL_PERIOD=4,SINK_STALL_READY=1)/dut/u_fifo/Always163_9  Scope: \tb_pcie_axi_dma(TB_SCENARIO=2,FIFO_DEPTH=256,BATCH_COUNT=4,BATCH_TIMEOUT=64,SINK_STALL_EN=1'b1,SINK_STALL_PERIOD=4,SINK_STALL_READY=1) .dut.u_fifo  File: /get/work/krishna.vardhan/git_trees/mtp_pcie_axi/pcie_axi_dma_latency/design/rtl/axis_fifo.sv Line: 165
Warning: [axis_fifo] FIFO full (depth=256) — upstream back-pressured at t=52595000
Time: 52595 ns  Iteration: 0  Process: /tb_pcie_axi_dma(TB_SCENARIO=2,FIFO_DEPTH=256,BATCH_COUNT=4,BATCH_TIMEOUT=64,SINK_STALL_EN=1'b1,SINK_STALL_PERIOD=4,SINK_STALL_READY=1)/dut/u_fifo/Always163_9  Scope: \tb_pcie_axi_dma(TB_SCENARIO=2,FIFO_DEPTH=256,BATCH_COUNT=4,BATCH_TIMEOUT=64,SINK_STALL_EN=1'b1,SINK_STALL_PERIOD=4,SINK_STALL_READY=1) .dut.u_fifo  File: /get/work/krishna.vardhan/git_trees/mtp_pcie_axi/pcie_axi_dma_latency/design/rtl/axis_fifo.sv Line: 165
Warning: [axis_fifo] FIFO full (depth=256) — upstream back-pressured at t=52605000
Time: 52605 ns  Iteration: 0  Process: /tb_pcie_axi_dma(TB_SCENARIO=2,FIFO_DEPTH=256,BATCH_COUNT=4,BATCH_TIMEOUT=64,SINK_STALL_EN=1'b1,SINK_STALL_PERIOD=4,SINK_STALL_READY=1)/dut/u_fifo/Always163_9  Scope: \tb_pcie_axi_dma(TB_SCENARIO=2,FIFO_DEPTH=256,BATCH_COUNT=4,BATCH_TIMEOUT=64,SINK_STALL_EN=1'b1,SINK_STALL_PERIOD=4,SINK_STALL_READY=1) .dut.u_fifo  File: /get/work/krishna.vardhan/git_trees/mtp_pcie_axi/pcie_axi_dma_latency/design/rtl/axis_fifo.sv Line: 165
Warning: [axis_fifo] FIFO full (depth=256) — upstream back-pressured at t=52615000
Time: 52615 ns  Iteration: 0  Process: /tb_pcie_axi_dma(TB_SCENARIO=2,FIFO_DEPTH=256,BATCH_COUNT=4,BATCH_TIMEOUT=64,SINK_STALL_EN=1'b1,SINK_STALL_PERIOD=4,SINK_STALL_READY=1)/dut/u_fifo/Always163_9  Scope: \tb_pcie_axi_dma(TB_SCENARIO=2,FIFO_DEPTH=256,BATCH_COUNT=4,BATCH_TIMEOUT=64,SINK_STALL_EN=1'b1,SINK_STALL_PERIOD=4,SINK_STALL_READY=1) .dut.u_fifo  File: /get/work/krishna.vardhan/git_trees/mtp_pcie_axi/pcie_axi_dma_latency/design/rtl/axis_fifo.sv Line: 165
Warning: [axis_fifo] FIFO full (depth=256) — upstream back-pressured at t=52635000
Time: 52635 ns  Iteration: 0  Process: /tb_pcie_axi_dma(TB_SCENARIO=2,FIFO_DEPTH=256,BATCH_COUNT=4,BATCH_TIMEOUT=64,SINK_STALL_EN=1'b1,SINK_STALL_PERIOD=4,SINK_STALL_READY=1)/dut/u_fifo/Always163_9  Scope: \tb_pcie_axi_dma(TB_SCENARIO=2,FIFO_DEPTH=256,BATCH_COUNT=4,BATCH_TIMEOUT=64,SINK_STALL_EN=1'b1,SINK_STALL_PERIOD=4,SINK_STALL_READY=1) .dut.u_fifo  File: /get/work/krishna.vardhan/git_trees/mtp_pcie_axi/pcie_axi_dma_latency/design/rtl/axis_fifo.sv Line: 165
Warning: [axis_fifo] FIFO full (depth=256) — upstream back-pressured at t=52645000
Time: 52645 ns  Iteration: 0  Process: /tb_pcie_axi_dma(TB_SCENARIO=2,FIFO_DEPTH=256,BATCH_COUNT=4,BATCH_TIMEOUT=64,SINK_STALL_EN=1'b1,SINK_STALL_PERIOD=4,SINK_STALL_READY=1)/dut/u_fifo/Always163_9  Scope: \tb_pcie_axi_dma(TB_SCENARIO=2,FIFO_DEPTH=256,BATCH_COUNT=4,BATCH_TIMEOUT=64,SINK_STALL_EN=1'b1,SINK_STALL_PERIOD=4,SINK_STALL_READY=1) .dut.u_fifo  File: /get/work/krishna.vardhan/git_trees/mtp_pcie_axi/pcie_axi_dma_latency/design/rtl/axis_fifo.sv Line: 165
Warning: [axis_fifo] FIFO full (depth=256) — upstream back-pressured at t=52655000
Time: 52655 ns  Iteration: 0  Process: /tb_pcie_axi_dma(TB_SCENARIO=2,FIFO_DEPTH=256,BATCH_COUNT=4,BATCH_TIMEOUT=64,SINK_STALL_EN=1'b1,SINK_STALL_PERIOD=4,SINK_STALL_READY=1)/dut/u_fifo/Always163_9  Scope: \tb_pcie_axi_dma(TB_SCENARIO=2,FIFO_DEPTH=256,BATCH_COUNT=4,BATCH_TIMEOUT=64,SINK_STALL_EN=1'b1,SINK_STALL_PERIOD=4,SINK_STALL_READY=1) .dut.u_fifo  File: /get/work/krishna.vardhan/git_trees/mtp_pcie_axi/pcie_axi_dma_latency/design/rtl/axis_fifo.sv Line: 165
Warning: [axis_fifo] FIFO full (depth=256) — upstream back-pressured at t=52675000
Time: 52675 ns  Iteration: 0  Process: /tb_pcie_axi_dma(TB_SCENARIO=2,FIFO_DEPTH=256,BATCH_COUNT=4,BATCH_TIMEOUT=64,SINK_STALL_EN=1'b1,SINK_STALL_PERIOD=4,SINK_STALL_READY=1)/dut/u_fifo/Always163_9  Scope: \tb_pcie_axi_dma(TB_SCENARIO=2,FIFO_DEPTH=256,BATCH_COUNT=4,BATCH_TIMEOUT=64,SINK_STALL_EN=1'b1,SINK_STALL_PERIOD=4,SINK_STALL_READY=1) .dut.u_fifo  File: /get/work/krishna.vardhan/git_trees/mtp_pcie_axi/pcie_axi_dma_latency/design/rtl/axis_fifo.sv Line: 165
Warning: [axis_fifo] FIFO full (depth=256) — upstream back-pressured at t=52685000
Time: 52685 ns  Iteration: 0  Process: /tb_pcie_axi_dma(TB_SCENARIO=2,FIFO_DEPTH=256,BATCH_COUNT=4,BATCH_TIMEOUT=64,SINK_STALL_EN=1'b1,SINK_STALL_PERIOD=4,SINK_STALL_READY=1)/dut/u_fifo/Always163_9  Scope: \tb_pcie_axi_dma(TB_SCENARIO=2,FIFO_DEPTH=256,BATCH_COUNT=4,BATCH_TIMEOUT=64,SINK_STALL_EN=1'b1,SINK_STALL_PERIOD=4,SINK_STALL_READY=1) .dut.u_fifo  File: /get/work/krishna.vardhan/git_trees/mtp_pcie_axi/pcie_axi_dma_latency/design/rtl/axis_fifo.sv Line: 165
Warning: [axis_fifo] FIFO full (depth=256) — upstream back-pressured at t=52695000
Time: 52695 ns  Iteration: 0  Process: /tb_pcie_axi_dma(TB_SCENARIO=2,FIFO_DEPTH=256,BATCH_COUNT=4,BATCH_TIMEOUT=64,SINK_STALL_EN=1'b1,SINK_STALL_PERIOD=4,SINK_STALL_READY=1)/dut/u_fifo/Always163_9  Scope: \tb_pcie_axi_dma(TB_SCENARIO=2,FIFO_DEPTH=256,BATCH_COUNT=4,BATCH_TIMEOUT=64,SINK_STALL_EN=1'b1,SINK_STALL_PERIOD=4,SINK_STALL_READY=1) .dut.u_fifo  File: /get/work/krishna.vardhan/git_trees/mtp_pcie_axi/pcie_axi_dma_latency/design/rtl/axis_fifo.sv Line: 165
Warning: [axis_fifo] FIFO full (depth=256) — upstream back-pressured at t=52715000
Time: 52715 ns  Iteration: 0  Process: /tb_pcie_axi_dma(TB_SCENARIO=2,FIFO_DEPTH=256,BATCH_COUNT=4,BATCH_TIMEOUT=64,SINK_STALL_EN=1'b1,SINK_STALL_PERIOD=4,SINK_STALL_READY=1)/dut/u_fifo/Always163_9  Scope: \tb_pcie_axi_dma(TB_SCENARIO=2,FIFO_DEPTH=256,BATCH_COUNT=4,BATCH_TIMEOUT=64,SINK_STALL_EN=1'b1,SINK_STALL_PERIOD=4,SINK_STALL_READY=1) .dut.u_fifo  File: /get/work/krishna.vardhan/git_trees/mtp_pcie_axi/pcie_axi_dma_latency/design/rtl/axis_fifo.sv Line: 165
Warning: [axis_fifo] FIFO full (depth=256) — upstream back-pressured at t=52725000
Time: 52725 ns  Iteration: 0  Process: /tb_pcie_axi_dma(TB_SCENARIO=2,FIFO_DEPTH=256,BATCH_COUNT=4,BATCH_TIMEOUT=64,SINK_STALL_EN=1'b1,SINK_STALL_PERIOD=4,SINK_STALL_READY=1)/dut/u_fifo/Always163_9  Scope: \tb_pcie_axi_dma(TB_SCENARIO=2,FIFO_DEPTH=256,BATCH_COUNT=4,BATCH_TIMEOUT=64,SINK_STALL_EN=1'b1,SINK_STALL_PERIOD=4,SINK_STALL_READY=1) .dut.u_fifo  File: /get/work/krishna.vardhan/git_trees/mtp_pcie_axi/pcie_axi_dma_latency/design/rtl/axis_fifo.sv Line: 165
Warning: [axis_fifo] FIFO full (depth=256) — upstream back-pressured at t=52735000
Time: 52735 ns  Iteration: 0  Process: /tb_pcie_axi_dma(TB_SCENARIO=2,FIFO_DEPTH=256,BATCH_COUNT=4,BATCH_TIMEOUT=64,SINK_STALL_EN=1'b1,SINK_STALL_PERIOD=4,SINK_STALL_READY=1)/dut/u_fifo/Always163_9  Scope: \tb_pcie_axi_dma(TB_SCENARIO=2,FIFO_DEPTH=256,BATCH_COUNT=4,BATCH_TIMEOUT=64,SINK_STALL_EN=1'b1,SINK_STALL_PERIOD=4,SINK_STALL_READY=1) .dut.u_fifo  File: /get/work/krishna.vardhan/git_trees/mtp_pcie_axi/pcie_axi_dma_latency/design/rtl/axis_fifo.sv Line: 165
Warning: [axis_fifo] FIFO full (depth=256) — upstream back-pressured at t=52755000
Time: 52755 ns  Iteration: 0  Process: /tb_pcie_axi_dma(TB_SCENARIO=2,FIFO_DEPTH=256,BATCH_COUNT=4,BATCH_TIMEOUT=64,SINK_STALL_EN=1'b1,SINK_STALL_PERIOD=4,SINK_STALL_READY=1)/dut/u_fifo/Always163_9  Scope: \tb_pcie_axi_dma(TB_SCENARIO=2,FIFO_DEPTH=256,BATCH_COUNT=4,BATCH_TIMEOUT=64,SINK_STALL_EN=1'b1,SINK_STALL_PERIOD=4,SINK_STALL_READY=1) .dut.u_fifo  File: /get/work/krishna.vardhan/git_trees/mtp_pcie_axi/pcie_axi_dma_latency/design/rtl/axis_fifo.sv Line: 165
Warning: [axis_fifo] FIFO full (depth=256) — upstream back-pressured at t=52765000
Time: 52765 ns  Iteration: 0  Process: /tb_pcie_axi_dma(TB_SCENARIO=2,FIFO_DEPTH=256,BATCH_COUNT=4,BATCH_TIMEOUT=64,SINK_STALL_EN=1'b1,SINK_STALL_PERIOD=4,SINK_STALL_READY=1)/dut/u_fifo/Always163_9  Scope: \tb_pcie_axi_dma(TB_SCENARIO=2,FIFO_DEPTH=256,BATCH_COUNT=4,BATCH_TIMEOUT=64,SINK_STALL_EN=1'b1,SINK_STALL_PERIOD=4,SINK_STALL_READY=1) .dut.u_fifo  File: /get/work/krishna.vardhan/git_trees/mtp_pcie_axi/pcie_axi_dma_latency/design/rtl/axis_fifo.sv Line: 165
Warning: [axis_fifo] FIFO full (depth=256) — upstream back-pressured at t=52775000
Time: 52775 ns  Iteration: 0  Process: /tb_pcie_axi_dma(TB_SCENARIO=2,FIFO_DEPTH=256,BATCH_COUNT=4,BATCH_TIMEOUT=64,SINK_STALL_EN=1'b1,SINK_STALL_PERIOD=4,SINK_STALL_READY=1)/dut/u_fifo/Always163_9  Scope: \tb_pcie_axi_dma(TB_SCENARIO=2,FIFO_DEPTH=256,BATCH_COUNT=4,BATCH_TIMEOUT=64,SINK_STALL_EN=1'b1,SINK_STALL_PERIOD=4,SINK_STALL_READY=1) .dut.u_fifo  File: /get/work/krishna.vardhan/git_trees/mtp_pcie_axi/pcie_axi_dma_latency/design/rtl/axis_fifo.sv Line: 165
Warning: [axis_fifo] FIFO full (depth=256) — upstream back-pressured at t=52795000
Time: 52795 ns  Iteration: 0  Process: /tb_pcie_axi_dma(TB_SCENARIO=2,FIFO_DEPTH=256,BATCH_COUNT=4,BATCH_TIMEOUT=64,SINK_STALL_EN=1'b1,SINK_STALL_PERIOD=4,SINK_STALL_READY=1)/dut/u_fifo/Always163_9  Scope: \tb_pcie_axi_dma(TB_SCENARIO=2,FIFO_DEPTH=256,BATCH_COUNT=4,BATCH_TIMEOUT=64,SINK_STALL_EN=1'b1,SINK_STALL_PERIOD=4,SINK_STALL_READY=1) .dut.u_fifo  File: /get/work/krishna.vardhan/git_trees/mtp_pcie_axi/pcie_axi_dma_latency/design/rtl/axis_fifo.sv Line: 165
Warning: [axis_fifo] FIFO full (depth=256) — upstream back-pressured at t=52805000
Time: 52805 ns  Iteration: 0  Process: /tb_pcie_axi_dma(TB_SCENARIO=2,FIFO_DEPTH=256,BATCH_COUNT=4,BATCH_TIMEOUT=64,SINK_STALL_EN=1'b1,SINK_STALL_PERIOD=4,SINK_STALL_READY=1)/dut/u_fifo/Always163_9  Scope: \tb_pcie_axi_dma(TB_SCENARIO=2,FIFO_DEPTH=256,BATCH_COUNT=4,BATCH_TIMEOUT=64,SINK_STALL_EN=1'b1,SINK_STALL_PERIOD=4,SINK_STALL_READY=1) .dut.u_fifo  File: /get/work/krishna.vardhan/git_trees/mtp_pcie_axi/pcie_axi_dma_latency/design/rtl/axis_fifo.sv Line: 165
Warning: [axis_fifo] FIFO full (depth=256) — upstream back-pressured at t=52815000
Time: 52815 ns  Iteration: 0  Process: /tb_pcie_axi_dma(TB_SCENARIO=2,FIFO_DEPTH=256,BATCH_COUNT=4,BATCH_TIMEOUT=64,SINK_STALL_EN=1'b1,SINK_STALL_PERIOD=4,SINK_STALL_READY=1)/dut/u_fifo/Always163_9  Scope: \tb_pcie_axi_dma(TB_SCENARIO=2,FIFO_DEPTH=256,BATCH_COUNT=4,BATCH_TIMEOUT=64,SINK_STALL_EN=1'b1,SINK_STALL_PERIOD=4,SINK_STALL_READY=1) .dut.u_fifo  File: /get/work/krishna.vardhan/git_trees/mtp_pcie_axi/pcie_axi_dma_latency/design/rtl/axis_fifo.sv Line: 165
Warning: [axis_fifo] FIFO full (depth=256) — upstream back-pressured at t=52835000
Time: 52835 ns  Iteration: 0  Process: /tb_pcie_axi_dma(TB_SCENARIO=2,FIFO_DEPTH=256,BATCH_COUNT=4,BATCH_TIMEOUT=64,SINK_STALL_EN=1'b1,SINK_STALL_PERIOD=4,SINK_STALL_READY=1)/dut/u_fifo/Always163_9  Scope: \tb_pcie_axi_dma(TB_SCENARIO=2,FIFO_DEPTH=256,BATCH_COUNT=4,BATCH_TIMEOUT=64,SINK_STALL_EN=1'b1,SINK_STALL_PERIOD=4,SINK_STALL_READY=1) .dut.u_fifo  File: /get/work/krishna.vardhan/git_trees/mtp_pcie_axi/pcie_axi_dma_latency/design/rtl/axis_fifo.sv Line: 165
Warning: [axis_fifo] FIFO full (depth=256) — upstream back-pressured at t=52845000
Time: 52845 ns  Iteration: 0  Process: /tb_pcie_axi_dma(TB_SCENARIO=2,FIFO_DEPTH=256,BATCH_COUNT=4,BATCH_TIMEOUT=64,SINK_STALL_EN=1'b1,SINK_STALL_PERIOD=4,SINK_STALL_READY=1)/dut/u_fifo/Always163_9  Scope: \tb_pcie_axi_dma(TB_SCENARIO=2,FIFO_DEPTH=256,BATCH_COUNT=4,BATCH_TIMEOUT=64,SINK_STALL_EN=1'b1,SINK_STALL_PERIOD=4,SINK_STALL_READY=1) .dut.u_fifo  File: /get/work/krishna.vardhan/git_trees/mtp_pcie_axi/pcie_axi_dma_latency/design/rtl/axis_fifo.sv Line: 165
Warning: [axis_fifo] FIFO full (depth=256) — upstream back-pressured at t=52855000
Time: 52855 ns  Iteration: 0  Process: /tb_pcie_axi_dma(TB_SCENARIO=2,FIFO_DEPTH=256,BATCH_COUNT=4,BATCH_TIMEOUT=64,SINK_STALL_EN=1'b1,SINK_STALL_PERIOD=4,SINK_STALL_READY=1)/dut/u_fifo/Always163_9  Scope: \tb_pcie_axi_dma(TB_SCENARIO=2,FIFO_DEPTH=256,BATCH_COUNT=4,BATCH_TIMEOUT=64,SINK_STALL_EN=1'b1,SINK_STALL_PERIOD=4,SINK_STALL_READY=1) .dut.u_fifo  File: /get/work/krishna.vardhan/git_trees/mtp_pcie_axi/pcie_axi_dma_latency/design/rtl/axis_fifo.sv Line: 165
Warning: [axis_fifo] FIFO full (depth=256) — upstream back-pressured at t=52875000
Time: 52875 ns  Iteration: 0  Process: /tb_pcie_axi_dma(TB_SCENARIO=2,FIFO_DEPTH=256,BATCH_COUNT=4,BATCH_TIMEOUT=64,SINK_STALL_EN=1'b1,SINK_STALL_PERIOD=4,SINK_STALL_READY=1)/dut/u_fifo/Always163_9  Scope: \tb_pcie_axi_dma(TB_SCENARIO=2,FIFO_DEPTH=256,BATCH_COUNT=4,BATCH_TIMEOUT=64,SINK_STALL_EN=1'b1,SINK_STALL_PERIOD=4,SINK_STALL_READY=1) .dut.u_fifo  File: /get/work/krishna.vardhan/git_trees/mtp_pcie_axi/pcie_axi_dma_latency/design/rtl/axis_fifo.sv Line: 165
Warning: [axis_fifo] FIFO full (depth=256) — upstream back-pressured at t=52885000
Time: 52885 ns  Iteration: 0  Process: /tb_pcie_axi_dma(TB_SCENARIO=2,FIFO_DEPTH=256,BATCH_COUNT=4,BATCH_TIMEOUT=64,SINK_STALL_EN=1'b1,SINK_STALL_PERIOD=4,SINK_STALL_READY=1)/dut/u_fifo/Always163_9  Scope: \tb_pcie_axi_dma(TB_SCENARIO=2,FIFO_DEPTH=256,BATCH_COUNT=4,BATCH_TIMEOUT=64,SINK_STALL_EN=1'b1,SINK_STALL_PERIOD=4,SINK_STALL_READY=1) .dut.u_fifo  File: /get/work/krishna.vardhan/git_trees/mtp_pcie_axi/pcie_axi_dma_latency/design/rtl/axis_fifo.sv Line: 165
Warning: [axis_fifo] FIFO full (depth=256) — upstream back-pressured at t=52895000
Time: 52895 ns  Iteration: 0  Process: /tb_pcie_axi_dma(TB_SCENARIO=2,FIFO_DEPTH=256,BATCH_COUNT=4,BATCH_TIMEOUT=64,SINK_STALL_EN=1'b1,SINK_STALL_PERIOD=4,SINK_STALL_READY=1)/dut/u_fifo/Always163_9  Scope: \tb_pcie_axi_dma(TB_SCENARIO=2,FIFO_DEPTH=256,BATCH_COUNT=4,BATCH_TIMEOUT=64,SINK_STALL_EN=1'b1,SINK_STALL_PERIOD=4,SINK_STALL_READY=1) .dut.u_fifo  File: /get/work/krishna.vardhan/git_trees/mtp_pcie_axi/pcie_axi_dma_latency/design/rtl/axis_fifo.sv Line: 165
Warning: [axis_fifo] FIFO full (depth=256) — upstream back-pressured at t=52915000
Time: 52915 ns  Iteration: 0  Process: /tb_pcie_axi_dma(TB_SCENARIO=2,FIFO_DEPTH=256,BATCH_COUNT=4,BATCH_TIMEOUT=64,SINK_STALL_EN=1'b1,SINK_STALL_PERIOD=4,SINK_STALL_READY=1)/dut/u_fifo/Always163_9  Scope: \tb_pcie_axi_dma(TB_SCENARIO=2,FIFO_DEPTH=256,BATCH_COUNT=4,BATCH_TIMEOUT=64,SINK_STALL_EN=1'b1,SINK_STALL_PERIOD=4,SINK_STALL_READY=1) .dut.u_fifo  File: /get/work/krishna.vardhan/git_trees/mtp_pcie_axi/pcie_axi_dma_latency/design/rtl/axis_fifo.sv Line: 165
Warning: [axis_fifo] FIFO full (depth=256) — upstream back-pressured at t=52925000
Time: 52925 ns  Iteration: 0  Process: /tb_pcie_axi_dma(TB_SCENARIO=2,FIFO_DEPTH=256,BATCH_COUNT=4,BATCH_TIMEOUT=64,SINK_STALL_EN=1'b1,SINK_STALL_PERIOD=4,SINK_STALL_READY=1)/dut/u_fifo/Always163_9  Scope: \tb_pcie_axi_dma(TB_SCENARIO=2,FIFO_DEPTH=256,BATCH_COUNT=4,BATCH_TIMEOUT=64,SINK_STALL_EN=1'b1,SINK_STALL_PERIOD=4,SINK_STALL_READY=1) .dut.u_fifo  File: /get/work/krishna.vardhan/git_trees/mtp_pcie_axi/pcie_axi_dma_latency/design/rtl/axis_fifo.sv Line: 165
Warning: [axis_fifo] FIFO full (depth=256) — upstream back-pressured at t=52935000
Time: 52935 ns  Iteration: 0  Process: /tb_pcie_axi_dma(TB_SCENARIO=2,FIFO_DEPTH=256,BATCH_COUNT=4,BATCH_TIMEOUT=64,SINK_STALL_EN=1'b1,SINK_STALL_PERIOD=4,SINK_STALL_READY=1)/dut/u_fifo/Always163_9  Scope: \tb_pcie_axi_dma(TB_SCENARIO=2,FIFO_DEPTH=256,BATCH_COUNT=4,BATCH_TIMEOUT=64,SINK_STALL_EN=1'b1,SINK_STALL_PERIOD=4,SINK_STALL_READY=1) .dut.u_fifo  File: /get/work/krishna.vardhan/git_trees/mtp_pcie_axi/pcie_axi_dma_latency/design/rtl/axis_fifo.sv Line: 165
Warning: [axis_fifo] FIFO full (depth=256) — upstream back-pressured at t=52955000
Time: 52955 ns  Iteration: 0  Process: /tb_pcie_axi_dma(TB_SCENARIO=2,FIFO_DEPTH=256,BATCH_COUNT=4,BATCH_TIMEOUT=64,SINK_STALL_EN=1'b1,SINK_STALL_PERIOD=4,SINK_STALL_READY=1)/dut/u_fifo/Always163_9  Scope: \tb_pcie_axi_dma(TB_SCENARIO=2,FIFO_DEPTH=256,BATCH_COUNT=4,BATCH_TIMEOUT=64,SINK_STALL_EN=1'b1,SINK_STALL_PERIOD=4,SINK_STALL_READY=1) .dut.u_fifo  File: /get/work/krishna.vardhan/git_trees/mtp_pcie_axi/pcie_axi_dma_latency/design/rtl/axis_fifo.sv Line: 165
Warning: [axis_fifo] FIFO full (depth=256) — upstream back-pressured at t=52965000
Time: 52965 ns  Iteration: 0  Process: /tb_pcie_axi_dma(TB_SCENARIO=2,FIFO_DEPTH=256,BATCH_COUNT=4,BATCH_TIMEOUT=64,SINK_STALL_EN=1'b1,SINK_STALL_PERIOD=4,SINK_STALL_READY=1)/dut/u_fifo/Always163_9  Scope: \tb_pcie_axi_dma(TB_SCENARIO=2,FIFO_DEPTH=256,BATCH_COUNT=4,BATCH_TIMEOUT=64,SINK_STALL_EN=1'b1,SINK_STALL_PERIOD=4,SINK_STALL_READY=1) .dut.u_fifo  File: /get/work/krishna.vardhan/git_trees/mtp_pcie_axi/pcie_axi_dma_latency/design/rtl/axis_fifo.sv Line: 165
Warning: [axis_fifo] FIFO full (depth=256) — upstream back-pressured at t=52975000
Time: 52975 ns  Iteration: 0  Process: /tb_pcie_axi_dma(TB_SCENARIO=2,FIFO_DEPTH=256,BATCH_COUNT=4,BATCH_TIMEOUT=64,SINK_STALL_EN=1'b1,SINK_STALL_PERIOD=4,SINK_STALL_READY=1)/dut/u_fifo/Always163_9  Scope: \tb_pcie_axi_dma(TB_SCENARIO=2,FIFO_DEPTH=256,BATCH_COUNT=4,BATCH_TIMEOUT=64,SINK_STALL_EN=1'b1,SINK_STALL_PERIOD=4,SINK_STALL_READY=1) .dut.u_fifo  File: /get/work/krishna.vardhan/git_trees/mtp_pcie_axi/pcie_axi_dma_latency/design/rtl/axis_fifo.sv Line: 165
Warning: [axis_fifo] FIFO full (depth=256) — upstream back-pressured at t=52995000
Time: 52995 ns  Iteration: 0  Process: /tb_pcie_axi_dma(TB_SCENARIO=2,FIFO_DEPTH=256,BATCH_COUNT=4,BATCH_TIMEOUT=64,SINK_STALL_EN=1'b1,SINK_STALL_PERIOD=4,SINK_STALL_READY=1)/dut/u_fifo/Always163_9  Scope: \tb_pcie_axi_dma(TB_SCENARIO=2,FIFO_DEPTH=256,BATCH_COUNT=4,BATCH_TIMEOUT=64,SINK_STALL_EN=1'b1,SINK_STALL_PERIOD=4,SINK_STALL_READY=1) .dut.u_fifo  File: /get/work/krishna.vardhan/git_trees/mtp_pcie_axi/pcie_axi_dma_latency/design/rtl/axis_fifo.sv Line: 165
Warning: [axis_fifo] FIFO full (depth=256) — upstream back-pressured at t=53005000
Time: 53005 ns  Iteration: 0  Process: /tb_pcie_axi_dma(TB_SCENARIO=2,FIFO_DEPTH=256,BATCH_COUNT=4,BATCH_TIMEOUT=64,SINK_STALL_EN=1'b1,SINK_STALL_PERIOD=4,SINK_STALL_READY=1)/dut/u_fifo/Always163_9  Scope: \tb_pcie_axi_dma(TB_SCENARIO=2,FIFO_DEPTH=256,BATCH_COUNT=4,BATCH_TIMEOUT=64,SINK_STALL_EN=1'b1,SINK_STALL_PERIOD=4,SINK_STALL_READY=1) .dut.u_fifo  File: /get/work/krishna.vardhan/git_trees/mtp_pcie_axi/pcie_axi_dma_latency/design/rtl/axis_fifo.sv Line: 165
Warning: [axis_fifo] FIFO full (depth=256) — upstream back-pressured at t=53015000
Time: 53015 ns  Iteration: 0  Process: /tb_pcie_axi_dma(TB_SCENARIO=2,FIFO_DEPTH=256,BATCH_COUNT=4,BATCH_TIMEOUT=64,SINK_STALL_EN=1'b1,SINK_STALL_PERIOD=4,SINK_STALL_READY=1)/dut/u_fifo/Always163_9  Scope: \tb_pcie_axi_dma(TB_SCENARIO=2,FIFO_DEPTH=256,BATCH_COUNT=4,BATCH_TIMEOUT=64,SINK_STALL_EN=1'b1,SINK_STALL_PERIOD=4,SINK_STALL_READY=1) .dut.u_fifo  File: /get/work/krishna.vardhan/git_trees/mtp_pcie_axi/pcie_axi_dma_latency/design/rtl/axis_fifo.sv Line: 165
[sink]  t=63255000  pkt_id=5  size=4096B  count=6
[latmon] pkt_id=5  size=4096B  latency= 4125 cyc  eff= 0.99 B/cyc
[latmon]  ↳ est: PCIe=1556  DMA=1032  other=1537  total_measured=4125
[RESULT]       5 |     4096 |          4125 |               0.99 |       256 |   YES | BASELINE,FIFO=256,STALL=1/4
[RESULT] ----------------------------------------------------------------
[RESULT]  Total packets received: 6
[RESULT] ================================================================


[latmon] ╔══════════════════════════════════════════╗
[latmon] ║        LATENCY MONITOR SUMMARY           ║
[latmon] ╠══════════════════════════════════════════╣
[latmon] ║  Packets measured :    6                 ║
[latmon] ║  Min latency      :     94 cycles          ║
[latmon] ║  Max latency      :   4125 cycles          ║
[latmon] ║  Avg latency      :   1042.5 cycles        ║
[latmon] ║  Total bytes      :     6080 bytes           ║
[latmon] ║  Avg efficiency   :  0.97 B/cyc         ║
[latmon] ║  Eff throughput   :   97.2 MB/s (100MHz) ║
[latmon] ╚══════════════════════════════════════════╝

$finish called at time : 63555 ns : File "/get/work/krishna.vardhan/git_trees/mtp_pcie_axi/pcie_axi_dma_latency/verif/tb/tb_pcie_axi_dma.sv" Line 412
exit
INFO: [Common 17-206] Exiting xsim at Sat Aug  1 16:41:19 2026...

=== Batch simulation complete. Log: /get/work/krishna.vardhan/git_trees/mtp_pcie_axi/pcie_axi_dma_latency/build_kv_scenario2_stall_fifo256/xsim_batch.log ===
