mkdir -p /get/work/krishna.vardhan/git_trees/mtp_pcie_axi/pcie_axi_dma_latency/build_kv_scenario2_stall_fifo64
cd /get/work/krishna.vardhan/git_trees/mtp_pcie_axi/pcie_axi_dma_latency/build_kv_scenario2_stall_fifo64 && \
xvlog --sv --incr \
    /get/work/krishna.vardhan/git_trees/mtp_pcie_axi/pcie_axi_dma_latency/design/rtl/pcie_axi_pkg.sv /get/work/krishna.vardhan/git_trees/mtp_pcie_axi/pcie_axi_dma_latency/design/rtl/pcie_model.sv /get/work/krishna.vardhan/git_trees/mtp_pcie_axi/pcie_axi_dma_latency/design/rtl/dma_model.sv /get/work/krishna.vardhan/git_trees/mtp_pcie_axi/pcie_axi_dma_latency/design/rtl/axi_mm2s_adapter.sv /get/work/krishna.vardhan/git_trees/mtp_pcie_axi/pcie_axi_dma_latency/design/rtl/axis_fifo.sv /get/work/krishna.vardhan/git_trees/mtp_pcie_axi/pcie_axi_dma_latency/design/rtl/batching_unit.sv /get/work/krishna.vardhan/git_trees/mtp_pcie_axi/pcie_axi_dma_latency/design/rtl/stream_sink.sv /get/work/krishna.vardhan/git_trees/mtp_pcie_axi/pcie_axi_dma_latency/design/rtl/latency_monitor.sv /get/work/krishna.vardhan/git_trees/mtp_pcie_axi/pcie_axi_dma_latency/design/rtl/pcie_axi_dma_top.sv /get/work/krishna.vardhan/git_trees/mtp_pcie_axi/pcie_axi_dma_latency/verif/tb/tb_pcie_axi_dma.sv \
    -log xvlog.log
INFO: [VRFC 10-2263] Analyzing SystemVerilog file "/get/work/krishna.vardhan/git_trees/mtp_pcie_axi/pcie_axi_dma_latency/design/rtl/pcie_axi_pkg.sv" into library work
INFO: [VRFC 10-2263] Analyzing SystemVerilog file "/get/work/krishna.vardhan/git_trees/mtp_pcie_axi/pcie_axi_dma_latency/design/rtl/pcie_model.sv" into library work
INFO: [VRFC 10-311] analyzing module pcie_model
INFO: [VRFC 10-2263] Analyzing SystemVerilog file "/get/work/krishna.vardhan/git_trees/mtp_pcie_axi/pcie_axi_dma_latency/design/rtl/dma_model.sv" into library work
INFO: [VRFC 10-311] analyzing module dma_model
INFO: [VRFC 10-2263] Analyzing SystemVerilog file "/get/work/krishna.vardhan/git_trees/mtp_pcie_axi/pcie_axi_dma_latency/design/rtl/axi_mm2s_adapter.sv" into library work
INFO: [VRFC 10-311] analyzing module axi_mm2s_adapter
INFO: [VRFC 10-2263] Analyzing SystemVerilog file "/get/work/krishna.vardhan/git_trees/mtp_pcie_axi/pcie_axi_dma_latency/design/rtl/axis_fifo.sv" into library work
INFO: [VRFC 10-311] analyzing module axis_fifo
INFO: [VRFC 10-2263] Analyzing SystemVerilog file "/get/work/krishna.vardhan/git_trees/mtp_pcie_axi/pcie_axi_dma_latency/design/rtl/batching_unit.sv" into library work
INFO: [VRFC 10-311] analyzing module batching_unit
INFO: [VRFC 10-2263] Analyzing SystemVerilog file "/get/work/krishna.vardhan/git_trees/mtp_pcie_axi/pcie_axi_dma_latency/design/rtl/stream_sink.sv" into library work
INFO: [VRFC 10-311] analyzing module stream_sink
INFO: [VRFC 10-2263] Analyzing SystemVerilog file "/get/work/krishna.vardhan/git_trees/mtp_pcie_axi/pcie_axi_dma_latency/design/rtl/latency_monitor.sv" into library work
INFO: [VRFC 10-311] analyzing module latency_monitor
INFO: [VRFC 10-2263] Analyzing SystemVerilog file "/get/work/krishna.vardhan/git_trees/mtp_pcie_axi/pcie_axi_dma_latency/design/rtl/pcie_axi_dma_top.sv" into library work
INFO: [VRFC 10-311] analyzing module pcie_axi_dma_top
INFO: [VRFC 10-2263] Analyzing SystemVerilog file "/get/work/krishna.vardhan/git_trees/mtp_pcie_axi/pcie_axi_dma_latency/verif/tb/tb_pcie_axi_dma.sv" into library work
INFO: [VRFC 10-311] analyzing module tb_pcie_axi_dma
touch /get/work/krishna.vardhan/git_trees/mtp_pcie_axi/pcie_axi_dma_latency/build_kv_scenario2_stall_fifo64/.compiled
cd /get/work/krishna.vardhan/git_trees/mtp_pcie_axi/pcie_axi_dma_latency/build_kv_scenario2_stall_fifo64 && \
xelab tb_pcie_axi_dma \
    --snapshot tb_pcie_axi_dma_snap \
    -generic_top "TB_SCENARIO=2" -generic_top "FIFO_DEPTH=64" -generic_top "BATCH_COUNT=4" -generic_top "BATCH_TIMEOUT=64" -generic_top "SINK_STALL_EN=1" -generic_top "SINK_STALL_PERIOD=4" -generic_top "SINK_STALL_READY=1" \
    --timescale 1ns/1ps \
    --debug typical \
    -log xelab.log
Vivado Simulator v2022.2
Copyright 1986-1999, 2001-2022 Xilinx, Inc. All Rights Reserved.
Running: /tools/Xilinx/Vivado/2022.2/bin/unwrapped/lnx64.o/xelab tb_pcie_axi_dma --snapshot tb_pcie_axi_dma_snap -generic_top TB_SCENARIO=2 -generic_top FIFO_DEPTH=64 -generic_top BATCH_COUNT=4 -generic_top BATCH_TIMEOUT=64 -generic_top SINK_STALL_EN=1 -generic_top SINK_STALL_PERIOD=4 -generic_top SINK_STALL_READY=1 --timescale 1ns/1ps --debug typical -log xelab.log 
Multi-threading is on. Using 2 slave threads.
Starting static elaboration
Pass Through NonSizing Optimizer
Completed static elaboration
Starting simulation data flow analysis
Completed simulation data flow analysis
Time Resolution for simulation is 1ps
Compiling package work.pcie_axi_pkg
Compiling module work.pcie_model(DATA_WIDTH=64,PKT_SIZ...
Compiling module work.dma_model(DATA_WIDTH=64,PKT_SIZE...
Compiling module work.axi_mm2s_adapter(DATA_WIDTH=64,P...
Compiling module work.axis_fifo(DATA_WIDTH=64,PKT_SIZE...
Compiling module work.batching_unit(DATA_WIDTH=64,PKT_...
Compiling module work.stream_sink(DATA_WIDTH=64,PKT_SI...
Compiling module work.latency_monitor(PKT_ID_W=8,PKT_S...
Compiling module work.pcie_axi_dma_top(DATA_WIDTH=64,P...
Compiling module work.tb_pcie_axi_dma(TB_SCENARIO=2,FI...
Built simulation snapshot tb_pcie_axi_dma_snap
touch /get/work/krishna.vardhan/git_trees/mtp_pcie_axi/pcie_axi_dma_latency/build_kv_scenario2_stall_fifo64/.elaborated
cd /get/work/krishna.vardhan/git_trees/mtp_pcie_axi/pcie_axi_dma_latency/build_kv_scenario2_stall_fifo64 && \
xsim tb_pcie_axi_dma_snap \
    --runall \
    --log xsim_batch.log

****** xsim v2022.2 (64-bit)
  **** SW Build 3671981 on Fri Oct 14 04:59:54 MDT 2022
  **** IP Build 3669848 on Fri Oct 14 08:30:02 MDT 2022
    ** Copyright 1986-2022 Xilinx, Inc. All Rights Reserved.

source xsim.dir/tb_pcie_axi_dma_snap/xsim_script.tcl
# xsim {tb_pcie_axi_dma_snap} -autoloadwcfg -runall
Time resolution is 1 ps
run -all
[batching_unit] Bypass mode (enable=0)

[RESULT] ================================================================
[RESULT]  PCIe-AXI DMA Latency Simulation  |  Config: BASELINE,FIFO=64,STALL=1/4
[RESULT] ================================================================
[RESULT]  PKT_ID | SIZE (B) | LATENCY (cyc) | EFFICIENCY (B/cyc) | FIFO_PEAK | FULL?
[RESULT] ----------------------------------------------------------------
[dma_model] t=775000  pkt_id=0  descriptor setup done  (SETUP_CYCLES=8)
[sink]  t=1095000  pkt_id=0  size=64B  count=1
[latmon] pkt_id=0  size=  64B  latency=   94 cyc  eff= 0.68 B/cyc
[latmon]  ↳ est: PCIe=44  DMA=24  other=26  total_measured=94
[RESULT]       0 |       64 |            94 |               0.68 |         6 |    no | BASELINE,FIFO=64,STALL=1/4
[dma_model] t=2145000  pkt_id=1  descriptor setup done  (SETUP_CYCLES=8)
[sink]  t=2775000  pkt_id=1  size=128B  count=2
[latmon] pkt_id=1  size= 128B  latency=  157 cyc  eff= 0.82 B/cyc
[latmon]  ↳ est: PCIe=68  DMA=40  other=49  total_measured=157
[RESULT]       1 |      128 |           157 |               0.82 |        12 |    no | BASELINE,FIFO=64,STALL=1/4
[dma_model] t=4465000  pkt_id=2  descriptor setup done  (SETUP_CYCLES=8)
[sink]  t=5735000  pkt_id=2  size=256B  count=3
[latmon] pkt_id=2  size= 256B  latency=  285 cyc  eff= 0.90 B/cyc
[latmon]  ↳ est: PCIe=116  DMA=72  other=97  total_measured=285
[RESULT]       2 |      256 |           285 |               0.90 |        24 |    no | BASELINE,FIFO=64,STALL=1/4
[dma_model] t=8705000  pkt_id=3  descriptor setup done  (SETUP_CYCLES=8)
[sink]  t=11255000  pkt_id=3  size=512B  count=4
[latmon] pkt_id=3  size= 512B  latency=  541 cyc  eff= 0.95 B/cyc
[latmon]  ↳ est: PCIe=212  DMA=136  other=193  total_measured=541
[RESULT]       3 |      512 |           541 |               0.95 |        48 |    no | BASELINE,FIFO=64,STALL=1/4
[dma_model] t=16785000  pkt_id=4  descriptor setup done  (SETUP_CYCLES=8)
Warning: [axis_fifo] FIFO full (depth=64) — upstream back-pressured at t=17645000
Time: 17645 ns  Iteration: 0  Process: /tb_pcie_axi_dma(TB_SCENARIO=2,FIFO_DEPTH=64,BATCH_COUNT=4,BATCH_TIMEOUT=64,SINK_STALL_EN=1'b1,SINK_STALL_PERIOD=4,SINK_STALL_READY=1)/dut/u_fifo/Always163_9  Scope: \tb_pcie_axi_dma(TB_SCENARIO=2,FIFO_DEPTH=64,BATCH_COUNT=4,BATCH_TIMEOUT=64,SINK_STALL_EN=1'b1,SINK_STALL_PERIOD=4,SINK_STALL_READY=1) .dut.u_fifo  File: /get/work/krishna.vardhan/git_trees/mtp_pcie_axi/pcie_axi_dma_latency/design/rtl/axis_fifo.sv Line: 165
Warning: [axis_fifo] FIFO full (depth=64) — upstream back-pressured at t=17655000
Time: 17655 ns  Iteration: 0  Process: /tb_pcie_axi_dma(TB_SCENARIO=2,FIFO_DEPTH=64,BATCH_COUNT=4,BATCH_TIMEOUT=64,SINK_STALL_EN=1'b1,SINK_STALL_PERIOD=4,SINK_STALL_READY=1)/dut/u_fifo/Always163_9  Scope: \tb_pcie_axi_dma(TB_SCENARIO=2,FIFO_DEPTH=64,BATCH_COUNT=4,BATCH_TIMEOUT=64,SINK_STALL_EN=1'b1,SINK_STALL_PERIOD=4,SINK_STALL_READY=1) .dut.u_fifo  File: /get/work/krishna.vardhan/git_trees/mtp_pcie_axi/pcie_axi_dma_latency/design/rtl/axis_fifo.sv Line: 165
Warning: [axis_fifo] FIFO full (depth=64) — upstream back-pressured at t=17675000
Time: 17675 ns  Iteration: 0  Process: /tb_pcie_axi_dma(TB_SCENARIO=2,FIFO_DEPTH=64,BATCH_COUNT=4,BATCH_TIMEOUT=64,SINK_STALL_EN=1'b1,SINK_STALL_PERIOD=4,SINK_STALL_READY=1)/dut/u_fifo/Always163_9  Scope: \tb_pcie_axi_dma(TB_SCENARIO=2,FIFO_DEPTH=64,BATCH_COUNT=4,BATCH_TIMEOUT=64,SINK_STALL_EN=1'b1,SINK_STALL_PERIOD=4,SINK_STALL_READY=1) .dut.u_fifo  File: /get/work/krishna.vardhan/git_trees/mtp_pcie_axi/pcie_axi_dma_latency/design/rtl/axis_fifo.sv Line: 165
Warning: [axis_fifo] FIFO full (depth=64) — upstream back-pressured at t=17685000
Time: 17685 ns  Iteration: 0  Process: /tb_pcie_axi_dma(TB_SCENARIO=2,FIFO_DEPTH=64,BATCH_COUNT=4,BATCH_TIMEOUT=64,SINK_STALL_EN=1'b1,SINK_STALL_PERIOD=4,SINK_STALL_READY=1)/dut/u_fifo/Always163_9  Scope: \tb_pcie_axi_dma(TB_SCENARIO=2,FIFO_DEPTH=64,BATCH_COUNT=4,BATCH_TIMEOUT=64,SINK_STALL_EN=1'b1,SINK_STALL_PERIOD=4,SINK_STALL_READY=1) .dut.u_fifo  File: /get/work/krishna.vardhan/git_trees/mtp_pcie_axi/pcie_axi_dma_latency/design/rtl/axis_fifo.sv Line: 165
Warning: [axis_fifo] FIFO full (depth=64) — upstream back-pressured at t=17695000
Time: 17695 ns  Iteration: 0  Process: /tb_pcie_axi_dma(TB_SCENARIO=2,FIFO_DEPTH=64,BATCH_COUNT=4,BATCH_TIMEOUT=64,SINK_STALL_EN=1'b1,SINK_STALL_PERIOD=4,SINK_STALL_READY=1)/dut/u_fifo/Always163_9  Scope: \tb_pcie_axi_dma(TB_SCENARIO=2,FIFO_DEPTH=64,BATCH_COUNT=4,BATCH_TIMEOUT=64,SINK_STALL_EN=1'b1,SINK_STALL_PERIOD=4,SINK_STALL_READY=1) .dut.u_fifo  File: /get/work/krishna.vardhan/git_trees/mtp_pcie_axi/pcie_axi_dma_latency/design/rtl/axis_fifo.sv Line: 165
Warning: [axis_fifo] FIFO full (depth=64) — upstream back-pressured at t=17715000
Time: 17715 ns  Iteration: 0  Process: /tb_pcie_axi_dma(TB_SCENARIO=2,FIFO_DEPTH=64,BATCH_COUNT=4,BATCH_TIMEOUT=64,SINK_STALL_EN=1'b1,SINK_STALL_PERIOD=4,SINK_STALL_READY=1)/dut/u_fifo/Always163_9  Scope: \tb_pcie_axi_dma(TB_SCENARIO=2,FIFO_DEPTH=64,BATCH_COUNT=4,BATCH_TIMEOUT=64,SINK_STALL_EN=1'b1,SINK_STALL_PERIOD=4,SINK_STALL_READY=1) .dut.u_fifo  File: /get/work/krishna.vardhan/git_trees/mtp_pcie_axi/pcie_axi_dma_latency/design/rtl/axis_fifo.sv Line: 165
Warning: [axis_fifo] FIFO full (depth=64) — upstream back-pressured at t=17725000
Time: 17725 ns  Iteration: 0  Process: /tb_pcie_axi_dma(TB_SCENARIO=2,FIFO_DEPTH=64,BATCH_COUNT=4,BATCH_TIMEOUT=64,SINK_STALL_EN=1'b1,SINK_STALL_PERIOD=4,SINK_STALL_READY=1)/dut/u_fifo/Always163_9  Scope: \tb_pcie_axi_dma(TB_SCENARIO=2,FIFO_DEPTH=64,BATCH_COUNT=4,BATCH_TIMEOUT=64,SINK_STALL_EN=1'b1,SINK_STALL_PERIOD=4,SINK_STALL_READY=1) .dut.u_fifo  File: /get/work/krishna.vardhan/git_trees/mtp_pcie_axi/pcie_axi_dma_latency/design/rtl/axis_fifo.sv Line: 165
Warning: [axis_fifo] FIFO full (depth=64) — upstream back-pressured at t=17735000
Time: 17735 ns  Iteration: 0  Process: /tb_pcie_axi_dma(TB_SCENARIO=2,FIFO_DEPTH=64,BATCH_COUNT=4,BATCH_TIMEOUT=64,SINK_STALL_EN=1'b1,SINK_STALL_PERIOD=4,SINK_STALL_READY=1)/dut/u_fifo/Always163_9  Scope: \tb_pcie_axi_dma(TB_SCENARIO=2,FIFO_DEPTH=64,BATCH_COUNT=4,BATCH_TIMEOUT=64,SINK_STALL_EN=1'b1,SINK_STALL_PERIOD=4,SINK_STALL_READY=1) .dut.u_fifo  File: /get/work/krishna.vardhan/git_trees/mtp_pcie_axi/pcie_axi_dma_latency/design/rtl/axis_fifo.sv Line: 165
Warning: [axis_fifo] FIFO full (depth=64) — upstream back-pressured at t=17755000
Time: 17755 ns  Iteration: 0  Process: /tb_pcie_axi_dma(TB_SCENARIO=2,FIFO_DEPTH=64,BATCH_COUNT=4,BATCH_TIMEOUT=64,SINK_STALL_EN=1'b1,SINK_STALL_PERIOD=4,SINK_STALL_READY=1)/dut/u_fifo/Always163_9  Scope: \tb_pcie_axi_dma(TB_SCENARIO=2,FIFO_DEPTH=64,BATCH_COUNT=4,BATCH_TIMEOUT=64,SINK_STALL_EN=1'b1,SINK_STALL_PERIOD=4,SINK_STALL_READY=1) .dut.u_fifo  File: /get/work/krishna.vardhan/git_trees/mtp_pcie_axi/pcie_axi_dma_latency/design/rtl/axis_fifo.sv Line: 165
Warning: [axis_fifo] FIFO full (depth=64) — upstream back-pressured at t=17765000
Time: 17765 ns  Iteration: 0  Process: /tb_pcie_axi_dma(TB_SCENARIO=2,FIFO_DEPTH=64,BATCH_COUNT=4,BATCH_TIMEOUT=64,SINK_STALL_EN=1'b1,SINK_STALL_PERIOD=4,SINK_STALL_READY=1)/dut/u_fifo/Always163_9  Scope: \tb_pcie_axi_dma(TB_SCENARIO=2,FIFO_DEPTH=64,BATCH_COUNT=4,BATCH_TIMEOUT=64,SINK_STALL_EN=1'b1,SINK_STALL_PERIOD=4,SINK_STALL_READY=1) .dut.u_fifo  File: /get/work/krishna.vardhan/git_trees/mtp_pcie_axi/pcie_axi_dma_latency/design/rtl/axis_fifo.sv Line: 165
Warning: [axis_fifo] FIFO full (depth=64) — upstream back-pressured at t=17775000
Time: 17775 ns  Iteration: 0  Process: /tb_pcie_axi_dma(TB_SCENARIO=2,FIFO_DEPTH=64,BATCH_COUNT=4,BATCH_TIMEOUT=64,SINK_STALL_EN=1'b1,SINK_STALL_PERIOD=4,SINK_STALL_READY=1)/dut/u_fifo/Always163_9  Scope: \tb_pcie_axi_dma(TB_SCENARIO=2,FIFO_DEPTH=64,BATCH_COUNT=4,BATCH_TIMEOUT=64,SINK_STALL_EN=1'b1,SINK_STALL_PERIOD=4,SINK_STALL_READY=1) .dut.u_fifo  File: /get/work/krishna.vardhan/git_trees/mtp_pcie_axi/pcie_axi_dma_latency/design/rtl/axis_fifo.sv Line: 165
Warning: [axis_fifo] FIFO full (depth=64) — upstream back-pressured at t=17795000
Time: 17795 ns  Iteration: 0  Process: /tb_pcie_axi_dma(TB_SCENARIO=2,FIFO_DEPTH=64,BATCH_COUNT=4,BATCH_TIMEOUT=64,SINK_STALL_EN=1'b1,SINK_STALL_PERIOD=4,SINK_STALL_READY=1)/dut/u_fifo/Always163_9  Scope: \tb_pcie_axi_dma(TB_SCENARIO=2,FIFO_DEPTH=64,BATCH_COUNT=4,BATCH_TIMEOUT=64,SINK_STALL_EN=1'b1,SINK_STALL_PERIOD=4,SINK_STALL_READY=1) .dut.u_fifo  File: /get/work/krishna.vardhan/git_trees/mtp_pcie_axi/pcie_axi_dma_latency/design/rtl/axis_fifo.sv Line: 165
Warning: [axis_fifo] FIFO full (depth=64) — upstream back-pressured at t=17805000
Time: 17805 ns  Iteration: 0  Process: /tb_pcie_axi_dma(TB_SCENARIO=2,FIFO_DEPTH=64,BATCH_COUNT=4,BATCH_TIMEOUT=64,SINK_STALL_EN=1'b1,SINK_STALL_PERIOD=4,SINK_STALL_READY=1)/dut/u_fifo/Always163_9  Scope: \tb_pcie_axi_dma(TB_SCENARIO=2,FIFO_DEPTH=64,BATCH_COUNT=4,BATCH_TIMEOUT=64,SINK_STALL_EN=1'b1,SINK_STALL_PERIOD=4,SINK_STALL_READY=1) .dut.u_fifo  File: /get/work/krishna.vardhan/git_trees/mtp_pcie_axi/pcie_axi_dma_latency/design/rtl/axis_fifo.sv Line: 165
Warning: [axis_fifo] FIFO full (depth=64) — upstream back-pressured at t=17815000
Time: 17815 ns  Iteration: 0  Process: /tb_pcie_axi_dma(TB_SCENARIO=2,FIFO_DEPTH=64,BATCH_COUNT=4,BATCH_TIMEOUT=64,SINK_STALL_EN=1'b1,SINK_STALL_PERIOD=4,SINK_STALL_READY=1)/dut/u_fifo/Always163_9  Scope: \tb_pcie_axi_dma(TB_SCENARIO=2,FIFO_DEPTH=64,BATCH_COUNT=4,BATCH_TIMEOUT=64,SINK_STALL_EN=1'b1,SINK_STALL_PERIOD=4,SINK_STALL_READY=1) .dut.u_fifo  File: /get/work/krishna.vardhan/git_trees/mtp_pcie_axi/pcie_axi_dma_latency/design/rtl/axis_fifo.sv Line: 165
Warning: [axis_fifo] FIFO full (depth=64) — upstream back-pressured at t=17835000
Time: 17835 ns  Iteration: 0  Process: /tb_pcie_axi_dma(TB_SCENARIO=2,FIFO_DEPTH=64,BATCH_COUNT=4,BATCH_TIMEOUT=64,SINK_STALL_EN=1'b1,SINK_STALL_PERIOD=4,SINK_STALL_READY=1)/dut/u_fifo/Always163_9  Scope: \tb_pcie_axi_dma(TB_SCENARIO=2,FIFO_DEPTH=64,BATCH_COUNT=4,BATCH_TIMEOUT=64,SINK_STALL_EN=1'b1,SINK_STALL_PERIOD=4,SINK_STALL_READY=1) .dut.u_fifo  File: /get/work/krishna.vardhan/git_trees/mtp_pcie_axi/pcie_axi_dma_latency/design/rtl/axis_fifo.sv Line: 165
Warning: [axis_fifo] FIFO full (depth=64) — upstream back-pressured at t=17845000
Time: 17845 ns  Iteration: 0  Process: /tb_pcie_axi_dma(TB_SCENARIO=2,FIFO_DEPTH=64,BATCH_COUNT=4,BATCH_TIMEOUT=64,SINK_STALL_EN=1'b1,SINK_STALL_PERIOD=4,SINK_STALL_READY=1)/dut/u_fifo/Always163_9  Scope: \tb_pcie_axi_dma(TB_SCENARIO=2,FIFO_DEPTH=64,BATCH_COUNT=4,BATCH_TIMEOUT=64,SINK_STALL_EN=1'b1,SINK_STALL_PERIOD=4,SINK_STALL_READY=1) .dut.u_fifo  File: /get/work/krishna.vardhan/git_trees/mtp_pcie_axi/pcie_axi_dma_latency/design/rtl/axis_fifo.sv Line: 165
Warning: [axis_fifo] FIFO full (depth=64) — upstream back-pressured at t=17855000
Time: 17855 ns  Iteration: 0  Process: /tb_pcie_axi_dma(TB_SCENARIO=2,FIFO_DEPTH=64,BATCH_COUNT=4,BATCH_TIMEOUT=64,SINK_STALL_EN=1'b1,SINK_STALL_PERIOD=4,SINK_STALL_READY=1)/dut/u_fifo/Always163_9  Scope: \tb_pcie_axi_dma(TB_SCENARIO=2,FIFO_DEPTH=64,BATCH_COUNT=4,BATCH_TIMEOUT=64,SINK_STALL_EN=1'b1,SINK_STALL_PERIOD=4,SINK_STALL_READY=1) .dut.u_fifo  File: /get/work/krishna.vardhan/git_trees/mtp_pcie_axi/pcie_axi_dma_latency/design/rtl/axis_fifo.sv Line: 165
Warning: [axis_fifo] FIFO full (depth=64) — upstream back-pressured at t=17875000
Time: 17875 ns  Iteration: 0  Process: /tb_pcie_axi_dma(TB_SCENARIO=2,FIFO_DEPTH=64,BATCH_COUNT=4,BATCH_TIMEOUT=64,SINK_STALL_EN=1'b1,SINK_STALL_PERIOD=4,SINK_STALL_READY=1)/dut/u_fifo/Always163_9  Scope: \tb_pcie_axi_dma(TB_SCENARIO=2,FIFO_DEPTH=64,BATCH_COUNT=4,BATCH_TIMEOUT=64,SINK_STALL_EN=1'b1,SINK_STALL_PERIOD=4,SINK_STALL_READY=1) .dut.u_fifo  File: /get/work/krishna.vardhan/git_trees/mtp_pcie_axi/pcie_axi_dma_latency/design/rtl/axis_fifo.sv Line: 165
Warning: [axis_fifo] FIFO full (depth=64) — upstream back-pressured at t=17885000
Time: 17885 ns  Iteration: 0  Process: /tb_pcie_axi_dma(TB_SCENARIO=2,FIFO_DEPTH=64,BATCH_COUNT=4,BATCH_TIMEOUT=64,SINK_STALL_EN=1'b1,SINK_STALL_PERIOD=4,SINK_STALL_READY=1)/dut/u_fifo/Always163_9  Scope: \tb_pcie_axi_dma(TB_SCENARIO=2,FIFO_DEPTH=64,BATCH_COUNT=4,BATCH_TIMEOUT=64,SINK_STALL_EN=1'b1,SINK_STALL_PERIOD=4,SINK_STALL_READY=1) .dut.u_fifo  File: /get/work/krishna.vardhan/git_trees/mtp_pcie_axi/pcie_axi_dma_latency/design/rtl/axis_fifo.sv Line: 165
Warning: [axis_fifo] FIFO full (depth=64) — upstream back-pressured at t=17895000
Time: 17895 ns  Iteration: 0  Process: /tb_pcie_axi_dma(TB_SCENARIO=2,FIFO_DEPTH=64,BATCH_COUNT=4,BATCH_TIMEOUT=64,SINK_STALL_EN=1'b1,SINK_STALL_PERIOD=4,SINK_STALL_READY=1)/dut/u_fifo/Always163_9  Scope: \tb_pcie_axi_dma(TB_SCENARIO=2,FIFO_DEPTH=64,BATCH_COUNT=4,BATCH_TIMEOUT=64,SINK_STALL_EN=1'b1,SINK_STALL_PERIOD=4,SINK_STALL_READY=1) .dut.u_fifo  File: /get/work/krishna.vardhan/git_trees/mtp_pcie_axi/pcie_axi_dma_latency/design/rtl/axis_fifo.sv Line: 165
Warning: [axis_fifo] FIFO full (depth=64) — upstream back-pressured at t=17915000
Time: 17915 ns  Iteration: 0  Process: /tb_pcie_axi_dma(TB_SCENARIO=2,FIFO_DEPTH=64,BATCH_COUNT=4,BATCH_TIMEOUT=64,SINK_STALL_EN=1'b1,SINK_STALL_PERIOD=4,SINK_STALL_READY=1)/dut/u_fifo/Always163_9  Scope: \tb_pcie_axi_dma(TB_SCENARIO=2,FIFO_DEPTH=64,BATCH_COUNT=4,BATCH_TIMEOUT=64,SINK_STALL_EN=1'b1,SINK_STALL_PERIOD=4,SINK_STALL_READY=1) .dut.u_fifo  File: /get/work/krishna.vardhan/git_trees/mtp_pcie_axi/pcie_axi_dma_latency/design/rtl/axis_fifo.sv Line: 165
Warning: [axis_fifo] FIFO full (depth=64) — upstream back-pressured at t=17925000
Time: 17925 ns  Iteration: 0  Process: /tb_pcie_axi_dma(TB_SCENARIO=2,FIFO_DEPTH=64,BATCH_COUNT=4,BATCH_TIMEOUT=64,SINK_STALL_EN=1'b1,SINK_STALL_PERIOD=4,SINK_STALL_READY=1)/dut/u_fifo/Always163_9  Scope: \tb_pcie_axi_dma(TB_SCENARIO=2,FIFO_DEPTH=64,BATCH_COUNT=4,BATCH_TIMEOUT=64,SINK_STALL_EN=1'b1,SINK_STALL_PERIOD=4,SINK_STALL_READY=1) .dut.u_fifo  File: /get/work/krishna.vardhan/git_trees/mtp_pcie_axi/pcie_axi_dma_latency/design/rtl/axis_fifo.sv Line: 165
Warning: [axis_fifo] FIFO full (depth=64) — upstream back-pressured at t=17935000
Time: 17935 ns  Iteration: 0  Process: /tb_pcie_axi_dma(TB_SCENARIO=2,FIFO_DEPTH=64,BATCH_COUNT=4,BATCH_TIMEOUT=64,SINK_STALL_EN=1'b1,SINK_STALL_PERIOD=4,SINK_STALL_READY=1)/dut/u_fifo/Always163_9  Scope: \tb_pcie_axi_dma(TB_SCENARIO=2,FIFO_DEPTH=64,BATCH_COUNT=4,BATCH_TIMEOUT=64,SINK_STALL_EN=1'b1,SINK_STALL_PERIOD=4,SINK_STALL_READY=1) .dut.u_fifo  File: /get/work/krishna.vardhan/git_trees/mtp_pcie_axi/pcie_axi_dma_latency/design/rtl/axis_fifo.sv Line: 165
Warning: [axis_fifo] FIFO full (depth=64) — upstream back-pressured at t=17955000
Time: 17955 ns  Iteration: 0  Process: /tb_pcie_axi_dma(TB_SCENARIO=2,FIFO_DEPTH=64,BATCH_COUNT=4,BATCH_TIMEOUT=64,SINK_STALL_EN=1'b1,SINK_STALL_PERIOD=4,SINK_STALL_READY=1)/dut/u_fifo/Always163_9  Scope: \tb_pcie_axi_dma(TB_SCENARIO=2,FIFO_DEPTH=64,BATCH_COUNT=4,BATCH_TIMEOUT=64,SINK_STALL_EN=1'b1,SINK_STALL_PERIOD=4,SINK_STALL_READY=1) .dut.u_fifo  File: /get/work/krishna.vardhan/git_trees/mtp_pcie_axi/pcie_axi_dma_latency/design/rtl/axis_fifo.sv Line: 165
Warning: [axis_fifo] FIFO full (depth=64) — upstream back-pressured at t=17965000
Time: 17965 ns  Iteration: 0  Process: /tb_pcie_axi_dma(TB_SCENARIO=2,FIFO_DEPTH=64,BATCH_COUNT=4,BATCH_TIMEOUT=64,SINK_STALL_EN=1'b1,SINK_STALL_PERIOD=4,SINK_STALL_READY=1)/dut/u_fifo/Always163_9  Scope: \tb_pcie_axi_dma(TB_SCENARIO=2,FIFO_DEPTH=64,BATCH_COUNT=4,BATCH_TIMEOUT=64,SINK_STALL_EN=1'b1,SINK_STALL_PERIOD=4,SINK_STALL_READY=1) .dut.u_fifo  File: /get/work/krishna.vardhan/git_trees/mtp_pcie_axi/pcie_axi_dma_latency/design/rtl/axis_fifo.sv Line: 165
Warning: [axis_fifo] FIFO full (depth=64) — upstream back-pressured at t=17975000
Time: 17975 ns  Iteration: 0  Process: /tb_pcie_axi_dma(TB_SCENARIO=2,FIFO_DEPTH=64,BATCH_COUNT=4,BATCH_TIMEOUT=64,SINK_STALL_EN=1'b1,SINK_STALL_PERIOD=4,SINK_STALL_READY=1)/dut/u_fifo/Always163_9  Scope: \tb_pcie_axi_dma(TB_SCENARIO=2,FIFO_DEPTH=64,BATCH_COUNT=4,BATCH_TIMEOUT=64,SINK_STALL_EN=1'b1,SINK_STALL_PERIOD=4,SINK_STALL_READY=1) .dut.u_fifo  File: /get/work/krishna.vardhan/git_trees/mtp_pcie_axi/pcie_axi_dma_latency/design/rtl/axis_fifo.sv Line: 165
Warning: [axis_fifo] FIFO full (depth=64) — upstream back-pressured at t=17995000
Time: 17995 ns  Iteration: 0  Process: /tb_pcie_axi_dma(TB_SCENARIO=2,FIFO_DEPTH=64,BATCH_COUNT=4,BATCH_TIMEOUT=64,SINK_STALL_EN=1'b1,SINK_STALL_PERIOD=4,SINK_STALL_READY=1)/dut/u_fifo/Always163_9  Scope: \tb_pcie_axi_dma(TB_SCENARIO=2,FIFO_DEPTH=64,BATCH_COUNT=4,BATCH_TIMEOUT=64,SINK_STALL_EN=1'b1,SINK_STALL_PERIOD=4,SINK_STALL_READY=1) .dut.u_fifo  File: /get/work/krishna.vardhan/git_trees/mtp_pcie_axi/pcie_axi_dma_latency/design/rtl/axis_fifo.sv Line: 165
Warning: [axis_fifo] FIFO full (depth=64) — upstream back-pressured at t=18005000
Time: 18005 ns  Iteration: 0  Process: /tb_pcie_axi_dma(TB_SCENARIO=2,FIFO_DEPTH=64,BATCH_COUNT=4,BATCH_TIMEOUT=64,SINK_STALL_EN=1'b1,SINK_STALL_PERIOD=4,SINK_STALL_READY=1)/dut/u_fifo/Always163_9  Scope: \tb_pcie_axi_dma(TB_SCENARIO=2,FIFO_DEPTH=64,BATCH_COUNT=4,BATCH_TIMEOUT=64,SINK_STALL_EN=1'b1,SINK_STALL_PERIOD=4,SINK_STALL_READY=1) .dut.u_fifo  File: /get/work/krishna.vardhan/git_trees/mtp_pcie_axi/pcie_axi_dma_latency/design/rtl/axis_fifo.sv Line: 165
Warning: [axis_fifo] FIFO full (depth=64) — upstream back-pressured at t=18015000
Time: 18015 ns  Iteration: 0  Process: /tb_pcie_axi_dma(TB_SCENARIO=2,FIFO_DEPTH=64,BATCH_COUNT=4,BATCH_TIMEOUT=64,SINK_STALL_EN=1'b1,SINK_STALL_PERIOD=4,SINK_STALL_READY=1)/dut/u_fifo/Always163_9  Scope: \tb_pcie_axi_dma(TB_SCENARIO=2,FIFO_DEPTH=64,BATCH_COUNT=4,BATCH_TIMEOUT=64,SINK_STALL_EN=1'b1,SINK_STALL_PERIOD=4,SINK_STALL_READY=1) .dut.u_fifo  File: /get/work/krishna.vardhan/git_trees/mtp_pcie_axi/pcie_axi_dma_latency/design/rtl/axis_fifo.sv Line: 165
Warning: [axis_fifo] FIFO full (depth=64) — upstream back-pressured at t=18035000
Time: 18035 ns  Iteration: 0  Process: /tb_pcie_axi_dma(TB_SCENARIO=2,FIFO_DEPTH=64,BATCH_COUNT=4,BATCH_TIMEOUT=64,SINK_STALL_EN=1'b1,SINK_STALL_PERIOD=4,SINK_STALL_READY=1)/dut/u_fifo/Always163_9  Scope: \tb_pcie_axi_dma(TB_SCENARIO=2,FIFO_DEPTH=64,BATCH_COUNT=4,BATCH_TIMEOUT=64,SINK_STALL_EN=1'b1,SINK_STALL_PERIOD=4,SINK_STALL_READY=1) .dut.u_fifo  File: /get/work/krishna.vardhan/git_trees/mtp_pcie_axi/pcie_axi_dma_latency/design/rtl/axis_fifo.sv Line: 165
Warning: [axis_fifo] FIFO full (depth=64) — upstream back-pressured at t=18045000
Time: 18045 ns  Iteration: 0  Process: /tb_pcie_axi_dma(TB_SCENARIO=2,FIFO_DEPTH=64,BATCH_COUNT=4,BATCH_TIMEOUT=64,SINK_STALL_EN=1'b1,SINK_STALL_PERIOD=4,SINK_STALL_READY=1)/dut/u_fifo/Always163_9  Scope: \tb_pcie_axi_dma(TB_SCENARIO=2,FIFO_DEPTH=64,BATCH_COUNT=4,BATCH_TIMEOUT=64,SINK_STALL_EN=1'b1,SINK_STALL_PERIOD=4,SINK_STALL_READY=1) .dut.u_fifo  File: /get/work/krishna.vardhan/git_trees/mtp_pcie_axi/pcie_axi_dma_latency/design/rtl/axis_fifo.sv Line: 165
Warning: [axis_fifo] FIFO full (depth=64) — upstream back-pressured at t=18055000
Time: 18055 ns  Iteration: 0  Process: /tb_pcie_axi_dma(TB_SCENARIO=2,FIFO_DEPTH=64,BATCH_COUNT=4,BATCH_TIMEOUT=64,SINK_STALL_EN=1'b1,SINK_STALL_PERIOD=4,SINK_STALL_READY=1)/dut/u_fifo/Always163_9  Scope: \tb_pcie_axi_dma(TB_SCENARIO=2,FIFO_DEPTH=64,BATCH_COUNT=4,BATCH_TIMEOUT=64,SINK_STALL_EN=1'b1,SINK_STALL_PERIOD=4,SINK_STALL_READY=1) .dut.u_fifo  File: /get/work/krishna.vardhan/git_trees/mtp_pcie_axi/pcie_axi_dma_latency/design/rtl/axis_fifo.sv Line: 165
Warning: [axis_fifo] FIFO full (depth=64) — upstream back-pressured at t=18075000
Time: 18075 ns  Iteration: 0  Process: /tb_pcie_axi_dma(TB_SCENARIO=2,FIFO_DEPTH=64,BATCH_COUNT=4,BATCH_TIMEOUT=64,SINK_STALL_EN=1'b1,SINK_STALL_PERIOD=4,SINK_STALL_READY=1)/dut/u_fifo/Always163_9  Scope: \tb_pcie_axi_dma(TB_SCENARIO=2,FIFO_DEPTH=64,BATCH_COUNT=4,BATCH_TIMEOUT=64,SINK_STALL_EN=1'b1,SINK_STALL_PERIOD=4,SINK_STALL_READY=1) .dut.u_fifo  File: /get/work/krishna.vardhan/git_trees/mtp_pcie_axi/pcie_axi_dma_latency/design/rtl/axis_fifo.sv Line: 165
Warning: [axis_fifo] FIFO full (depth=64) — upstream back-pressured at t=18085000
Time: 18085 ns  Iteration: 0  Process: /tb_pcie_axi_dma(TB_SCENARIO=2,FIFO_DEPTH=64,BATCH_COUNT=4,BATCH_TIMEOUT=64,SINK_STALL_EN=1'b1,SINK_STALL_PERIOD=4,SINK_STALL_READY=1)/dut/u_fifo/Always163_9  Scope: \tb_pcie_axi_dma(TB_SCENARIO=2,FIFO_DEPTH=64,BATCH_COUNT=4,BATCH_TIMEOUT=64,SINK_STALL_EN=1'b1,SINK_STALL_PERIOD=4,SINK_STALL_READY=1) .dut.u_fifo  File: /get/work/krishna.vardhan/git_trees/mtp_pcie_axi/pcie_axi_dma_latency/design/rtl/axis_fifo.sv Line: 165
Warning: [axis_fifo] FIFO full (depth=64) — upstream back-pressured at t=18095000
Time: 18095 ns  Iteration: 0  Process: /tb_pcie_axi_dma(TB_SCENARIO=2,FIFO_DEPTH=64,BATCH_COUNT=4,BATCH_TIMEOUT=64,SINK_STALL_EN=1'b1,SINK_STALL_PERIOD=4,SINK_STALL_READY=1)/dut/u_fifo/Always163_9  Scope: \tb_pcie_axi_dma(TB_SCENARIO=2,FIFO_DEPTH=64,BATCH_COUNT=4,BATCH_TIMEOUT=64,SINK_STALL_EN=1'b1,SINK_STALL_PERIOD=4,SINK_STALL_READY=1) .dut.u_fifo  File: /get/work/krishna.vardhan/git_trees/mtp_pcie_axi/pcie_axi_dma_latency/design/rtl/axis_fifo.sv Line: 165
Warning: [axis_fifo] FIFO full (depth=64) — upstream back-pressured at t=18115000
Time: 18115 ns  Iteration: 0  Process: /tb_pcie_axi_dma(TB_SCENARIO=2,FIFO_DEPTH=64,BATCH_COUNT=4,BATCH_TIMEOUT=64,SINK_STALL_EN=1'b1,SINK_STALL_PERIOD=4,SINK_STALL_READY=1)/dut/u_fifo/Always163_9  Scope: \tb_pcie_axi_dma(TB_SCENARIO=2,FIFO_DEPTH=64,BATCH_COUNT=4,BATCH_TIMEOUT=64,SINK_STALL_EN=1'b1,SINK_STALL_PERIOD=4,SINK_STALL_READY=1) .dut.u_fifo  File: /get/work/krishna.vardhan/git_trees/mtp_pcie_axi/pcie_axi_dma_latency/design/rtl/axis_fifo.sv Line: 165
Warning: [axis_fifo] FIFO full (depth=64) — upstream back-pressured at t=18125000
Time: 18125 ns  Iteration: 0  Process: /tb_pcie_axi_dma(TB_SCENARIO=2,FIFO_DEPTH=64,BATCH_COUNT=4,BATCH_TIMEOUT=64,SINK_STALL_EN=1'b1,SINK_STALL_PERIOD=4,SINK_STALL_READY=1)/dut/u_fifo/Always163_9  Scope: \tb_pcie_axi_dma(TB_SCENARIO=2,FIFO_DEPTH=64,BATCH_COUNT=4,BATCH_TIMEOUT=64,SINK_STALL_EN=1'b1,SINK_STALL_PERIOD=4,SINK_STALL_READY=1) .dut.u_fifo  File: /get/work/krishna.vardhan/git_trees/mtp_pcie_axi/pcie_axi_dma_latency/design/rtl/axis_fifo.sv Line: 165
Warning: [axis_fifo] FIFO full (depth=64) — upstream back-pressured at t=18135000
Time: 18135 ns  Iteration: 0  Process: /tb_pcie_axi_dma(TB_SCENARIO=2,FIFO_DEPTH=64,BATCH_COUNT=4,BATCH_TIMEOUT=64,SINK_STALL_EN=1'b1,SINK_STALL_PERIOD=4,SINK_STALL_READY=1)/dut/u_fifo/Always163_9  Scope: \tb_pcie_axi_dma(TB_SCENARIO=2,FIFO_DEPTH=64,BATCH_COUNT=4,BATCH_TIMEOUT=64,SINK_STALL_EN=1'b1,SINK_STALL_PERIOD=4,SINK_STALL_READY=1) .dut.u_fifo  File: /get/work/krishna.vardhan/git_trees/mtp_pcie_axi/pcie_axi_dma_latency/design/rtl/axis_fifo.sv Line: 165
Warning: [axis_fifo] FIFO full (depth=64) — upstream back-pressured at t=18155000
Time: 18155 ns  Iteration: 0  Process: /tb_pcie_axi_dma(TB_SCENARIO=2,FIFO_DEPTH=64,BATCH_COUNT=4,BATCH_TIMEOUT=64,SINK_STALL_EN=1'b1,SINK_STALL_PERIOD=4,SINK_STALL_READY=1)/dut/u_fifo/Always163_9  Scope: \tb_pcie_axi_dma(TB_SCENARIO=2,FIFO_DEPTH=64,BATCH_COUNT=4,BATCH_TIMEOUT=64,SINK_STALL_EN=1'b1,SINK_STALL_PERIOD=4,SINK_STALL_READY=1) .dut.u_fifo  File: /get/work/krishna.vardhan/git_trees/mtp_pcie_axi/pcie_axi_dma_latency/design/rtl/axis_fifo.sv Line: 165
Warning: [axis_fifo] FIFO full (depth=64) — upstream back-pressured at t=18165000
Time: 18165 ns  Iteration: 0  Process: /tb_pcie_axi_dma(TB_SCENARIO=2,FIFO_DEPTH=64,BATCH_COUNT=4,BATCH_TIMEOUT=64,SINK_STALL_EN=1'b1,SINK_STALL_PERIOD=4,SINK_STALL_READY=1)/dut/u_fifo/Always163_9  Scope: \tb_pcie_axi_dma(TB_SCENARIO=2,FIFO_DEPTH=64,BATCH_COUNT=4,BATCH_TIMEOUT=64,SINK_STALL_EN=1'b1,SINK_STALL_PERIOD=4,SINK_STALL_READY=1) .dut.u_fifo  File: /get/work/krishna.vardhan/git_trees/mtp_pcie_axi/pcie_axi_dma_latency/design/rtl/axis_fifo.sv Line: 165
Warning: [axis_fifo] FIFO full (depth=64) — upstream back-pressured at t=18175000
Time: 18175 ns  Iteration: 0  Process: /tb_pcie_axi_dma(TB_SCENARIO=2,FIFO_DEPTH=64,BATCH_COUNT=4,BATCH_TIMEOUT=64,SINK_STALL_EN=1'b1,SINK_STALL_PERIOD=4,SINK_STALL_READY=1)/dut/u_fifo/Always163_9  Scope: \tb_pcie_axi_dma(TB_SCENARIO=2,FIFO_DEPTH=64,BATCH_COUNT=4,BATCH_TIMEOUT=64,SINK_STALL_EN=1'b1,SINK_STALL_PERIOD=4,SINK_STALL_READY=1) .dut.u_fifo  File: /get/work/krishna.vardhan/git_trees/mtp_pcie_axi/pcie_axi_dma_latency/design/rtl/axis_fifo.sv Line: 165
Warning: [axis_fifo] FIFO full (depth=64) — upstream back-pressured at t=18195000
Time: 18195 ns  Iteration: 0  Process: /tb_pcie_axi_dma(TB_SCENARIO=2,FIFO_DEPTH=64,BATCH_COUNT=4,BATCH_TIMEOUT=64,SINK_STALL_EN=1'b1,SINK_STALL_PERIOD=4,SINK_STALL_READY=1)/dut/u_fifo/Always163_9  Scope: \tb_pcie_axi_dma(TB_SCENARIO=2,FIFO_DEPTH=64,BATCH_COUNT=4,BATCH_TIMEOUT=64,SINK_STALL_EN=1'b1,SINK_STALL_PERIOD=4,SINK_STALL_READY=1) .dut.u_fifo  File: /get/work/krishna.vardhan/git_trees/mtp_pcie_axi/pcie_axi_dma_latency/design/rtl/axis_fifo.sv Line: 165
Warning: [axis_fifo] FIFO full (depth=64) — upstream back-pressured at t=18205000
Time: 18205 ns  Iteration: 0  Process: /tb_pcie_axi_dma(TB_SCENARIO=2,FIFO_DEPTH=64,BATCH_COUNT=4,BATCH_TIMEOUT=64,SINK_STALL_EN=1'b1,SINK_STALL_PERIOD=4,SINK_STALL_READY=1)/dut/u_fifo/Always163_9  Scope: \tb_pcie_axi_dma(TB_SCENARIO=2,FIFO_DEPTH=64,BATCH_COUNT=4,BATCH_TIMEOUT=64,SINK_STALL_EN=1'b1,SINK_STALL_PERIOD=4,SINK_STALL_READY=1) .dut.u_fifo  File: /get/work/krishna.vardhan/git_trees/mtp_pcie_axi/pcie_axi_dma_latency/design/rtl/axis_fifo.sv Line: 165
Warning: [axis_fifo] FIFO full (depth=64) — upstream back-pressured at t=18215000
Time: 18215 ns  Iteration: 0  Process: /tb_pcie_axi_dma(TB_SCENARIO=2,FIFO_DEPTH=64,BATCH_COUNT=4,BATCH_TIMEOUT=64,SINK_STALL_EN=1'b1,SINK_STALL_PERIOD=4,SINK_STALL_READY=1)/dut/u_fifo/Always163_9  Scope: \tb_pcie_axi_dma(TB_SCENARIO=2,FIFO_DEPTH=64,BATCH_COUNT=4,BATCH_TIMEOUT=64,SINK_STALL_EN=1'b1,SINK_STALL_PERIOD=4,SINK_STALL_READY=1) .dut.u_fifo  File: /get/work/krishna.vardhan/git_trees/mtp_pcie_axi/pcie_axi_dma_latency/design/rtl/axis_fifo.sv Line: 165
Warning: [axis_fifo] FIFO full (depth=64) — upstream back-pressured at t=18235000
Time: 18235 ns  Iteration: 0  Process: /tb_pcie_axi_dma(TB_SCENARIO=2,FIFO_DEPTH=64,BATCH_COUNT=4,BATCH_TIMEOUT=64,SINK_STALL_EN=1'b1,SINK_STALL_PERIOD=4,SINK_STALL_READY=1)/dut/u_fifo/Always163_9  Scope: \tb_pcie_axi_dma(TB_SCENARIO=2,FIFO_DEPTH=64,BATCH_COUNT=4,BATCH_TIMEOUT=64,SINK_STALL_EN=1'b1,SINK_STALL_PERIOD=4,SINK_STALL_READY=1) .dut.u_fifo  File: /get/work/krishna.vardhan/git_trees/mtp_pcie_axi/pcie_axi_dma_latency/design/rtl/axis_fifo.sv Line: 165
Warning: [axis_fifo] FIFO full (depth=64) — upstream back-pressured at t=18245000
Time: 18245 ns  Iteration: 0  Process: /tb_pcie_axi_dma(TB_SCENARIO=2,FIFO_DEPTH=64,BATCH_COUNT=4,BATCH_TIMEOUT=64,SINK_STALL_EN=1'b1,SINK_STALL_PERIOD=4,SINK_STALL_READY=1)/dut/u_fifo/Always163_9  Scope: \tb_pcie_axi_dma(TB_SCENARIO=2,FIFO_DEPTH=64,BATCH_COUNT=4,BATCH_TIMEOUT=64,SINK_STALL_EN=1'b1,SINK_STALL_PERIOD=4,SINK_STALL_READY=1) .dut.u_fifo  File: /get/work/krishna.vardhan/git_trees/mtp_pcie_axi/pcie_axi_dma_latency/design/rtl/axis_fifo.sv Line: 165
Warning: [axis_fifo] FIFO full (depth=64) — upstream back-pressured at t=18255000
Time: 18255 ns  Iteration: 0  Process: /tb_pcie_axi_dma(TB_SCENARIO=2,FIFO_DEPTH=64,BATCH_COUNT=4,BATCH_TIMEOUT=64,SINK_STALL_EN=1'b1,SINK_STALL_PERIOD=4,SINK_STALL_READY=1)/dut/u_fifo/Always163_9  Scope: \tb_pcie_axi_dma(TB_SCENARIO=2,FIFO_DEPTH=64,BATCH_COUNT=4,BATCH_TIMEOUT=64,SINK_STALL_EN=1'b1,SINK_STALL_PERIOD=4,SINK_STALL_READY=1) .dut.u_fifo  File: /get/work/krishna.vardhan/git_trees/mtp_pcie_axi/pcie_axi_dma_latency/design/rtl/axis_fifo.sv Line: 165
Warning: [axis_fifo] FIFO full (depth=64) — upstream back-pressured at t=18275000
Time: 18275 ns  Iteration: 0  Process: /tb_pcie_axi_dma(TB_SCENARIO=2,FIFO_DEPTH=64,BATCH_COUNT=4,BATCH_TIMEOUT=64,SINK_STALL_EN=1'b1,SINK_STALL_PERIOD=4,SINK_STALL_READY=1)/dut/u_fifo/Always163_9  Scope: \tb_pcie_axi_dma(TB_SCENARIO=2,FIFO_DEPTH=64,BATCH_COUNT=4,BATCH_TIMEOUT=64,SINK_STALL_EN=1'b1,SINK_STALL_PERIOD=4,SINK_STALL_READY=1) .dut.u_fifo  File: /get/work/krishna.vardhan/git_trees/mtp_pcie_axi/pcie_axi_dma_latency/design/rtl/axis_fifo.sv Line: 165
Warning: [axis_fifo] FIFO full (depth=64) — upstream back-pressured at t=18285000
Time: 18285 ns  Iteration: 0  Process: /tb_pcie_axi_dma(TB_SCENARIO=2,FIFO_DEPTH=64,BATCH_COUNT=4,BATCH_TIMEOUT=64,SINK_STALL_EN=1'b1,SINK_STALL_PERIOD=4,SINK_STALL_READY=1)/dut/u_fifo/Always163_9  Scope: \tb_pcie_axi_dma(TB_SCENARIO=2,FIFO_DEPTH=64,BATCH_COUNT=4,BATCH_TIMEOUT=64,SINK_STALL_EN=1'b1,SINK_STALL_PERIOD=4,SINK_STALL_READY=1) .dut.u_fifo  File: /get/work/krishna.vardhan/git_trees/mtp_pcie_axi/pcie_axi_dma_latency/design/rtl/axis_fifo.sv Line: 165
Warning: [axis_fifo] FIFO full (depth=64) — upstream back-pressured at t=18295000
Time: 18295 ns  Iteration: 0  Process: /tb_pcie_axi_dma(TB_SCENARIO=2,FIFO_DEPTH=64,BATCH_COUNT=4,BATCH_TIMEOUT=64,SINK_STALL_EN=1'b1,SINK_STALL_PERIOD=4,SINK_STALL_READY=1)/dut/u_fifo/Always163_9  Scope: \tb_pcie_axi_dma(TB_SCENARIO=2,FIFO_DEPTH=64,BATCH_COUNT=4,BATCH_TIMEOUT=64,SINK_STALL_EN=1'b1,SINK_STALL_PERIOD=4,SINK_STALL_READY=1) .dut.u_fifo  File: /get/work/krishna.vardhan/git_trees/mtp_pcie_axi/pcie_axi_dma_latency/design/rtl/axis_fifo.sv Line: 165
Warning: [axis_fifo] FIFO full (depth=64) — upstream back-pressured at t=18315000
Time: 18315 ns  Iteration: 0  Process: /tb_pcie_axi_dma(TB_SCENARIO=2,FIFO_DEPTH=64,BATCH_COUNT=4,BATCH_TIMEOUT=64,SINK_STALL_EN=1'b1,SINK_STALL_PERIOD=4,SINK_STALL_READY=1)/dut/u_fifo/Always163_9  Scope: \tb_pcie_axi_dma(TB_SCENARIO=2,FIFO_DEPTH=64,BATCH_COUNT=4,BATCH_TIMEOUT=64,SINK_STALL_EN=1'b1,SINK_STALL_PERIOD=4,SINK_STALL_READY=1) .dut.u_fifo  File: /get/work/krishna.vardhan/git_trees/mtp_pcie_axi/pcie_axi_dma_latency/design/rtl/axis_fifo.sv Line: 165
Warning: [axis_fifo] FIFO full (depth=64) — upstream back-pressured at t=18325000
Time: 18325 ns  Iteration: 0  Process: /tb_pcie_axi_dma(TB_SCENARIO=2,FIFO_DEPTH=64,BATCH_COUNT=4,BATCH_TIMEOUT=64,SINK_STALL_EN=1'b1,SINK_STALL_PERIOD=4,SINK_STALL_READY=1)/dut/u_fifo/Always163_9  Scope: \tb_pcie_axi_dma(TB_SCENARIO=2,FIFO_DEPTH=64,BATCH_COUNT=4,BATCH_TIMEOUT=64,SINK_STALL_EN=1'b1,SINK_STALL_PERIOD=4,SINK_STALL_READY=1) .dut.u_fifo  File: /get/work/krishna.vardhan/git_trees/mtp_pcie_axi/pcie_axi_dma_latency/design/rtl/axis_fifo.sv Line: 165
Warning: [axis_fifo] FIFO full (depth=64) — upstream back-pressured at t=18335000
Time: 18335 ns  Iteration: 0  Process: /tb_pcie_axi_dma(TB_SCENARIO=2,FIFO_DEPTH=64,BATCH_COUNT=4,BATCH_TIMEOUT=64,SINK_STALL_EN=1'b1,SINK_STALL_PERIOD=4,SINK_STALL_READY=1)/dut/u_fifo/Always163_9  Scope: \tb_pcie_axi_dma(TB_SCENARIO=2,FIFO_DEPTH=64,BATCH_COUNT=4,BATCH_TIMEOUT=64,SINK_STALL_EN=1'b1,SINK_STALL_PERIOD=4,SINK_STALL_READY=1) .dut.u_fifo  File: /get/work/krishna.vardhan/git_trees/mtp_pcie_axi/pcie_axi_dma_latency/design/rtl/axis_fifo.sv Line: 165
Warning: [axis_fifo] FIFO full (depth=64) — upstream back-pressured at t=18355000
Time: 18355 ns  Iteration: 0  Process: /tb_pcie_axi_dma(TB_SCENARIO=2,FIFO_DEPTH=64,BATCH_COUNT=4,BATCH_TIMEOUT=64,SINK_STALL_EN=1'b1,SINK_STALL_PERIOD=4,SINK_STALL_READY=1)/dut/u_fifo/Always163_9  Scope: \tb_pcie_axi_dma(TB_SCENARIO=2,FIFO_DEPTH=64,BATCH_COUNT=4,BATCH_TIMEOUT=64,SINK_STALL_EN=1'b1,SINK_STALL_PERIOD=4,SINK_STALL_READY=1) .dut.u_fifo  File: /get/work/krishna.vardhan/git_trees/mtp_pcie_axi/pcie_axi_dma_latency/design/rtl/axis_fifo.sv Line: 165
Warning: [axis_fifo] FIFO full (depth=64) — upstream back-pressured at t=18365000
Time: 18365 ns  Iteration: 0  Process: /tb_pcie_axi_dma(TB_SCENARIO=2,FIFO_DEPTH=64,BATCH_COUNT=4,BATCH_TIMEOUT=64,SINK_STALL_EN=1'b1,SINK_STALL_PERIOD=4,SINK_STALL_READY=1)/dut/u_fifo/Always163_9  Scope: \tb_pcie_axi_dma(TB_SCENARIO=2,FIFO_DEPTH=64,BATCH_COUNT=4,BATCH_TIMEOUT=64,SINK_STALL_EN=1'b1,SINK_STALL_PERIOD=4,SINK_STALL_READY=1) .dut.u_fifo  File: /get/work/krishna.vardhan/git_trees/mtp_pcie_axi/pcie_axi_dma_latency/design/rtl/axis_fifo.sv Line: 165
Warning: [axis_fifo] FIFO full (depth=64) — upstream back-pressured at t=18375000
Time: 18375 ns  Iteration: 0  Process: /tb_pcie_axi_dma(TB_SCENARIO=2,FIFO_DEPTH=64,BATCH_COUNT=4,BATCH_TIMEOUT=64,SINK_STALL_EN=1'b1,SINK_STALL_PERIOD=4,SINK_STALL_READY=1)/dut/u_fifo/Always163_9  Scope: \tb_pcie_axi_dma(TB_SCENARIO=2,FIFO_DEPTH=64,BATCH_COUNT=4,BATCH_TIMEOUT=64,SINK_STALL_EN=1'b1,SINK_STALL_PERIOD=4,SINK_STALL_READY=1) .dut.u_fifo  File: /get/work/krishna.vardhan/git_trees/mtp_pcie_axi/pcie_axi_dma_latency/design/rtl/axis_fifo.sv Line: 165
Warning: [axis_fifo] FIFO full (depth=64) — upstream back-pressured at t=18395000
Time: 18395 ns  Iteration: 0  Process: /tb_pcie_axi_dma(TB_SCENARIO=2,FIFO_DEPTH=64,BATCH_COUNT=4,BATCH_TIMEOUT=64,SINK_STALL_EN=1'b1,SINK_STALL_PERIOD=4,SINK_STALL_READY=1)/dut/u_fifo/Always163_9  Scope: \tb_pcie_axi_dma(TB_SCENARIO=2,FIFO_DEPTH=64,BATCH_COUNT=4,BATCH_TIMEOUT=64,SINK_STALL_EN=1'b1,SINK_STALL_PERIOD=4,SINK_STALL_READY=1) .dut.u_fifo  File: /get/work/krishna.vardhan/git_trees/mtp_pcie_axi/pcie_axi_dma_latency/design/rtl/axis_fifo.sv Line: 165
Warning: [axis_fifo] FIFO full (depth=64) — upstream back-pressured at t=18405000
Time: 18405 ns  Iteration: 0  Process: /tb_pcie_axi_dma(TB_SCENARIO=2,FIFO_DEPTH=64,BATCH_COUNT=4,BATCH_TIMEOUT=64,SINK_STALL_EN=1'b1,SINK_STALL_PERIOD=4,SINK_STALL_READY=1)/dut/u_fifo/Always163_9  Scope: \tb_pcie_axi_dma(TB_SCENARIO=2,FIFO_DEPTH=64,BATCH_COUNT=4,BATCH_TIMEOUT=64,SINK_STALL_EN=1'b1,SINK_STALL_PERIOD=4,SINK_STALL_READY=1) .dut.u_fifo  File: /get/work/krishna.vardhan/git_trees/mtp_pcie_axi/pcie_axi_dma_latency/design/rtl/axis_fifo.sv Line: 165
Warning: [axis_fifo] FIFO full (depth=64) — upstream back-pressured at t=18415000
Time: 18415 ns  Iteration: 0  Process: /tb_pcie_axi_dma(TB_SCENARIO=2,FIFO_DEPTH=64,BATCH_COUNT=4,BATCH_TIMEOUT=64,SINK_STALL_EN=1'b1,SINK_STALL_PERIOD=4,SINK_STALL_READY=1)/dut/u_fifo/Always163_9  Scope: \tb_pcie_axi_dma(TB_SCENARIO=2,FIFO_DEPTH=64,BATCH_COUNT=4,BATCH_TIMEOUT=64,SINK_STALL_EN=1'b1,SINK_STALL_PERIOD=4,SINK_STALL_READY=1) .dut.u_fifo  File: /get/work/krishna.vardhan/git_trees/mtp_pcie_axi/pcie_axi_dma_latency/design/rtl/axis_fifo.sv Line: 165
Warning: [axis_fifo] FIFO full (depth=64) — upstream back-pressured at t=18435000
Time: 18435 ns  Iteration: 0  Process: /tb_pcie_axi_dma(TB_SCENARIO=2,FIFO_DEPTH=64,BATCH_COUNT=4,BATCH_TIMEOUT=64,SINK_STALL_EN=1'b1,SINK_STALL_PERIOD=4,SINK_STALL_READY=1)/dut/u_fifo/Always163_9  Scope: \tb_pcie_axi_dma(TB_SCENARIO=2,FIFO_DEPTH=64,BATCH_COUNT=4,BATCH_TIMEOUT=64,SINK_STALL_EN=1'b1,SINK_STALL_PERIOD=4,SINK_STALL_READY=1) .dut.u_fifo  File: /get/work/krishna.vardhan/git_trees/mtp_pcie_axi/pcie_axi_dma_latency/design/rtl/axis_fifo.sv Line: 165
Warning: [axis_fifo] FIFO full (depth=64) — upstream back-pressured at t=18445000
Time: 18445 ns  Iteration: 0  Process: /tb_pcie_axi_dma(TB_SCENARIO=2,FIFO_DEPTH=64,BATCH_COUNT=4,BATCH_TIMEOUT=64,SINK_STALL_EN=1'b1,SINK_STALL_PERIOD=4,SINK_STALL_READY=1)/dut/u_fifo/Always163_9  Scope: \tb_pcie_axi_dma(TB_SCENARIO=2,FIFO_DEPTH=64,BATCH_COUNT=4,BATCH_TIMEOUT=64,SINK_STALL_EN=1'b1,SINK_STALL_PERIOD=4,SINK_STALL_READY=1) .dut.u_fifo  File: /get/work/krishna.vardhan/git_trees/mtp_pcie_axi/pcie_axi_dma_latency/design/rtl/axis_fifo.sv Line: 165
Warning: [axis_fifo] FIFO full (depth=64) — upstream back-pressured at t=18455000
Time: 18455 ns  Iteration: 0  Process: /tb_pcie_axi_dma(TB_SCENARIO=2,FIFO_DEPTH=64,BATCH_COUNT=4,BATCH_TIMEOUT=64,SINK_STALL_EN=1'b1,SINK_STALL_PERIOD=4,SINK_STALL_READY=1)/dut/u_fifo/Always163_9  Scope: \tb_pcie_axi_dma(TB_SCENARIO=2,FIFO_DEPTH=64,BATCH_COUNT=4,BATCH_TIMEOUT=64,SINK_STALL_EN=1'b1,SINK_STALL_PERIOD=4,SINK_STALL_READY=1) .dut.u_fifo  File: /get/work/krishna.vardhan/git_trees/mtp_pcie_axi/pcie_axi_dma_latency/design/rtl/axis_fifo.sv Line: 165
Warning: [axis_fifo] FIFO full (depth=64) — upstream back-pressured at t=18475000
Time: 18475 ns  Iteration: 0  Process: /tb_pcie_axi_dma(TB_SCENARIO=2,FIFO_DEPTH=64,BATCH_COUNT=4,BATCH_TIMEOUT=64,SINK_STALL_EN=1'b1,SINK_STALL_PERIOD=4,SINK_STALL_READY=1)/dut/u_fifo/Always163_9  Scope: \tb_pcie_axi_dma(TB_SCENARIO=2,FIFO_DEPTH=64,BATCH_COUNT=4,BATCH_TIMEOUT=64,SINK_STALL_EN=1'b1,SINK_STALL_PERIOD=4,SINK_STALL_READY=1) .dut.u_fifo  File: /get/work/krishna.vardhan/git_trees/mtp_pcie_axi/pcie_axi_dma_latency/design/rtl/axis_fifo.sv Line: 165
Warning: [axis_fifo] FIFO full (depth=64) — upstream back-pressured at t=18485000
Time: 18485 ns  Iteration: 0  Process: /tb_pcie_axi_dma(TB_SCENARIO=2,FIFO_DEPTH=64,BATCH_COUNT=4,BATCH_TIMEOUT=64,SINK_STALL_EN=1'b1,SINK_STALL_PERIOD=4,SINK_STALL_READY=1)/dut/u_fifo/Always163_9  Scope: \tb_pcie_axi_dma(TB_SCENARIO=2,FIFO_DEPTH=64,BATCH_COUNT=4,BATCH_TIMEOUT=64,SINK_STALL_EN=1'b1,SINK_STALL_PERIOD=4,SINK_STALL_READY=1) .dut.u_fifo  File: /get/work/krishna.vardhan/git_trees/mtp_pcie_axi/pcie_axi_dma_latency/design/rtl/axis_fifo.sv Line: 165
Warning: [axis_fifo] FIFO full (depth=64) — upstream back-pressured at t=18495000
Time: 18495 ns  Iteration: 0  Process: /tb_pcie_axi_dma(TB_SCENARIO=2,FIFO_DEPTH=64,BATCH_COUNT=4,BATCH_TIMEOUT=64,SINK_STALL_EN=1'b1,SINK_STALL_PERIOD=4,SINK_STALL_READY=1)/dut/u_fifo/Always163_9  Scope: \tb_pcie_axi_dma(TB_SCENARIO=2,FIFO_DEPTH=64,BATCH_COUNT=4,BATCH_TIMEOUT=64,SINK_STALL_EN=1'b1,SINK_STALL_PERIOD=4,SINK_STALL_READY=1) .dut.u_fifo  File: /get/work/krishna.vardhan/git_trees/mtp_pcie_axi/pcie_axi_dma_latency/design/rtl/axis_fifo.sv Line: 165
Warning: [axis_fifo] FIFO full (depth=64) — upstream back-pressured at t=18515000
Time: 18515 ns  Iteration: 0  Process: /tb_pcie_axi_dma(TB_SCENARIO=2,FIFO_DEPTH=64,BATCH_COUNT=4,BATCH_TIMEOUT=64,SINK_STALL_EN=1'b1,SINK_STALL_PERIOD=4,SINK_STALL_READY=1)/dut/u_fifo/Always163_9  Scope: \tb_pcie_axi_dma(TB_SCENARIO=2,FIFO_DEPTH=64,BATCH_COUNT=4,BATCH_TIMEOUT=64,SINK_STALL_EN=1'b1,SINK_STALL_PERIOD=4,SINK_STALL_READY=1) .dut.u_fifo  File: /get/work/krishna.vardhan/git_trees/mtp_pcie_axi/pcie_axi_dma_latency/design/rtl/axis_fifo.sv Line: 165
Warning: [axis_fifo] FIFO full (depth=64) — upstream back-pressured at t=18525000
Time: 18525 ns  Iteration: 0  Process: /tb_pcie_axi_dma(TB_SCENARIO=2,FIFO_DEPTH=64,BATCH_COUNT=4,BATCH_TIMEOUT=64,SINK_STALL_EN=1'b1,SINK_STALL_PERIOD=4,SINK_STALL_READY=1)/dut/u_fifo/Always163_9  Scope: \tb_pcie_axi_dma(TB_SCENARIO=2,FIFO_DEPTH=64,BATCH_COUNT=4,BATCH_TIMEOUT=64,SINK_STALL_EN=1'b1,SINK_STALL_PERIOD=4,SINK_STALL_READY=1) .dut.u_fifo  File: /get/work/krishna.vardhan/git_trees/mtp_pcie_axi/pcie_axi_dma_latency/design/rtl/axis_fifo.sv Line: 165
Warning: [axis_fifo] FIFO full (depth=64) — upstream back-pressured at t=18535000
Time: 18535 ns  Iteration: 0  Process: /tb_pcie_axi_dma(TB_SCENARIO=2,FIFO_DEPTH=64,BATCH_COUNT=4,BATCH_TIMEOUT=64,SINK_STALL_EN=1'b1,SINK_STALL_PERIOD=4,SINK_STALL_READY=1)/dut/u_fifo/Always163_9  Scope: \tb_pcie_axi_dma(TB_SCENARIO=2,FIFO_DEPTH=64,BATCH_COUNT=4,BATCH_TIMEOUT=64,SINK_STALL_EN=1'b1,SINK_STALL_PERIOD=4,SINK_STALL_READY=1) .dut.u_fifo  File: /get/work/krishna.vardhan/git_trees/mtp_pcie_axi/pcie_axi_dma_latency/design/rtl/axis_fifo.sv Line: 165
Warning: [axis_fifo] FIFO full (depth=64) — upstream back-pressured at t=18555000
Time: 18555 ns  Iteration: 0  Process: /tb_pcie_axi_dma(TB_SCENARIO=2,FIFO_DEPTH=64,BATCH_COUNT=4,BATCH_TIMEOUT=64,SINK_STALL_EN=1'b1,SINK_STALL_PERIOD=4,SINK_STALL_READY=1)/dut/u_fifo/Always163_9  Scope: \tb_pcie_axi_dma(TB_SCENARIO=2,FIFO_DEPTH=64,BATCH_COUNT=4,BATCH_TIMEOUT=64,SINK_STALL_EN=1'b1,SINK_STALL_PERIOD=4,SINK_STALL_READY=1) .dut.u_fifo  File: /get/work/krishna.vardhan/git_trees/mtp_pcie_axi/pcie_axi_dma_latency/design/rtl/axis_fifo.sv Line: 165
Warning: [axis_fifo] FIFO full (depth=64) — upstream back-pressured at t=18565000
Time: 18565 ns  Iteration: 0  Process: /tb_pcie_axi_dma(TB_SCENARIO=2,FIFO_DEPTH=64,BATCH_COUNT=4,BATCH_TIMEOUT=64,SINK_STALL_EN=1'b1,SINK_STALL_PERIOD=4,SINK_STALL_READY=1)/dut/u_fifo/Always163_9  Scope: \tb_pcie_axi_dma(TB_SCENARIO=2,FIFO_DEPTH=64,BATCH_COUNT=4,BATCH_TIMEOUT=64,SINK_STALL_EN=1'b1,SINK_STALL_PERIOD=4,SINK_STALL_READY=1) .dut.u_fifo  File: /get/work/krishna.vardhan/git_trees/mtp_pcie_axi/pcie_axi_dma_latency/design/rtl/axis_fifo.sv Line: 165
Warning: [axis_fifo] FIFO full (depth=64) — upstream back-pressured at t=18575000
Time: 18575 ns  Iteration: 0  Process: /tb_pcie_axi_dma(TB_SCENARIO=2,FIFO_DEPTH=64,BATCH_COUNT=4,BATCH_TIMEOUT=64,SINK_STALL_EN=1'b1,SINK_STALL_PERIOD=4,SINK_STALL_READY=1)/dut/u_fifo/Always163_9  Scope: \tb_pcie_axi_dma(TB_SCENARIO=2,FIFO_DEPTH=64,BATCH_COUNT=4,BATCH_TIMEOUT=64,SINK_STALL_EN=1'b1,SINK_STALL_PERIOD=4,SINK_STALL_READY=1) .dut.u_fifo  File: /get/work/krishna.vardhan/git_trees/mtp_pcie_axi/pcie_axi_dma_latency/design/rtl/axis_fifo.sv Line: 165
Warning: [axis_fifo] FIFO full (depth=64) — upstream back-pressured at t=18595000
Time: 18595 ns  Iteration: 0  Process: /tb_pcie_axi_dma(TB_SCENARIO=2,FIFO_DEPTH=64,BATCH_COUNT=4,BATCH_TIMEOUT=64,SINK_STALL_EN=1'b1,SINK_STALL_PERIOD=4,SINK_STALL_READY=1)/dut/u_fifo/Always163_9  Scope: \tb_pcie_axi_dma(TB_SCENARIO=2,FIFO_DEPTH=64,BATCH_COUNT=4,BATCH_TIMEOUT=64,SINK_STALL_EN=1'b1,SINK_STALL_PERIOD=4,SINK_STALL_READY=1) .dut.u_fifo  File: /get/work/krishna.vardhan/git_trees/mtp_pcie_axi/pcie_axi_dma_latency/design/rtl/axis_fifo.sv Line: 165
Warning: [axis_fifo] FIFO full (depth=64) — upstream back-pressured at t=18605000
Time: 18605 ns  Iteration: 0  Process: /tb_pcie_axi_dma(TB_SCENARIO=2,FIFO_DEPTH=64,BATCH_COUNT=4,BATCH_TIMEOUT=64,SINK_STALL_EN=1'b1,SINK_STALL_PERIOD=4,SINK_STALL_READY=1)/dut/u_fifo/Always163_9  Scope: \tb_pcie_axi_dma(TB_SCENARIO=2,FIFO_DEPTH=64,BATCH_COUNT=4,BATCH_TIMEOUT=64,SINK_STALL_EN=1'b1,SINK_STALL_PERIOD=4,SINK_STALL_READY=1) .dut.u_fifo  File: /get/work/krishna.vardhan/git_trees/mtp_pcie_axi/pcie_axi_dma_latency/design/rtl/axis_fifo.sv Line: 165
Warning: [axis_fifo] FIFO full (depth=64) — upstream back-pressured at t=18615000
Time: 18615 ns  Iteration: 0  Process: /tb_pcie_axi_dma(TB_SCENARIO=2,FIFO_DEPTH=64,BATCH_COUNT=4,BATCH_TIMEOUT=64,SINK_STALL_EN=1'b1,SINK_STALL_PERIOD=4,SINK_STALL_READY=1)/dut/u_fifo/Always163_9  Scope: \tb_pcie_axi_dma(TB_SCENARIO=2,FIFO_DEPTH=64,BATCH_COUNT=4,BATCH_TIMEOUT=64,SINK_STALL_EN=1'b1,SINK_STALL_PERIOD=4,SINK_STALL_READY=1) .dut.u_fifo  File: /get/work/krishna.vardhan/git_trees/mtp_pcie_axi/pcie_axi_dma_latency/design/rtl/axis_fifo.sv Line: 165
Warning: [axis_fifo] FIFO full (depth=64) — upstream back-pressured at t=18635000
Time: 18635 ns  Iteration: 0  Process: /tb_pcie_axi_dma(TB_SCENARIO=2,FIFO_DEPTH=64,BATCH_COUNT=4,BATCH_TIMEOUT=64,SINK_STALL_EN=1'b1,SINK_STALL_PERIOD=4,SINK_STALL_READY=1)/dut/u_fifo/Always163_9  Scope: \tb_pcie_axi_dma(TB_SCENARIO=2,FIFO_DEPTH=64,BATCH_COUNT=4,BATCH_TIMEOUT=64,SINK_STALL_EN=1'b1,SINK_STALL_PERIOD=4,SINK_STALL_READY=1) .dut.u_fifo  File: /get/work/krishna.vardhan/git_trees/mtp_pcie_axi/pcie_axi_dma_latency/design/rtl/axis_fifo.sv Line: 165
Warning: [axis_fifo] FIFO full (depth=64) — upstream back-pressured at t=18645000
Time: 18645 ns  Iteration: 0  Process: /tb_pcie_axi_dma(TB_SCENARIO=2,FIFO_DEPTH=64,BATCH_COUNT=4,BATCH_TIMEOUT=64,SINK_STALL_EN=1'b1,SINK_STALL_PERIOD=4,SINK_STALL_READY=1)/dut/u_fifo/Always163_9  Scope: \tb_pcie_axi_dma(TB_SCENARIO=2,FIFO_DEPTH=64,BATCH_COUNT=4,BATCH_TIMEOUT=64,SINK_STALL_EN=1'b1,SINK_STALL_PERIOD=4,SINK_STALL_READY=1) .dut.u_fifo  File: /get/work/krishna.vardhan/git_trees/mtp_pcie_axi/pcie_axi_dma_latency/design/rtl/axis_fifo.sv Line: 165
Warning: [axis_fifo] FIFO full (depth=64) — upstream back-pressured at t=18655000
Time: 18655 ns  Iteration: 0  Process: /tb_pcie_axi_dma(TB_SCENARIO=2,FIFO_DEPTH=64,BATCH_COUNT=4,BATCH_TIMEOUT=64,SINK_STALL_EN=1'b1,SINK_STALL_PERIOD=4,SINK_STALL_READY=1)/dut/u_fifo/Always163_9  Scope: \tb_pcie_axi_dma(TB_SCENARIO=2,FIFO_DEPTH=64,BATCH_COUNT=4,BATCH_TIMEOUT=64,SINK_STALL_EN=1'b1,SINK_STALL_PERIOD=4,SINK_STALL_READY=1) .dut.u_fifo  File: /get/work/krishna.vardhan/git_trees/mtp_pcie_axi/pcie_axi_dma_latency/design/rtl/axis_fifo.sv Line: 165
Warning: [axis_fifo] FIFO full (depth=64) — upstream back-pressured at t=18675000
Time: 18675 ns  Iteration: 0  Process: /tb_pcie_axi_dma(TB_SCENARIO=2,FIFO_DEPTH=64,BATCH_COUNT=4,BATCH_TIMEOUT=64,SINK_STALL_EN=1'b1,SINK_STALL_PERIOD=4,SINK_STALL_READY=1)/dut/u_fifo/Always163_9  Scope: \tb_pcie_axi_dma(TB_SCENARIO=2,FIFO_DEPTH=64,BATCH_COUNT=4,BATCH_TIMEOUT=64,SINK_STALL_EN=1'b1,SINK_STALL_PERIOD=4,SINK_STALL_READY=1) .dut.u_fifo  File: /get/work/krishna.vardhan/git_trees/mtp_pcie_axi/pcie_axi_dma_latency/design/rtl/axis_fifo.sv Line: 165
Warning: [axis_fifo] FIFO full (depth=64) — upstream back-pressured at t=18685000
Time: 18685 ns  Iteration: 0  Process: /tb_pcie_axi_dma(TB_SCENARIO=2,FIFO_DEPTH=64,BATCH_COUNT=4,BATCH_TIMEOUT=64,SINK_STALL_EN=1'b1,SINK_STALL_PERIOD=4,SINK_STALL_READY=1)/dut/u_fifo/Always163_9  Scope: \tb_pcie_axi_dma(TB_SCENARIO=2,FIFO_DEPTH=64,BATCH_COUNT=4,BATCH_TIMEOUT=64,SINK_STALL_EN=1'b1,SINK_STALL_PERIOD=4,SINK_STALL_READY=1) .dut.u_fifo  File: /get/work/krishna.vardhan/git_trees/mtp_pcie_axi/pcie_axi_dma_latency/design/rtl/axis_fifo.sv Line: 165
Warning: [axis_fifo] FIFO full (depth=64) — upstream back-pressured at t=18695000
Time: 18695 ns  Iteration: 0  Process: /tb_pcie_axi_dma(TB_SCENARIO=2,FIFO_DEPTH=64,BATCH_COUNT=4,BATCH_TIMEOUT=64,SINK_STALL_EN=1'b1,SINK_STALL_PERIOD=4,SINK_STALL_READY=1)/dut/u_fifo/Always163_9  Scope: \tb_pcie_axi_dma(TB_SCENARIO=2,FIFO_DEPTH=64,BATCH_COUNT=4,BATCH_TIMEOUT=64,SINK_STALL_EN=1'b1,SINK_STALL_PERIOD=4,SINK_STALL_READY=1) .dut.u_fifo  File: /get/work/krishna.vardhan/git_trees/mtp_pcie_axi/pcie_axi_dma_latency/design/rtl/axis_fifo.sv Line: 165
Warning: [axis_fifo] FIFO full (depth=64) — upstream back-pressured at t=18715000
Time: 18715 ns  Iteration: 0  Process: /tb_pcie_axi_dma(TB_SCENARIO=2,FIFO_DEPTH=64,BATCH_COUNT=4,BATCH_TIMEOUT=64,SINK_STALL_EN=1'b1,SINK_STALL_PERIOD=4,SINK_STALL_READY=1)/dut/u_fifo/Always163_9  Scope: \tb_pcie_axi_dma(TB_SCENARIO=2,FIFO_DEPTH=64,BATCH_COUNT=4,BATCH_TIMEOUT=64,SINK_STALL_EN=1'b1,SINK_STALL_PERIOD=4,SINK_STALL_READY=1) .dut.u_fifo  File: /get/work/krishna.vardhan/git_trees/mtp_pcie_axi/pcie_axi_dma_latency/design/rtl/axis_fifo.sv Line: 165
Warning: [axis_fifo] FIFO full (depth=64) — upstream back-pressured at t=18725000
Time: 18725 ns  Iteration: 0  Process: /tb_pcie_axi_dma(TB_SCENARIO=2,FIFO_DEPTH=64,BATCH_COUNT=4,BATCH_TIMEOUT=64,SINK_STALL_EN=1'b1,SINK_STALL_PERIOD=4,SINK_STALL_READY=1)/dut/u_fifo/Always163_9  Scope: \tb_pcie_axi_dma(TB_SCENARIO=2,FIFO_DEPTH=64,BATCH_COUNT=4,BATCH_TIMEOUT=64,SINK_STALL_EN=1'b1,SINK_STALL_PERIOD=4,SINK_STALL_READY=1) .dut.u_fifo  File: /get/work/krishna.vardhan/git_trees/mtp_pcie_axi/pcie_axi_dma_latency/design/rtl/axis_fifo.sv Line: 165
Warning: [axis_fifo] FIFO full (depth=64) — upstream back-pressured at t=18735000
Time: 18735 ns  Iteration: 0  Process: /tb_pcie_axi_dma(TB_SCENARIO=2,FIFO_DEPTH=64,BATCH_COUNT=4,BATCH_TIMEOUT=64,SINK_STALL_EN=1'b1,SINK_STALL_PERIOD=4,SINK_STALL_READY=1)/dut/u_fifo/Always163_9  Scope: \tb_pcie_axi_dma(TB_SCENARIO=2,FIFO_DEPTH=64,BATCH_COUNT=4,BATCH_TIMEOUT=64,SINK_STALL_EN=1'b1,SINK_STALL_PERIOD=4,SINK_STALL_READY=1) .dut.u_fifo  File: /get/work/krishna.vardhan/git_trees/mtp_pcie_axi/pcie_axi_dma_latency/design/rtl/axis_fifo.sv Line: 165
Warning: [axis_fifo] FIFO full (depth=64) — upstream back-pressured at t=18755000
Time: 18755 ns  Iteration: 0  Process: /tb_pcie_axi_dma(TB_SCENARIO=2,FIFO_DEPTH=64,BATCH_COUNT=4,BATCH_TIMEOUT=64,SINK_STALL_EN=1'b1,SINK_STALL_PERIOD=4,SINK_STALL_READY=1)/dut/u_fifo/Always163_9  Scope: \tb_pcie_axi_dma(TB_SCENARIO=2,FIFO_DEPTH=64,BATCH_COUNT=4,BATCH_TIMEOUT=64,SINK_STALL_EN=1'b1,SINK_STALL_PERIOD=4,SINK_STALL_READY=1) .dut.u_fifo  File: /get/work/krishna.vardhan/git_trees/mtp_pcie_axi/pcie_axi_dma_latency/design/rtl/axis_fifo.sv Line: 165
Warning: [axis_fifo] FIFO full (depth=64) — upstream back-pressured at t=18765000
Time: 18765 ns  Iteration: 0  Process: /tb_pcie_axi_dma(TB_SCENARIO=2,FIFO_DEPTH=64,BATCH_COUNT=4,BATCH_TIMEOUT=64,SINK_STALL_EN=1'b1,SINK_STALL_PERIOD=4,SINK_STALL_READY=1)/dut/u_fifo/Always163_9  Scope: \tb_pcie_axi_dma(TB_SCENARIO=2,FIFO_DEPTH=64,BATCH_COUNT=4,BATCH_TIMEOUT=64,SINK_STALL_EN=1'b1,SINK_STALL_PERIOD=4,SINK_STALL_READY=1) .dut.u_fifo  File: /get/work/krishna.vardhan/git_trees/mtp_pcie_axi/pcie_axi_dma_latency/design/rtl/axis_fifo.sv Line: 165
Warning: [axis_fifo] FIFO full (depth=64) — upstream back-pressured at t=18775000
Time: 18775 ns  Iteration: 0  Process: /tb_pcie_axi_dma(TB_SCENARIO=2,FIFO_DEPTH=64,BATCH_COUNT=4,BATCH_TIMEOUT=64,SINK_STALL_EN=1'b1,SINK_STALL_PERIOD=4,SINK_STALL_READY=1)/dut/u_fifo/Always163_9  Scope: \tb_pcie_axi_dma(TB_SCENARIO=2,FIFO_DEPTH=64,BATCH_COUNT=4,BATCH_TIMEOUT=64,SINK_STALL_EN=1'b1,SINK_STALL_PERIOD=4,SINK_STALL_READY=1) .dut.u_fifo  File: /get/work/krishna.vardhan/git_trees/mtp_pcie_axi/pcie_axi_dma_latency/design/rtl/axis_fifo.sv Line: 165
Warning: [axis_fifo] FIFO full (depth=64) — upstream back-pressured at t=18795000
Time: 18795 ns  Iteration: 0  Process: /tb_pcie_axi_dma(TB_SCENARIO=2,FIFO_DEPTH=64,BATCH_COUNT=4,BATCH_TIMEOUT=64,SINK_STALL_EN=1'b1,SINK_STALL_PERIOD=4,SINK_STALL_READY=1)/dut/u_fifo/Always163_9  Scope: \tb_pcie_axi_dma(TB_SCENARIO=2,FIFO_DEPTH=64,BATCH_COUNT=4,BATCH_TIMEOUT=64,SINK_STALL_EN=1'b1,SINK_STALL_PERIOD=4,SINK_STALL_READY=1) .dut.u_fifo  File: /get/work/krishna.vardhan/git_trees/mtp_pcie_axi/pcie_axi_dma_latency/design/rtl/axis_fifo.sv Line: 165
Warning: [axis_fifo] FIFO full (depth=64) — upstream back-pressured at t=18805000
Time: 18805 ns  Iteration: 0  Process: /tb_pcie_axi_dma(TB_SCENARIO=2,FIFO_DEPTH=64,BATCH_COUNT=4,BATCH_TIMEOUT=64,SINK_STALL_EN=1'b1,SINK_STALL_PERIOD=4,SINK_STALL_READY=1)/dut/u_fifo/Always163_9  Scope: \tb_pcie_axi_dma(TB_SCENARIO=2,FIFO_DEPTH=64,BATCH_COUNT=4,BATCH_TIMEOUT=64,SINK_STALL_EN=1'b1,SINK_STALL_PERIOD=4,SINK_STALL_READY=1) .dut.u_fifo  File: /get/work/krishna.vardhan/git_trees/mtp_pcie_axi/pcie_axi_dma_latency/design/rtl/axis_fifo.sv Line: 165
Warning: [axis_fifo] FIFO full (depth=64) — upstream back-pressured at t=18815000
Time: 18815 ns  Iteration: 0  Process: /tb_pcie_axi_dma(TB_SCENARIO=2,FIFO_DEPTH=64,BATCH_COUNT=4,BATCH_TIMEOUT=64,SINK_STALL_EN=1'b1,SINK_STALL_PERIOD=4,SINK_STALL_READY=1)/dut/u_fifo/Always163_9  Scope: \tb_pcie_axi_dma(TB_SCENARIO=2,FIFO_DEPTH=64,BATCH_COUNT=4,BATCH_TIMEOUT=64,SINK_STALL_EN=1'b1,SINK_STALL_PERIOD=4,SINK_STALL_READY=1) .dut.u_fifo  File: /get/work/krishna.vardhan/git_trees/mtp_pcie_axi/pcie_axi_dma_latency/design/rtl/axis_fifo.sv Line: 165
Warning: [axis_fifo] FIFO full (depth=64) — upstream back-pressured at t=18835000
Time: 18835 ns  Iteration: 0  Process: /tb_pcie_axi_dma(TB_SCENARIO=2,FIFO_DEPTH=64,BATCH_COUNT=4,BATCH_TIMEOUT=64,SINK_STALL_EN=1'b1,SINK_STALL_PERIOD=4,SINK_STALL_READY=1)/dut/u_fifo/Always163_9  Scope: \tb_pcie_axi_dma(TB_SCENARIO=2,FIFO_DEPTH=64,BATCH_COUNT=4,BATCH_TIMEOUT=64,SINK_STALL_EN=1'b1,SINK_STALL_PERIOD=4,SINK_STALL_READY=1) .dut.u_fifo  File: /get/work/krishna.vardhan/git_trees/mtp_pcie_axi/pcie_axi_dma_latency/design/rtl/axis_fifo.sv Line: 165
Warning: [axis_fifo] FIFO full (depth=64) — upstream back-pressured at t=18845000
Time: 18845 ns  Iteration: 0  Process: /tb_pcie_axi_dma(TB_SCENARIO=2,FIFO_DEPTH=64,BATCH_COUNT=4,BATCH_TIMEOUT=64,SINK_STALL_EN=1'b1,SINK_STALL_PERIOD=4,SINK_STALL_READY=1)/dut/u_fifo/Always163_9  Scope: \tb_pcie_axi_dma(TB_SCENARIO=2,FIFO_DEPTH=64,BATCH_COUNT=4,BATCH_TIMEOUT=64,SINK_STALL_EN=1'b1,SINK_STALL_PERIOD=4,SINK_STALL_READY=1) .dut.u_fifo  File: /get/work/krishna.vardhan/git_trees/mtp_pcie_axi/pcie_axi_dma_latency/design/rtl/axis_fifo.sv Line: 165
Warning: [axis_fifo] FIFO full (depth=64) — upstream back-pressured at t=18855000
Time: 18855 ns  Iteration: 0  Process: /tb_pcie_axi_dma(TB_SCENARIO=2,FIFO_DEPTH=64,BATCH_COUNT=4,BATCH_TIMEOUT=64,SINK_STALL_EN=1'b1,SINK_STALL_PERIOD=4,SINK_STALL_READY=1)/dut/u_fifo/Always163_9  Scope: \tb_pcie_axi_dma(TB_SCENARIO=2,FIFO_DEPTH=64,BATCH_COUNT=4,BATCH_TIMEOUT=64,SINK_STALL_EN=1'b1,SINK_STALL_PERIOD=4,SINK_STALL_READY=1) .dut.u_fifo  File: /get/work/krishna.vardhan/git_trees/mtp_pcie_axi/pcie_axi_dma_latency/design/rtl/axis_fifo.sv Line: 165
Warning: [axis_fifo] FIFO full (depth=64) — upstream back-pressured at t=18875000
Time: 18875 ns  Iteration: 0  Process: /tb_pcie_axi_dma(TB_SCENARIO=2,FIFO_DEPTH=64,BATCH_COUNT=4,BATCH_TIMEOUT=64,SINK_STALL_EN=1'b1,SINK_STALL_PERIOD=4,SINK_STALL_READY=1)/dut/u_fifo/Always163_9  Scope: \tb_pcie_axi_dma(TB_SCENARIO=2,FIFO_DEPTH=64,BATCH_COUNT=4,BATCH_TIMEOUT=64,SINK_STALL_EN=1'b1,SINK_STALL_PERIOD=4,SINK_STALL_READY=1) .dut.u_fifo  File: /get/work/krishna.vardhan/git_trees/mtp_pcie_axi/pcie_axi_dma_latency/design/rtl/axis_fifo.sv Line: 165
Warning: [axis_fifo] FIFO full (depth=64) — upstream back-pressured at t=18885000
Time: 18885 ns  Iteration: 0  Process: /tb_pcie_axi_dma(TB_SCENARIO=2,FIFO_DEPTH=64,BATCH_COUNT=4,BATCH_TIMEOUT=64,SINK_STALL_EN=1'b1,SINK_STALL_PERIOD=4,SINK_STALL_READY=1)/dut/u_fifo/Always163_9  Scope: \tb_pcie_axi_dma(TB_SCENARIO=2,FIFO_DEPTH=64,BATCH_COUNT=4,BATCH_TIMEOUT=64,SINK_STALL_EN=1'b1,SINK_STALL_PERIOD=4,SINK_STALL_READY=1) .dut.u_fifo  File: /get/work/krishna.vardhan/git_trees/mtp_pcie_axi/pcie_axi_dma_latency/design/rtl/axis_fifo.sv Line: 165
Warning: [axis_fifo] FIFO full (depth=64) — upstream back-pressured at t=18895000
Time: 18895 ns  Iteration: 0  Process: /tb_pcie_axi_dma(TB_SCENARIO=2,FIFO_DEPTH=64,BATCH_COUNT=4,BATCH_TIMEOUT=64,SINK_STALL_EN=1'b1,SINK_STALL_PERIOD=4,SINK_STALL_READY=1)/dut/u_fifo/Always163_9  Scope: \tb_pcie_axi_dma(TB_SCENARIO=2,FIFO_DEPTH=64,BATCH_COUNT=4,BATCH_TIMEOUT=64,SINK_STALL_EN=1'b1,SINK_STALL_PERIOD=4,SINK_STALL_READY=1) .dut.u_fifo  File: /get/work/krishna.vardhan/git_trees/mtp_pcie_axi/pcie_axi_dma_latency/design/rtl/axis_fifo.sv Line: 165
Warning: [axis_fifo] FIFO full (depth=64) — upstream back-pressured at t=18915000
Time: 18915 ns  Iteration: 0  Process: /tb_pcie_axi_dma(TB_SCENARIO=2,FIFO_DEPTH=64,BATCH_COUNT=4,BATCH_TIMEOUT=64,SINK_STALL_EN=1'b1,SINK_STALL_PERIOD=4,SINK_STALL_READY=1)/dut/u_fifo/Always163_9  Scope: \tb_pcie_axi_dma(TB_SCENARIO=2,FIFO_DEPTH=64,BATCH_COUNT=4,BATCH_TIMEOUT=64,SINK_STALL_EN=1'b1,SINK_STALL_PERIOD=4,SINK_STALL_READY=1) .dut.u_fifo  File: /get/work/krishna.vardhan/git_trees/mtp_pcie_axi/pcie_axi_dma_latency/design/rtl/axis_fifo.sv Line: 165
Warning: [axis_fifo] FIFO full (depth=64) — upstream back-pressured at t=18925000
Time: 18925 ns  Iteration: 0  Process: /tb_pcie_axi_dma(TB_SCENARIO=2,FIFO_DEPTH=64,BATCH_COUNT=4,BATCH_TIMEOUT=64,SINK_STALL_EN=1'b1,SINK_STALL_PERIOD=4,SINK_STALL_READY=1)/dut/u_fifo/Always163_9  Scope: \tb_pcie_axi_dma(TB_SCENARIO=2,FIFO_DEPTH=64,BATCH_COUNT=4,BATCH_TIMEOUT=64,SINK_STALL_EN=1'b1,SINK_STALL_PERIOD=4,SINK_STALL_READY=1) .dut.u_fifo  File: /get/work/krishna.vardhan/git_trees/mtp_pcie_axi/pcie_axi_dma_latency/design/rtl/axis_fifo.sv Line: 165
Warning: [axis_fifo] FIFO full (depth=64) — upstream back-pressured at t=18935000
Time: 18935 ns  Iteration: 0  Process: /tb_pcie_axi_dma(TB_SCENARIO=2,FIFO_DEPTH=64,BATCH_COUNT=4,BATCH_TIMEOUT=64,SINK_STALL_EN=1'b1,SINK_STALL_PERIOD=4,SINK_STALL_READY=1)/dut/u_fifo/Always163_9  Scope: \tb_pcie_axi_dma(TB_SCENARIO=2,FIFO_DEPTH=64,BATCH_COUNT=4,BATCH_TIMEOUT=64,SINK_STALL_EN=1'b1,SINK_STALL_PERIOD=4,SINK_STALL_READY=1) .dut.u_fifo  File: /get/work/krishna.vardhan/git_trees/mtp_pcie_axi/pcie_axi_dma_latency/design/rtl/axis_fifo.sv Line: 165
Warning: [axis_fifo] FIFO full (depth=64) — upstream back-pressured at t=18955000
Time: 18955 ns  Iteration: 0  Process: /tb_pcie_axi_dma(TB_SCENARIO=2,FIFO_DEPTH=64,BATCH_COUNT=4,BATCH_TIMEOUT=64,SINK_STALL_EN=1'b1,SINK_STALL_PERIOD=4,SINK_STALL_READY=1)/dut/u_fifo/Always163_9  Scope: \tb_pcie_axi_dma(TB_SCENARIO=2,FIFO_DEPTH=64,BATCH_COUNT=4,BATCH_TIMEOUT=64,SINK_STALL_EN=1'b1,SINK_STALL_PERIOD=4,SINK_STALL_READY=1) .dut.u_fifo  File: /get/work/krishna.vardhan/git_trees/mtp_pcie_axi/pcie_axi_dma_latency/design/rtl/axis_fifo.sv Line: 165
Warning: [axis_fifo] FIFO full (depth=64) — upstream back-pressured at t=18965000
Time: 18965 ns  Iteration: 0  Process: /tb_pcie_axi_dma(TB_SCENARIO=2,FIFO_DEPTH=64,BATCH_COUNT=4,BATCH_TIMEOUT=64,SINK_STALL_EN=1'b1,SINK_STALL_PERIOD=4,SINK_STALL_READY=1)/dut/u_fifo/Always163_9  Scope: \tb_pcie_axi_dma(TB_SCENARIO=2,FIFO_DEPTH=64,BATCH_COUNT=4,BATCH_TIMEOUT=64,SINK_STALL_EN=1'b1,SINK_STALL_PERIOD=4,SINK_STALL_READY=1) .dut.u_fifo  File: /get/work/krishna.vardhan/git_trees/mtp_pcie_axi/pcie_axi_dma_latency/design/rtl/axis_fifo.sv Line: 165
Warning: [axis_fifo] FIFO full (depth=64) — upstream back-pressured at t=18975000
Time: 18975 ns  Iteration: 0  Process: /tb_pcie_axi_dma(TB_SCENARIO=2,FIFO_DEPTH=64,BATCH_COUNT=4,BATCH_TIMEOUT=64,SINK_STALL_EN=1'b1,SINK_STALL_PERIOD=4,SINK_STALL_READY=1)/dut/u_fifo/Always163_9  Scope: \tb_pcie_axi_dma(TB_SCENARIO=2,FIFO_DEPTH=64,BATCH_COUNT=4,BATCH_TIMEOUT=64,SINK_STALL_EN=1'b1,SINK_STALL_PERIOD=4,SINK_STALL_READY=1) .dut.u_fifo  File: /get/work/krishna.vardhan/git_trees/mtp_pcie_axi/pcie_axi_dma_latency/design/rtl/axis_fifo.sv Line: 165
Warning: [axis_fifo] FIFO full (depth=64) — upstream back-pressured at t=18995000
Time: 18995 ns  Iteration: 0  Process: /tb_pcie_axi_dma(TB_SCENARIO=2,FIFO_DEPTH=64,BATCH_COUNT=4,BATCH_TIMEOUT=64,SINK_STALL_EN=1'b1,SINK_STALL_PERIOD=4,SINK_STALL_READY=1)/dut/u_fifo/Always163_9  Scope: \tb_pcie_axi_dma(TB_SCENARIO=2,FIFO_DEPTH=64,BATCH_COUNT=4,BATCH_TIMEOUT=64,SINK_STALL_EN=1'b1,SINK_STALL_PERIOD=4,SINK_STALL_READY=1) .dut.u_fifo  File: /get/work/krishna.vardhan/git_trees/mtp_pcie_axi/pcie_axi_dma_latency/design/rtl/axis_fifo.sv Line: 165
Warning: [axis_fifo] FIFO full (depth=64) — upstream back-pressured at t=19005000
Time: 19005 ns  Iteration: 0  Process: /tb_pcie_axi_dma(TB_SCENARIO=2,FIFO_DEPTH=64,BATCH_COUNT=4,BATCH_TIMEOUT=64,SINK_STALL_EN=1'b1,SINK_STALL_PERIOD=4,SINK_STALL_READY=1)/dut/u_fifo/Always163_9  Scope: \tb_pcie_axi_dma(TB_SCENARIO=2,FIFO_DEPTH=64,BATCH_COUNT=4,BATCH_TIMEOUT=64,SINK_STALL_EN=1'b1,SINK_STALL_PERIOD=4,SINK_STALL_READY=1) .dut.u_fifo  File: /get/work/krishna.vardhan/git_trees/mtp_pcie_axi/pcie_axi_dma_latency/design/rtl/axis_fifo.sv Line: 165
Warning: [axis_fifo] FIFO full (depth=64) — upstream back-pressured at t=19015000
Time: 19015 ns  Iteration: 0  Process: /tb_pcie_axi_dma(TB_SCENARIO=2,FIFO_DEPTH=64,BATCH_COUNT=4,BATCH_TIMEOUT=64,SINK_STALL_EN=1'b1,SINK_STALL_PERIOD=4,SINK_STALL_READY=1)/dut/u_fifo/Always163_9  Scope: \tb_pcie_axi_dma(TB_SCENARIO=2,FIFO_DEPTH=64,BATCH_COUNT=4,BATCH_TIMEOUT=64,SINK_STALL_EN=1'b1,SINK_STALL_PERIOD=4,SINK_STALL_READY=1) .dut.u_fifo  File: /get/work/krishna.vardhan/git_trees/mtp_pcie_axi/pcie_axi_dma_latency/design/rtl/axis_fifo.sv Line: 165
Warning: [axis_fifo] FIFO full (depth=64) — upstream back-pressured at t=19035000
Time: 19035 ns  Iteration: 0  Process: /tb_pcie_axi_dma(TB_SCENARIO=2,FIFO_DEPTH=64,BATCH_COUNT=4,BATCH_TIMEOUT=64,SINK_STALL_EN=1'b1,SINK_STALL_PERIOD=4,SINK_STALL_READY=1)/dut/u_fifo/Always163_9  Scope: \tb_pcie_axi_dma(TB_SCENARIO=2,FIFO_DEPTH=64,BATCH_COUNT=4,BATCH_TIMEOUT=64,SINK_STALL_EN=1'b1,SINK_STALL_PERIOD=4,SINK_STALL_READY=1) .dut.u_fifo  File: /get/work/krishna.vardhan/git_trees/mtp_pcie_axi/pcie_axi_dma_latency/design/rtl/axis_fifo.sv Line: 165
Warning: [axis_fifo] FIFO full (depth=64) — upstream back-pressured at t=19045000
Time: 19045 ns  Iteration: 0  Process: /tb_pcie_axi_dma(TB_SCENARIO=2,FIFO_DEPTH=64,BATCH_COUNT=4,BATCH_TIMEOUT=64,SINK_STALL_EN=1'b1,SINK_STALL_PERIOD=4,SINK_STALL_READY=1)/dut/u_fifo/Always163_9  Scope: \tb_pcie_axi_dma(TB_SCENARIO=2,FIFO_DEPTH=64,BATCH_COUNT=4,BATCH_TIMEOUT=64,SINK_STALL_EN=1'b1,SINK_STALL_PERIOD=4,SINK_STALL_READY=1) .dut.u_fifo  File: /get/work/krishna.vardhan/git_trees/mtp_pcie_axi/pcie_axi_dma_latency/design/rtl/axis_fifo.sv Line: 165
Warning: [axis_fifo] FIFO full (depth=64) — upstream back-pressured at t=19055000
Time: 19055 ns  Iteration: 0  Process: /tb_pcie_axi_dma(TB_SCENARIO=2,FIFO_DEPTH=64,BATCH_COUNT=4,BATCH_TIMEOUT=64,SINK_STALL_EN=1'b1,SINK_STALL_PERIOD=4,SINK_STALL_READY=1)/dut/u_fifo/Always163_9  Scope: \tb_pcie_axi_dma(TB_SCENARIO=2,FIFO_DEPTH=64,BATCH_COUNT=4,BATCH_TIMEOUT=64,SINK_STALL_EN=1'b1,SINK_STALL_PERIOD=4,SINK_STALL_READY=1) .dut.u_fifo  File: /get/work/krishna.vardhan/git_trees/mtp_pcie_axi/pcie_axi_dma_latency/design/rtl/axis_fifo.sv Line: 165
Warning: [axis_fifo] FIFO full (depth=64) — upstream back-pressured at t=19075000
Time: 19075 ns  Iteration: 0  Process: /tb_pcie_axi_dma(TB_SCENARIO=2,FIFO_DEPTH=64,BATCH_COUNT=4,BATCH_TIMEOUT=64,SINK_STALL_EN=1'b1,SINK_STALL_PERIOD=4,SINK_STALL_READY=1)/dut/u_fifo/Always163_9  Scope: \tb_pcie_axi_dma(TB_SCENARIO=2,FIFO_DEPTH=64,BATCH_COUNT=4,BATCH_TIMEOUT=64,SINK_STALL_EN=1'b1,SINK_STALL_PERIOD=4,SINK_STALL_READY=1) .dut.u_fifo  File: /get/work/krishna.vardhan/git_trees/mtp_pcie_axi/pcie_axi_dma_latency/design/rtl/axis_fifo.sv Line: 165
Warning: [axis_fifo] FIFO full (depth=64) — upstream back-pressured at t=19085000
Time: 19085 ns  Iteration: 0  Process: /tb_pcie_axi_dma(TB_SCENARIO=2,FIFO_DEPTH=64,BATCH_COUNT=4,BATCH_TIMEOUT=64,SINK_STALL_EN=1'b1,SINK_STALL_PERIOD=4,SINK_STALL_READY=1)/dut/u_fifo/Always163_9  Scope: \tb_pcie_axi_dma(TB_SCENARIO=2,FIFO_DEPTH=64,BATCH_COUNT=4,BATCH_TIMEOUT=64,SINK_STALL_EN=1'b1,SINK_STALL_PERIOD=4,SINK_STALL_READY=1) .dut.u_fifo  File: /get/work/krishna.vardhan/git_trees/mtp_pcie_axi/pcie_axi_dma_latency/design/rtl/axis_fifo.sv Line: 165
Warning: [axis_fifo] FIFO full (depth=64) — upstream back-pressured at t=19095000
Time: 19095 ns  Iteration: 0  Process: /tb_pcie_axi_dma(TB_SCENARIO=2,FIFO_DEPTH=64,BATCH_COUNT=4,BATCH_TIMEOUT=64,SINK_STALL_EN=1'b1,SINK_STALL_PERIOD=4,SINK_STALL_READY=1)/dut/u_fifo/Always163_9  Scope: \tb_pcie_axi_dma(TB_SCENARIO=2,FIFO_DEPTH=64,BATCH_COUNT=4,BATCH_TIMEOUT=64,SINK_STALL_EN=1'b1,SINK_STALL_PERIOD=4,SINK_STALL_READY=1) .dut.u_fifo  File: /get/work/krishna.vardhan/git_trees/mtp_pcie_axi/pcie_axi_dma_latency/design/rtl/axis_fifo.sv Line: 165
Warning: [axis_fifo] FIFO full (depth=64) — upstream back-pressured at t=19115000
Time: 19115 ns  Iteration: 0  Process: /tb_pcie_axi_dma(TB_SCENARIO=2,FIFO_DEPTH=64,BATCH_COUNT=4,BATCH_TIMEOUT=64,SINK_STALL_EN=1'b1,SINK_STALL_PERIOD=4,SINK_STALL_READY=1)/dut/u_fifo/Always163_9  Scope: \tb_pcie_axi_dma(TB_SCENARIO=2,FIFO_DEPTH=64,BATCH_COUNT=4,BATCH_TIMEOUT=64,SINK_STALL_EN=1'b1,SINK_STALL_PERIOD=4,SINK_STALL_READY=1) .dut.u_fifo  File: /get/work/krishna.vardhan/git_trees/mtp_pcie_axi/pcie_axi_dma_latency/design/rtl/axis_fifo.sv Line: 165
Warning: [axis_fifo] FIFO full (depth=64) — upstream back-pressured at t=19125000
Time: 19125 ns  Iteration: 0  Process: /tb_pcie_axi_dma(TB_SCENARIO=2,FIFO_DEPTH=64,BATCH_COUNT=4,BATCH_TIMEOUT=64,SINK_STALL_EN=1'b1,SINK_STALL_PERIOD=4,SINK_STALL_READY=1)/dut/u_fifo/Always163_9  Scope: \tb_pcie_axi_dma(TB_SCENARIO=2,FIFO_DEPTH=64,BATCH_COUNT=4,BATCH_TIMEOUT=64,SINK_STALL_EN=1'b1,SINK_STALL_PERIOD=4,SINK_STALL_READY=1) .dut.u_fifo  File: /get/work/krishna.vardhan/git_trees/mtp_pcie_axi/pcie_axi_dma_latency/design/rtl/axis_fifo.sv Line: 165
Warning: [axis_fifo] FIFO full (depth=64) — upstream back-pressured at t=19135000
Time: 19135 ns  Iteration: 0  Process: /tb_pcie_axi_dma(TB_SCENARIO=2,FIFO_DEPTH=64,BATCH_COUNT=4,BATCH_TIMEOUT=64,SINK_STALL_EN=1'b1,SINK_STALL_PERIOD=4,SINK_STALL_READY=1)/dut/u_fifo/Always163_9  Scope: \tb_pcie_axi_dma(TB_SCENARIO=2,FIFO_DEPTH=64,BATCH_COUNT=4,BATCH_TIMEOUT=64,SINK_STALL_EN=1'b1,SINK_STALL_PERIOD=4,SINK_STALL_READY=1) .dut.u_fifo  File: /get/work/krishna.vardhan/git_trees/mtp_pcie_axi/pcie_axi_dma_latency/design/rtl/axis_fifo.sv Line: 165
Warning: [axis_fifo] FIFO full (depth=64) — upstream back-pressured at t=19155000
Time: 19155 ns  Iteration: 0  Process: /tb_pcie_axi_dma(TB_SCENARIO=2,FIFO_DEPTH=64,BATCH_COUNT=4,BATCH_TIMEOUT=64,SINK_STALL_EN=1'b1,SINK_STALL_PERIOD=4,SINK_STALL_READY=1)/dut/u_fifo/Always163_9  Scope: \tb_pcie_axi_dma(TB_SCENARIO=2,FIFO_DEPTH=64,BATCH_COUNT=4,BATCH_TIMEOUT=64,SINK_STALL_EN=1'b1,SINK_STALL_PERIOD=4,SINK_STALL_READY=1) .dut.u_fifo  File: /get/work/krishna.vardhan/git_trees/mtp_pcie_axi/pcie_axi_dma_latency/design/rtl/axis_fifo.sv Line: 165
Warning: [axis_fifo] FIFO full (depth=64) — upstream back-pressured at t=19165000
Time: 19165 ns  Iteration: 0  Process: /tb_pcie_axi_dma(TB_SCENARIO=2,FIFO_DEPTH=64,BATCH_COUNT=4,BATCH_TIMEOUT=64,SINK_STALL_EN=1'b1,SINK_STALL_PERIOD=4,SINK_STALL_READY=1)/dut/u_fifo/Always163_9  Scope: \tb_pcie_axi_dma(TB_SCENARIO=2,FIFO_DEPTH=64,BATCH_COUNT=4,BATCH_TIMEOUT=64,SINK_STALL_EN=1'b1,SINK_STALL_PERIOD=4,SINK_STALL_READY=1) .dut.u_fifo  File: /get/work/krishna.vardhan/git_trees/mtp_pcie_axi/pcie_axi_dma_latency/design/rtl/axis_fifo.sv Line: 165
Warning: [axis_fifo] FIFO full (depth=64) — upstream back-pressured at t=19175000
Time: 19175 ns  Iteration: 0  Process: /tb_pcie_axi_dma(TB_SCENARIO=2,FIFO_DEPTH=64,BATCH_COUNT=4,BATCH_TIMEOUT=64,SINK_STALL_EN=1'b1,SINK_STALL_PERIOD=4,SINK_STALL_READY=1)/dut/u_fifo/Always163_9  Scope: \tb_pcie_axi_dma(TB_SCENARIO=2,FIFO_DEPTH=64,BATCH_COUNT=4,BATCH_TIMEOUT=64,SINK_STALL_EN=1'b1,SINK_STALL_PERIOD=4,SINK_STALL_READY=1) .dut.u_fifo  File: /get/work/krishna.vardhan/git_trees/mtp_pcie_axi/pcie_axi_dma_latency/design/rtl/axis_fifo.sv Line: 165
Warning: [axis_fifo] FIFO full (depth=64) — upstream back-pressured at t=19195000
Time: 19195 ns  Iteration: 0  Process: /tb_pcie_axi_dma(TB_SCENARIO=2,FIFO_DEPTH=64,BATCH_COUNT=4,BATCH_TIMEOUT=64,SINK_STALL_EN=1'b1,SINK_STALL_PERIOD=4,SINK_STALL_READY=1)/dut/u_fifo/Always163_9  Scope: \tb_pcie_axi_dma(TB_SCENARIO=2,FIFO_DEPTH=64,BATCH_COUNT=4,BATCH_TIMEOUT=64,SINK_STALL_EN=1'b1,SINK_STALL_PERIOD=4,SINK_STALL_READY=1) .dut.u_fifo  File: /get/work/krishna.vardhan/git_trees/mtp_pcie_axi/pcie_axi_dma_latency/design/rtl/axis_fifo.sv Line: 165
Warning: [axis_fifo] FIFO full (depth=64) — upstream back-pressured at t=19205000
Time: 19205 ns  Iteration: 0  Process: /tb_pcie_axi_dma(TB_SCENARIO=2,FIFO_DEPTH=64,BATCH_COUNT=4,BATCH_TIMEOUT=64,SINK_STALL_EN=1'b1,SINK_STALL_PERIOD=4,SINK_STALL_READY=1)/dut/u_fifo/Always163_9  Scope: \tb_pcie_axi_dma(TB_SCENARIO=2,FIFO_DEPTH=64,BATCH_COUNT=4,BATCH_TIMEOUT=64,SINK_STALL_EN=1'b1,SINK_STALL_PERIOD=4,SINK_STALL_READY=1) .dut.u_fifo  File: /get/work/krishna.vardhan/git_trees/mtp_pcie_axi/pcie_axi_dma_latency/design/rtl/axis_fifo.sv Line: 165
Warning: [axis_fifo] FIFO full (depth=64) — upstream back-pressured at t=19215000
Time: 19215 ns  Iteration: 0  Process: /tb_pcie_axi_dma(TB_SCENARIO=2,FIFO_DEPTH=64,BATCH_COUNT=4,BATCH_TIMEOUT=64,SINK_STALL_EN=1'b1,SINK_STALL_PERIOD=4,SINK_STALL_READY=1)/dut/u_fifo/Always163_9  Scope: \tb_pcie_axi_dma(TB_SCENARIO=2,FIFO_DEPTH=64,BATCH_COUNT=4,BATCH_TIMEOUT=64,SINK_STALL_EN=1'b1,SINK_STALL_PERIOD=4,SINK_STALL_READY=1) .dut.u_fifo  File: /get/work/krishna.vardhan/git_trees/mtp_pcie_axi/pcie_axi_dma_latency/design/rtl/axis_fifo.sv Line: 165
Warning: [axis_fifo] FIFO full (depth=64) — upstream back-pressured at t=19235000
Time: 19235 ns  Iteration: 0  Process: /tb_pcie_axi_dma(TB_SCENARIO=2,FIFO_DEPTH=64,BATCH_COUNT=4,BATCH_TIMEOUT=64,SINK_STALL_EN=1'b1,SINK_STALL_PERIOD=4,SINK_STALL_READY=1)/dut/u_fifo/Always163_9  Scope: \tb_pcie_axi_dma(TB_SCENARIO=2,FIFO_DEPTH=64,BATCH_COUNT=4,BATCH_TIMEOUT=64,SINK_STALL_EN=1'b1,SINK_STALL_PERIOD=4,SINK_STALL_READY=1) .dut.u_fifo  File: /get/work/krishna.vardhan/git_trees/mtp_pcie_axi/pcie_axi_dma_latency/design/rtl/axis_fifo.sv Line: 165
Warning: [axis_fifo] FIFO full (depth=64) — upstream back-pressured at t=19245000
Time: 19245 ns  Iteration: 0  Process: /tb_pcie_axi_dma(TB_SCENARIO=2,FIFO_DEPTH=64,BATCH_COUNT=4,BATCH_TIMEOUT=64,SINK_STALL_EN=1'b1,SINK_STALL_PERIOD=4,SINK_STALL_READY=1)/dut/u_fifo/Always163_9  Scope: \tb_pcie_axi_dma(TB_SCENARIO=2,FIFO_DEPTH=64,BATCH_COUNT=4,BATCH_TIMEOUT=64,SINK_STALL_EN=1'b1,SINK_STALL_PERIOD=4,SINK_STALL_READY=1) .dut.u_fifo  File: /get/work/krishna.vardhan/git_trees/mtp_pcie_axi/pcie_axi_dma_latency/design/rtl/axis_fifo.sv Line: 165
Warning: [axis_fifo] FIFO full (depth=64) — upstream back-pressured at t=19255000
Time: 19255 ns  Iteration: 0  Process: /tb_pcie_axi_dma(TB_SCENARIO=2,FIFO_DEPTH=64,BATCH_COUNT=4,BATCH_TIMEOUT=64,SINK_STALL_EN=1'b1,SINK_STALL_PERIOD=4,SINK_STALL_READY=1)/dut/u_fifo/Always163_9  Scope: \tb_pcie_axi_dma(TB_SCENARIO=2,FIFO_DEPTH=64,BATCH_COUNT=4,BATCH_TIMEOUT=64,SINK_STALL_EN=1'b1,SINK_STALL_PERIOD=4,SINK_STALL_READY=1) .dut.u_fifo  File: /get/work/krishna.vardhan/git_trees/mtp_pcie_axi/pcie_axi_dma_latency/design/rtl/axis_fifo.sv Line: 165
Warning: [axis_fifo] FIFO full (depth=64) — upstream back-pressured at t=19275000
Time: 19275 ns  Iteration: 0  Process: /tb_pcie_axi_dma(TB_SCENARIO=2,FIFO_DEPTH=64,BATCH_COUNT=4,BATCH_TIMEOUT=64,SINK_STALL_EN=1'b1,SINK_STALL_PERIOD=4,SINK_STALL_READY=1)/dut/u_fifo/Always163_9  Scope: \tb_pcie_axi_dma(TB_SCENARIO=2,FIFO_DEPTH=64,BATCH_COUNT=4,BATCH_TIMEOUT=64,SINK_STALL_EN=1'b1,SINK_STALL_PERIOD=4,SINK_STALL_READY=1) .dut.u_fifo  File: /get/work/krishna.vardhan/git_trees/mtp_pcie_axi/pcie_axi_dma_latency/design/rtl/axis_fifo.sv Line: 165
Warning: [axis_fifo] FIFO full (depth=64) — upstream back-pressured at t=19285000
Time: 19285 ns  Iteration: 0  Process: /tb_pcie_axi_dma(TB_SCENARIO=2,FIFO_DEPTH=64,BATCH_COUNT=4,BATCH_TIMEOUT=64,SINK_STALL_EN=1'b1,SINK_STALL_PERIOD=4,SINK_STALL_READY=1)/dut/u_fifo/Always163_9  Scope: \tb_pcie_axi_dma(TB_SCENARIO=2,FIFO_DEPTH=64,BATCH_COUNT=4,BATCH_TIMEOUT=64,SINK_STALL_EN=1'b1,SINK_STALL_PERIOD=4,SINK_STALL_READY=1) .dut.u_fifo  File: /get/work/krishna.vardhan/git_trees/mtp_pcie_axi/pcie_axi_dma_latency/design/rtl/axis_fifo.sv Line: 165
Warning: [axis_fifo] FIFO full (depth=64) — upstream back-pressured at t=19295000
Time: 19295 ns  Iteration: 0  Process: /tb_pcie_axi_dma(TB_SCENARIO=2,FIFO_DEPTH=64,BATCH_COUNT=4,BATCH_TIMEOUT=64,SINK_STALL_EN=1'b1,SINK_STALL_PERIOD=4,SINK_STALL_READY=1)/dut/u_fifo/Always163_9  Scope: \tb_pcie_axi_dma(TB_SCENARIO=2,FIFO_DEPTH=64,BATCH_COUNT=4,BATCH_TIMEOUT=64,SINK_STALL_EN=1'b1,SINK_STALL_PERIOD=4,SINK_STALL_READY=1) .dut.u_fifo  File: /get/work/krishna.vardhan/git_trees/mtp_pcie_axi/pcie_axi_dma_latency/design/rtl/axis_fifo.sv Line: 165
Warning: [axis_fifo] FIFO full (depth=64) — upstream back-pressured at t=19315000
Time: 19315 ns  Iteration: 0  Process: /tb_pcie_axi_dma(TB_SCENARIO=2,FIFO_DEPTH=64,BATCH_COUNT=4,BATCH_TIMEOUT=64,SINK_STALL_EN=1'b1,SINK_STALL_PERIOD=4,SINK_STALL_READY=1)/dut/u_fifo/Always163_9  Scope: \tb_pcie_axi_dma(TB_SCENARIO=2,FIFO_DEPTH=64,BATCH_COUNT=4,BATCH_TIMEOUT=64,SINK_STALL_EN=1'b1,SINK_STALL_PERIOD=4,SINK_STALL_READY=1) .dut.u_fifo  File: /get/work/krishna.vardhan/git_trees/mtp_pcie_axi/pcie_axi_dma_latency/design/rtl/axis_fifo.sv Line: 165
Warning: [axis_fifo] FIFO full (depth=64) — upstream back-pressured at t=19325000
Time: 19325 ns  Iteration: 0  Process: /tb_pcie_axi_dma(TB_SCENARIO=2,FIFO_DEPTH=64,BATCH_COUNT=4,BATCH_TIMEOUT=64,SINK_STALL_EN=1'b1,SINK_STALL_PERIOD=4,SINK_STALL_READY=1)/dut/u_fifo/Always163_9  Scope: \tb_pcie_axi_dma(TB_SCENARIO=2,FIFO_DEPTH=64,BATCH_COUNT=4,BATCH_TIMEOUT=64,SINK_STALL_EN=1'b1,SINK_STALL_PERIOD=4,SINK_STALL_READY=1) .dut.u_fifo  File: /get/work/krishna.vardhan/git_trees/mtp_pcie_axi/pcie_axi_dma_latency/design/rtl/axis_fifo.sv Line: 165
Warning: [axis_fifo] FIFO full (depth=64) — upstream back-pressured at t=19335000
Time: 19335 ns  Iteration: 0  Process: /tb_pcie_axi_dma(TB_SCENARIO=2,FIFO_DEPTH=64,BATCH_COUNT=4,BATCH_TIMEOUT=64,SINK_STALL_EN=1'b1,SINK_STALL_PERIOD=4,SINK_STALL_READY=1)/dut/u_fifo/Always163_9  Scope: \tb_pcie_axi_dma(TB_SCENARIO=2,FIFO_DEPTH=64,BATCH_COUNT=4,BATCH_TIMEOUT=64,SINK_STALL_EN=1'b1,SINK_STALL_PERIOD=4,SINK_STALL_READY=1) .dut.u_fifo  File: /get/work/krishna.vardhan/git_trees/mtp_pcie_axi/pcie_axi_dma_latency/design/rtl/axis_fifo.sv Line: 165
[sink]  t=21895000  pkt_id=4  size=1024B  count=5
[latmon] pkt_id=4  size=1024B  latency= 1053 cyc  eff= 0.97 B/cyc
[latmon]  ↳ est: PCIe=404  DMA=264  other=385  total_measured=1053
[RESULT]       4 |     1024 |          1053 |               0.97 |        64 |   YES | BASELINE,FIFO=64,STALL=1/4
[dma_model] t=42785000  pkt_id=5  descriptor setup done  (SETUP_CYCLES=8)
Warning: [axis_fifo] FIFO full (depth=64) — upstream back-pressured at t=43645000
Time: 43645 ns  Iteration: 0  Process: /tb_pcie_axi_dma(TB_SCENARIO=2,FIFO_DEPTH=64,BATCH_COUNT=4,BATCH_TIMEOUT=64,SINK_STALL_EN=1'b1,SINK_STALL_PERIOD=4,SINK_STALL_READY=1)/dut/u_fifo/Always163_9  Scope: \tb_pcie_axi_dma(TB_SCENARIO=2,FIFO_DEPTH=64,BATCH_COUNT=4,BATCH_TIMEOUT=64,SINK_STALL_EN=1'b1,SINK_STALL_PERIOD=4,SINK_STALL_READY=1) .dut.u_fifo  File: /get/work/krishna.vardhan/git_trees/mtp_pcie_axi/pcie_axi_dma_latency/design/rtl/axis_fifo.sv Line: 165
Warning: [axis_fifo] FIFO full (depth=64) — upstream back-pressured at t=43655000
Time: 43655 ns  Iteration: 0  Process: /tb_pcie_axi_dma(TB_SCENARIO=2,FIFO_DEPTH=64,BATCH_COUNT=4,BATCH_TIMEOUT=64,SINK_STALL_EN=1'b1,SINK_STALL_PERIOD=4,SINK_STALL_READY=1)/dut/u_fifo/Always163_9  Scope: \tb_pcie_axi_dma(TB_SCENARIO=2,FIFO_DEPTH=64,BATCH_COUNT=4,BATCH_TIMEOUT=64,SINK_STALL_EN=1'b1,SINK_STALL_PERIOD=4,SINK_STALL_READY=1) .dut.u_fifo  File: /get/work/krishna.vardhan/git_trees/mtp_pcie_axi/pcie_axi_dma_latency/design/rtl/axis_fifo.sv Line: 165
Warning: [axis_fifo] FIFO full (depth=64) — upstream back-pressured at t=43675000
Time: 43675 ns  Iteration: 0  Process: /tb_pcie_axi_dma(TB_SCENARIO=2,FIFO_DEPTH=64,BATCH_COUNT=4,BATCH_TIMEOUT=64,SINK_STALL_EN=1'b1,SINK_STALL_PERIOD=4,SINK_STALL_READY=1)/dut/u_fifo/Always163_9  Scope: \tb_pcie_axi_dma(TB_SCENARIO=2,FIFO_DEPTH=64,BATCH_COUNT=4,BATCH_TIMEOUT=64,SINK_STALL_EN=1'b1,SINK_STALL_PERIOD=4,SINK_STALL_READY=1) .dut.u_fifo  File: /get/work/krishna.vardhan/git_trees/mtp_pcie_axi/pcie_axi_dma_latency/design/rtl/axis_fifo.sv Line: 165
Warning: [axis_fifo] FIFO full (depth=64) — upstream back-pressured at t=43685000
Time: 43685 ns  Iteration: 0  Process: /tb_pcie_axi_dma(TB_SCENARIO=2,FIFO_DEPTH=64,BATCH_COUNT=4,BATCH_TIMEOUT=64,SINK_STALL_EN=1'b1,SINK_STALL_PERIOD=4,SINK_STALL_READY=1)/dut/u_fifo/Always163_9  Scope: \tb_pcie_axi_dma(TB_SCENARIO=2,FIFO_DEPTH=64,BATCH_COUNT=4,BATCH_TIMEOUT=64,SINK_STALL_EN=1'b1,SINK_STALL_PERIOD=4,SINK_STALL_READY=1) .dut.u_fifo  File: /get/work/krishna.vardhan/git_trees/mtp_pcie_axi/pcie_axi_dma_latency/design/rtl/axis_fifo.sv Line: 165
Warning: [axis_fifo] FIFO full (depth=64) — upstream back-pressured at t=43695000
Time: 43695 ns  Iteration: 0  Process: /tb_pcie_axi_dma(TB_SCENARIO=2,FIFO_DEPTH=64,BATCH_COUNT=4,BATCH_TIMEOUT=64,SINK_STALL_EN=1'b1,SINK_STALL_PERIOD=4,SINK_STALL_READY=1)/dut/u_fifo/Always163_9  Scope: \tb_pcie_axi_dma(TB_SCENARIO=2,FIFO_DEPTH=64,BATCH_COUNT=4,BATCH_TIMEOUT=64,SINK_STALL_EN=1'b1,SINK_STALL_PERIOD=4,SINK_STALL_READY=1) .dut.u_fifo  File: /get/work/krishna.vardhan/git_trees/mtp_pcie_axi/pcie_axi_dma_latency/design/rtl/axis_fifo.sv Line: 165
Warning: [axis_fifo] FIFO full (depth=64) — upstream back-pressured at t=43715000
Time: 43715 ns  Iteration: 0  Process: /tb_pcie_axi_dma(TB_SCENARIO=2,FIFO_DEPTH=64,BATCH_COUNT=4,BATCH_TIMEOUT=64,SINK_STALL_EN=1'b1,SINK_STALL_PERIOD=4,SINK_STALL_READY=1)/dut/u_fifo/Always163_9  Scope: \tb_pcie_axi_dma(TB_SCENARIO=2,FIFO_DEPTH=64,BATCH_COUNT=4,BATCH_TIMEOUT=64,SINK_STALL_EN=1'b1,SINK_STALL_PERIOD=4,SINK_STALL_READY=1) .dut.u_fifo  File: /get/work/krishna.vardhan/git_trees/mtp_pcie_axi/pcie_axi_dma_latency/design/rtl/axis_fifo.sv Line: 165
Warning: [axis_fifo] FIFO full (depth=64) — upstream back-pressured at t=43725000
Time: 43725 ns  Iteration: 0  Process: /tb_pcie_axi_dma(TB_SCENARIO=2,FIFO_DEPTH=64,BATCH_COUNT=4,BATCH_TIMEOUT=64,SINK_STALL_EN=1'b1,SINK_STALL_PERIOD=4,SINK_STALL_READY=1)/dut/u_fifo/Always163_9  Scope: \tb_pcie_axi_dma(TB_SCENARIO=2,FIFO_DEPTH=64,BATCH_COUNT=4,BATCH_TIMEOUT=64,SINK_STALL_EN=1'b1,SINK_STALL_PERIOD=4,SINK_STALL_READY=1) .dut.u_fifo  File: /get/work/krishna.vardhan/git_trees/mtp_pcie_axi/pcie_axi_dma_latency/design/rtl/axis_fifo.sv Line: 165
Warning: [axis_fifo] FIFO full (depth=64) — upstream back-pressured at t=43735000
Time: 43735 ns  Iteration: 0  Process: /tb_pcie_axi_dma(TB_SCENARIO=2,FIFO_DEPTH=64,BATCH_COUNT=4,BATCH_TIMEOUT=64,SINK_STALL_EN=1'b1,SINK_STALL_PERIOD=4,SINK_STALL_READY=1)/dut/u_fifo/Always163_9  Scope: \tb_pcie_axi_dma(TB_SCENARIO=2,FIFO_DEPTH=64,BATCH_COUNT=4,BATCH_TIMEOUT=64,SINK_STALL_EN=1'b1,SINK_STALL_PERIOD=4,SINK_STALL_READY=1) .dut.u_fifo  File: /get/work/krishna.vardhan/git_trees/mtp_pcie_axi/pcie_axi_dma_latency/design/rtl/axis_fifo.sv Line: 165
Warning: [axis_fifo] FIFO full (depth=64) — upstream back-pressured at t=43755000
Time: 43755 ns  Iteration: 0  Process: /tb_pcie_axi_dma(TB_SCENARIO=2,FIFO_DEPTH=64,BATCH_COUNT=4,BATCH_TIMEOUT=64,SINK_STALL_EN=1'b1,SINK_STALL_PERIOD=4,SINK_STALL_READY=1)/dut/u_fifo/Always163_9  Scope: \tb_pcie_axi_dma(TB_SCENARIO=2,FIFO_DEPTH=64,BATCH_COUNT=4,BATCH_TIMEOUT=64,SINK_STALL_EN=1'b1,SINK_STALL_PERIOD=4,SINK_STALL_READY=1) .dut.u_fifo  File: /get/work/krishna.vardhan/git_trees/mtp_pcie_axi/pcie_axi_dma_latency/design/rtl/axis_fifo.sv Line: 165
Warning: [axis_fifo] FIFO full (depth=64) — upstream back-pressured at t=43765000
Time: 43765 ns  Iteration: 0  Process: /tb_pcie_axi_dma(TB_SCENARIO=2,FIFO_DEPTH=64,BATCH_COUNT=4,BATCH_TIMEOUT=64,SINK_STALL_EN=1'b1,SINK_STALL_PERIOD=4,SINK_STALL_READY=1)/dut/u_fifo/Always163_9  Scope: \tb_pcie_axi_dma(TB_SCENARIO=2,FIFO_DEPTH=64,BATCH_COUNT=4,BATCH_TIMEOUT=64,SINK_STALL_EN=1'b1,SINK_STALL_PERIOD=4,SINK_STALL_READY=1) .dut.u_fifo  File: /get/work/krishna.vardhan/git_trees/mtp_pcie_axi/pcie_axi_dma_latency/design/rtl/axis_fifo.sv Line: 165
Warning: [axis_fifo] FIFO full (depth=64) — upstream back-pressured at t=43775000
Time: 43775 ns  Iteration: 0  Process: /tb_pcie_axi_dma(TB_SCENARIO=2,FIFO_DEPTH=64,BATCH_COUNT=4,BATCH_TIMEOUT=64,SINK_STALL_EN=1'b1,SINK_STALL_PERIOD=4,SINK_STALL_READY=1)/dut/u_fifo/Always163_9  Scope: \tb_pcie_axi_dma(TB_SCENARIO=2,FIFO_DEPTH=64,BATCH_COUNT=4,BATCH_TIMEOUT=64,SINK_STALL_EN=1'b1,SINK_STALL_PERIOD=4,SINK_STALL_READY=1) .dut.u_fifo  File: /get/work/krishna.vardhan/git_trees/mtp_pcie_axi/pcie_axi_dma_latency/design/rtl/axis_fifo.sv Line: 165
Warning: [axis_fifo] FIFO full (depth=64) — upstream back-pressured at t=43795000
Time: 43795 ns  Iteration: 0  Process: /tb_pcie_axi_dma(TB_SCENARIO=2,FIFO_DEPTH=64,BATCH_COUNT=4,BATCH_TIMEOUT=64,SINK_STALL_EN=1'b1,SINK_STALL_PERIOD=4,SINK_STALL_READY=1)/dut/u_fifo/Always163_9  Scope: \tb_pcie_axi_dma(TB_SCENARIO=2,FIFO_DEPTH=64,BATCH_COUNT=4,BATCH_TIMEOUT=64,SINK_STALL_EN=1'b1,SINK_STALL_PERIOD=4,SINK_STALL_READY=1) .dut.u_fifo  File: /get/work/krishna.vardhan/git_trees/mtp_pcie_axi/pcie_axi_dma_latency/design/rtl/axis_fifo.sv Line: 165
Warning: [axis_fifo] FIFO full (depth=64) — upstream back-pressured at t=43805000
Time: 43805 ns  Iteration: 0  Process: /tb_pcie_axi_dma(TB_SCENARIO=2,FIFO_DEPTH=64,BATCH_COUNT=4,BATCH_TIMEOUT=64,SINK_STALL_EN=1'b1,SINK_STALL_PERIOD=4,SINK_STALL_READY=1)/dut/u_fifo/Always163_9  Scope: \tb_pcie_axi_dma(TB_SCENARIO=2,FIFO_DEPTH=64,BATCH_COUNT=4,BATCH_TIMEOUT=64,SINK_STALL_EN=1'b1,SINK_STALL_PERIOD=4,SINK_STALL_READY=1) .dut.u_fifo  File: /get/work/krishna.vardhan/git_trees/mtp_pcie_axi/pcie_axi_dma_latency/design/rtl/axis_fifo.sv Line: 165
Warning: [axis_fifo] FIFO full (depth=64) — upstream back-pressured at t=43815000
Time: 43815 ns  Iteration: 0  Process: /tb_pcie_axi_dma(TB_SCENARIO=2,FIFO_DEPTH=64,BATCH_COUNT=4,BATCH_TIMEOUT=64,SINK_STALL_EN=1'b1,SINK_STALL_PERIOD=4,SINK_STALL_READY=1)/dut/u_fifo/Always163_9  Scope: \tb_pcie_axi_dma(TB_SCENARIO=2,FIFO_DEPTH=64,BATCH_COUNT=4,BATCH_TIMEOUT=64,SINK_STALL_EN=1'b1,SINK_STALL_PERIOD=4,SINK_STALL_READY=1) .dut.u_fifo  File: /get/work/krishna.vardhan/git_trees/mtp_pcie_axi/pcie_axi_dma_latency/design/rtl/axis_fifo.sv Line: 165
Warning: [axis_fifo] FIFO full (depth=64) — upstream back-pressured at t=43835000
Time: 43835 ns  Iteration: 0  Process: /tb_pcie_axi_dma(TB_SCENARIO=2,FIFO_DEPTH=64,BATCH_COUNT=4,BATCH_TIMEOUT=64,SINK_STALL_EN=1'b1,SINK_STALL_PERIOD=4,SINK_STALL_READY=1)/dut/u_fifo/Always163_9  Scope: \tb_pcie_axi_dma(TB_SCENARIO=2,FIFO_DEPTH=64,BATCH_COUNT=4,BATCH_TIMEOUT=64,SINK_STALL_EN=1'b1,SINK_STALL_PERIOD=4,SINK_STALL_READY=1) .dut.u_fifo  File: /get/work/krishna.vardhan/git_trees/mtp_pcie_axi/pcie_axi_dma_latency/design/rtl/axis_fifo.sv Line: 165
Warning: [axis_fifo] FIFO full (depth=64) — upstream back-pressured at t=43845000
Time: 43845 ns  Iteration: 0  Process: /tb_pcie_axi_dma(TB_SCENARIO=2,FIFO_DEPTH=64,BATCH_COUNT=4,BATCH_TIMEOUT=64,SINK_STALL_EN=1'b1,SINK_STALL_PERIOD=4,SINK_STALL_READY=1)/dut/u_fifo/Always163_9  Scope: \tb_pcie_axi_dma(TB_SCENARIO=2,FIFO_DEPTH=64,BATCH_COUNT=4,BATCH_TIMEOUT=64,SINK_STALL_EN=1'b1,SINK_STALL_PERIOD=4,SINK_STALL_READY=1) .dut.u_fifo  File: /get/work/krishna.vardhan/git_trees/mtp_pcie_axi/pcie_axi_dma_latency/design/rtl/axis_fifo.sv Line: 165
Warning: [axis_fifo] FIFO full (depth=64) — upstream back-pressured at t=43855000
Time: 43855 ns  Iteration: 0  Process: /tb_pcie_axi_dma(TB_SCENARIO=2,FIFO_DEPTH=64,BATCH_COUNT=4,BATCH_TIMEOUT=64,SINK_STALL_EN=1'b1,SINK_STALL_PERIOD=4,SINK_STALL_READY=1)/dut/u_fifo/Always163_9  Scope: \tb_pcie_axi_dma(TB_SCENARIO=2,FIFO_DEPTH=64,BATCH_COUNT=4,BATCH_TIMEOUT=64,SINK_STALL_EN=1'b1,SINK_STALL_PERIOD=4,SINK_STALL_READY=1) .dut.u_fifo  File: /get/work/krishna.vardhan/git_trees/mtp_pcie_axi/pcie_axi_dma_latency/design/rtl/axis_fifo.sv Line: 165
Warning: [axis_fifo] FIFO full (depth=64) — upstream back-pressured at t=43875000
Time: 43875 ns  Iteration: 0  Process: /tb_pcie_axi_dma(TB_SCENARIO=2,FIFO_DEPTH=64,BATCH_COUNT=4,BATCH_TIMEOUT=64,SINK_STALL_EN=1'b1,SINK_STALL_PERIOD=4,SINK_STALL_READY=1)/dut/u_fifo/Always163_9  Scope: \tb_pcie_axi_dma(TB_SCENARIO=2,FIFO_DEPTH=64,BATCH_COUNT=4,BATCH_TIMEOUT=64,SINK_STALL_EN=1'b1,SINK_STALL_PERIOD=4,SINK_STALL_READY=1) .dut.u_fifo  File: /get/work/krishna.vardhan/git_trees/mtp_pcie_axi/pcie_axi_dma_latency/design/rtl/axis_fifo.sv Line: 165
Warning: [axis_fifo] FIFO full (depth=64) — upstream back-pressured at t=43885000
Time: 43885 ns  Iteration: 0  Process: /tb_pcie_axi_dma(TB_SCENARIO=2,FIFO_DEPTH=64,BATCH_COUNT=4,BATCH_TIMEOUT=64,SINK_STALL_EN=1'b1,SINK_STALL_PERIOD=4,SINK_STALL_READY=1)/dut/u_fifo/Always163_9  Scope: \tb_pcie_axi_dma(TB_SCENARIO=2,FIFO_DEPTH=64,BATCH_COUNT=4,BATCH_TIMEOUT=64,SINK_STALL_EN=1'b1,SINK_STALL_PERIOD=4,SINK_STALL_READY=1) .dut.u_fifo  File: /get/work/krishna.vardhan/git_trees/mtp_pcie_axi/pcie_axi_dma_latency/design/rtl/axis_fifo.sv Line: 165
Warning: [axis_fifo] FIFO full (depth=64) — upstream back-pressured at t=43895000
Time: 43895 ns  Iteration: 0  Process: /tb_pcie_axi_dma(TB_SCENARIO=2,FIFO_DEPTH=64,BATCH_COUNT=4,BATCH_TIMEOUT=64,SINK_STALL_EN=1'b1,SINK_STALL_PERIOD=4,SINK_STALL_READY=1)/dut/u_fifo/Always163_9  Scope: \tb_pcie_axi_dma(TB_SCENARIO=2,FIFO_DEPTH=64,BATCH_COUNT=4,BATCH_TIMEOUT=64,SINK_STALL_EN=1'b1,SINK_STALL_PERIOD=4,SINK_STALL_READY=1) .dut.u_fifo  File: /get/work/krishna.vardhan/git_trees/mtp_pcie_axi/pcie_axi_dma_latency/design/rtl/axis_fifo.sv Line: 165
Warning: [axis_fifo] FIFO full (depth=64) — upstream back-pressured at t=43915000
Time: 43915 ns  Iteration: 0  Process: /tb_pcie_axi_dma(TB_SCENARIO=2,FIFO_DEPTH=64,BATCH_COUNT=4,BATCH_TIMEOUT=64,SINK_STALL_EN=1'b1,SINK_STALL_PERIOD=4,SINK_STALL_READY=1)/dut/u_fifo/Always163_9  Scope: \tb_pcie_axi_dma(TB_SCENARIO=2,FIFO_DEPTH=64,BATCH_COUNT=4,BATCH_TIMEOUT=64,SINK_STALL_EN=1'b1,SINK_STALL_PERIOD=4,SINK_STALL_READY=1) .dut.u_fifo  File: /get/work/krishna.vardhan/git_trees/mtp_pcie_axi/pcie_axi_dma_latency/design/rtl/axis_fifo.sv Line: 165
Warning: [axis_fifo] FIFO full (depth=64) — upstream back-pressured at t=43925000
Time: 43925 ns  Iteration: 0  Process: /tb_pcie_axi_dma(TB_SCENARIO=2,FIFO_DEPTH=64,BATCH_COUNT=4,BATCH_TIMEOUT=64,SINK_STALL_EN=1'b1,SINK_STALL_PERIOD=4,SINK_STALL_READY=1)/dut/u_fifo/Always163_9  Scope: \tb_pcie_axi_dma(TB_SCENARIO=2,FIFO_DEPTH=64,BATCH_COUNT=4,BATCH_TIMEOUT=64,SINK_STALL_EN=1'b1,SINK_STALL_PERIOD=4,SINK_STALL_READY=1) .dut.u_fifo  File: /get/work/krishna.vardhan/git_trees/mtp_pcie_axi/pcie_axi_dma_latency/design/rtl/axis_fifo.sv Line: 165
Warning: [axis_fifo] FIFO full (depth=64) — upstream back-pressured at t=43935000
Time: 43935 ns  Iteration: 0  Process: /tb_pcie_axi_dma(TB_SCENARIO=2,FIFO_DEPTH=64,BATCH_COUNT=4,BATCH_TIMEOUT=64,SINK_STALL_EN=1'b1,SINK_STALL_PERIOD=4,SINK_STALL_READY=1)/dut/u_fifo/Always163_9  Scope: \tb_pcie_axi_dma(TB_SCENARIO=2,FIFO_DEPTH=64,BATCH_COUNT=4,BATCH_TIMEOUT=64,SINK_STALL_EN=1'b1,SINK_STALL_PERIOD=4,SINK_STALL_READY=1) .dut.u_fifo  File: /get/work/krishna.vardhan/git_trees/mtp_pcie_axi/pcie_axi_dma_latency/design/rtl/axis_fifo.sv Line: 165
Warning: [axis_fifo] FIFO full (depth=64) — upstream back-pressured at t=43955000
Time: 43955 ns  Iteration: 0  Process: /tb_pcie_axi_dma(TB_SCENARIO=2,FIFO_DEPTH=64,BATCH_COUNT=4,BATCH_TIMEOUT=64,SINK_STALL_EN=1'b1,SINK_STALL_PERIOD=4,SINK_STALL_READY=1)/dut/u_fifo/Always163_9  Scope: \tb_pcie_axi_dma(TB_SCENARIO=2,FIFO_DEPTH=64,BATCH_COUNT=4,BATCH_TIMEOUT=64,SINK_STALL_EN=1'b1,SINK_STALL_PERIOD=4,SINK_STALL_READY=1) .dut.u_fifo  File: /get/work/krishna.vardhan/git_trees/mtp_pcie_axi/pcie_axi_dma_latency/design/rtl/axis_fifo.sv Line: 165
Warning: [axis_fifo] FIFO full (depth=64) — upstream back-pressured at t=43965000
Time: 43965 ns  Iteration: 0  Process: /tb_pcie_axi_dma(TB_SCENARIO=2,FIFO_DEPTH=64,BATCH_COUNT=4,BATCH_TIMEOUT=64,SINK_STALL_EN=1'b1,SINK_STALL_PERIOD=4,SINK_STALL_READY=1)/dut/u_fifo/Always163_9  Scope: \tb_pcie_axi_dma(TB_SCENARIO=2,FIFO_DEPTH=64,BATCH_COUNT=4,BATCH_TIMEOUT=64,SINK_STALL_EN=1'b1,SINK_STALL_PERIOD=4,SINK_STALL_READY=1) .dut.u_fifo  File: /get/work/krishna.vardhan/git_trees/mtp_pcie_axi/pcie_axi_dma_latency/design/rtl/axis_fifo.sv Line: 165
Warning: [axis_fifo] FIFO full (depth=64) — upstream back-pressured at t=43975000
Time: 43975 ns  Iteration: 0  Process: /tb_pcie_axi_dma(TB_SCENARIO=2,FIFO_DEPTH=64,BATCH_COUNT=4,BATCH_TIMEOUT=64,SINK_STALL_EN=1'b1,SINK_STALL_PERIOD=4,SINK_STALL_READY=1)/dut/u_fifo/Always163_9  Scope: \tb_pcie_axi_dma(TB_SCENARIO=2,FIFO_DEPTH=64,BATCH_COUNT=4,BATCH_TIMEOUT=64,SINK_STALL_EN=1'b1,SINK_STALL_PERIOD=4,SINK_STALL_READY=1) .dut.u_fifo  File: /get/work/krishna.vardhan/git_trees/mtp_pcie_axi/pcie_axi_dma_latency/design/rtl/axis_fifo.sv Line: 165
Warning: [axis_fifo] FIFO full (depth=64) — upstream back-pressured at t=43995000
Time: 43995 ns  Iteration: 0  Process: /tb_pcie_axi_dma(TB_SCENARIO=2,FIFO_DEPTH=64,BATCH_COUNT=4,BATCH_TIMEOUT=64,SINK_STALL_EN=1'b1,SINK_STALL_PERIOD=4,SINK_STALL_READY=1)/dut/u_fifo/Always163_9  Scope: \tb_pcie_axi_dma(TB_SCENARIO=2,FIFO_DEPTH=64,BATCH_COUNT=4,BATCH_TIMEOUT=64,SINK_STALL_EN=1'b1,SINK_STALL_PERIOD=4,SINK_STALL_READY=1) .dut.u_fifo  File: /get/work/krishna.vardhan/git_trees/mtp_pcie_axi/pcie_axi_dma_latency/design/rtl/axis_fifo.sv Line: 165
Warning: [axis_fifo] FIFO full (depth=64) — upstream back-pressured at t=44005000
Time: 44005 ns  Iteration: 0  Process: /tb_pcie_axi_dma(TB_SCENARIO=2,FIFO_DEPTH=64,BATCH_COUNT=4,BATCH_TIMEOUT=64,SINK_STALL_EN=1'b1,SINK_STALL_PERIOD=4,SINK_STALL_READY=1)/dut/u_fifo/Always163_9  Scope: \tb_pcie_axi_dma(TB_SCENARIO=2,FIFO_DEPTH=64,BATCH_COUNT=4,BATCH_TIMEOUT=64,SINK_STALL_EN=1'b1,SINK_STALL_PERIOD=4,SINK_STALL_READY=1) .dut.u_fifo  File: /get/work/krishna.vardhan/git_trees/mtp_pcie_axi/pcie_axi_dma_latency/design/rtl/axis_fifo.sv Line: 165
Warning: [axis_fifo] FIFO full (depth=64) — upstream back-pressured at t=44015000
Time: 44015 ns  Iteration: 0  Process: /tb_pcie_axi_dma(TB_SCENARIO=2,FIFO_DEPTH=64,BATCH_COUNT=4,BATCH_TIMEOUT=64,SINK_STALL_EN=1'b1,SINK_STALL_PERIOD=4,SINK_STALL_READY=1)/dut/u_fifo/Always163_9  Scope: \tb_pcie_axi_dma(TB_SCENARIO=2,FIFO_DEPTH=64,BATCH_COUNT=4,BATCH_TIMEOUT=64,SINK_STALL_EN=1'b1,SINK_STALL_PERIOD=4,SINK_STALL_READY=1) .dut.u_fifo  File: /get/work/krishna.vardhan/git_trees/mtp_pcie_axi/pcie_axi_dma_latency/design/rtl/axis_fifo.sv Line: 165
Warning: [axis_fifo] FIFO full (depth=64) — upstream back-pressured at t=44035000
Time: 44035 ns  Iteration: 0  Process: /tb_pcie_axi_dma(TB_SCENARIO=2,FIFO_DEPTH=64,BATCH_COUNT=4,BATCH_TIMEOUT=64,SINK_STALL_EN=1'b1,SINK_STALL_PERIOD=4,SINK_STALL_READY=1)/dut/u_fifo/Always163_9  Scope: \tb_pcie_axi_dma(TB_SCENARIO=2,FIFO_DEPTH=64,BATCH_COUNT=4,BATCH_TIMEOUT=64,SINK_STALL_EN=1'b1,SINK_STALL_PERIOD=4,SINK_STALL_READY=1) .dut.u_fifo  File: /get/work/krishna.vardhan/git_trees/mtp_pcie_axi/pcie_axi_dma_latency/design/rtl/axis_fifo.sv Line: 165
Warning: [axis_fifo] FIFO full (depth=64) — upstream back-pressured at t=44045000
Time: 44045 ns  Iteration: 0  Process: /tb_pcie_axi_dma(TB_SCENARIO=2,FIFO_DEPTH=64,BATCH_COUNT=4,BATCH_TIMEOUT=64,SINK_STALL_EN=1'b1,SINK_STALL_PERIOD=4,SINK_STALL_READY=1)/dut/u_fifo/Always163_9  Scope: \tb_pcie_axi_dma(TB_SCENARIO=2,FIFO_DEPTH=64,BATCH_COUNT=4,BATCH_TIMEOUT=64,SINK_STALL_EN=1'b1,SINK_STALL_PERIOD=4,SINK_STALL_READY=1) .dut.u_fifo  File: /get/work/krishna.vardhan/git_trees/mtp_pcie_axi/pcie_axi_dma_latency/design/rtl/axis_fifo.sv Line: 165
Warning: [axis_fifo] FIFO full (depth=64) — upstream back-pressured at t=44055000
Time: 44055 ns  Iteration: 0  Process: /tb_pcie_axi_dma(TB_SCENARIO=2,FIFO_DEPTH=64,BATCH_COUNT=4,BATCH_TIMEOUT=64,SINK_STALL_EN=1'b1,SINK_STALL_PERIOD=4,SINK_STALL_READY=1)/dut/u_fifo/Always163_9  Scope: \tb_pcie_axi_dma(TB_SCENARIO=2,FIFO_DEPTH=64,BATCH_COUNT=4,BATCH_TIMEOUT=64,SINK_STALL_EN=1'b1,SINK_STALL_PERIOD=4,SINK_STALL_READY=1) .dut.u_fifo  File: /get/work/krishna.vardhan/git_trees/mtp_pcie_axi/pcie_axi_dma_latency/design/rtl/axis_fifo.sv Line: 165
Warning: [axis_fifo] FIFO full (depth=64) — upstream back-pressured at t=44075000
Time: 44075 ns  Iteration: 0  Process: /tb_pcie_axi_dma(TB_SCENARIO=2,FIFO_DEPTH=64,BATCH_COUNT=4,BATCH_TIMEOUT=64,SINK_STALL_EN=1'b1,SINK_STALL_PERIOD=4,SINK_STALL_READY=1)/dut/u_fifo/Always163_9  Scope: \tb_pcie_axi_dma(TB_SCENARIO=2,FIFO_DEPTH=64,BATCH_COUNT=4,BATCH_TIMEOUT=64,SINK_STALL_EN=1'b1,SINK_STALL_PERIOD=4,SINK_STALL_READY=1) .dut.u_fifo  File: /get/work/krishna.vardhan/git_trees/mtp_pcie_axi/pcie_axi_dma_latency/design/rtl/axis_fifo.sv Line: 165
Warning: [axis_fifo] FIFO full (depth=64) — upstream back-pressured at t=44085000
Time: 44085 ns  Iteration: 0  Process: /tb_pcie_axi_dma(TB_SCENARIO=2,FIFO_DEPTH=64,BATCH_COUNT=4,BATCH_TIMEOUT=64,SINK_STALL_EN=1'b1,SINK_STALL_PERIOD=4,SINK_STALL_READY=1)/dut/u_fifo/Always163_9  Scope: \tb_pcie_axi_dma(TB_SCENARIO=2,FIFO_DEPTH=64,BATCH_COUNT=4,BATCH_TIMEOUT=64,SINK_STALL_EN=1'b1,SINK_STALL_PERIOD=4,SINK_STALL_READY=1) .dut.u_fifo  File: /get/work/krishna.vardhan/git_trees/mtp_pcie_axi/pcie_axi_dma_latency/design/rtl/axis_fifo.sv Line: 165
Warning: [axis_fifo] FIFO full (depth=64) — upstream back-pressured at t=44095000
Time: 44095 ns  Iteration: 0  Process: /tb_pcie_axi_dma(TB_SCENARIO=2,FIFO_DEPTH=64,BATCH_COUNT=4,BATCH_TIMEOUT=64,SINK_STALL_EN=1'b1,SINK_STALL_PERIOD=4,SINK_STALL_READY=1)/dut/u_fifo/Always163_9  Scope: \tb_pcie_axi_dma(TB_SCENARIO=2,FIFO_DEPTH=64,BATCH_COUNT=4,BATCH_TIMEOUT=64,SINK_STALL_EN=1'b1,SINK_STALL_PERIOD=4,SINK_STALL_READY=1) .dut.u_fifo  File: /get/work/krishna.vardhan/git_trees/mtp_pcie_axi/pcie_axi_dma_latency/design/rtl/axis_fifo.sv Line: 165
Warning: [axis_fifo] FIFO full (depth=64) — upstream back-pressured at t=44115000
Time: 44115 ns  Iteration: 0  Process: /tb_pcie_axi_dma(TB_SCENARIO=2,FIFO_DEPTH=64,BATCH_COUNT=4,BATCH_TIMEOUT=64,SINK_STALL_EN=1'b1,SINK_STALL_PERIOD=4,SINK_STALL_READY=1)/dut/u_fifo/Always163_9  Scope: \tb_pcie_axi_dma(TB_SCENARIO=2,FIFO_DEPTH=64,BATCH_COUNT=4,BATCH_TIMEOUT=64,SINK_STALL_EN=1'b1,SINK_STALL_PERIOD=4,SINK_STALL_READY=1) .dut.u_fifo  File: /get/work/krishna.vardhan/git_trees/mtp_pcie_axi/pcie_axi_dma_latency/design/rtl/axis_fifo.sv Line: 165
Warning: [axis_fifo] FIFO full (depth=64) — upstream back-pressured at t=44125000
Time: 44125 ns  Iteration: 0  Process: /tb_pcie_axi_dma(TB_SCENARIO=2,FIFO_DEPTH=64,BATCH_COUNT=4,BATCH_TIMEOUT=64,SINK_STALL_EN=1'b1,SINK_STALL_PERIOD=4,SINK_STALL_READY=1)/dut/u_fifo/Always163_9  Scope: \tb_pcie_axi_dma(TB_SCENARIO=2,FIFO_DEPTH=64,BATCH_COUNT=4,BATCH_TIMEOUT=64,SINK_STALL_EN=1'b1,SINK_STALL_PERIOD=4,SINK_STALL_READY=1) .dut.u_fifo  File: /get/work/krishna.vardhan/git_trees/mtp_pcie_axi/pcie_axi_dma_latency/design/rtl/axis_fifo.sv Line: 165
Warning: [axis_fifo] FIFO full (depth=64) — upstream back-pressured at t=44135000
Time: 44135 ns  Iteration: 0  Process: /tb_pcie_axi_dma(TB_SCENARIO=2,FIFO_DEPTH=64,BATCH_COUNT=4,BATCH_TIMEOUT=64,SINK_STALL_EN=1'b1,SINK_STALL_PERIOD=4,SINK_STALL_READY=1)/dut/u_fifo/Always163_9  Scope: \tb_pcie_axi_dma(TB_SCENARIO=2,FIFO_DEPTH=64,BATCH_COUNT=4,BATCH_TIMEOUT=64,SINK_STALL_EN=1'b1,SINK_STALL_PERIOD=4,SINK_STALL_READY=1) .dut.u_fifo  File: /get/work/krishna.vardhan/git_trees/mtp_pcie_axi/pcie_axi_dma_latency/design/rtl/axis_fifo.sv Line: 165
Warning: [axis_fifo] FIFO full (depth=64) — upstream back-pressured at t=44155000
Time: 44155 ns  Iteration: 0  Process: /tb_pcie_axi_dma(TB_SCENARIO=2,FIFO_DEPTH=64,BATCH_COUNT=4,BATCH_TIMEOUT=64,SINK_STALL_EN=1'b1,SINK_STALL_PERIOD=4,SINK_STALL_READY=1)/dut/u_fifo/Always163_9  Scope: \tb_pcie_axi_dma(TB_SCENARIO=2,FIFO_DEPTH=64,BATCH_COUNT=4,BATCH_TIMEOUT=64,SINK_STALL_EN=1'b1,SINK_STALL_PERIOD=4,SINK_STALL_READY=1) .dut.u_fifo  File: /get/work/krishna.vardhan/git_trees/mtp_pcie_axi/pcie_axi_dma_latency/design/rtl/axis_fifo.sv Line: 165
Warning: [axis_fifo] FIFO full (depth=64) — upstream back-pressured at t=44165000
Time: 44165 ns  Iteration: 0  Process: /tb_pcie_axi_dma(TB_SCENARIO=2,FIFO_DEPTH=64,BATCH_COUNT=4,BATCH_TIMEOUT=64,SINK_STALL_EN=1'b1,SINK_STALL_PERIOD=4,SINK_STALL_READY=1)/dut/u_fifo/Always163_9  Scope: \tb_pcie_axi_dma(TB_SCENARIO=2,FIFO_DEPTH=64,BATCH_COUNT=4,BATCH_TIMEOUT=64,SINK_STALL_EN=1'b1,SINK_STALL_PERIOD=4,SINK_STALL_READY=1) .dut.u_fifo  File: /get/work/krishna.vardhan/git_trees/mtp_pcie_axi/pcie_axi_dma_latency/design/rtl/axis_fifo.sv Line: 165
Warning: [axis_fifo] FIFO full (depth=64) — upstream back-pressured at t=44175000
Time: 44175 ns  Iteration: 0  Process: /tb_pcie_axi_dma(TB_SCENARIO=2,FIFO_DEPTH=64,BATCH_COUNT=4,BATCH_TIMEOUT=64,SINK_STALL_EN=1'b1,SINK_STALL_PERIOD=4,SINK_STALL_READY=1)/dut/u_fifo/Always163_9  Scope: \tb_pcie_axi_dma(TB_SCENARIO=2,FIFO_DEPTH=64,BATCH_COUNT=4,BATCH_TIMEOUT=64,SINK_STALL_EN=1'b1,SINK_STALL_PERIOD=4,SINK_STALL_READY=1) .dut.u_fifo  File: /get/work/krishna.vardhan/git_trees/mtp_pcie_axi/pcie_axi_dma_latency/design/rtl/axis_fifo.sv Line: 165
Warning: [axis_fifo] FIFO full (depth=64) — upstream back-pressured at t=44195000
Time: 44195 ns  Iteration: 0  Process: /tb_pcie_axi_dma(TB_SCENARIO=2,FIFO_DEPTH=64,BATCH_COUNT=4,BATCH_TIMEOUT=64,SINK_STALL_EN=1'b1,SINK_STALL_PERIOD=4,SINK_STALL_READY=1)/dut/u_fifo/Always163_9  Scope: \tb_pcie_axi_dma(TB_SCENARIO=2,FIFO_DEPTH=64,BATCH_COUNT=4,BATCH_TIMEOUT=64,SINK_STALL_EN=1'b1,SINK_STALL_PERIOD=4,SINK_STALL_READY=1) .dut.u_fifo  File: /get/work/krishna.vardhan/git_trees/mtp_pcie_axi/pcie_axi_dma_latency/design/rtl/axis_fifo.sv Line: 165
Warning: [axis_fifo] FIFO full (depth=64) — upstream back-pressured at t=44205000
Time: 44205 ns  Iteration: 0  Process: /tb_pcie_axi_dma(TB_SCENARIO=2,FIFO_DEPTH=64,BATCH_COUNT=4,BATCH_TIMEOUT=64,SINK_STALL_EN=1'b1,SINK_STALL_PERIOD=4,SINK_STALL_READY=1)/dut/u_fifo/Always163_9  Scope: \tb_pcie_axi_dma(TB_SCENARIO=2,FIFO_DEPTH=64,BATCH_COUNT=4,BATCH_TIMEOUT=64,SINK_STALL_EN=1'b1,SINK_STALL_PERIOD=4,SINK_STALL_READY=1) .dut.u_fifo  File: /get/work/krishna.vardhan/git_trees/mtp_pcie_axi/pcie_axi_dma_latency/design/rtl/axis_fifo.sv Line: 165
Warning: [axis_fifo] FIFO full (depth=64) — upstream back-pressured at t=44215000
Time: 44215 ns  Iteration: 0  Process: /tb_pcie_axi_dma(TB_SCENARIO=2,FIFO_DEPTH=64,BATCH_COUNT=4,BATCH_TIMEOUT=64,SINK_STALL_EN=1'b1,SINK_STALL_PERIOD=4,SINK_STALL_READY=1)/dut/u_fifo/Always163_9  Scope: \tb_pcie_axi_dma(TB_SCENARIO=2,FIFO_DEPTH=64,BATCH_COUNT=4,BATCH_TIMEOUT=64,SINK_STALL_EN=1'b1,SINK_STALL_PERIOD=4,SINK_STALL_READY=1) .dut.u_fifo  File: /get/work/krishna.vardhan/git_trees/mtp_pcie_axi/pcie_axi_dma_latency/design/rtl/axis_fifo.sv Line: 165
Warning: [axis_fifo] FIFO full (depth=64) — upstream back-pressured at t=44235000
Time: 44235 ns  Iteration: 0  Process: /tb_pcie_axi_dma(TB_SCENARIO=2,FIFO_DEPTH=64,BATCH_COUNT=4,BATCH_TIMEOUT=64,SINK_STALL_EN=1'b1,SINK_STALL_PERIOD=4,SINK_STALL_READY=1)/dut/u_fifo/Always163_9  Scope: \tb_pcie_axi_dma(TB_SCENARIO=2,FIFO_DEPTH=64,BATCH_COUNT=4,BATCH_TIMEOUT=64,SINK_STALL_EN=1'b1,SINK_STALL_PERIOD=4,SINK_STALL_READY=1) .dut.u_fifo  File: /get/work/krishna.vardhan/git_trees/mtp_pcie_axi/pcie_axi_dma_latency/design/rtl/axis_fifo.sv Line: 165
Warning: [axis_fifo] FIFO full (depth=64) — upstream back-pressured at t=44245000
Time: 44245 ns  Iteration: 0  Process: /tb_pcie_axi_dma(TB_SCENARIO=2,FIFO_DEPTH=64,BATCH_COUNT=4,BATCH_TIMEOUT=64,SINK_STALL_EN=1'b1,SINK_STALL_PERIOD=4,SINK_STALL_READY=1)/dut/u_fifo/Always163_9  Scope: \tb_pcie_axi_dma(TB_SCENARIO=2,FIFO_DEPTH=64,BATCH_COUNT=4,BATCH_TIMEOUT=64,SINK_STALL_EN=1'b1,SINK_STALL_PERIOD=4,SINK_STALL_READY=1) .dut.u_fifo  File: /get/work/krishna.vardhan/git_trees/mtp_pcie_axi/pcie_axi_dma_latency/design/rtl/axis_fifo.sv Line: 165
Warning: [axis_fifo] FIFO full (depth=64) — upstream back-pressured at t=44255000
Time: 44255 ns  Iteration: 0  Process: /tb_pcie_axi_dma(TB_SCENARIO=2,FIFO_DEPTH=64,BATCH_COUNT=4,BATCH_TIMEOUT=64,SINK_STALL_EN=1'b1,SINK_STALL_PERIOD=4,SINK_STALL_READY=1)/dut/u_fifo/Always163_9  Scope: \tb_pcie_axi_dma(TB_SCENARIO=2,FIFO_DEPTH=64,BATCH_COUNT=4,BATCH_TIMEOUT=64,SINK_STALL_EN=1'b1,SINK_STALL_PERIOD=4,SINK_STALL_READY=1) .dut.u_fifo  File: /get/work/krishna.vardhan/git_trees/mtp_pcie_axi/pcie_axi_dma_latency/design/rtl/axis_fifo.sv Line: 165
Warning: [axis_fifo] FIFO full (depth=64) — upstream back-pressured at t=44275000
Time: 44275 ns  Iteration: 0  Process: /tb_pcie_axi_dma(TB_SCENARIO=2,FIFO_DEPTH=64,BATCH_COUNT=4,BATCH_TIMEOUT=64,SINK_STALL_EN=1'b1,SINK_STALL_PERIOD=4,SINK_STALL_READY=1)/dut/u_fifo/Always163_9  Scope: \tb_pcie_axi_dma(TB_SCENARIO=2,FIFO_DEPTH=64,BATCH_COUNT=4,BATCH_TIMEOUT=64,SINK_STALL_EN=1'b1,SINK_STALL_PERIOD=4,SINK_STALL_READY=1) .dut.u_fifo  File: /get/work/krishna.vardhan/git_trees/mtp_pcie_axi/pcie_axi_dma_latency/design/rtl/axis_fifo.sv Line: 165
Warning: [axis_fifo] FIFO full (depth=64) — upstream back-pressured at t=44285000
Time: 44285 ns  Iteration: 0  Process: /tb_pcie_axi_dma(TB_SCENARIO=2,FIFO_DEPTH=64,BATCH_COUNT=4,BATCH_TIMEOUT=64,SINK_STALL_EN=1'b1,SINK_STALL_PERIOD=4,SINK_STALL_READY=1)/dut/u_fifo/Always163_9  Scope: \tb_pcie_axi_dma(TB_SCENARIO=2,FIFO_DEPTH=64,BATCH_COUNT=4,BATCH_TIMEOUT=64,SINK_STALL_EN=1'b1,SINK_STALL_PERIOD=4,SINK_STALL_READY=1) .dut.u_fifo  File: /get/work/krishna.vardhan/git_trees/mtp_pcie_axi/pcie_axi_dma_latency/design/rtl/axis_fifo.sv Line: 165
Warning: [axis_fifo] FIFO full (depth=64) — upstream back-pressured at t=44295000
Time: 44295 ns  Iteration: 0  Process: /tb_pcie_axi_dma(TB_SCENARIO=2,FIFO_DEPTH=64,BATCH_COUNT=4,BATCH_TIMEOUT=64,SINK_STALL_EN=1'b1,SINK_STALL_PERIOD=4,SINK_STALL_READY=1)/dut/u_fifo/Always163_9  Scope: \tb_pcie_axi_dma(TB_SCENARIO=2,FIFO_DEPTH=64,BATCH_COUNT=4,BATCH_TIMEOUT=64,SINK_STALL_EN=1'b1,SINK_STALL_PERIOD=4,SINK_STALL_READY=1) .dut.u_fifo  File: /get/work/krishna.vardhan/git_trees/mtp_pcie_axi/pcie_axi_dma_latency/design/rtl/axis_fifo.sv Line: 165
Warning: [axis_fifo] FIFO full (depth=64) — upstream back-pressured at t=44315000
Time: 44315 ns  Iteration: 0  Process: /tb_pcie_axi_dma(TB_SCENARIO=2,FIFO_DEPTH=64,BATCH_COUNT=4,BATCH_TIMEOUT=64,SINK_STALL_EN=1'b1,SINK_STALL_PERIOD=4,SINK_STALL_READY=1)/dut/u_fifo/Always163_9  Scope: \tb_pcie_axi_dma(TB_SCENARIO=2,FIFO_DEPTH=64,BATCH_COUNT=4,BATCH_TIMEOUT=64,SINK_STALL_EN=1'b1,SINK_STALL_PERIOD=4,SINK_STALL_READY=1) .dut.u_fifo  File: /get/work/krishna.vardhan/git_trees/mtp_pcie_axi/pcie_axi_dma_latency/design/rtl/axis_fifo.sv Line: 165
Warning: [axis_fifo] FIFO full (depth=64) — upstream back-pressured at t=44325000
Time: 44325 ns  Iteration: 0  Process: /tb_pcie_axi_dma(TB_SCENARIO=2,FIFO_DEPTH=64,BATCH_COUNT=4,BATCH_TIMEOUT=64,SINK_STALL_EN=1'b1,SINK_STALL_PERIOD=4,SINK_STALL_READY=1)/dut/u_fifo/Always163_9  Scope: \tb_pcie_axi_dma(TB_SCENARIO=2,FIFO_DEPTH=64,BATCH_COUNT=4,BATCH_TIMEOUT=64,SINK_STALL_EN=1'b1,SINK_STALL_PERIOD=4,SINK_STALL_READY=1) .dut.u_fifo  File: /get/work/krishna.vardhan/git_trees/mtp_pcie_axi/pcie_axi_dma_latency/design/rtl/axis_fifo.sv Line: 165
Warning: [axis_fifo] FIFO full (depth=64) — upstream back-pressured at t=44335000
Time: 44335 ns  Iteration: 0  Process: /tb_pcie_axi_dma(TB_SCENARIO=2,FIFO_DEPTH=64,BATCH_COUNT=4,BATCH_TIMEOUT=64,SINK_STALL_EN=1'b1,SINK_STALL_PERIOD=4,SINK_STALL_READY=1)/dut/u_fifo/Always163_9  Scope: \tb_pcie_axi_dma(TB_SCENARIO=2,FIFO_DEPTH=64,BATCH_COUNT=4,BATCH_TIMEOUT=64,SINK_STALL_EN=1'b1,SINK_STALL_PERIOD=4,SINK_STALL_READY=1) .dut.u_fifo  File: /get/work/krishna.vardhan/git_trees/mtp_pcie_axi/pcie_axi_dma_latency/design/rtl/axis_fifo.sv Line: 165
Warning: [axis_fifo] FIFO full (depth=64) — upstream back-pressured at t=44355000
Time: 44355 ns  Iteration: 0  Process: /tb_pcie_axi_dma(TB_SCENARIO=2,FIFO_DEPTH=64,BATCH_COUNT=4,BATCH_TIMEOUT=64,SINK_STALL_EN=1'b1,SINK_STALL_PERIOD=4,SINK_STALL_READY=1)/dut/u_fifo/Always163_9  Scope: \tb_pcie_axi_dma(TB_SCENARIO=2,FIFO_DEPTH=64,BATCH_COUNT=4,BATCH_TIMEOUT=64,SINK_STALL_EN=1'b1,SINK_STALL_PERIOD=4,SINK_STALL_READY=1) .dut.u_fifo  File: /get/work/krishna.vardhan/git_trees/mtp_pcie_axi/pcie_axi_dma_latency/design/rtl/axis_fifo.sv Line: 165
Warning: [axis_fifo] FIFO full (depth=64) — upstream back-pressured at t=44365000
Time: 44365 ns  Iteration: 0  Process: /tb_pcie_axi_dma(TB_SCENARIO=2,FIFO_DEPTH=64,BATCH_COUNT=4,BATCH_TIMEOUT=64,SINK_STALL_EN=1'b1,SINK_STALL_PERIOD=4,SINK_STALL_READY=1)/dut/u_fifo/Always163_9  Scope: \tb_pcie_axi_dma(TB_SCENARIO=2,FIFO_DEPTH=64,BATCH_COUNT=4,BATCH_TIMEOUT=64,SINK_STALL_EN=1'b1,SINK_STALL_PERIOD=4,SINK_STALL_READY=1) .dut.u_fifo  File: /get/work/krishna.vardhan/git_trees/mtp_pcie_axi/pcie_axi_dma_latency/design/rtl/axis_fifo.sv Line: 165
Warning: [axis_fifo] FIFO full (depth=64) — upstream back-pressured at t=44375000
Time: 44375 ns  Iteration: 0  Process: /tb_pcie_axi_dma(TB_SCENARIO=2,FIFO_DEPTH=64,BATCH_COUNT=4,BATCH_TIMEOUT=64,SINK_STALL_EN=1'b1,SINK_STALL_PERIOD=4,SINK_STALL_READY=1)/dut/u_fifo/Always163_9  Scope: \tb_pcie_axi_dma(TB_SCENARIO=2,FIFO_DEPTH=64,BATCH_COUNT=4,BATCH_TIMEOUT=64,SINK_STALL_EN=1'b1,SINK_STALL_PERIOD=4,SINK_STALL_READY=1) .dut.u_fifo  File: /get/work/krishna.vardhan/git_trees/mtp_pcie_axi/pcie_axi_dma_latency/design/rtl/axis_fifo.sv Line: 165
Warning: [axis_fifo] FIFO full (depth=64) — upstream back-pressured at t=44395000
Time: 44395 ns  Iteration: 0  Process: /tb_pcie_axi_dma(TB_SCENARIO=2,FIFO_DEPTH=64,BATCH_COUNT=4,BATCH_TIMEOUT=64,SINK_STALL_EN=1'b1,SINK_STALL_PERIOD=4,SINK_STALL_READY=1)/dut/u_fifo/Always163_9  Scope: \tb_pcie_axi_dma(TB_SCENARIO=2,FIFO_DEPTH=64,BATCH_COUNT=4,BATCH_TIMEOUT=64,SINK_STALL_EN=1'b1,SINK_STALL_PERIOD=4,SINK_STALL_READY=1) .dut.u_fifo  File: /get/work/krishna.vardhan/git_trees/mtp_pcie_axi/pcie_axi_dma_latency/design/rtl/axis_fifo.sv Line: 165
Warning: [axis_fifo] FIFO full (depth=64) — upstream back-pressured at t=44405000
Time: 44405 ns  Iteration: 0  Process: /tb_pcie_axi_dma(TB_SCENARIO=2,FIFO_DEPTH=64,BATCH_COUNT=4,BATCH_TIMEOUT=64,SINK_STALL_EN=1'b1,SINK_STALL_PERIOD=4,SINK_STALL_READY=1)/dut/u_fifo/Always163_9  Scope: \tb_pcie_axi_dma(TB_SCENARIO=2,FIFO_DEPTH=64,BATCH_COUNT=4,BATCH_TIMEOUT=64,SINK_STALL_EN=1'b1,SINK_STALL_PERIOD=4,SINK_STALL_READY=1) .dut.u_fifo  File: /get/work/krishna.vardhan/git_trees/mtp_pcie_axi/pcie_axi_dma_latency/design/rtl/axis_fifo.sv Line: 165
Warning: [axis_fifo] FIFO full (depth=64) — upstream back-pressured at t=44415000
Time: 44415 ns  Iteration: 0  Process: /tb_pcie_axi_dma(TB_SCENARIO=2,FIFO_DEPTH=64,BATCH_COUNT=4,BATCH_TIMEOUT=64,SINK_STALL_EN=1'b1,SINK_STALL_PERIOD=4,SINK_STALL_READY=1)/dut/u_fifo/Always163_9  Scope: \tb_pcie_axi_dma(TB_SCENARIO=2,FIFO_DEPTH=64,BATCH_COUNT=4,BATCH_TIMEOUT=64,SINK_STALL_EN=1'b1,SINK_STALL_PERIOD=4,SINK_STALL_READY=1) .dut.u_fifo  File: /get/work/krishna.vardhan/git_trees/mtp_pcie_axi/pcie_axi_dma_latency/design/rtl/axis_fifo.sv Line: 165
Warning: [axis_fifo] FIFO full (depth=64) — upstream back-pressured at t=44435000
Time: 44435 ns  Iteration: 0  Process: /tb_pcie_axi_dma(TB_SCENARIO=2,FIFO_DEPTH=64,BATCH_COUNT=4,BATCH_TIMEOUT=64,SINK_STALL_EN=1'b1,SINK_STALL_PERIOD=4,SINK_STALL_READY=1)/dut/u_fifo/Always163_9  Scope: \tb_pcie_axi_dma(TB_SCENARIO=2,FIFO_DEPTH=64,BATCH_COUNT=4,BATCH_TIMEOUT=64,SINK_STALL_EN=1'b1,SINK_STALL_PERIOD=4,SINK_STALL_READY=1) .dut.u_fifo  File: /get/work/krishna.vardhan/git_trees/mtp_pcie_axi/pcie_axi_dma_latency/design/rtl/axis_fifo.sv Line: 165
Warning: [axis_fifo] FIFO full (depth=64) — upstream back-pressured at t=44445000
Time: 44445 ns  Iteration: 0  Process: /tb_pcie_axi_dma(TB_SCENARIO=2,FIFO_DEPTH=64,BATCH_COUNT=4,BATCH_TIMEOUT=64,SINK_STALL_EN=1'b1,SINK_STALL_PERIOD=4,SINK_STALL_READY=1)/dut/u_fifo/Always163_9  Scope: \tb_pcie_axi_dma(TB_SCENARIO=2,FIFO_DEPTH=64,BATCH_COUNT=4,BATCH_TIMEOUT=64,SINK_STALL_EN=1'b1,SINK_STALL_PERIOD=4,SINK_STALL_READY=1) .dut.u_fifo  File: /get/work/krishna.vardhan/git_trees/mtp_pcie_axi/pcie_axi_dma_latency/design/rtl/axis_fifo.sv Line: 165
Warning: [axis_fifo] FIFO full (depth=64) — upstream back-pressured at t=44455000
Time: 44455 ns  Iteration: 0  Process: /tb_pcie_axi_dma(TB_SCENARIO=2,FIFO_DEPTH=64,BATCH_COUNT=4,BATCH_TIMEOUT=64,SINK_STALL_EN=1'b1,SINK_STALL_PERIOD=4,SINK_STALL_READY=1)/dut/u_fifo/Always163_9  Scope: \tb_pcie_axi_dma(TB_SCENARIO=2,FIFO_DEPTH=64,BATCH_COUNT=4,BATCH_TIMEOUT=64,SINK_STALL_EN=1'b1,SINK_STALL_PERIOD=4,SINK_STALL_READY=1) .dut.u_fifo  File: /get/work/krishna.vardhan/git_trees/mtp_pcie_axi/pcie_axi_dma_latency/design/rtl/axis_fifo.sv Line: 165
Warning: [axis_fifo] FIFO full (depth=64) — upstream back-pressured at t=44475000
Time: 44475 ns  Iteration: 0  Process: /tb_pcie_axi_dma(TB_SCENARIO=2,FIFO_DEPTH=64,BATCH_COUNT=4,BATCH_TIMEOUT=64,SINK_STALL_EN=1'b1,SINK_STALL_PERIOD=4,SINK_STALL_READY=1)/dut/u_fifo/Always163_9  Scope: \tb_pcie_axi_dma(TB_SCENARIO=2,FIFO_DEPTH=64,BATCH_COUNT=4,BATCH_TIMEOUT=64,SINK_STALL_EN=1'b1,SINK_STALL_PERIOD=4,SINK_STALL_READY=1) .dut.u_fifo  File: /get/work/krishna.vardhan/git_trees/mtp_pcie_axi/pcie_axi_dma_latency/design/rtl/axis_fifo.sv Line: 165
Warning: [axis_fifo] FIFO full (depth=64) — upstream back-pressured at t=44485000
Time: 44485 ns  Iteration: 0  Process: /tb_pcie_axi_dma(TB_SCENARIO=2,FIFO_DEPTH=64,BATCH_COUNT=4,BATCH_TIMEOUT=64,SINK_STALL_EN=1'b1,SINK_STALL_PERIOD=4,SINK_STALL_READY=1)/dut/u_fifo/Always163_9  Scope: \tb_pcie_axi_dma(TB_SCENARIO=2,FIFO_DEPTH=64,BATCH_COUNT=4,BATCH_TIMEOUT=64,SINK_STALL_EN=1'b1,SINK_STALL_PERIOD=4,SINK_STALL_READY=1) .dut.u_fifo  File: /get/work/krishna.vardhan/git_trees/mtp_pcie_axi/pcie_axi_dma_latency/design/rtl/axis_fifo.sv Line: 165
Warning: [axis_fifo] FIFO full (depth=64) — upstream back-pressured at t=44495000
Time: 44495 ns  Iteration: 0  Process: /tb_pcie_axi_dma(TB_SCENARIO=2,FIFO_DEPTH=64,BATCH_COUNT=4,BATCH_TIMEOUT=64,SINK_STALL_EN=1'b1,SINK_STALL_PERIOD=4,SINK_STALL_READY=1)/dut/u_fifo/Always163_9  Scope: \tb_pcie_axi_dma(TB_SCENARIO=2,FIFO_DEPTH=64,BATCH_COUNT=4,BATCH_TIMEOUT=64,SINK_STALL_EN=1'b1,SINK_STALL_PERIOD=4,SINK_STALL_READY=1) .dut.u_fifo  File: /get/work/krishna.vardhan/git_trees/mtp_pcie_axi/pcie_axi_dma_latency/design/rtl/axis_fifo.sv Line: 165
Warning: [axis_fifo] FIFO full (depth=64) — upstream back-pressured at t=44515000
Time: 44515 ns  Iteration: 0  Process: /tb_pcie_axi_dma(TB_SCENARIO=2,FIFO_DEPTH=64,BATCH_COUNT=4,BATCH_TIMEOUT=64,SINK_STALL_EN=1'b1,SINK_STALL_PERIOD=4,SINK_STALL_READY=1)/dut/u_fifo/Always163_9  Scope: \tb_pcie_axi_dma(TB_SCENARIO=2,FIFO_DEPTH=64,BATCH_COUNT=4,BATCH_TIMEOUT=64,SINK_STALL_EN=1'b1,SINK_STALL_PERIOD=4,SINK_STALL_READY=1) .dut.u_fifo  File: /get/work/krishna.vardhan/git_trees/mtp_pcie_axi/pcie_axi_dma_latency/design/rtl/axis_fifo.sv Line: 165
Warning: [axis_fifo] FIFO full (depth=64) — upstream back-pressured at t=44525000
Time: 44525 ns  Iteration: 0  Process: /tb_pcie_axi_dma(TB_SCENARIO=2,FIFO_DEPTH=64,BATCH_COUNT=4,BATCH_TIMEOUT=64,SINK_STALL_EN=1'b1,SINK_STALL_PERIOD=4,SINK_STALL_READY=1)/dut/u_fifo/Always163_9  Scope: \tb_pcie_axi_dma(TB_SCENARIO=2,FIFO_DEPTH=64,BATCH_COUNT=4,BATCH_TIMEOUT=64,SINK_STALL_EN=1'b1,SINK_STALL_PERIOD=4,SINK_STALL_READY=1) .dut.u_fifo  File: /get/work/krishna.vardhan/git_trees/mtp_pcie_axi/pcie_axi_dma_latency/design/rtl/axis_fifo.sv Line: 165
Warning: [axis_fifo] FIFO full (depth=64) — upstream back-pressured at t=44535000
Time: 44535 ns  Iteration: 0  Process: /tb_pcie_axi_dma(TB_SCENARIO=2,FIFO_DEPTH=64,BATCH_COUNT=4,BATCH_TIMEOUT=64,SINK_STALL_EN=1'b1,SINK_STALL_PERIOD=4,SINK_STALL_READY=1)/dut/u_fifo/Always163_9  Scope: \tb_pcie_axi_dma(TB_SCENARIO=2,FIFO_DEPTH=64,BATCH_COUNT=4,BATCH_TIMEOUT=64,SINK_STALL_EN=1'b1,SINK_STALL_PERIOD=4,SINK_STALL_READY=1) .dut.u_fifo  File: /get/work/krishna.vardhan/git_trees/mtp_pcie_axi/pcie_axi_dma_latency/design/rtl/axis_fifo.sv Line: 165
Warning: [axis_fifo] FIFO full (depth=64) — upstream back-pressured at t=44555000
Time: 44555 ns  Iteration: 0  Process: /tb_pcie_axi_dma(TB_SCENARIO=2,FIFO_DEPTH=64,BATCH_COUNT=4,BATCH_TIMEOUT=64,SINK_STALL_EN=1'b1,SINK_STALL_PERIOD=4,SINK_STALL_READY=1)/dut/u_fifo/Always163_9  Scope: \tb_pcie_axi_dma(TB_SCENARIO=2,FIFO_DEPTH=64,BATCH_COUNT=4,BATCH_TIMEOUT=64,SINK_STALL_EN=1'b1,SINK_STALL_PERIOD=4,SINK_STALL_READY=1) .dut.u_fifo  File: /get/work/krishna.vardhan/git_trees/mtp_pcie_axi/pcie_axi_dma_latency/design/rtl/axis_fifo.sv Line: 165
Warning: [axis_fifo] FIFO full (depth=64) — upstream back-pressured at t=44565000
Time: 44565 ns  Iteration: 0  Process: /tb_pcie_axi_dma(TB_SCENARIO=2,FIFO_DEPTH=64,BATCH_COUNT=4,BATCH_TIMEOUT=64,SINK_STALL_EN=1'b1,SINK_STALL_PERIOD=4,SINK_STALL_READY=1)/dut/u_fifo/Always163_9  Scope: \tb_pcie_axi_dma(TB_SCENARIO=2,FIFO_DEPTH=64,BATCH_COUNT=4,BATCH_TIMEOUT=64,SINK_STALL_EN=1'b1,SINK_STALL_PERIOD=4,SINK_STALL_READY=1) .dut.u_fifo  File: /get/work/krishna.vardhan/git_trees/mtp_pcie_axi/pcie_axi_dma_latency/design/rtl/axis_fifo.sv Line: 165
Warning: [axis_fifo] FIFO full (depth=64) — upstream back-pressured at t=44575000
Time: 44575 ns  Iteration: 0  Process: /tb_pcie_axi_dma(TB_SCENARIO=2,FIFO_DEPTH=64,BATCH_COUNT=4,BATCH_TIMEOUT=64,SINK_STALL_EN=1'b1,SINK_STALL_PERIOD=4,SINK_STALL_READY=1)/dut/u_fifo/Always163_9  Scope: \tb_pcie_axi_dma(TB_SCENARIO=2,FIFO_DEPTH=64,BATCH_COUNT=4,BATCH_TIMEOUT=64,SINK_STALL_EN=1'b1,SINK_STALL_PERIOD=4,SINK_STALL_READY=1) .dut.u_fifo  File: /get/work/krishna.vardhan/git_trees/mtp_pcie_axi/pcie_axi_dma_latency/design/rtl/axis_fifo.sv Line: 165
Warning: [axis_fifo] FIFO full (depth=64) — upstream back-pressured at t=44595000
Time: 44595 ns  Iteration: 0  Process: /tb_pcie_axi_dma(TB_SCENARIO=2,FIFO_DEPTH=64,BATCH_COUNT=4,BATCH_TIMEOUT=64,SINK_STALL_EN=1'b1,SINK_STALL_PERIOD=4,SINK_STALL_READY=1)/dut/u_fifo/Always163_9  Scope: \tb_pcie_axi_dma(TB_SCENARIO=2,FIFO_DEPTH=64,BATCH_COUNT=4,BATCH_TIMEOUT=64,SINK_STALL_EN=1'b1,SINK_STALL_PERIOD=4,SINK_STALL_READY=1) .dut.u_fifo  File: /get/work/krishna.vardhan/git_trees/mtp_pcie_axi/pcie_axi_dma_latency/design/rtl/axis_fifo.sv Line: 165
Warning: [axis_fifo] FIFO full (depth=64) — upstream back-pressured at t=44605000
Time: 44605 ns  Iteration: 0  Process: /tb_pcie_axi_dma(TB_SCENARIO=2,FIFO_DEPTH=64,BATCH_COUNT=4,BATCH_TIMEOUT=64,SINK_STALL_EN=1'b1,SINK_STALL_PERIOD=4,SINK_STALL_READY=1)/dut/u_fifo/Always163_9  Scope: \tb_pcie_axi_dma(TB_SCENARIO=2,FIFO_DEPTH=64,BATCH_COUNT=4,BATCH_TIMEOUT=64,SINK_STALL_EN=1'b1,SINK_STALL_PERIOD=4,SINK_STALL_READY=1) .dut.u_fifo  File: /get/work/krishna.vardhan/git_trees/mtp_pcie_axi/pcie_axi_dma_latency/design/rtl/axis_fifo.sv Line: 165
Warning: [axis_fifo] FIFO full (depth=64) — upstream back-pressured at t=44615000
Time: 44615 ns  Iteration: 0  Process: /tb_pcie_axi_dma(TB_SCENARIO=2,FIFO_DEPTH=64,BATCH_COUNT=4,BATCH_TIMEOUT=64,SINK_STALL_EN=1'b1,SINK_STALL_PERIOD=4,SINK_STALL_READY=1)/dut/u_fifo/Always163_9  Scope: \tb_pcie_axi_dma(TB_SCENARIO=2,FIFO_DEPTH=64,BATCH_COUNT=4,BATCH_TIMEOUT=64,SINK_STALL_EN=1'b1,SINK_STALL_PERIOD=4,SINK_STALL_READY=1) .dut.u_fifo  File: /get/work/krishna.vardhan/git_trees/mtp_pcie_axi/pcie_axi_dma_latency/design/rtl/axis_fifo.sv Line: 165
Warning: [axis_fifo] FIFO full (depth=64) — upstream back-pressured at t=44635000
Time: 44635 ns  Iteration: 0  Process: /tb_pcie_axi_dma(TB_SCENARIO=2,FIFO_DEPTH=64,BATCH_COUNT=4,BATCH_TIMEOUT=64,SINK_STALL_EN=1'b1,SINK_STALL_PERIOD=4,SINK_STALL_READY=1)/dut/u_fifo/Always163_9  Scope: \tb_pcie_axi_dma(TB_SCENARIO=2,FIFO_DEPTH=64,BATCH_COUNT=4,BATCH_TIMEOUT=64,SINK_STALL_EN=1'b1,SINK_STALL_PERIOD=4,SINK_STALL_READY=1) .dut.u_fifo  File: /get/work/krishna.vardhan/git_trees/mtp_pcie_axi/pcie_axi_dma_latency/design/rtl/axis_fifo.sv Line: 165
Warning: [axis_fifo] FIFO full (depth=64) — upstream back-pressured at t=44645000
Time: 44645 ns  Iteration: 0  Process: /tb_pcie_axi_dma(TB_SCENARIO=2,FIFO_DEPTH=64,BATCH_COUNT=4,BATCH_TIMEOUT=64,SINK_STALL_EN=1'b1,SINK_STALL_PERIOD=4,SINK_STALL_READY=1)/dut/u_fifo/Always163_9  Scope: \tb_pcie_axi_dma(TB_SCENARIO=2,FIFO_DEPTH=64,BATCH_COUNT=4,BATCH_TIMEOUT=64,SINK_STALL_EN=1'b1,SINK_STALL_PERIOD=4,SINK_STALL_READY=1) .dut.u_fifo  File: /get/work/krishna.vardhan/git_trees/mtp_pcie_axi/pcie_axi_dma_latency/design/rtl/axis_fifo.sv Line: 165
Warning: [axis_fifo] FIFO full (depth=64) — upstream back-pressured at t=44655000
Time: 44655 ns  Iteration: 0  Process: /tb_pcie_axi_dma(TB_SCENARIO=2,FIFO_DEPTH=64,BATCH_COUNT=4,BATCH_TIMEOUT=64,SINK_STALL_EN=1'b1,SINK_STALL_PERIOD=4,SINK_STALL_READY=1)/dut/u_fifo/Always163_9  Scope: \tb_pcie_axi_dma(TB_SCENARIO=2,FIFO_DEPTH=64,BATCH_COUNT=4,BATCH_TIMEOUT=64,SINK_STALL_EN=1'b1,SINK_STALL_PERIOD=4,SINK_STALL_READY=1) .dut.u_fifo  File: /get/work/krishna.vardhan/git_trees/mtp_pcie_axi/pcie_axi_dma_latency/design/rtl/axis_fifo.sv Line: 165
Warning: [axis_fifo] FIFO full (depth=64) — upstream back-pressured at t=44675000
Time: 44675 ns  Iteration: 0  Process: /tb_pcie_axi_dma(TB_SCENARIO=2,FIFO_DEPTH=64,BATCH_COUNT=4,BATCH_TIMEOUT=64,SINK_STALL_EN=1'b1,SINK_STALL_PERIOD=4,SINK_STALL_READY=1)/dut/u_fifo/Always163_9  Scope: \tb_pcie_axi_dma(TB_SCENARIO=2,FIFO_DEPTH=64,BATCH_COUNT=4,BATCH_TIMEOUT=64,SINK_STALL_EN=1'b1,SINK_STALL_PERIOD=4,SINK_STALL_READY=1) .dut.u_fifo  File: /get/work/krishna.vardhan/git_trees/mtp_pcie_axi/pcie_axi_dma_latency/design/rtl/axis_fifo.sv Line: 165
Warning: [axis_fifo] FIFO full (depth=64) — upstream back-pressured at t=44685000
Time: 44685 ns  Iteration: 0  Process: /tb_pcie_axi_dma(TB_SCENARIO=2,FIFO_DEPTH=64,BATCH_COUNT=4,BATCH_TIMEOUT=64,SINK_STALL_EN=1'b1,SINK_STALL_PERIOD=4,SINK_STALL_READY=1)/dut/u_fifo/Always163_9  Scope: \tb_pcie_axi_dma(TB_SCENARIO=2,FIFO_DEPTH=64,BATCH_COUNT=4,BATCH_TIMEOUT=64,SINK_STALL_EN=1'b1,SINK_STALL_PERIOD=4,SINK_STALL_READY=1) .dut.u_fifo  File: /get/work/krishna.vardhan/git_trees/mtp_pcie_axi/pcie_axi_dma_latency/design/rtl/axis_fifo.sv Line: 165
Warning: [axis_fifo] FIFO full (depth=64) — upstream back-pressured at t=44695000
Time: 44695 ns  Iteration: 0  Process: /tb_pcie_axi_dma(TB_SCENARIO=2,FIFO_DEPTH=64,BATCH_COUNT=4,BATCH_TIMEOUT=64,SINK_STALL_EN=1'b1,SINK_STALL_PERIOD=4,SINK_STALL_READY=1)/dut/u_fifo/Always163_9  Scope: \tb_pcie_axi_dma(TB_SCENARIO=2,FIFO_DEPTH=64,BATCH_COUNT=4,BATCH_TIMEOUT=64,SINK_STALL_EN=1'b1,SINK_STALL_PERIOD=4,SINK_STALL_READY=1) .dut.u_fifo  File: /get/work/krishna.vardhan/git_trees/mtp_pcie_axi/pcie_axi_dma_latency/design/rtl/axis_fifo.sv Line: 165
Warning: [axis_fifo] FIFO full (depth=64) — upstream back-pressured at t=44715000
Time: 44715 ns  Iteration: 0  Process: /tb_pcie_axi_dma(TB_SCENARIO=2,FIFO_DEPTH=64,BATCH_COUNT=4,BATCH_TIMEOUT=64,SINK_STALL_EN=1'b1,SINK_STALL_PERIOD=4,SINK_STALL_READY=1)/dut/u_fifo/Always163_9  Scope: \tb_pcie_axi_dma(TB_SCENARIO=2,FIFO_DEPTH=64,BATCH_COUNT=4,BATCH_TIMEOUT=64,SINK_STALL_EN=1'b1,SINK_STALL_PERIOD=4,SINK_STALL_READY=1) .dut.u_fifo  File: /get/work/krishna.vardhan/git_trees/mtp_pcie_axi/pcie_axi_dma_latency/design/rtl/axis_fifo.sv Line: 165
Warning: [axis_fifo] FIFO full (depth=64) — upstream back-pressured at t=44725000
Time: 44725 ns  Iteration: 0  Process: /tb_pcie_axi_dma(TB_SCENARIO=2,FIFO_DEPTH=64,BATCH_COUNT=4,BATCH_TIMEOUT=64,SINK_STALL_EN=1'b1,SINK_STALL_PERIOD=4,SINK_STALL_READY=1)/dut/u_fifo/Always163_9  Scope: \tb_pcie_axi_dma(TB_SCENARIO=2,FIFO_DEPTH=64,BATCH_COUNT=4,BATCH_TIMEOUT=64,SINK_STALL_EN=1'b1,SINK_STALL_PERIOD=4,SINK_STALL_READY=1) .dut.u_fifo  File: /get/work/krishna.vardhan/git_trees/mtp_pcie_axi/pcie_axi_dma_latency/design/rtl/axis_fifo.sv Line: 165
Warning: [axis_fifo] FIFO full (depth=64) — upstream back-pressured at t=44735000
Time: 44735 ns  Iteration: 0  Process: /tb_pcie_axi_dma(TB_SCENARIO=2,FIFO_DEPTH=64,BATCH_COUNT=4,BATCH_TIMEOUT=64,SINK_STALL_EN=1'b1,SINK_STALL_PERIOD=4,SINK_STALL_READY=1)/dut/u_fifo/Always163_9  Scope: \tb_pcie_axi_dma(TB_SCENARIO=2,FIFO_DEPTH=64,BATCH_COUNT=4,BATCH_TIMEOUT=64,SINK_STALL_EN=1'b1,SINK_STALL_PERIOD=4,SINK_STALL_READY=1) .dut.u_fifo  File: /get/work/krishna.vardhan/git_trees/mtp_pcie_axi/pcie_axi_dma_latency/design/rtl/axis_fifo.sv Line: 165
Warning: [axis_fifo] FIFO full (depth=64) — upstream back-pressured at t=44755000
Time: 44755 ns  Iteration: 0  Process: /tb_pcie_axi_dma(TB_SCENARIO=2,FIFO_DEPTH=64,BATCH_COUNT=4,BATCH_TIMEOUT=64,SINK_STALL_EN=1'b1,SINK_STALL_PERIOD=4,SINK_STALL_READY=1)/dut/u_fifo/Always163_9  Scope: \tb_pcie_axi_dma(TB_SCENARIO=2,FIFO_DEPTH=64,BATCH_COUNT=4,BATCH_TIMEOUT=64,SINK_STALL_EN=1'b1,SINK_STALL_PERIOD=4,SINK_STALL_READY=1) .dut.u_fifo  File: /get/work/krishna.vardhan/git_trees/mtp_pcie_axi/pcie_axi_dma_latency/design/rtl/axis_fifo.sv Line: 165
Warning: [axis_fifo] FIFO full (depth=64) — upstream back-pressured at t=44765000
Time: 44765 ns  Iteration: 0  Process: /tb_pcie_axi_dma(TB_SCENARIO=2,FIFO_DEPTH=64,BATCH_COUNT=4,BATCH_TIMEOUT=64,SINK_STALL_EN=1'b1,SINK_STALL_PERIOD=4,SINK_STALL_READY=1)/dut/u_fifo/Always163_9  Scope: \tb_pcie_axi_dma(TB_SCENARIO=2,FIFO_DEPTH=64,BATCH_COUNT=4,BATCH_TIMEOUT=64,SINK_STALL_EN=1'b1,SINK_STALL_PERIOD=4,SINK_STALL_READY=1) .dut.u_fifo  File: /get/work/krishna.vardhan/git_trees/mtp_pcie_axi/pcie_axi_dma_latency/design/rtl/axis_fifo.sv Line: 165
Warning: [axis_fifo] FIFO full (depth=64) — upstream back-pressured at t=44775000
Time: 44775 ns  Iteration: 0  Process: /tb_pcie_axi_dma(TB_SCENARIO=2,FIFO_DEPTH=64,BATCH_COUNT=4,BATCH_TIMEOUT=64,SINK_STALL_EN=1'b1,SINK_STALL_PERIOD=4,SINK_STALL_READY=1)/dut/u_fifo/Always163_9  Scope: \tb_pcie_axi_dma(TB_SCENARIO=2,FIFO_DEPTH=64,BATCH_COUNT=4,BATCH_TIMEOUT=64,SINK_STALL_EN=1'b1,SINK_STALL_PERIOD=4,SINK_STALL_READY=1) .dut.u_fifo  File: /get/work/krishna.vardhan/git_trees/mtp_pcie_axi/pcie_axi_dma_latency/design/rtl/axis_fifo.sv Line: 165
Warning: [axis_fifo] FIFO full (depth=64) — upstream back-pressured at t=44795000
Time: 44795 ns  Iteration: 0  Process: /tb_pcie_axi_dma(TB_SCENARIO=2,FIFO_DEPTH=64,BATCH_COUNT=4,BATCH_TIMEOUT=64,SINK_STALL_EN=1'b1,SINK_STALL_PERIOD=4,SINK_STALL_READY=1)/dut/u_fifo/Always163_9  Scope: \tb_pcie_axi_dma(TB_SCENARIO=2,FIFO_DEPTH=64,BATCH_COUNT=4,BATCH_TIMEOUT=64,SINK_STALL_EN=1'b1,SINK_STALL_PERIOD=4,SINK_STALL_READY=1) .dut.u_fifo  File: /get/work/krishna.vardhan/git_trees/mtp_pcie_axi/pcie_axi_dma_latency/design/rtl/axis_fifo.sv Line: 165
Warning: [axis_fifo] FIFO full (depth=64) — upstream back-pressured at t=44805000
Time: 44805 ns  Iteration: 0  Process: /tb_pcie_axi_dma(TB_SCENARIO=2,FIFO_DEPTH=64,BATCH_COUNT=4,BATCH_TIMEOUT=64,SINK_STALL_EN=1'b1,SINK_STALL_PERIOD=4,SINK_STALL_READY=1)/dut/u_fifo/Always163_9  Scope: \tb_pcie_axi_dma(TB_SCENARIO=2,FIFO_DEPTH=64,BATCH_COUNT=4,BATCH_TIMEOUT=64,SINK_STALL_EN=1'b1,SINK_STALL_PERIOD=4,SINK_STALL_READY=1) .dut.u_fifo  File: /get/work/krishna.vardhan/git_trees/mtp_pcie_axi/pcie_axi_dma_latency/design/rtl/axis_fifo.sv Line: 165
Warning: [axis_fifo] FIFO full (depth=64) — upstream back-pressured at t=44815000
Time: 44815 ns  Iteration: 0  Process: /tb_pcie_axi_dma(TB_SCENARIO=2,FIFO_DEPTH=64,BATCH_COUNT=4,BATCH_TIMEOUT=64,SINK_STALL_EN=1'b1,SINK_STALL_PERIOD=4,SINK_STALL_READY=1)/dut/u_fifo/Always163_9  Scope: \tb_pcie_axi_dma(TB_SCENARIO=2,FIFO_DEPTH=64,BATCH_COUNT=4,BATCH_TIMEOUT=64,SINK_STALL_EN=1'b1,SINK_STALL_PERIOD=4,SINK_STALL_READY=1) .dut.u_fifo  File: /get/work/krishna.vardhan/git_trees/mtp_pcie_axi/pcie_axi_dma_latency/design/rtl/axis_fifo.sv Line: 165
Warning: [axis_fifo] FIFO full (depth=64) — upstream back-pressured at t=44835000
Time: 44835 ns  Iteration: 0  Process: /tb_pcie_axi_dma(TB_SCENARIO=2,FIFO_DEPTH=64,BATCH_COUNT=4,BATCH_TIMEOUT=64,SINK_STALL_EN=1'b1,SINK_STALL_PERIOD=4,SINK_STALL_READY=1)/dut/u_fifo/Always163_9  Scope: \tb_pcie_axi_dma(TB_SCENARIO=2,FIFO_DEPTH=64,BATCH_COUNT=4,BATCH_TIMEOUT=64,SINK_STALL_EN=1'b1,SINK_STALL_PERIOD=4,SINK_STALL_READY=1) .dut.u_fifo  File: /get/work/krishna.vardhan/git_trees/mtp_pcie_axi/pcie_axi_dma_latency/design/rtl/axis_fifo.sv Line: 165
Warning: [axis_fifo] FIFO full (depth=64) — upstream back-pressured at t=44845000
Time: 44845 ns  Iteration: 0  Process: /tb_pcie_axi_dma(TB_SCENARIO=2,FIFO_DEPTH=64,BATCH_COUNT=4,BATCH_TIMEOUT=64,SINK_STALL_EN=1'b1,SINK_STALL_PERIOD=4,SINK_STALL_READY=1)/dut/u_fifo/Always163_9  Scope: \tb_pcie_axi_dma(TB_SCENARIO=2,FIFO_DEPTH=64,BATCH_COUNT=4,BATCH_TIMEOUT=64,SINK_STALL_EN=1'b1,SINK_STALL_PERIOD=4,SINK_STALL_READY=1) .dut.u_fifo  File: /get/work/krishna.vardhan/git_trees/mtp_pcie_axi/pcie_axi_dma_latency/design/rtl/axis_fifo.sv Line: 165
Warning: [axis_fifo] FIFO full (depth=64) — upstream back-pressured at t=44855000
Time: 44855 ns  Iteration: 0  Process: /tb_pcie_axi_dma(TB_SCENARIO=2,FIFO_DEPTH=64,BATCH_COUNT=4,BATCH_TIMEOUT=64,SINK_STALL_EN=1'b1,SINK_STALL_PERIOD=4,SINK_STALL_READY=1)/dut/u_fifo/Always163_9  Scope: \tb_pcie_axi_dma(TB_SCENARIO=2,FIFO_DEPTH=64,BATCH_COUNT=4,BATCH_TIMEOUT=64,SINK_STALL_EN=1'b1,SINK_STALL_PERIOD=4,SINK_STALL_READY=1) .dut.u_fifo  File: /get/work/krishna.vardhan/git_trees/mtp_pcie_axi/pcie_axi_dma_latency/design/rtl/axis_fifo.sv Line: 165
Warning: [axis_fifo] FIFO full (depth=64) — upstream back-pressured at t=44875000
Time: 44875 ns  Iteration: 0  Process: /tb_pcie_axi_dma(TB_SCENARIO=2,FIFO_DEPTH=64,BATCH_COUNT=4,BATCH_TIMEOUT=64,SINK_STALL_EN=1'b1,SINK_STALL_PERIOD=4,SINK_STALL_READY=1)/dut/u_fifo/Always163_9  Scope: \tb_pcie_axi_dma(TB_SCENARIO=2,FIFO_DEPTH=64,BATCH_COUNT=4,BATCH_TIMEOUT=64,SINK_STALL_EN=1'b1,SINK_STALL_PERIOD=4,SINK_STALL_READY=1) .dut.u_fifo  File: /get/work/krishna.vardhan/git_trees/mtp_pcie_axi/pcie_axi_dma_latency/design/rtl/axis_fifo.sv Line: 165
Warning: [axis_fifo] FIFO full (depth=64) — upstream back-pressured at t=44885000
Time: 44885 ns  Iteration: 0  Process: /tb_pcie_axi_dma(TB_SCENARIO=2,FIFO_DEPTH=64,BATCH_COUNT=4,BATCH_TIMEOUT=64,SINK_STALL_EN=1'b1,SINK_STALL_PERIOD=4,SINK_STALL_READY=1)/dut/u_fifo/Always163_9  Scope: \tb_pcie_axi_dma(TB_SCENARIO=2,FIFO_DEPTH=64,BATCH_COUNT=4,BATCH_TIMEOUT=64,SINK_STALL_EN=1'b1,SINK_STALL_PERIOD=4,SINK_STALL_READY=1) .dut.u_fifo  File: /get/work/krishna.vardhan/git_trees/mtp_pcie_axi/pcie_axi_dma_latency/design/rtl/axis_fifo.sv Line: 165
Warning: [axis_fifo] FIFO full (depth=64) — upstream back-pressured at t=44895000
Time: 44895 ns  Iteration: 0  Process: /tb_pcie_axi_dma(TB_SCENARIO=2,FIFO_DEPTH=64,BATCH_COUNT=4,BATCH_TIMEOUT=64,SINK_STALL_EN=1'b1,SINK_STALL_PERIOD=4,SINK_STALL_READY=1)/dut/u_fifo/Always163_9  Scope: \tb_pcie_axi_dma(TB_SCENARIO=2,FIFO_DEPTH=64,BATCH_COUNT=4,BATCH_TIMEOUT=64,SINK_STALL_EN=1'b1,SINK_STALL_PERIOD=4,SINK_STALL_READY=1) .dut.u_fifo  File: /get/work/krishna.vardhan/git_trees/mtp_pcie_axi/pcie_axi_dma_latency/design/rtl/axis_fifo.sv Line: 165
Warning: [axis_fifo] FIFO full (depth=64) — upstream back-pressured at t=44915000
Time: 44915 ns  Iteration: 0  Process: /tb_pcie_axi_dma(TB_SCENARIO=2,FIFO_DEPTH=64,BATCH_COUNT=4,BATCH_TIMEOUT=64,SINK_STALL_EN=1'b1,SINK_STALL_PERIOD=4,SINK_STALL_READY=1)/dut/u_fifo/Always163_9  Scope: \tb_pcie_axi_dma(TB_SCENARIO=2,FIFO_DEPTH=64,BATCH_COUNT=4,BATCH_TIMEOUT=64,SINK_STALL_EN=1'b1,SINK_STALL_PERIOD=4,SINK_STALL_READY=1) .dut.u_fifo  File: /get/work/krishna.vardhan/git_trees/mtp_pcie_axi/pcie_axi_dma_latency/design/rtl/axis_fifo.sv Line: 165
Warning: [axis_fifo] FIFO full (depth=64) — upstream back-pressured at t=44925000
Time: 44925 ns  Iteration: 0  Process: /tb_pcie_axi_dma(TB_SCENARIO=2,FIFO_DEPTH=64,BATCH_COUNT=4,BATCH_TIMEOUT=64,SINK_STALL_EN=1'b1,SINK_STALL_PERIOD=4,SINK_STALL_READY=1)/dut/u_fifo/Always163_9  Scope: \tb_pcie_axi_dma(TB_SCENARIO=2,FIFO_DEPTH=64,BATCH_COUNT=4,BATCH_TIMEOUT=64,SINK_STALL_EN=1'b1,SINK_STALL_PERIOD=4,SINK_STALL_READY=1) .dut.u_fifo  File: /get/work/krishna.vardhan/git_trees/mtp_pcie_axi/pcie_axi_dma_latency/design/rtl/axis_fifo.sv Line: 165
Warning: [axis_fifo] FIFO full (depth=64) — upstream back-pressured at t=44935000
Time: 44935 ns  Iteration: 0  Process: /tb_pcie_axi_dma(TB_SCENARIO=2,FIFO_DEPTH=64,BATCH_COUNT=4,BATCH_TIMEOUT=64,SINK_STALL_EN=1'b1,SINK_STALL_PERIOD=4,SINK_STALL_READY=1)/dut/u_fifo/Always163_9  Scope: \tb_pcie_axi_dma(TB_SCENARIO=2,FIFO_DEPTH=64,BATCH_COUNT=4,BATCH_TIMEOUT=64,SINK_STALL_EN=1'b1,SINK_STALL_PERIOD=4,SINK_STALL_READY=1) .dut.u_fifo  File: /get/work/krishna.vardhan/git_trees/mtp_pcie_axi/pcie_axi_dma_latency/design/rtl/axis_fifo.sv Line: 165
Warning: [axis_fifo] FIFO full (depth=64) — upstream back-pressured at t=44955000
Time: 44955 ns  Iteration: 0  Process: /tb_pcie_axi_dma(TB_SCENARIO=2,FIFO_DEPTH=64,BATCH_COUNT=4,BATCH_TIMEOUT=64,SINK_STALL_EN=1'b1,SINK_STALL_PERIOD=4,SINK_STALL_READY=1)/dut/u_fifo/Always163_9  Scope: \tb_pcie_axi_dma(TB_SCENARIO=2,FIFO_DEPTH=64,BATCH_COUNT=4,BATCH_TIMEOUT=64,SINK_STALL_EN=1'b1,SINK_STALL_PERIOD=4,SINK_STALL_READY=1) .dut.u_fifo  File: /get/work/krishna.vardhan/git_trees/mtp_pcie_axi/pcie_axi_dma_latency/design/rtl/axis_fifo.sv Line: 165
Warning: [axis_fifo] FIFO full (depth=64) — upstream back-pressured at t=44965000
Time: 44965 ns  Iteration: 0  Process: /tb_pcie_axi_dma(TB_SCENARIO=2,FIFO_DEPTH=64,BATCH_COUNT=4,BATCH_TIMEOUT=64,SINK_STALL_EN=1'b1,SINK_STALL_PERIOD=4,SINK_STALL_READY=1)/dut/u_fifo/Always163_9  Scope: \tb_pcie_axi_dma(TB_SCENARIO=2,FIFO_DEPTH=64,BATCH_COUNT=4,BATCH_TIMEOUT=64,SINK_STALL_EN=1'b1,SINK_STALL_PERIOD=4,SINK_STALL_READY=1) .dut.u_fifo  File: /get/work/krishna.vardhan/git_trees/mtp_pcie_axi/pcie_axi_dma_latency/design/rtl/axis_fifo.sv Line: 165
Warning: [axis_fifo] FIFO full (depth=64) — upstream back-pressured at t=44975000
Time: 44975 ns  Iteration: 0  Process: /tb_pcie_axi_dma(TB_SCENARIO=2,FIFO_DEPTH=64,BATCH_COUNT=4,BATCH_TIMEOUT=64,SINK_STALL_EN=1'b1,SINK_STALL_PERIOD=4,SINK_STALL_READY=1)/dut/u_fifo/Always163_9  Scope: \tb_pcie_axi_dma(TB_SCENARIO=2,FIFO_DEPTH=64,BATCH_COUNT=4,BATCH_TIMEOUT=64,SINK_STALL_EN=1'b1,SINK_STALL_PERIOD=4,SINK_STALL_READY=1) .dut.u_fifo  File: /get/work/krishna.vardhan/git_trees/mtp_pcie_axi/pcie_axi_dma_latency/design/rtl/axis_fifo.sv Line: 165
Warning: [axis_fifo] FIFO full (depth=64) — upstream back-pressured at t=44995000
Time: 44995 ns  Iteration: 0  Process: /tb_pcie_axi_dma(TB_SCENARIO=2,FIFO_DEPTH=64,BATCH_COUNT=4,BATCH_TIMEOUT=64,SINK_STALL_EN=1'b1,SINK_STALL_PERIOD=4,SINK_STALL_READY=1)/dut/u_fifo/Always163_9  Scope: \tb_pcie_axi_dma(TB_SCENARIO=2,FIFO_DEPTH=64,BATCH_COUNT=4,BATCH_TIMEOUT=64,SINK_STALL_EN=1'b1,SINK_STALL_PERIOD=4,SINK_STALL_READY=1) .dut.u_fifo  File: /get/work/krishna.vardhan/git_trees/mtp_pcie_axi/pcie_axi_dma_latency/design/rtl/axis_fifo.sv Line: 165
Warning: [axis_fifo] FIFO full (depth=64) — upstream back-pressured at t=45005000
Time: 45005 ns  Iteration: 0  Process: /tb_pcie_axi_dma(TB_SCENARIO=2,FIFO_DEPTH=64,BATCH_COUNT=4,BATCH_TIMEOUT=64,SINK_STALL_EN=1'b1,SINK_STALL_PERIOD=4,SINK_STALL_READY=1)/dut/u_fifo/Always163_9  Scope: \tb_pcie_axi_dma(TB_SCENARIO=2,FIFO_DEPTH=64,BATCH_COUNT=4,BATCH_TIMEOUT=64,SINK_STALL_EN=1'b1,SINK_STALL_PERIOD=4,SINK_STALL_READY=1) .dut.u_fifo  File: /get/work/krishna.vardhan/git_trees/mtp_pcie_axi/pcie_axi_dma_latency/design/rtl/axis_fifo.sv Line: 165
Warning: [axis_fifo] FIFO full (depth=64) — upstream back-pressured at t=45015000
Time: 45015 ns  Iteration: 0  Process: /tb_pcie_axi_dma(TB_SCENARIO=2,FIFO_DEPTH=64,BATCH_COUNT=4,BATCH_TIMEOUT=64,SINK_STALL_EN=1'b1,SINK_STALL_PERIOD=4,SINK_STALL_READY=1)/dut/u_fifo/Always163_9  Scope: \tb_pcie_axi_dma(TB_SCENARIO=2,FIFO_DEPTH=64,BATCH_COUNT=4,BATCH_TIMEOUT=64,SINK_STALL_EN=1'b1,SINK_STALL_PERIOD=4,SINK_STALL_READY=1) .dut.u_fifo  File: /get/work/krishna.vardhan/git_trees/mtp_pcie_axi/pcie_axi_dma_latency/design/rtl/axis_fifo.sv Line: 165
Warning: [axis_fifo] FIFO full (depth=64) — upstream back-pressured at t=45035000
Time: 45035 ns  Iteration: 0  Process: /tb_pcie_axi_dma(TB_SCENARIO=2,FIFO_DEPTH=64,BATCH_COUNT=4,BATCH_TIMEOUT=64,SINK_STALL_EN=1'b1,SINK_STALL_PERIOD=4,SINK_STALL_READY=1)/dut/u_fifo/Always163_9  Scope: \tb_pcie_axi_dma(TB_SCENARIO=2,FIFO_DEPTH=64,BATCH_COUNT=4,BATCH_TIMEOUT=64,SINK_STALL_EN=1'b1,SINK_STALL_PERIOD=4,SINK_STALL_READY=1) .dut.u_fifo  File: /get/work/krishna.vardhan/git_trees/mtp_pcie_axi/pcie_axi_dma_latency/design/rtl/axis_fifo.sv Line: 165
Warning: [axis_fifo] FIFO full (depth=64) — upstream back-pressured at t=45045000
Time: 45045 ns  Iteration: 0  Process: /tb_pcie_axi_dma(TB_SCENARIO=2,FIFO_DEPTH=64,BATCH_COUNT=4,BATCH_TIMEOUT=64,SINK_STALL_EN=1'b1,SINK_STALL_PERIOD=4,SINK_STALL_READY=1)/dut/u_fifo/Always163_9  Scope: \tb_pcie_axi_dma(TB_SCENARIO=2,FIFO_DEPTH=64,BATCH_COUNT=4,BATCH_TIMEOUT=64,SINK_STALL_EN=1'b1,SINK_STALL_PERIOD=4,SINK_STALL_READY=1) .dut.u_fifo  File: /get/work/krishna.vardhan/git_trees/mtp_pcie_axi/pcie_axi_dma_latency/design/rtl/axis_fifo.sv Line: 165
Warning: [axis_fifo] FIFO full (depth=64) — upstream back-pressured at t=45055000
Time: 45055 ns  Iteration: 0  Process: /tb_pcie_axi_dma(TB_SCENARIO=2,FIFO_DEPTH=64,BATCH_COUNT=4,BATCH_TIMEOUT=64,SINK_STALL_EN=1'b1,SINK_STALL_PERIOD=4,SINK_STALL_READY=1)/dut/u_fifo/Always163_9  Scope: \tb_pcie_axi_dma(TB_SCENARIO=2,FIFO_DEPTH=64,BATCH_COUNT=4,BATCH_TIMEOUT=64,SINK_STALL_EN=1'b1,SINK_STALL_PERIOD=4,SINK_STALL_READY=1) .dut.u_fifo  File: /get/work/krishna.vardhan/git_trees/mtp_pcie_axi/pcie_axi_dma_latency/design/rtl/axis_fifo.sv Line: 165
Warning: [axis_fifo] FIFO full (depth=64) — upstream back-pressured at t=45075000
Time: 45075 ns  Iteration: 0  Process: /tb_pcie_axi_dma(TB_SCENARIO=2,FIFO_DEPTH=64,BATCH_COUNT=4,BATCH_TIMEOUT=64,SINK_STALL_EN=1'b1,SINK_STALL_PERIOD=4,SINK_STALL_READY=1)/dut/u_fifo/Always163_9  Scope: \tb_pcie_axi_dma(TB_SCENARIO=2,FIFO_DEPTH=64,BATCH_COUNT=4,BATCH_TIMEOUT=64,SINK_STALL_EN=1'b1,SINK_STALL_PERIOD=4,SINK_STALL_READY=1) .dut.u_fifo  File: /get/work/krishna.vardhan/git_trees/mtp_pcie_axi/pcie_axi_dma_latency/design/rtl/axis_fifo.sv Line: 165
Warning: [axis_fifo] FIFO full (depth=64) — upstream back-pressured at t=45085000
Time: 45085 ns  Iteration: 0  Process: /tb_pcie_axi_dma(TB_SCENARIO=2,FIFO_DEPTH=64,BATCH_COUNT=4,BATCH_TIMEOUT=64,SINK_STALL_EN=1'b1,SINK_STALL_PERIOD=4,SINK_STALL_READY=1)/dut/u_fifo/Always163_9  Scope: \tb_pcie_axi_dma(TB_SCENARIO=2,FIFO_DEPTH=64,BATCH_COUNT=4,BATCH_TIMEOUT=64,SINK_STALL_EN=1'b1,SINK_STALL_PERIOD=4,SINK_STALL_READY=1) .dut.u_fifo  File: /get/work/krishna.vardhan/git_trees/mtp_pcie_axi/pcie_axi_dma_latency/design/rtl/axis_fifo.sv Line: 165
Warning: [axis_fifo] FIFO full (depth=64) — upstream back-pressured at t=45095000
Time: 45095 ns  Iteration: 0  Process: /tb_pcie_axi_dma(TB_SCENARIO=2,FIFO_DEPTH=64,BATCH_COUNT=4,BATCH_TIMEOUT=64,SINK_STALL_EN=1'b1,SINK_STALL_PERIOD=4,SINK_STALL_READY=1)/dut/u_fifo/Always163_9  Scope: \tb_pcie_axi_dma(TB_SCENARIO=2,FIFO_DEPTH=64,BATCH_COUNT=4,BATCH_TIMEOUT=64,SINK_STALL_EN=1'b1,SINK_STALL_PERIOD=4,SINK_STALL_READY=1) .dut.u_fifo  File: /get/work/krishna.vardhan/git_trees/mtp_pcie_axi/pcie_axi_dma_latency/design/rtl/axis_fifo.sv Line: 165
Warning: [axis_fifo] FIFO full (depth=64) — upstream back-pressured at t=45115000
Time: 45115 ns  Iteration: 0  Process: /tb_pcie_axi_dma(TB_SCENARIO=2,FIFO_DEPTH=64,BATCH_COUNT=4,BATCH_TIMEOUT=64,SINK_STALL_EN=1'b1,SINK_STALL_PERIOD=4,SINK_STALL_READY=1)/dut/u_fifo/Always163_9  Scope: \tb_pcie_axi_dma(TB_SCENARIO=2,FIFO_DEPTH=64,BATCH_COUNT=4,BATCH_TIMEOUT=64,SINK_STALL_EN=1'b1,SINK_STALL_PERIOD=4,SINK_STALL_READY=1) .dut.u_fifo  File: /get/work/krishna.vardhan/git_trees/mtp_pcie_axi/pcie_axi_dma_latency/design/rtl/axis_fifo.sv Line: 165
Warning: [axis_fifo] FIFO full (depth=64) — upstream back-pressured at t=45125000
Time: 45125 ns  Iteration: 0  Process: /tb_pcie_axi_dma(TB_SCENARIO=2,FIFO_DEPTH=64,BATCH_COUNT=4,BATCH_TIMEOUT=64,SINK_STALL_EN=1'b1,SINK_STALL_PERIOD=4,SINK_STALL_READY=1)/dut/u_fifo/Always163_9  Scope: \tb_pcie_axi_dma(TB_SCENARIO=2,FIFO_DEPTH=64,BATCH_COUNT=4,BATCH_TIMEOUT=64,SINK_STALL_EN=1'b1,SINK_STALL_PERIOD=4,SINK_STALL_READY=1) .dut.u_fifo  File: /get/work/krishna.vardhan/git_trees/mtp_pcie_axi/pcie_axi_dma_latency/design/rtl/axis_fifo.sv Line: 165
Warning: [axis_fifo] FIFO full (depth=64) — upstream back-pressured at t=45135000
Time: 45135 ns  Iteration: 0  Process: /tb_pcie_axi_dma(TB_SCENARIO=2,FIFO_DEPTH=64,BATCH_COUNT=4,BATCH_TIMEOUT=64,SINK_STALL_EN=1'b1,SINK_STALL_PERIOD=4,SINK_STALL_READY=1)/dut/u_fifo/Always163_9  Scope: \tb_pcie_axi_dma(TB_SCENARIO=2,FIFO_DEPTH=64,BATCH_COUNT=4,BATCH_TIMEOUT=64,SINK_STALL_EN=1'b1,SINK_STALL_PERIOD=4,SINK_STALL_READY=1) .dut.u_fifo  File: /get/work/krishna.vardhan/git_trees/mtp_pcie_axi/pcie_axi_dma_latency/design/rtl/axis_fifo.sv Line: 165
Warning: [axis_fifo] FIFO full (depth=64) — upstream back-pressured at t=45155000
Time: 45155 ns  Iteration: 0  Process: /tb_pcie_axi_dma(TB_SCENARIO=2,FIFO_DEPTH=64,BATCH_COUNT=4,BATCH_TIMEOUT=64,SINK_STALL_EN=1'b1,SINK_STALL_PERIOD=4,SINK_STALL_READY=1)/dut/u_fifo/Always163_9  Scope: \tb_pcie_axi_dma(TB_SCENARIO=2,FIFO_DEPTH=64,BATCH_COUNT=4,BATCH_TIMEOUT=64,SINK_STALL_EN=1'b1,SINK_STALL_PERIOD=4,SINK_STALL_READY=1) .dut.u_fifo  File: /get/work/krishna.vardhan/git_trees/mtp_pcie_axi/pcie_axi_dma_latency/design/rtl/axis_fifo.sv Line: 165
Warning: [axis_fifo] FIFO full (depth=64) — upstream back-pressured at t=45165000
Time: 45165 ns  Iteration: 0  Process: /tb_pcie_axi_dma(TB_SCENARIO=2,FIFO_DEPTH=64,BATCH_COUNT=4,BATCH_TIMEOUT=64,SINK_STALL_EN=1'b1,SINK_STALL_PERIOD=4,SINK_STALL_READY=1)/dut/u_fifo/Always163_9  Scope: \tb_pcie_axi_dma(TB_SCENARIO=2,FIFO_DEPTH=64,BATCH_COUNT=4,BATCH_TIMEOUT=64,SINK_STALL_EN=1'b1,SINK_STALL_PERIOD=4,SINK_STALL_READY=1) .dut.u_fifo  File: /get/work/krishna.vardhan/git_trees/mtp_pcie_axi/pcie_axi_dma_latency/design/rtl/axis_fifo.sv Line: 165
Warning: [axis_fifo] FIFO full (depth=64) — upstream back-pressured at t=45175000
Time: 45175 ns  Iteration: 0  Process: /tb_pcie_axi_dma(TB_SCENARIO=2,FIFO_DEPTH=64,BATCH_COUNT=4,BATCH_TIMEOUT=64,SINK_STALL_EN=1'b1,SINK_STALL_PERIOD=4,SINK_STALL_READY=1)/dut/u_fifo/Always163_9  Scope: \tb_pcie_axi_dma(TB_SCENARIO=2,FIFO_DEPTH=64,BATCH_COUNT=4,BATCH_TIMEOUT=64,SINK_STALL_EN=1'b1,SINK_STALL_PERIOD=4,SINK_STALL_READY=1) .dut.u_fifo  File: /get/work/krishna.vardhan/git_trees/mtp_pcie_axi/pcie_axi_dma_latency/design/rtl/axis_fifo.sv Line: 165
Warning: [axis_fifo] FIFO full (depth=64) — upstream back-pressured at t=45195000
Time: 45195 ns  Iteration: 0  Process: /tb_pcie_axi_dma(TB_SCENARIO=2,FIFO_DEPTH=64,BATCH_COUNT=4,BATCH_TIMEOUT=64,SINK_STALL_EN=1'b1,SINK_STALL_PERIOD=4,SINK_STALL_READY=1)/dut/u_fifo/Always163_9  Scope: \tb_pcie_axi_dma(TB_SCENARIO=2,FIFO_DEPTH=64,BATCH_COUNT=4,BATCH_TIMEOUT=64,SINK_STALL_EN=1'b1,SINK_STALL_PERIOD=4,SINK_STALL_READY=1) .dut.u_fifo  File: /get/work/krishna.vardhan/git_trees/mtp_pcie_axi/pcie_axi_dma_latency/design/rtl/axis_fifo.sv Line: 165
Warning: [axis_fifo] FIFO full (depth=64) — upstream back-pressured at t=45205000
Time: 45205 ns  Iteration: 0  Process: /tb_pcie_axi_dma(TB_SCENARIO=2,FIFO_DEPTH=64,BATCH_COUNT=4,BATCH_TIMEOUT=64,SINK_STALL_EN=1'b1,SINK_STALL_PERIOD=4,SINK_STALL_READY=1)/dut/u_fifo/Always163_9  Scope: \tb_pcie_axi_dma(TB_SCENARIO=2,FIFO_DEPTH=64,BATCH_COUNT=4,BATCH_TIMEOUT=64,SINK_STALL_EN=1'b1,SINK_STALL_PERIOD=4,SINK_STALL_READY=1) .dut.u_fifo  File: /get/work/krishna.vardhan/git_trees/mtp_pcie_axi/pcie_axi_dma_latency/design/rtl/axis_fifo.sv Line: 165
Warning: [axis_fifo] FIFO full (depth=64) — upstream back-pressured at t=45215000
Time: 45215 ns  Iteration: 0  Process: /tb_pcie_axi_dma(TB_SCENARIO=2,FIFO_DEPTH=64,BATCH_COUNT=4,BATCH_TIMEOUT=64,SINK_STALL_EN=1'b1,SINK_STALL_PERIOD=4,SINK_STALL_READY=1)/dut/u_fifo/Always163_9  Scope: \tb_pcie_axi_dma(TB_SCENARIO=2,FIFO_DEPTH=64,BATCH_COUNT=4,BATCH_TIMEOUT=64,SINK_STALL_EN=1'b1,SINK_STALL_PERIOD=4,SINK_STALL_READY=1) .dut.u_fifo  File: /get/work/krishna.vardhan/git_trees/mtp_pcie_axi/pcie_axi_dma_latency/design/rtl/axis_fifo.sv Line: 165
Warning: [axis_fifo] FIFO full (depth=64) — upstream back-pressured at t=45235000
Time: 45235 ns  Iteration: 0  Process: /tb_pcie_axi_dma(TB_SCENARIO=2,FIFO_DEPTH=64,BATCH_COUNT=4,BATCH_TIMEOUT=64,SINK_STALL_EN=1'b1,SINK_STALL_PERIOD=4,SINK_STALL_READY=1)/dut/u_fifo/Always163_9  Scope: \tb_pcie_axi_dma(TB_SCENARIO=2,FIFO_DEPTH=64,BATCH_COUNT=4,BATCH_TIMEOUT=64,SINK_STALL_EN=1'b1,SINK_STALL_PERIOD=4,SINK_STALL_READY=1) .dut.u_fifo  File: /get/work/krishna.vardhan/git_trees/mtp_pcie_axi/pcie_axi_dma_latency/design/rtl/axis_fifo.sv Line: 165
Warning: [axis_fifo] FIFO full (depth=64) — upstream back-pressured at t=45245000
Time: 45245 ns  Iteration: 0  Process: /tb_pcie_axi_dma(TB_SCENARIO=2,FIFO_DEPTH=64,BATCH_COUNT=4,BATCH_TIMEOUT=64,SINK_STALL_EN=1'b1,SINK_STALL_PERIOD=4,SINK_STALL_READY=1)/dut/u_fifo/Always163_9  Scope: \tb_pcie_axi_dma(TB_SCENARIO=2,FIFO_DEPTH=64,BATCH_COUNT=4,BATCH_TIMEOUT=64,SINK_STALL_EN=1'b1,SINK_STALL_PERIOD=4,SINK_STALL_READY=1) .dut.u_fifo  File: /get/work/krishna.vardhan/git_trees/mtp_pcie_axi/pcie_axi_dma_latency/design/rtl/axis_fifo.sv Line: 165
Warning: [axis_fifo] FIFO full (depth=64) — upstream back-pressured at t=45255000
Time: 45255 ns  Iteration: 0  Process: /tb_pcie_axi_dma(TB_SCENARIO=2,FIFO_DEPTH=64,BATCH_COUNT=4,BATCH_TIMEOUT=64,SINK_STALL_EN=1'b1,SINK_STALL_PERIOD=4,SINK_STALL_READY=1)/dut/u_fifo/Always163_9  Scope: \tb_pcie_axi_dma(TB_SCENARIO=2,FIFO_DEPTH=64,BATCH_COUNT=4,BATCH_TIMEOUT=64,SINK_STALL_EN=1'b1,SINK_STALL_PERIOD=4,SINK_STALL_READY=1) .dut.u_fifo  File: /get/work/krishna.vardhan/git_trees/mtp_pcie_axi/pcie_axi_dma_latency/design/rtl/axis_fifo.sv Line: 165
Warning: [axis_fifo] FIFO full (depth=64) — upstream back-pressured at t=45275000
Time: 45275 ns  Iteration: 0  Process: /tb_pcie_axi_dma(TB_SCENARIO=2,FIFO_DEPTH=64,BATCH_COUNT=4,BATCH_TIMEOUT=64,SINK_STALL_EN=1'b1,SINK_STALL_PERIOD=4,SINK_STALL_READY=1)/dut/u_fifo/Always163_9  Scope: \tb_pcie_axi_dma(TB_SCENARIO=2,FIFO_DEPTH=64,BATCH_COUNT=4,BATCH_TIMEOUT=64,SINK_STALL_EN=1'b1,SINK_STALL_PERIOD=4,SINK_STALL_READY=1) .dut.u_fifo  File: /get/work/krishna.vardhan/git_trees/mtp_pcie_axi/pcie_axi_dma_latency/design/rtl/axis_fifo.sv Line: 165
Warning: [axis_fifo] FIFO full (depth=64) — upstream back-pressured at t=45285000
Time: 45285 ns  Iteration: 0  Process: /tb_pcie_axi_dma(TB_SCENARIO=2,FIFO_DEPTH=64,BATCH_COUNT=4,BATCH_TIMEOUT=64,SINK_STALL_EN=1'b1,SINK_STALL_PERIOD=4,SINK_STALL_READY=1)/dut/u_fifo/Always163_9  Scope: \tb_pcie_axi_dma(TB_SCENARIO=2,FIFO_DEPTH=64,BATCH_COUNT=4,BATCH_TIMEOUT=64,SINK_STALL_EN=1'b1,SINK_STALL_PERIOD=4,SINK_STALL_READY=1) .dut.u_fifo  File: /get/work/krishna.vardhan/git_trees/mtp_pcie_axi/pcie_axi_dma_latency/design/rtl/axis_fifo.sv Line: 165
Warning: [axis_fifo] FIFO full (depth=64) — upstream back-pressured at t=45295000
Time: 45295 ns  Iteration: 0  Process: /tb_pcie_axi_dma(TB_SCENARIO=2,FIFO_DEPTH=64,BATCH_COUNT=4,BATCH_TIMEOUT=64,SINK_STALL_EN=1'b1,SINK_STALL_PERIOD=4,SINK_STALL_READY=1)/dut/u_fifo/Always163_9  Scope: \tb_pcie_axi_dma(TB_SCENARIO=2,FIFO_DEPTH=64,BATCH_COUNT=4,BATCH_TIMEOUT=64,SINK_STALL_EN=1'b1,SINK_STALL_PERIOD=4,SINK_STALL_READY=1) .dut.u_fifo  File: /get/work/krishna.vardhan/git_trees/mtp_pcie_axi/pcie_axi_dma_latency/design/rtl/axis_fifo.sv Line: 165
Warning: [axis_fifo] FIFO full (depth=64) — upstream back-pressured at t=45315000
Time: 45315 ns  Iteration: 0  Process: /tb_pcie_axi_dma(TB_SCENARIO=2,FIFO_DEPTH=64,BATCH_COUNT=4,BATCH_TIMEOUT=64,SINK_STALL_EN=1'b1,SINK_STALL_PERIOD=4,SINK_STALL_READY=1)/dut/u_fifo/Always163_9  Scope: \tb_pcie_axi_dma(TB_SCENARIO=2,FIFO_DEPTH=64,BATCH_COUNT=4,BATCH_TIMEOUT=64,SINK_STALL_EN=1'b1,SINK_STALL_PERIOD=4,SINK_STALL_READY=1) .dut.u_fifo  File: /get/work/krishna.vardhan/git_trees/mtp_pcie_axi/pcie_axi_dma_latency/design/rtl/axis_fifo.sv Line: 165
Warning: [axis_fifo] FIFO full (depth=64) — upstream back-pressured at t=45325000
Time: 45325 ns  Iteration: 0  Process: /tb_pcie_axi_dma(TB_SCENARIO=2,FIFO_DEPTH=64,BATCH_COUNT=4,BATCH_TIMEOUT=64,SINK_STALL_EN=1'b1,SINK_STALL_PERIOD=4,SINK_STALL_READY=1)/dut/u_fifo/Always163_9  Scope: \tb_pcie_axi_dma(TB_SCENARIO=2,FIFO_DEPTH=64,BATCH_COUNT=4,BATCH_TIMEOUT=64,SINK_STALL_EN=1'b1,SINK_STALL_PERIOD=4,SINK_STALL_READY=1) .dut.u_fifo  File: /get/work/krishna.vardhan/git_trees/mtp_pcie_axi/pcie_axi_dma_latency/design/rtl/axis_fifo.sv Line: 165
Warning: [axis_fifo] FIFO full (depth=64) — upstream back-pressured at t=45335000
Time: 45335 ns  Iteration: 0  Process: /tb_pcie_axi_dma(TB_SCENARIO=2,FIFO_DEPTH=64,BATCH_COUNT=4,BATCH_TIMEOUT=64,SINK_STALL_EN=1'b1,SINK_STALL_PERIOD=4,SINK_STALL_READY=1)/dut/u_fifo/Always163_9  Scope: \tb_pcie_axi_dma(TB_SCENARIO=2,FIFO_DEPTH=64,BATCH_COUNT=4,BATCH_TIMEOUT=64,SINK_STALL_EN=1'b1,SINK_STALL_PERIOD=4,SINK_STALL_READY=1) .dut.u_fifo  File: /get/work/krishna.vardhan/git_trees/mtp_pcie_axi/pcie_axi_dma_latency/design/rtl/axis_fifo.sv Line: 165
Warning: [axis_fifo] FIFO full (depth=64) — upstream back-pressured at t=45355000
Time: 45355 ns  Iteration: 0  Process: /tb_pcie_axi_dma(TB_SCENARIO=2,FIFO_DEPTH=64,BATCH_COUNT=4,BATCH_TIMEOUT=64,SINK_STALL_EN=1'b1,SINK_STALL_PERIOD=4,SINK_STALL_READY=1)/dut/u_fifo/Always163_9  Scope: \tb_pcie_axi_dma(TB_SCENARIO=2,FIFO_DEPTH=64,BATCH_COUNT=4,BATCH_TIMEOUT=64,SINK_STALL_EN=1'b1,SINK_STALL_PERIOD=4,SINK_STALL_READY=1) .dut.u_fifo  File: /get/work/krishna.vardhan/git_trees/mtp_pcie_axi/pcie_axi_dma_latency/design/rtl/axis_fifo.sv Line: 165
Warning: [axis_fifo] FIFO full (depth=64) — upstream back-pressured at t=45365000
Time: 45365 ns  Iteration: 0  Process: /tb_pcie_axi_dma(TB_SCENARIO=2,FIFO_DEPTH=64,BATCH_COUNT=4,BATCH_TIMEOUT=64,SINK_STALL_EN=1'b1,SINK_STALL_PERIOD=4,SINK_STALL_READY=1)/dut/u_fifo/Always163_9  Scope: \tb_pcie_axi_dma(TB_SCENARIO=2,FIFO_DEPTH=64,BATCH_COUNT=4,BATCH_TIMEOUT=64,SINK_STALL_EN=1'b1,SINK_STALL_PERIOD=4,SINK_STALL_READY=1) .dut.u_fifo  File: /get/work/krishna.vardhan/git_trees/mtp_pcie_axi/pcie_axi_dma_latency/design/rtl/axis_fifo.sv Line: 165
Warning: [axis_fifo] FIFO full (depth=64) — upstream back-pressured at t=45375000
Time: 45375 ns  Iteration: 0  Process: /tb_pcie_axi_dma(TB_SCENARIO=2,FIFO_DEPTH=64,BATCH_COUNT=4,BATCH_TIMEOUT=64,SINK_STALL_EN=1'b1,SINK_STALL_PERIOD=4,SINK_STALL_READY=1)/dut/u_fifo/Always163_9  Scope: \tb_pcie_axi_dma(TB_SCENARIO=2,FIFO_DEPTH=64,BATCH_COUNT=4,BATCH_TIMEOUT=64,SINK_STALL_EN=1'b1,SINK_STALL_PERIOD=4,SINK_STALL_READY=1) .dut.u_fifo  File: /get/work/krishna.vardhan/git_trees/mtp_pcie_axi/pcie_axi_dma_latency/design/rtl/axis_fifo.sv Line: 165
Warning: [axis_fifo] FIFO full (depth=64) — upstream back-pressured at t=45395000
Time: 45395 ns  Iteration: 0  Process: /tb_pcie_axi_dma(TB_SCENARIO=2,FIFO_DEPTH=64,BATCH_COUNT=4,BATCH_TIMEOUT=64,SINK_STALL_EN=1'b1,SINK_STALL_PERIOD=4,SINK_STALL_READY=1)/dut/u_fifo/Always163_9  Scope: \tb_pcie_axi_dma(TB_SCENARIO=2,FIFO_DEPTH=64,BATCH_COUNT=4,BATCH_TIMEOUT=64,SINK_STALL_EN=1'b1,SINK_STALL_PERIOD=4,SINK_STALL_READY=1) .dut.u_fifo  File: /get/work/krishna.vardhan/git_trees/mtp_pcie_axi/pcie_axi_dma_latency/design/rtl/axis_fifo.sv Line: 165
Warning: [axis_fifo] FIFO full (depth=64) — upstream back-pressured at t=45405000
Time: 45405 ns  Iteration: 0  Process: /tb_pcie_axi_dma(TB_SCENARIO=2,FIFO_DEPTH=64,BATCH_COUNT=4,BATCH_TIMEOUT=64,SINK_STALL_EN=1'b1,SINK_STALL_PERIOD=4,SINK_STALL_READY=1)/dut/u_fifo/Always163_9  Scope: \tb_pcie_axi_dma(TB_SCENARIO=2,FIFO_DEPTH=64,BATCH_COUNT=4,BATCH_TIMEOUT=64,SINK_STALL_EN=1'b1,SINK_STALL_PERIOD=4,SINK_STALL_READY=1) .dut.u_fifo  File: /get/work/krishna.vardhan/git_trees/mtp_pcie_axi/pcie_axi_dma_latency/design/rtl/axis_fifo.sv Line: 165
Warning: [axis_fifo] FIFO full (depth=64) — upstream back-pressured at t=45415000
Time: 45415 ns  Iteration: 0  Process: /tb_pcie_axi_dma(TB_SCENARIO=2,FIFO_DEPTH=64,BATCH_COUNT=4,BATCH_TIMEOUT=64,SINK_STALL_EN=1'b1,SINK_STALL_PERIOD=4,SINK_STALL_READY=1)/dut/u_fifo/Always163_9  Scope: \tb_pcie_axi_dma(TB_SCENARIO=2,FIFO_DEPTH=64,BATCH_COUNT=4,BATCH_TIMEOUT=64,SINK_STALL_EN=1'b1,SINK_STALL_PERIOD=4,SINK_STALL_READY=1) .dut.u_fifo  File: /get/work/krishna.vardhan/git_trees/mtp_pcie_axi/pcie_axi_dma_latency/design/rtl/axis_fifo.sv Line: 165
Warning: [axis_fifo] FIFO full (depth=64) — upstream back-pressured at t=45435000
Time: 45435 ns  Iteration: 0  Process: /tb_pcie_axi_dma(TB_SCENARIO=2,FIFO_DEPTH=64,BATCH_COUNT=4,BATCH_TIMEOUT=64,SINK_STALL_EN=1'b1,SINK_STALL_PERIOD=4,SINK_STALL_READY=1)/dut/u_fifo/Always163_9  Scope: \tb_pcie_axi_dma(TB_SCENARIO=2,FIFO_DEPTH=64,BATCH_COUNT=4,BATCH_TIMEOUT=64,SINK_STALL_EN=1'b1,SINK_STALL_PERIOD=4,SINK_STALL_READY=1) .dut.u_fifo  File: /get/work/krishna.vardhan/git_trees/mtp_pcie_axi/pcie_axi_dma_latency/design/rtl/axis_fifo.sv Line: 165
Warning: [axis_fifo] FIFO full (depth=64) — upstream back-pressured at t=45445000
Time: 45445 ns  Iteration: 0  Process: /tb_pcie_axi_dma(TB_SCENARIO=2,FIFO_DEPTH=64,BATCH_COUNT=4,BATCH_TIMEOUT=64,SINK_STALL_EN=1'b1,SINK_STALL_PERIOD=4,SINK_STALL_READY=1)/dut/u_fifo/Always163_9  Scope: \tb_pcie_axi_dma(TB_SCENARIO=2,FIFO_DEPTH=64,BATCH_COUNT=4,BATCH_TIMEOUT=64,SINK_STALL_EN=1'b1,SINK_STALL_PERIOD=4,SINK_STALL_READY=1) .dut.u_fifo  File: /get/work/krishna.vardhan/git_trees/mtp_pcie_axi/pcie_axi_dma_latency/design/rtl/axis_fifo.sv Line: 165
Warning: [axis_fifo] FIFO full (depth=64) — upstream back-pressured at t=45455000
Time: 45455 ns  Iteration: 0  Process: /tb_pcie_axi_dma(TB_SCENARIO=2,FIFO_DEPTH=64,BATCH_COUNT=4,BATCH_TIMEOUT=64,SINK_STALL_EN=1'b1,SINK_STALL_PERIOD=4,SINK_STALL_READY=1)/dut/u_fifo/Always163_9  Scope: \tb_pcie_axi_dma(TB_SCENARIO=2,FIFO_DEPTH=64,BATCH_COUNT=4,BATCH_TIMEOUT=64,SINK_STALL_EN=1'b1,SINK_STALL_PERIOD=4,SINK_STALL_READY=1) .dut.u_fifo  File: /get/work/krishna.vardhan/git_trees/mtp_pcie_axi/pcie_axi_dma_latency/design/rtl/axis_fifo.sv Line: 165
Warning: [axis_fifo] FIFO full (depth=64) — upstream back-pressured at t=45475000
Time: 45475 ns  Iteration: 0  Process: /tb_pcie_axi_dma(TB_SCENARIO=2,FIFO_DEPTH=64,BATCH_COUNT=4,BATCH_TIMEOUT=64,SINK_STALL_EN=1'b1,SINK_STALL_PERIOD=4,SINK_STALL_READY=1)/dut/u_fifo/Always163_9  Scope: \tb_pcie_axi_dma(TB_SCENARIO=2,FIFO_DEPTH=64,BATCH_COUNT=4,BATCH_TIMEOUT=64,SINK_STALL_EN=1'b1,SINK_STALL_PERIOD=4,SINK_STALL_READY=1) .dut.u_fifo  File: /get/work/krishna.vardhan/git_trees/mtp_pcie_axi/pcie_axi_dma_latency/design/rtl/axis_fifo.sv Line: 165
Warning: [axis_fifo] FIFO full (depth=64) — upstream back-pressured at t=45485000
Time: 45485 ns  Iteration: 0  Process: /tb_pcie_axi_dma(TB_SCENARIO=2,FIFO_DEPTH=64,BATCH_COUNT=4,BATCH_TIMEOUT=64,SINK_STALL_EN=1'b1,SINK_STALL_PERIOD=4,SINK_STALL_READY=1)/dut/u_fifo/Always163_9  Scope: \tb_pcie_axi_dma(TB_SCENARIO=2,FIFO_DEPTH=64,BATCH_COUNT=4,BATCH_TIMEOUT=64,SINK_STALL_EN=1'b1,SINK_STALL_PERIOD=4,SINK_STALL_READY=1) .dut.u_fifo  File: /get/work/krishna.vardhan/git_trees/mtp_pcie_axi/pcie_axi_dma_latency/design/rtl/axis_fifo.sv Line: 165
Warning: [axis_fifo] FIFO full (depth=64) — upstream back-pressured at t=45495000
Time: 45495 ns  Iteration: 0  Process: /tb_pcie_axi_dma(TB_SCENARIO=2,FIFO_DEPTH=64,BATCH_COUNT=4,BATCH_TIMEOUT=64,SINK_STALL_EN=1'b1,SINK_STALL_PERIOD=4,SINK_STALL_READY=1)/dut/u_fifo/Always163_9  Scope: \tb_pcie_axi_dma(TB_SCENARIO=2,FIFO_DEPTH=64,BATCH_COUNT=4,BATCH_TIMEOUT=64,SINK_STALL_EN=1'b1,SINK_STALL_PERIOD=4,SINK_STALL_READY=1) .dut.u_fifo  File: /get/work/krishna.vardhan/git_trees/mtp_pcie_axi/pcie_axi_dma_latency/design/rtl/axis_fifo.sv Line: 165
Warning: [axis_fifo] FIFO full (depth=64) — upstream back-pressured at t=45515000
Time: 45515 ns  Iteration: 0  Process: /tb_pcie_axi_dma(TB_SCENARIO=2,FIFO_DEPTH=64,BATCH_COUNT=4,BATCH_TIMEOUT=64,SINK_STALL_EN=1'b1,SINK_STALL_PERIOD=4,SINK_STALL_READY=1)/dut/u_fifo/Always163_9  Scope: \tb_pcie_axi_dma(TB_SCENARIO=2,FIFO_DEPTH=64,BATCH_COUNT=4,BATCH_TIMEOUT=64,SINK_STALL_EN=1'b1,SINK_STALL_PERIOD=4,SINK_STALL_READY=1) .dut.u_fifo  File: /get/work/krishna.vardhan/git_trees/mtp_pcie_axi/pcie_axi_dma_latency/design/rtl/axis_fifo.sv Line: 165
Warning: [axis_fifo] FIFO full (depth=64) — upstream back-pressured at t=45525000
Time: 45525 ns  Iteration: 0  Process: /tb_pcie_axi_dma(TB_SCENARIO=2,FIFO_DEPTH=64,BATCH_COUNT=4,BATCH_TIMEOUT=64,SINK_STALL_EN=1'b1,SINK_STALL_PERIOD=4,SINK_STALL_READY=1)/dut/u_fifo/Always163_9  Scope: \tb_pcie_axi_dma(TB_SCENARIO=2,FIFO_DEPTH=64,BATCH_COUNT=4,BATCH_TIMEOUT=64,SINK_STALL_EN=1'b1,SINK_STALL_PERIOD=4,SINK_STALL_READY=1) .dut.u_fifo  File: /get/work/krishna.vardhan/git_trees/mtp_pcie_axi/pcie_axi_dma_latency/design/rtl/axis_fifo.sv Line: 165
Warning: [axis_fifo] FIFO full (depth=64) — upstream back-pressured at t=45535000
Time: 45535 ns  Iteration: 0  Process: /tb_pcie_axi_dma(TB_SCENARIO=2,FIFO_DEPTH=64,BATCH_COUNT=4,BATCH_TIMEOUT=64,SINK_STALL_EN=1'b1,SINK_STALL_PERIOD=4,SINK_STALL_READY=1)/dut/u_fifo/Always163_9  Scope: \tb_pcie_axi_dma(TB_SCENARIO=2,FIFO_DEPTH=64,BATCH_COUNT=4,BATCH_TIMEOUT=64,SINK_STALL_EN=1'b1,SINK_STALL_PERIOD=4,SINK_STALL_READY=1) .dut.u_fifo  File: /get/work/krishna.vardhan/git_trees/mtp_pcie_axi/pcie_axi_dma_latency/design/rtl/axis_fifo.sv Line: 165
Warning: [axis_fifo] FIFO full (depth=64) — upstream back-pressured at t=45555000
Time: 45555 ns  Iteration: 0  Process: /tb_pcie_axi_dma(TB_SCENARIO=2,FIFO_DEPTH=64,BATCH_COUNT=4,BATCH_TIMEOUT=64,SINK_STALL_EN=1'b1,SINK_STALL_PERIOD=4,SINK_STALL_READY=1)/dut/u_fifo/Always163_9  Scope: \tb_pcie_axi_dma(TB_SCENARIO=2,FIFO_DEPTH=64,BATCH_COUNT=4,BATCH_TIMEOUT=64,SINK_STALL_EN=1'b1,SINK_STALL_PERIOD=4,SINK_STALL_READY=1) .dut.u_fifo  File: /get/work/krishna.vardhan/git_trees/mtp_pcie_axi/pcie_axi_dma_latency/design/rtl/axis_fifo.sv Line: 165
Warning: [axis_fifo] FIFO full (depth=64) — upstream back-pressured at t=45565000
Time: 45565 ns  Iteration: 0  Process: /tb_pcie_axi_dma(TB_SCENARIO=2,FIFO_DEPTH=64,BATCH_COUNT=4,BATCH_TIMEOUT=64,SINK_STALL_EN=1'b1,SINK_STALL_PERIOD=4,SINK_STALL_READY=1)/dut/u_fifo/Always163_9  Scope: \tb_pcie_axi_dma(TB_SCENARIO=2,FIFO_DEPTH=64,BATCH_COUNT=4,BATCH_TIMEOUT=64,SINK_STALL_EN=1'b1,SINK_STALL_PERIOD=4,SINK_STALL_READY=1) .dut.u_fifo  File: /get/work/krishna.vardhan/git_trees/mtp_pcie_axi/pcie_axi_dma_latency/design/rtl/axis_fifo.sv Line: 165
Warning: [axis_fifo] FIFO full (depth=64) — upstream back-pressured at t=45575000
Time: 45575 ns  Iteration: 0  Process: /tb_pcie_axi_dma(TB_SCENARIO=2,FIFO_DEPTH=64,BATCH_COUNT=4,BATCH_TIMEOUT=64,SINK_STALL_EN=1'b1,SINK_STALL_PERIOD=4,SINK_STALL_READY=1)/dut/u_fifo/Always163_9  Scope: \tb_pcie_axi_dma(TB_SCENARIO=2,FIFO_DEPTH=64,BATCH_COUNT=4,BATCH_TIMEOUT=64,SINK_STALL_EN=1'b1,SINK_STALL_PERIOD=4,SINK_STALL_READY=1) .dut.u_fifo  File: /get/work/krishna.vardhan/git_trees/mtp_pcie_axi/pcie_axi_dma_latency/design/rtl/axis_fifo.sv Line: 165
Warning: [axis_fifo] FIFO full (depth=64) — upstream back-pressured at t=45595000
Time: 45595 ns  Iteration: 0  Process: /tb_pcie_axi_dma(TB_SCENARIO=2,FIFO_DEPTH=64,BATCH_COUNT=4,BATCH_TIMEOUT=64,SINK_STALL_EN=1'b1,SINK_STALL_PERIOD=4,SINK_STALL_READY=1)/dut/u_fifo/Always163_9  Scope: \tb_pcie_axi_dma(TB_SCENARIO=2,FIFO_DEPTH=64,BATCH_COUNT=4,BATCH_TIMEOUT=64,SINK_STALL_EN=1'b1,SINK_STALL_PERIOD=4,SINK_STALL_READY=1) .dut.u_fifo  File: /get/work/krishna.vardhan/git_trees/mtp_pcie_axi/pcie_axi_dma_latency/design/rtl/axis_fifo.sv Line: 165
Warning: [axis_fifo] FIFO full (depth=64) — upstream back-pressured at t=45605000
Time: 45605 ns  Iteration: 0  Process: /tb_pcie_axi_dma(TB_SCENARIO=2,FIFO_DEPTH=64,BATCH_COUNT=4,BATCH_TIMEOUT=64,SINK_STALL_EN=1'b1,SINK_STALL_PERIOD=4,SINK_STALL_READY=1)/dut/u_fifo/Always163_9  Scope: \tb_pcie_axi_dma(TB_SCENARIO=2,FIFO_DEPTH=64,BATCH_COUNT=4,BATCH_TIMEOUT=64,SINK_STALL_EN=1'b1,SINK_STALL_PERIOD=4,SINK_STALL_READY=1) .dut.u_fifo  File: /get/work/krishna.vardhan/git_trees/mtp_pcie_axi/pcie_axi_dma_latency/design/rtl/axis_fifo.sv Line: 165
Warning: [axis_fifo] FIFO full (depth=64) — upstream back-pressured at t=45615000
Time: 45615 ns  Iteration: 0  Process: /tb_pcie_axi_dma(TB_SCENARIO=2,FIFO_DEPTH=64,BATCH_COUNT=4,BATCH_TIMEOUT=64,SINK_STALL_EN=1'b1,SINK_STALL_PERIOD=4,SINK_STALL_READY=1)/dut/u_fifo/Always163_9  Scope: \tb_pcie_axi_dma(TB_SCENARIO=2,FIFO_DEPTH=64,BATCH_COUNT=4,BATCH_TIMEOUT=64,SINK_STALL_EN=1'b1,SINK_STALL_PERIOD=4,SINK_STALL_READY=1) .dut.u_fifo  File: /get/work/krishna.vardhan/git_trees/mtp_pcie_axi/pcie_axi_dma_latency/design/rtl/axis_fifo.sv Line: 165
Warning: [axis_fifo] FIFO full (depth=64) — upstream back-pressured at t=45635000
Time: 45635 ns  Iteration: 0  Process: /tb_pcie_axi_dma(TB_SCENARIO=2,FIFO_DEPTH=64,BATCH_COUNT=4,BATCH_TIMEOUT=64,SINK_STALL_EN=1'b1,SINK_STALL_PERIOD=4,SINK_STALL_READY=1)/dut/u_fifo/Always163_9  Scope: \tb_pcie_axi_dma(TB_SCENARIO=2,FIFO_DEPTH=64,BATCH_COUNT=4,BATCH_TIMEOUT=64,SINK_STALL_EN=1'b1,SINK_STALL_PERIOD=4,SINK_STALL_READY=1) .dut.u_fifo  File: /get/work/krishna.vardhan/git_trees/mtp_pcie_axi/pcie_axi_dma_latency/design/rtl/axis_fifo.sv Line: 165
Warning: [axis_fifo] FIFO full (depth=64) — upstream back-pressured at t=45645000
Time: 45645 ns  Iteration: 0  Process: /tb_pcie_axi_dma(TB_SCENARIO=2,FIFO_DEPTH=64,BATCH_COUNT=4,BATCH_TIMEOUT=64,SINK_STALL_EN=1'b1,SINK_STALL_PERIOD=4,SINK_STALL_READY=1)/dut/u_fifo/Always163_9  Scope: \tb_pcie_axi_dma(TB_SCENARIO=2,FIFO_DEPTH=64,BATCH_COUNT=4,BATCH_TIMEOUT=64,SINK_STALL_EN=1'b1,SINK_STALL_PERIOD=4,SINK_STALL_READY=1) .dut.u_fifo  File: /get/work/krishna.vardhan/git_trees/mtp_pcie_axi/pcie_axi_dma_latency/design/rtl/axis_fifo.sv Line: 165
Warning: [axis_fifo] FIFO full (depth=64) — upstream back-pressured at t=45655000
Time: 45655 ns  Iteration: 0  Process: /tb_pcie_axi_dma(TB_SCENARIO=2,FIFO_DEPTH=64,BATCH_COUNT=4,BATCH_TIMEOUT=64,SINK_STALL_EN=1'b1,SINK_STALL_PERIOD=4,SINK_STALL_READY=1)/dut/u_fifo/Always163_9  Scope: \tb_pcie_axi_dma(TB_SCENARIO=2,FIFO_DEPTH=64,BATCH_COUNT=4,BATCH_TIMEOUT=64,SINK_STALL_EN=1'b1,SINK_STALL_PERIOD=4,SINK_STALL_READY=1) .dut.u_fifo  File: /get/work/krishna.vardhan/git_trees/mtp_pcie_axi/pcie_axi_dma_latency/design/rtl/axis_fifo.sv Line: 165
Warning: [axis_fifo] FIFO full (depth=64) — upstream back-pressured at t=45675000
Time: 45675 ns  Iteration: 0  Process: /tb_pcie_axi_dma(TB_SCENARIO=2,FIFO_DEPTH=64,BATCH_COUNT=4,BATCH_TIMEOUT=64,SINK_STALL_EN=1'b1,SINK_STALL_PERIOD=4,SINK_STALL_READY=1)/dut/u_fifo/Always163_9  Scope: \tb_pcie_axi_dma(TB_SCENARIO=2,FIFO_DEPTH=64,BATCH_COUNT=4,BATCH_TIMEOUT=64,SINK_STALL_EN=1'b1,SINK_STALL_PERIOD=4,SINK_STALL_READY=1) .dut.u_fifo  File: /get/work/krishna.vardhan/git_trees/mtp_pcie_axi/pcie_axi_dma_latency/design/rtl/axis_fifo.sv Line: 165
Warning: [axis_fifo] FIFO full (depth=64) — upstream back-pressured at t=45685000
Time: 45685 ns  Iteration: 0  Process: /tb_pcie_axi_dma(TB_SCENARIO=2,FIFO_DEPTH=64,BATCH_COUNT=4,BATCH_TIMEOUT=64,SINK_STALL_EN=1'b1,SINK_STALL_PERIOD=4,SINK_STALL_READY=1)/dut/u_fifo/Always163_9  Scope: \tb_pcie_axi_dma(TB_SCENARIO=2,FIFO_DEPTH=64,BATCH_COUNT=4,BATCH_TIMEOUT=64,SINK_STALL_EN=1'b1,SINK_STALL_PERIOD=4,SINK_STALL_READY=1) .dut.u_fifo  File: /get/work/krishna.vardhan/git_trees/mtp_pcie_axi/pcie_axi_dma_latency/design/rtl/axis_fifo.sv Line: 165
Warning: [axis_fifo] FIFO full (depth=64) — upstream back-pressured at t=45695000
Time: 45695 ns  Iteration: 0  Process: /tb_pcie_axi_dma(TB_SCENARIO=2,FIFO_DEPTH=64,BATCH_COUNT=4,BATCH_TIMEOUT=64,SINK_STALL_EN=1'b1,SINK_STALL_PERIOD=4,SINK_STALL_READY=1)/dut/u_fifo/Always163_9  Scope: \tb_pcie_axi_dma(TB_SCENARIO=2,FIFO_DEPTH=64,BATCH_COUNT=4,BATCH_TIMEOUT=64,SINK_STALL_EN=1'b1,SINK_STALL_PERIOD=4,SINK_STALL_READY=1) .dut.u_fifo  File: /get/work/krishna.vardhan/git_trees/mtp_pcie_axi/pcie_axi_dma_latency/design/rtl/axis_fifo.sv Line: 165
Warning: [axis_fifo] FIFO full (depth=64) — upstream back-pressured at t=45715000
Time: 45715 ns  Iteration: 0  Process: /tb_pcie_axi_dma(TB_SCENARIO=2,FIFO_DEPTH=64,BATCH_COUNT=4,BATCH_TIMEOUT=64,SINK_STALL_EN=1'b1,SINK_STALL_PERIOD=4,SINK_STALL_READY=1)/dut/u_fifo/Always163_9  Scope: \tb_pcie_axi_dma(TB_SCENARIO=2,FIFO_DEPTH=64,BATCH_COUNT=4,BATCH_TIMEOUT=64,SINK_STALL_EN=1'b1,SINK_STALL_PERIOD=4,SINK_STALL_READY=1) .dut.u_fifo  File: /get/work/krishna.vardhan/git_trees/mtp_pcie_axi/pcie_axi_dma_latency/design/rtl/axis_fifo.sv Line: 165
Warning: [axis_fifo] FIFO full (depth=64) — upstream back-pressured at t=45725000
Time: 45725 ns  Iteration: 0  Process: /tb_pcie_axi_dma(TB_SCENARIO=2,FIFO_DEPTH=64,BATCH_COUNT=4,BATCH_TIMEOUT=64,SINK_STALL_EN=1'b1,SINK_STALL_PERIOD=4,SINK_STALL_READY=1)/dut/u_fifo/Always163_9  Scope: \tb_pcie_axi_dma(TB_SCENARIO=2,FIFO_DEPTH=64,BATCH_COUNT=4,BATCH_TIMEOUT=64,SINK_STALL_EN=1'b1,SINK_STALL_PERIOD=4,SINK_STALL_READY=1) .dut.u_fifo  File: /get/work/krishna.vardhan/git_trees/mtp_pcie_axi/pcie_axi_dma_latency/design/rtl/axis_fifo.sv Line: 165
Warning: [axis_fifo] FIFO full (depth=64) — upstream back-pressured at t=45735000
Time: 45735 ns  Iteration: 0  Process: /tb_pcie_axi_dma(TB_SCENARIO=2,FIFO_DEPTH=64,BATCH_COUNT=4,BATCH_TIMEOUT=64,SINK_STALL_EN=1'b1,SINK_STALL_PERIOD=4,SINK_STALL_READY=1)/dut/u_fifo/Always163_9  Scope: \tb_pcie_axi_dma(TB_SCENARIO=2,FIFO_DEPTH=64,BATCH_COUNT=4,BATCH_TIMEOUT=64,SINK_STALL_EN=1'b1,SINK_STALL_PERIOD=4,SINK_STALL_READY=1) .dut.u_fifo  File: /get/work/krishna.vardhan/git_trees/mtp_pcie_axi/pcie_axi_dma_latency/design/rtl/axis_fifo.sv Line: 165
Warning: [axis_fifo] FIFO full (depth=64) — upstream back-pressured at t=45755000
Time: 45755 ns  Iteration: 0  Process: /tb_pcie_axi_dma(TB_SCENARIO=2,FIFO_DEPTH=64,BATCH_COUNT=4,BATCH_TIMEOUT=64,SINK_STALL_EN=1'b1,SINK_STALL_PERIOD=4,SINK_STALL_READY=1)/dut/u_fifo/Always163_9  Scope: \tb_pcie_axi_dma(TB_SCENARIO=2,FIFO_DEPTH=64,BATCH_COUNT=4,BATCH_TIMEOUT=64,SINK_STALL_EN=1'b1,SINK_STALL_PERIOD=4,SINK_STALL_READY=1) .dut.u_fifo  File: /get/work/krishna.vardhan/git_trees/mtp_pcie_axi/pcie_axi_dma_latency/design/rtl/axis_fifo.sv Line: 165
Warning: [axis_fifo] FIFO full (depth=64) — upstream back-pressured at t=45765000
Time: 45765 ns  Iteration: 0  Process: /tb_pcie_axi_dma(TB_SCENARIO=2,FIFO_DEPTH=64,BATCH_COUNT=4,BATCH_TIMEOUT=64,SINK_STALL_EN=1'b1,SINK_STALL_PERIOD=4,SINK_STALL_READY=1)/dut/u_fifo/Always163_9  Scope: \tb_pcie_axi_dma(TB_SCENARIO=2,FIFO_DEPTH=64,BATCH_COUNT=4,BATCH_TIMEOUT=64,SINK_STALL_EN=1'b1,SINK_STALL_PERIOD=4,SINK_STALL_READY=1) .dut.u_fifo  File: /get/work/krishna.vardhan/git_trees/mtp_pcie_axi/pcie_axi_dma_latency/design/rtl/axis_fifo.sv Line: 165
Warning: [axis_fifo] FIFO full (depth=64) — upstream back-pressured at t=45775000
Time: 45775 ns  Iteration: 0  Process: /tb_pcie_axi_dma(TB_SCENARIO=2,FIFO_DEPTH=64,BATCH_COUNT=4,BATCH_TIMEOUT=64,SINK_STALL_EN=1'b1,SINK_STALL_PERIOD=4,SINK_STALL_READY=1)/dut/u_fifo/Always163_9  Scope: \tb_pcie_axi_dma(TB_SCENARIO=2,FIFO_DEPTH=64,BATCH_COUNT=4,BATCH_TIMEOUT=64,SINK_STALL_EN=1'b1,SINK_STALL_PERIOD=4,SINK_STALL_READY=1) .dut.u_fifo  File: /get/work/krishna.vardhan/git_trees/mtp_pcie_axi/pcie_axi_dma_latency/design/rtl/axis_fifo.sv Line: 165
Warning: [axis_fifo] FIFO full (depth=64) — upstream back-pressured at t=45795000
Time: 45795 ns  Iteration: 0  Process: /tb_pcie_axi_dma(TB_SCENARIO=2,FIFO_DEPTH=64,BATCH_COUNT=4,BATCH_TIMEOUT=64,SINK_STALL_EN=1'b1,SINK_STALL_PERIOD=4,SINK_STALL_READY=1)/dut/u_fifo/Always163_9  Scope: \tb_pcie_axi_dma(TB_SCENARIO=2,FIFO_DEPTH=64,BATCH_COUNT=4,BATCH_TIMEOUT=64,SINK_STALL_EN=1'b1,SINK_STALL_PERIOD=4,SINK_STALL_READY=1) .dut.u_fifo  File: /get/work/krishna.vardhan/git_trees/mtp_pcie_axi/pcie_axi_dma_latency/design/rtl/axis_fifo.sv Line: 165
Warning: [axis_fifo] FIFO full (depth=64) — upstream back-pressured at t=45805000
Time: 45805 ns  Iteration: 0  Process: /tb_pcie_axi_dma(TB_SCENARIO=2,FIFO_DEPTH=64,BATCH_COUNT=4,BATCH_TIMEOUT=64,SINK_STALL_EN=1'b1,SINK_STALL_PERIOD=4,SINK_STALL_READY=1)/dut/u_fifo/Always163_9  Scope: \tb_pcie_axi_dma(TB_SCENARIO=2,FIFO_DEPTH=64,BATCH_COUNT=4,BATCH_TIMEOUT=64,SINK_STALL_EN=1'b1,SINK_STALL_PERIOD=4,SINK_STALL_READY=1) .dut.u_fifo  File: /get/work/krishna.vardhan/git_trees/mtp_pcie_axi/pcie_axi_dma_latency/design/rtl/axis_fifo.sv Line: 165
Warning: [axis_fifo] FIFO full (depth=64) — upstream back-pressured at t=45815000
Time: 45815 ns  Iteration: 0  Process: /tb_pcie_axi_dma(TB_SCENARIO=2,FIFO_DEPTH=64,BATCH_COUNT=4,BATCH_TIMEOUT=64,SINK_STALL_EN=1'b1,SINK_STALL_PERIOD=4,SINK_STALL_READY=1)/dut/u_fifo/Always163_9  Scope: \tb_pcie_axi_dma(TB_SCENARIO=2,FIFO_DEPTH=64,BATCH_COUNT=4,BATCH_TIMEOUT=64,SINK_STALL_EN=1'b1,SINK_STALL_PERIOD=4,SINK_STALL_READY=1) .dut.u_fifo  File: /get/work/krishna.vardhan/git_trees/mtp_pcie_axi/pcie_axi_dma_latency/design/rtl/axis_fifo.sv Line: 165
Warning: [axis_fifo] FIFO full (depth=64) — upstream back-pressured at t=45835000
Time: 45835 ns  Iteration: 0  Process: /tb_pcie_axi_dma(TB_SCENARIO=2,FIFO_DEPTH=64,BATCH_COUNT=4,BATCH_TIMEOUT=64,SINK_STALL_EN=1'b1,SINK_STALL_PERIOD=4,SINK_STALL_READY=1)/dut/u_fifo/Always163_9  Scope: \tb_pcie_axi_dma(TB_SCENARIO=2,FIFO_DEPTH=64,BATCH_COUNT=4,BATCH_TIMEOUT=64,SINK_STALL_EN=1'b1,SINK_STALL_PERIOD=4,SINK_STALL_READY=1) .dut.u_fifo  File: /get/work/krishna.vardhan/git_trees/mtp_pcie_axi/pcie_axi_dma_latency/design/rtl/axis_fifo.sv Line: 165
Warning: [axis_fifo] FIFO full (depth=64) — upstream back-pressured at t=45845000
Time: 45845 ns  Iteration: 0  Process: /tb_pcie_axi_dma(TB_SCENARIO=2,FIFO_DEPTH=64,BATCH_COUNT=4,BATCH_TIMEOUT=64,SINK_STALL_EN=1'b1,SINK_STALL_PERIOD=4,SINK_STALL_READY=1)/dut/u_fifo/Always163_9  Scope: \tb_pcie_axi_dma(TB_SCENARIO=2,FIFO_DEPTH=64,BATCH_COUNT=4,BATCH_TIMEOUT=64,SINK_STALL_EN=1'b1,SINK_STALL_PERIOD=4,SINK_STALL_READY=1) .dut.u_fifo  File: /get/work/krishna.vardhan/git_trees/mtp_pcie_axi/pcie_axi_dma_latency/design/rtl/axis_fifo.sv Line: 165
Warning: [axis_fifo] FIFO full (depth=64) — upstream back-pressured at t=45855000
Time: 45855 ns  Iteration: 0  Process: /tb_pcie_axi_dma(TB_SCENARIO=2,FIFO_DEPTH=64,BATCH_COUNT=4,BATCH_TIMEOUT=64,SINK_STALL_EN=1'b1,SINK_STALL_PERIOD=4,SINK_STALL_READY=1)/dut/u_fifo/Always163_9  Scope: \tb_pcie_axi_dma(TB_SCENARIO=2,FIFO_DEPTH=64,BATCH_COUNT=4,BATCH_TIMEOUT=64,SINK_STALL_EN=1'b1,SINK_STALL_PERIOD=4,SINK_STALL_READY=1) .dut.u_fifo  File: /get/work/krishna.vardhan/git_trees/mtp_pcie_axi/pcie_axi_dma_latency/design/rtl/axis_fifo.sv Line: 165
Warning: [axis_fifo] FIFO full (depth=64) — upstream back-pressured at t=45875000
Time: 45875 ns  Iteration: 0  Process: /tb_pcie_axi_dma(TB_SCENARIO=2,FIFO_DEPTH=64,BATCH_COUNT=4,BATCH_TIMEOUT=64,SINK_STALL_EN=1'b1,SINK_STALL_PERIOD=4,SINK_STALL_READY=1)/dut/u_fifo/Always163_9  Scope: \tb_pcie_axi_dma(TB_SCENARIO=2,FIFO_DEPTH=64,BATCH_COUNT=4,BATCH_TIMEOUT=64,SINK_STALL_EN=1'b1,SINK_STALL_PERIOD=4,SINK_STALL_READY=1) .dut.u_fifo  File: /get/work/krishna.vardhan/git_trees/mtp_pcie_axi/pcie_axi_dma_latency/design/rtl/axis_fifo.sv Line: 165
Warning: [axis_fifo] FIFO full (depth=64) — upstream back-pressured at t=45885000
Time: 45885 ns  Iteration: 0  Process: /tb_pcie_axi_dma(TB_SCENARIO=2,FIFO_DEPTH=64,BATCH_COUNT=4,BATCH_TIMEOUT=64,SINK_STALL_EN=1'b1,SINK_STALL_PERIOD=4,SINK_STALL_READY=1)/dut/u_fifo/Always163_9  Scope: \tb_pcie_axi_dma(TB_SCENARIO=2,FIFO_DEPTH=64,BATCH_COUNT=4,BATCH_TIMEOUT=64,SINK_STALL_EN=1'b1,SINK_STALL_PERIOD=4,SINK_STALL_READY=1) .dut.u_fifo  File: /get/work/krishna.vardhan/git_trees/mtp_pcie_axi/pcie_axi_dma_latency/design/rtl/axis_fifo.sv Line: 165
Warning: [axis_fifo] FIFO full (depth=64) — upstream back-pressured at t=45895000
Time: 45895 ns  Iteration: 0  Process: /tb_pcie_axi_dma(TB_SCENARIO=2,FIFO_DEPTH=64,BATCH_COUNT=4,BATCH_TIMEOUT=64,SINK_STALL_EN=1'b1,SINK_STALL_PERIOD=4,SINK_STALL_READY=1)/dut/u_fifo/Always163_9  Scope: \tb_pcie_axi_dma(TB_SCENARIO=2,FIFO_DEPTH=64,BATCH_COUNT=4,BATCH_TIMEOUT=64,SINK_STALL_EN=1'b1,SINK_STALL_PERIOD=4,SINK_STALL_READY=1) .dut.u_fifo  File: /get/work/krishna.vardhan/git_trees/mtp_pcie_axi/pcie_axi_dma_latency/design/rtl/axis_fifo.sv Line: 165
Warning: [axis_fifo] FIFO full (depth=64) — upstream back-pressured at t=45915000
Time: 45915 ns  Iteration: 0  Process: /tb_pcie_axi_dma(TB_SCENARIO=2,FIFO_DEPTH=64,BATCH_COUNT=4,BATCH_TIMEOUT=64,SINK_STALL_EN=1'b1,SINK_STALL_PERIOD=4,SINK_STALL_READY=1)/dut/u_fifo/Always163_9  Scope: \tb_pcie_axi_dma(TB_SCENARIO=2,FIFO_DEPTH=64,BATCH_COUNT=4,BATCH_TIMEOUT=64,SINK_STALL_EN=1'b1,SINK_STALL_PERIOD=4,SINK_STALL_READY=1) .dut.u_fifo  File: /get/work/krishna.vardhan/git_trees/mtp_pcie_axi/pcie_axi_dma_latency/design/rtl/axis_fifo.sv Line: 165
Warning: [axis_fifo] FIFO full (depth=64) — upstream back-pressured at t=45925000
Time: 45925 ns  Iteration: 0  Process: /tb_pcie_axi_dma(TB_SCENARIO=2,FIFO_DEPTH=64,BATCH_COUNT=4,BATCH_TIMEOUT=64,SINK_STALL_EN=1'b1,SINK_STALL_PERIOD=4,SINK_STALL_READY=1)/dut/u_fifo/Always163_9  Scope: \tb_pcie_axi_dma(TB_SCENARIO=2,FIFO_DEPTH=64,BATCH_COUNT=4,BATCH_TIMEOUT=64,SINK_STALL_EN=1'b1,SINK_STALL_PERIOD=4,SINK_STALL_READY=1) .dut.u_fifo  File: /get/work/krishna.vardhan/git_trees/mtp_pcie_axi/pcie_axi_dma_latency/design/rtl/axis_fifo.sv Line: 165
Warning: [axis_fifo] FIFO full (depth=64) — upstream back-pressured at t=45935000
Time: 45935 ns  Iteration: 0  Process: /tb_pcie_axi_dma(TB_SCENARIO=2,FIFO_DEPTH=64,BATCH_COUNT=4,BATCH_TIMEOUT=64,SINK_STALL_EN=1'b1,SINK_STALL_PERIOD=4,SINK_STALL_READY=1)/dut/u_fifo/Always163_9  Scope: \tb_pcie_axi_dma(TB_SCENARIO=2,FIFO_DEPTH=64,BATCH_COUNT=4,BATCH_TIMEOUT=64,SINK_STALL_EN=1'b1,SINK_STALL_PERIOD=4,SINK_STALL_READY=1) .dut.u_fifo  File: /get/work/krishna.vardhan/git_trees/mtp_pcie_axi/pcie_axi_dma_latency/design/rtl/axis_fifo.sv Line: 165
Warning: [axis_fifo] FIFO full (depth=64) — upstream back-pressured at t=45955000
Time: 45955 ns  Iteration: 0  Process: /tb_pcie_axi_dma(TB_SCENARIO=2,FIFO_DEPTH=64,BATCH_COUNT=4,BATCH_TIMEOUT=64,SINK_STALL_EN=1'b1,SINK_STALL_PERIOD=4,SINK_STALL_READY=1)/dut/u_fifo/Always163_9  Scope: \tb_pcie_axi_dma(TB_SCENARIO=2,FIFO_DEPTH=64,BATCH_COUNT=4,BATCH_TIMEOUT=64,SINK_STALL_EN=1'b1,SINK_STALL_PERIOD=4,SINK_STALL_READY=1) .dut.u_fifo  File: /get/work/krishna.vardhan/git_trees/mtp_pcie_axi/pcie_axi_dma_latency/design/rtl/axis_fifo.sv Line: 165
Warning: [axis_fifo] FIFO full (depth=64) — upstream back-pressured at t=45965000
Time: 45965 ns  Iteration: 0  Process: /tb_pcie_axi_dma(TB_SCENARIO=2,FIFO_DEPTH=64,BATCH_COUNT=4,BATCH_TIMEOUT=64,SINK_STALL_EN=1'b1,SINK_STALL_PERIOD=4,SINK_STALL_READY=1)/dut/u_fifo/Always163_9  Scope: \tb_pcie_axi_dma(TB_SCENARIO=2,FIFO_DEPTH=64,BATCH_COUNT=4,BATCH_TIMEOUT=64,SINK_STALL_EN=1'b1,SINK_STALL_PERIOD=4,SINK_STALL_READY=1) .dut.u_fifo  File: /get/work/krishna.vardhan/git_trees/mtp_pcie_axi/pcie_axi_dma_latency/design/rtl/axis_fifo.sv Line: 165
Warning: [axis_fifo] FIFO full (depth=64) — upstream back-pressured at t=45975000
Time: 45975 ns  Iteration: 0  Process: /tb_pcie_axi_dma(TB_SCENARIO=2,FIFO_DEPTH=64,BATCH_COUNT=4,BATCH_TIMEOUT=64,SINK_STALL_EN=1'b1,SINK_STALL_PERIOD=4,SINK_STALL_READY=1)/dut/u_fifo/Always163_9  Scope: \tb_pcie_axi_dma(TB_SCENARIO=2,FIFO_DEPTH=64,BATCH_COUNT=4,BATCH_TIMEOUT=64,SINK_STALL_EN=1'b1,SINK_STALL_PERIOD=4,SINK_STALL_READY=1) .dut.u_fifo  File: /get/work/krishna.vardhan/git_trees/mtp_pcie_axi/pcie_axi_dma_latency/design/rtl/axis_fifo.sv Line: 165
Warning: [axis_fifo] FIFO full (depth=64) — upstream back-pressured at t=45995000
Time: 45995 ns  Iteration: 0  Process: /tb_pcie_axi_dma(TB_SCENARIO=2,FIFO_DEPTH=64,BATCH_COUNT=4,BATCH_TIMEOUT=64,SINK_STALL_EN=1'b1,SINK_STALL_PERIOD=4,SINK_STALL_READY=1)/dut/u_fifo/Always163_9  Scope: \tb_pcie_axi_dma(TB_SCENARIO=2,FIFO_DEPTH=64,BATCH_COUNT=4,BATCH_TIMEOUT=64,SINK_STALL_EN=1'b1,SINK_STALL_PERIOD=4,SINK_STALL_READY=1) .dut.u_fifo  File: /get/work/krishna.vardhan/git_trees/mtp_pcie_axi/pcie_axi_dma_latency/design/rtl/axis_fifo.sv Line: 165
Warning: [axis_fifo] FIFO full (depth=64) — upstream back-pressured at t=46005000
Time: 46005 ns  Iteration: 0  Process: /tb_pcie_axi_dma(TB_SCENARIO=2,FIFO_DEPTH=64,BATCH_COUNT=4,BATCH_TIMEOUT=64,SINK_STALL_EN=1'b1,SINK_STALL_PERIOD=4,SINK_STALL_READY=1)/dut/u_fifo/Always163_9  Scope: \tb_pcie_axi_dma(TB_SCENARIO=2,FIFO_DEPTH=64,BATCH_COUNT=4,BATCH_TIMEOUT=64,SINK_STALL_EN=1'b1,SINK_STALL_PERIOD=4,SINK_STALL_READY=1) .dut.u_fifo  File: /get/work/krishna.vardhan/git_trees/mtp_pcie_axi/pcie_axi_dma_latency/design/rtl/axis_fifo.sv Line: 165
Warning: [axis_fifo] FIFO full (depth=64) — upstream back-pressured at t=46015000
Time: 46015 ns  Iteration: 0  Process: /tb_pcie_axi_dma(TB_SCENARIO=2,FIFO_DEPTH=64,BATCH_COUNT=4,BATCH_TIMEOUT=64,SINK_STALL_EN=1'b1,SINK_STALL_PERIOD=4,SINK_STALL_READY=1)/dut/u_fifo/Always163_9  Scope: \tb_pcie_axi_dma(TB_SCENARIO=2,FIFO_DEPTH=64,BATCH_COUNT=4,BATCH_TIMEOUT=64,SINK_STALL_EN=1'b1,SINK_STALL_PERIOD=4,SINK_STALL_READY=1) .dut.u_fifo  File: /get/work/krishna.vardhan/git_trees/mtp_pcie_axi/pcie_axi_dma_latency/design/rtl/axis_fifo.sv Line: 165
Warning: [axis_fifo] FIFO full (depth=64) — upstream back-pressured at t=46035000
Time: 46035 ns  Iteration: 0  Process: /tb_pcie_axi_dma(TB_SCENARIO=2,FIFO_DEPTH=64,BATCH_COUNT=4,BATCH_TIMEOUT=64,SINK_STALL_EN=1'b1,SINK_STALL_PERIOD=4,SINK_STALL_READY=1)/dut/u_fifo/Always163_9  Scope: \tb_pcie_axi_dma(TB_SCENARIO=2,FIFO_DEPTH=64,BATCH_COUNT=4,BATCH_TIMEOUT=64,SINK_STALL_EN=1'b1,SINK_STALL_PERIOD=4,SINK_STALL_READY=1) .dut.u_fifo  File: /get/work/krishna.vardhan/git_trees/mtp_pcie_axi/pcie_axi_dma_latency/design/rtl/axis_fifo.sv Line: 165
Warning: [axis_fifo] FIFO full (depth=64) — upstream back-pressured at t=46045000
Time: 46045 ns  Iteration: 0  Process: /tb_pcie_axi_dma(TB_SCENARIO=2,FIFO_DEPTH=64,BATCH_COUNT=4,BATCH_TIMEOUT=64,SINK_STALL_EN=1'b1,SINK_STALL_PERIOD=4,SINK_STALL_READY=1)/dut/u_fifo/Always163_9  Scope: \tb_pcie_axi_dma(TB_SCENARIO=2,FIFO_DEPTH=64,BATCH_COUNT=4,BATCH_TIMEOUT=64,SINK_STALL_EN=1'b1,SINK_STALL_PERIOD=4,SINK_STALL_READY=1) .dut.u_fifo  File: /get/work/krishna.vardhan/git_trees/mtp_pcie_axi/pcie_axi_dma_latency/design/rtl/axis_fifo.sv Line: 165
Warning: [axis_fifo] FIFO full (depth=64) — upstream back-pressured at t=46055000
Time: 46055 ns  Iteration: 0  Process: /tb_pcie_axi_dma(TB_SCENARIO=2,FIFO_DEPTH=64,BATCH_COUNT=4,BATCH_TIMEOUT=64,SINK_STALL_EN=1'b1,SINK_STALL_PERIOD=4,SINK_STALL_READY=1)/dut/u_fifo/Always163_9  Scope: \tb_pcie_axi_dma(TB_SCENARIO=2,FIFO_DEPTH=64,BATCH_COUNT=4,BATCH_TIMEOUT=64,SINK_STALL_EN=1'b1,SINK_STALL_PERIOD=4,SINK_STALL_READY=1) .dut.u_fifo  File: /get/work/krishna.vardhan/git_trees/mtp_pcie_axi/pcie_axi_dma_latency/design/rtl/axis_fifo.sv Line: 165
Warning: [axis_fifo] FIFO full (depth=64) — upstream back-pressured at t=46075000
Time: 46075 ns  Iteration: 0  Process: /tb_pcie_axi_dma(TB_SCENARIO=2,FIFO_DEPTH=64,BATCH_COUNT=4,BATCH_TIMEOUT=64,SINK_STALL_EN=1'b1,SINK_STALL_PERIOD=4,SINK_STALL_READY=1)/dut/u_fifo/Always163_9  Scope: \tb_pcie_axi_dma(TB_SCENARIO=2,FIFO_DEPTH=64,BATCH_COUNT=4,BATCH_TIMEOUT=64,SINK_STALL_EN=1'b1,SINK_STALL_PERIOD=4,SINK_STALL_READY=1) .dut.u_fifo  File: /get/work/krishna.vardhan/git_trees/mtp_pcie_axi/pcie_axi_dma_latency/design/rtl/axis_fifo.sv Line: 165
Warning: [axis_fifo] FIFO full (depth=64) — upstream back-pressured at t=46085000
Time: 46085 ns  Iteration: 0  Process: /tb_pcie_axi_dma(TB_SCENARIO=2,FIFO_DEPTH=64,BATCH_COUNT=4,BATCH_TIMEOUT=64,SINK_STALL_EN=1'b1,SINK_STALL_PERIOD=4,SINK_STALL_READY=1)/dut/u_fifo/Always163_9  Scope: \tb_pcie_axi_dma(TB_SCENARIO=2,FIFO_DEPTH=64,BATCH_COUNT=4,BATCH_TIMEOUT=64,SINK_STALL_EN=1'b1,SINK_STALL_PERIOD=4,SINK_STALL_READY=1) .dut.u_fifo  File: /get/work/krishna.vardhan/git_trees/mtp_pcie_axi/pcie_axi_dma_latency/design/rtl/axis_fifo.sv Line: 165
Warning: [axis_fifo] FIFO full (depth=64) — upstream back-pressured at t=46095000
Time: 46095 ns  Iteration: 0  Process: /tb_pcie_axi_dma(TB_SCENARIO=2,FIFO_DEPTH=64,BATCH_COUNT=4,BATCH_TIMEOUT=64,SINK_STALL_EN=1'b1,SINK_STALL_PERIOD=4,SINK_STALL_READY=1)/dut/u_fifo/Always163_9  Scope: \tb_pcie_axi_dma(TB_SCENARIO=2,FIFO_DEPTH=64,BATCH_COUNT=4,BATCH_TIMEOUT=64,SINK_STALL_EN=1'b1,SINK_STALL_PERIOD=4,SINK_STALL_READY=1) .dut.u_fifo  File: /get/work/krishna.vardhan/git_trees/mtp_pcie_axi/pcie_axi_dma_latency/design/rtl/axis_fifo.sv Line: 165
Warning: [axis_fifo] FIFO full (depth=64) — upstream back-pressured at t=46115000
Time: 46115 ns  Iteration: 0  Process: /tb_pcie_axi_dma(TB_SCENARIO=2,FIFO_DEPTH=64,BATCH_COUNT=4,BATCH_TIMEOUT=64,SINK_STALL_EN=1'b1,SINK_STALL_PERIOD=4,SINK_STALL_READY=1)/dut/u_fifo/Always163_9  Scope: \tb_pcie_axi_dma(TB_SCENARIO=2,FIFO_DEPTH=64,BATCH_COUNT=4,BATCH_TIMEOUT=64,SINK_STALL_EN=1'b1,SINK_STALL_PERIOD=4,SINK_STALL_READY=1) .dut.u_fifo  File: /get/work/krishna.vardhan/git_trees/mtp_pcie_axi/pcie_axi_dma_latency/design/rtl/axis_fifo.sv Line: 165
Warning: [axis_fifo] FIFO full (depth=64) — upstream back-pressured at t=46125000
Time: 46125 ns  Iteration: 0  Process: /tb_pcie_axi_dma(TB_SCENARIO=2,FIFO_DEPTH=64,BATCH_COUNT=4,BATCH_TIMEOUT=64,SINK_STALL_EN=1'b1,SINK_STALL_PERIOD=4,SINK_STALL_READY=1)/dut/u_fifo/Always163_9  Scope: \tb_pcie_axi_dma(TB_SCENARIO=2,FIFO_DEPTH=64,BATCH_COUNT=4,BATCH_TIMEOUT=64,SINK_STALL_EN=1'b1,SINK_STALL_PERIOD=4,SINK_STALL_READY=1) .dut.u_fifo  File: /get/work/krishna.vardhan/git_trees/mtp_pcie_axi/pcie_axi_dma_latency/design/rtl/axis_fifo.sv Line: 165
Warning: [axis_fifo] FIFO full (depth=64) — upstream back-pressured at t=46135000
Time: 46135 ns  Iteration: 0  Process: /tb_pcie_axi_dma(TB_SCENARIO=2,FIFO_DEPTH=64,BATCH_COUNT=4,BATCH_TIMEOUT=64,SINK_STALL_EN=1'b1,SINK_STALL_PERIOD=4,SINK_STALL_READY=1)/dut/u_fifo/Always163_9  Scope: \tb_pcie_axi_dma(TB_SCENARIO=2,FIFO_DEPTH=64,BATCH_COUNT=4,BATCH_TIMEOUT=64,SINK_STALL_EN=1'b1,SINK_STALL_PERIOD=4,SINK_STALL_READY=1) .dut.u_fifo  File: /get/work/krishna.vardhan/git_trees/mtp_pcie_axi/pcie_axi_dma_latency/design/rtl/axis_fifo.sv Line: 165
Warning: [axis_fifo] FIFO full (depth=64) — upstream back-pressured at t=46155000
Time: 46155 ns  Iteration: 0  Process: /tb_pcie_axi_dma(TB_SCENARIO=2,FIFO_DEPTH=64,BATCH_COUNT=4,BATCH_TIMEOUT=64,SINK_STALL_EN=1'b1,SINK_STALL_PERIOD=4,SINK_STALL_READY=1)/dut/u_fifo/Always163_9  Scope: \tb_pcie_axi_dma(TB_SCENARIO=2,FIFO_DEPTH=64,BATCH_COUNT=4,BATCH_TIMEOUT=64,SINK_STALL_EN=1'b1,SINK_STALL_PERIOD=4,SINK_STALL_READY=1) .dut.u_fifo  File: /get/work/krishna.vardhan/git_trees/mtp_pcie_axi/pcie_axi_dma_latency/design/rtl/axis_fifo.sv Line: 165
Warning: [axis_fifo] FIFO full (depth=64) — upstream back-pressured at t=46165000
Time: 46165 ns  Iteration: 0  Process: /tb_pcie_axi_dma(TB_SCENARIO=2,FIFO_DEPTH=64,BATCH_COUNT=4,BATCH_TIMEOUT=64,SINK_STALL_EN=1'b1,SINK_STALL_PERIOD=4,SINK_STALL_READY=1)/dut/u_fifo/Always163_9  Scope: \tb_pcie_axi_dma(TB_SCENARIO=2,FIFO_DEPTH=64,BATCH_COUNT=4,BATCH_TIMEOUT=64,SINK_STALL_EN=1'b1,SINK_STALL_PERIOD=4,SINK_STALL_READY=1) .dut.u_fifo  File: /get/work/krishna.vardhan/git_trees/mtp_pcie_axi/pcie_axi_dma_latency/design/rtl/axis_fifo.sv Line: 165
Warning: [axis_fifo] FIFO full (depth=64) — upstream back-pressured at t=46175000
Time: 46175 ns  Iteration: 0  Process: /tb_pcie_axi_dma(TB_SCENARIO=2,FIFO_DEPTH=64,BATCH_COUNT=4,BATCH_TIMEOUT=64,SINK_STALL_EN=1'b1,SINK_STALL_PERIOD=4,SINK_STALL_READY=1)/dut/u_fifo/Always163_9  Scope: \tb_pcie_axi_dma(TB_SCENARIO=2,FIFO_DEPTH=64,BATCH_COUNT=4,BATCH_TIMEOUT=64,SINK_STALL_EN=1'b1,SINK_STALL_PERIOD=4,SINK_STALL_READY=1) .dut.u_fifo  File: /get/work/krishna.vardhan/git_trees/mtp_pcie_axi/pcie_axi_dma_latency/design/rtl/axis_fifo.sv Line: 165
Warning: [axis_fifo] FIFO full (depth=64) — upstream back-pressured at t=46195000
Time: 46195 ns  Iteration: 0  Process: /tb_pcie_axi_dma(TB_SCENARIO=2,FIFO_DEPTH=64,BATCH_COUNT=4,BATCH_TIMEOUT=64,SINK_STALL_EN=1'b1,SINK_STALL_PERIOD=4,SINK_STALL_READY=1)/dut/u_fifo/Always163_9  Scope: \tb_pcie_axi_dma(TB_SCENARIO=2,FIFO_DEPTH=64,BATCH_COUNT=4,BATCH_TIMEOUT=64,SINK_STALL_EN=1'b1,SINK_STALL_PERIOD=4,SINK_STALL_READY=1) .dut.u_fifo  File: /get/work/krishna.vardhan/git_trees/mtp_pcie_axi/pcie_axi_dma_latency/design/rtl/axis_fifo.sv Line: 165
Warning: [axis_fifo] FIFO full (depth=64) — upstream back-pressured at t=46205000
Time: 46205 ns  Iteration: 0  Process: /tb_pcie_axi_dma(TB_SCENARIO=2,FIFO_DEPTH=64,BATCH_COUNT=4,BATCH_TIMEOUT=64,SINK_STALL_EN=1'b1,SINK_STALL_PERIOD=4,SINK_STALL_READY=1)/dut/u_fifo/Always163_9  Scope: \tb_pcie_axi_dma(TB_SCENARIO=2,FIFO_DEPTH=64,BATCH_COUNT=4,BATCH_TIMEOUT=64,SINK_STALL_EN=1'b1,SINK_STALL_PERIOD=4,SINK_STALL_READY=1) .dut.u_fifo  File: /get/work/krishna.vardhan/git_trees/mtp_pcie_axi/pcie_axi_dma_latency/design/rtl/axis_fifo.sv Line: 165
Warning: [axis_fifo] FIFO full (depth=64) — upstream back-pressured at t=46215000
Time: 46215 ns  Iteration: 0  Process: /tb_pcie_axi_dma(TB_SCENARIO=2,FIFO_DEPTH=64,BATCH_COUNT=4,BATCH_TIMEOUT=64,SINK_STALL_EN=1'b1,SINK_STALL_PERIOD=4,SINK_STALL_READY=1)/dut/u_fifo/Always163_9  Scope: \tb_pcie_axi_dma(TB_SCENARIO=2,FIFO_DEPTH=64,BATCH_COUNT=4,BATCH_TIMEOUT=64,SINK_STALL_EN=1'b1,SINK_STALL_PERIOD=4,SINK_STALL_READY=1) .dut.u_fifo  File: /get/work/krishna.vardhan/git_trees/mtp_pcie_axi/pcie_axi_dma_latency/design/rtl/axis_fifo.sv Line: 165
Warning: [axis_fifo] FIFO full (depth=64) — upstream back-pressured at t=46235000
Time: 46235 ns  Iteration: 0  Process: /tb_pcie_axi_dma(TB_SCENARIO=2,FIFO_DEPTH=64,BATCH_COUNT=4,BATCH_TIMEOUT=64,SINK_STALL_EN=1'b1,SINK_STALL_PERIOD=4,SINK_STALL_READY=1)/dut/u_fifo/Always163_9  Scope: \tb_pcie_axi_dma(TB_SCENARIO=2,FIFO_DEPTH=64,BATCH_COUNT=4,BATCH_TIMEOUT=64,SINK_STALL_EN=1'b1,SINK_STALL_PERIOD=4,SINK_STALL_READY=1) .dut.u_fifo  File: /get/work/krishna.vardhan/git_trees/mtp_pcie_axi/pcie_axi_dma_latency/design/rtl/axis_fifo.sv Line: 165
Warning: [axis_fifo] FIFO full (depth=64) — upstream back-pressured at t=46245000
Time: 46245 ns  Iteration: 0  Process: /tb_pcie_axi_dma(TB_SCENARIO=2,FIFO_DEPTH=64,BATCH_COUNT=4,BATCH_TIMEOUT=64,SINK_STALL_EN=1'b1,SINK_STALL_PERIOD=4,SINK_STALL_READY=1)/dut/u_fifo/Always163_9  Scope: \tb_pcie_axi_dma(TB_SCENARIO=2,FIFO_DEPTH=64,BATCH_COUNT=4,BATCH_TIMEOUT=64,SINK_STALL_EN=1'b1,SINK_STALL_PERIOD=4,SINK_STALL_READY=1) .dut.u_fifo  File: /get/work/krishna.vardhan/git_trees/mtp_pcie_axi/pcie_axi_dma_latency/design/rtl/axis_fifo.sv Line: 165
Warning: [axis_fifo] FIFO full (depth=64) — upstream back-pressured at t=46255000
Time: 46255 ns  Iteration: 0  Process: /tb_pcie_axi_dma(TB_SCENARIO=2,FIFO_DEPTH=64,BATCH_COUNT=4,BATCH_TIMEOUT=64,SINK_STALL_EN=1'b1,SINK_STALL_PERIOD=4,SINK_STALL_READY=1)/dut/u_fifo/Always163_9  Scope: \tb_pcie_axi_dma(TB_SCENARIO=2,FIFO_DEPTH=64,BATCH_COUNT=4,BATCH_TIMEOUT=64,SINK_STALL_EN=1'b1,SINK_STALL_PERIOD=4,SINK_STALL_READY=1) .dut.u_fifo  File: /get/work/krishna.vardhan/git_trees/mtp_pcie_axi/pcie_axi_dma_latency/design/rtl/axis_fifo.sv Line: 165
Warning: [axis_fifo] FIFO full (depth=64) — upstream back-pressured at t=46275000
Time: 46275 ns  Iteration: 0  Process: /tb_pcie_axi_dma(TB_SCENARIO=2,FIFO_DEPTH=64,BATCH_COUNT=4,BATCH_TIMEOUT=64,SINK_STALL_EN=1'b1,SINK_STALL_PERIOD=4,SINK_STALL_READY=1)/dut/u_fifo/Always163_9  Scope: \tb_pcie_axi_dma(TB_SCENARIO=2,FIFO_DEPTH=64,BATCH_COUNT=4,BATCH_TIMEOUT=64,SINK_STALL_EN=1'b1,SINK_STALL_PERIOD=4,SINK_STALL_READY=1) .dut.u_fifo  File: /get/work/krishna.vardhan/git_trees/mtp_pcie_axi/pcie_axi_dma_latency/design/rtl/axis_fifo.sv Line: 165
Warning: [axis_fifo] FIFO full (depth=64) — upstream back-pressured at t=46285000
Time: 46285 ns  Iteration: 0  Process: /tb_pcie_axi_dma(TB_SCENARIO=2,FIFO_DEPTH=64,BATCH_COUNT=4,BATCH_TIMEOUT=64,SINK_STALL_EN=1'b1,SINK_STALL_PERIOD=4,SINK_STALL_READY=1)/dut/u_fifo/Always163_9  Scope: \tb_pcie_axi_dma(TB_SCENARIO=2,FIFO_DEPTH=64,BATCH_COUNT=4,BATCH_TIMEOUT=64,SINK_STALL_EN=1'b1,SINK_STALL_PERIOD=4,SINK_STALL_READY=1) .dut.u_fifo  File: /get/work/krishna.vardhan/git_trees/mtp_pcie_axi/pcie_axi_dma_latency/design/rtl/axis_fifo.sv Line: 165
Warning: [axis_fifo] FIFO full (depth=64) — upstream back-pressured at t=46295000
Time: 46295 ns  Iteration: 0  Process: /tb_pcie_axi_dma(TB_SCENARIO=2,FIFO_DEPTH=64,BATCH_COUNT=4,BATCH_TIMEOUT=64,SINK_STALL_EN=1'b1,SINK_STALL_PERIOD=4,SINK_STALL_READY=1)/dut/u_fifo/Always163_9  Scope: \tb_pcie_axi_dma(TB_SCENARIO=2,FIFO_DEPTH=64,BATCH_COUNT=4,BATCH_TIMEOUT=64,SINK_STALL_EN=1'b1,SINK_STALL_PERIOD=4,SINK_STALL_READY=1) .dut.u_fifo  File: /get/work/krishna.vardhan/git_trees/mtp_pcie_axi/pcie_axi_dma_latency/design/rtl/axis_fifo.sv Line: 165
Warning: [axis_fifo] FIFO full (depth=64) — upstream back-pressured at t=46315000
Time: 46315 ns  Iteration: 0  Process: /tb_pcie_axi_dma(TB_SCENARIO=2,FIFO_DEPTH=64,BATCH_COUNT=4,BATCH_TIMEOUT=64,SINK_STALL_EN=1'b1,SINK_STALL_PERIOD=4,SINK_STALL_READY=1)/dut/u_fifo/Always163_9  Scope: \tb_pcie_axi_dma(TB_SCENARIO=2,FIFO_DEPTH=64,BATCH_COUNT=4,BATCH_TIMEOUT=64,SINK_STALL_EN=1'b1,SINK_STALL_PERIOD=4,SINK_STALL_READY=1) .dut.u_fifo  File: /get/work/krishna.vardhan/git_trees/mtp_pcie_axi/pcie_axi_dma_latency/design/rtl/axis_fifo.sv Line: 165
Warning: [axis_fifo] FIFO full (depth=64) — upstream back-pressured at t=46325000
Time: 46325 ns  Iteration: 0  Process: /tb_pcie_axi_dma(TB_SCENARIO=2,FIFO_DEPTH=64,BATCH_COUNT=4,BATCH_TIMEOUT=64,SINK_STALL_EN=1'b1,SINK_STALL_PERIOD=4,SINK_STALL_READY=1)/dut/u_fifo/Always163_9  Scope: \tb_pcie_axi_dma(TB_SCENARIO=2,FIFO_DEPTH=64,BATCH_COUNT=4,BATCH_TIMEOUT=64,SINK_STALL_EN=1'b1,SINK_STALL_PERIOD=4,SINK_STALL_READY=1) .dut.u_fifo  File: /get/work/krishna.vardhan/git_trees/mtp_pcie_axi/pcie_axi_dma_latency/design/rtl/axis_fifo.sv Line: 165
Warning: [axis_fifo] FIFO full (depth=64) — upstream back-pressured at t=46335000
Time: 46335 ns  Iteration: 0  Process: /tb_pcie_axi_dma(TB_SCENARIO=2,FIFO_DEPTH=64,BATCH_COUNT=4,BATCH_TIMEOUT=64,SINK_STALL_EN=1'b1,SINK_STALL_PERIOD=4,SINK_STALL_READY=1)/dut/u_fifo/Always163_9  Scope: \tb_pcie_axi_dma(TB_SCENARIO=2,FIFO_DEPTH=64,BATCH_COUNT=4,BATCH_TIMEOUT=64,SINK_STALL_EN=1'b1,SINK_STALL_PERIOD=4,SINK_STALL_READY=1) .dut.u_fifo  File: /get/work/krishna.vardhan/git_trees/mtp_pcie_axi/pcie_axi_dma_latency/design/rtl/axis_fifo.sv Line: 165
Warning: [axis_fifo] FIFO full (depth=64) — upstream back-pressured at t=46355000
Time: 46355 ns  Iteration: 0  Process: /tb_pcie_axi_dma(TB_SCENARIO=2,FIFO_DEPTH=64,BATCH_COUNT=4,BATCH_TIMEOUT=64,SINK_STALL_EN=1'b1,SINK_STALL_PERIOD=4,SINK_STALL_READY=1)/dut/u_fifo/Always163_9  Scope: \tb_pcie_axi_dma(TB_SCENARIO=2,FIFO_DEPTH=64,BATCH_COUNT=4,BATCH_TIMEOUT=64,SINK_STALL_EN=1'b1,SINK_STALL_PERIOD=4,SINK_STALL_READY=1) .dut.u_fifo  File: /get/work/krishna.vardhan/git_trees/mtp_pcie_axi/pcie_axi_dma_latency/design/rtl/axis_fifo.sv Line: 165
Warning: [axis_fifo] FIFO full (depth=64) — upstream back-pressured at t=46365000
Time: 46365 ns  Iteration: 0  Process: /tb_pcie_axi_dma(TB_SCENARIO=2,FIFO_DEPTH=64,BATCH_COUNT=4,BATCH_TIMEOUT=64,SINK_STALL_EN=1'b1,SINK_STALL_PERIOD=4,SINK_STALL_READY=1)/dut/u_fifo/Always163_9  Scope: \tb_pcie_axi_dma(TB_SCENARIO=2,FIFO_DEPTH=64,BATCH_COUNT=4,BATCH_TIMEOUT=64,SINK_STALL_EN=1'b1,SINK_STALL_PERIOD=4,SINK_STALL_READY=1) .dut.u_fifo  File: /get/work/krishna.vardhan/git_trees/mtp_pcie_axi/pcie_axi_dma_latency/design/rtl/axis_fifo.sv Line: 165
Warning: [axis_fifo] FIFO full (depth=64) — upstream back-pressured at t=46375000
Time: 46375 ns  Iteration: 0  Process: /tb_pcie_axi_dma(TB_SCENARIO=2,FIFO_DEPTH=64,BATCH_COUNT=4,BATCH_TIMEOUT=64,SINK_STALL_EN=1'b1,SINK_STALL_PERIOD=4,SINK_STALL_READY=1)/dut/u_fifo/Always163_9  Scope: \tb_pcie_axi_dma(TB_SCENARIO=2,FIFO_DEPTH=64,BATCH_COUNT=4,BATCH_TIMEOUT=64,SINK_STALL_EN=1'b1,SINK_STALL_PERIOD=4,SINK_STALL_READY=1) .dut.u_fifo  File: /get/work/krishna.vardhan/git_trees/mtp_pcie_axi/pcie_axi_dma_latency/design/rtl/axis_fifo.sv Line: 165
Warning: [axis_fifo] FIFO full (depth=64) — upstream back-pressured at t=46395000
Time: 46395 ns  Iteration: 0  Process: /tb_pcie_axi_dma(TB_SCENARIO=2,FIFO_DEPTH=64,BATCH_COUNT=4,BATCH_TIMEOUT=64,SINK_STALL_EN=1'b1,SINK_STALL_PERIOD=4,SINK_STALL_READY=1)/dut/u_fifo/Always163_9  Scope: \tb_pcie_axi_dma(TB_SCENARIO=2,FIFO_DEPTH=64,BATCH_COUNT=4,BATCH_TIMEOUT=64,SINK_STALL_EN=1'b1,SINK_STALL_PERIOD=4,SINK_STALL_READY=1) .dut.u_fifo  File: /get/work/krishna.vardhan/git_trees/mtp_pcie_axi/pcie_axi_dma_latency/design/rtl/axis_fifo.sv Line: 165
Warning: [axis_fifo] FIFO full (depth=64) — upstream back-pressured at t=46405000
Time: 46405 ns  Iteration: 0  Process: /tb_pcie_axi_dma(TB_SCENARIO=2,FIFO_DEPTH=64,BATCH_COUNT=4,BATCH_TIMEOUT=64,SINK_STALL_EN=1'b1,SINK_STALL_PERIOD=4,SINK_STALL_READY=1)/dut/u_fifo/Always163_9  Scope: \tb_pcie_axi_dma(TB_SCENARIO=2,FIFO_DEPTH=64,BATCH_COUNT=4,BATCH_TIMEOUT=64,SINK_STALL_EN=1'b1,SINK_STALL_PERIOD=4,SINK_STALL_READY=1) .dut.u_fifo  File: /get/work/krishna.vardhan/git_trees/mtp_pcie_axi/pcie_axi_dma_latency/design/rtl/axis_fifo.sv Line: 165
Warning: [axis_fifo] FIFO full (depth=64) — upstream back-pressured at t=46415000
Time: 46415 ns  Iteration: 0  Process: /tb_pcie_axi_dma(TB_SCENARIO=2,FIFO_DEPTH=64,BATCH_COUNT=4,BATCH_TIMEOUT=64,SINK_STALL_EN=1'b1,SINK_STALL_PERIOD=4,SINK_STALL_READY=1)/dut/u_fifo/Always163_9  Scope: \tb_pcie_axi_dma(TB_SCENARIO=2,FIFO_DEPTH=64,BATCH_COUNT=4,BATCH_TIMEOUT=64,SINK_STALL_EN=1'b1,SINK_STALL_PERIOD=4,SINK_STALL_READY=1) .dut.u_fifo  File: /get/work/krishna.vardhan/git_trees/mtp_pcie_axi/pcie_axi_dma_latency/design/rtl/axis_fifo.sv Line: 165
Warning: [axis_fifo] FIFO full (depth=64) — upstream back-pressured at t=46435000
Time: 46435 ns  Iteration: 0  Process: /tb_pcie_axi_dma(TB_SCENARIO=2,FIFO_DEPTH=64,BATCH_COUNT=4,BATCH_TIMEOUT=64,SINK_STALL_EN=1'b1,SINK_STALL_PERIOD=4,SINK_STALL_READY=1)/dut/u_fifo/Always163_9  Scope: \tb_pcie_axi_dma(TB_SCENARIO=2,FIFO_DEPTH=64,BATCH_COUNT=4,BATCH_TIMEOUT=64,SINK_STALL_EN=1'b1,SINK_STALL_PERIOD=4,SINK_STALL_READY=1) .dut.u_fifo  File: /get/work/krishna.vardhan/git_trees/mtp_pcie_axi/pcie_axi_dma_latency/design/rtl/axis_fifo.sv Line: 165
Warning: [axis_fifo] FIFO full (depth=64) — upstream back-pressured at t=46445000
Time: 46445 ns  Iteration: 0  Process: /tb_pcie_axi_dma(TB_SCENARIO=2,FIFO_DEPTH=64,BATCH_COUNT=4,BATCH_TIMEOUT=64,SINK_STALL_EN=1'b1,SINK_STALL_PERIOD=4,SINK_STALL_READY=1)/dut/u_fifo/Always163_9  Scope: \tb_pcie_axi_dma(TB_SCENARIO=2,FIFO_DEPTH=64,BATCH_COUNT=4,BATCH_TIMEOUT=64,SINK_STALL_EN=1'b1,SINK_STALL_PERIOD=4,SINK_STALL_READY=1) .dut.u_fifo  File: /get/work/krishna.vardhan/git_trees/mtp_pcie_axi/pcie_axi_dma_latency/design/rtl/axis_fifo.sv Line: 165
Warning: [axis_fifo] FIFO full (depth=64) — upstream back-pressured at t=46455000
Time: 46455 ns  Iteration: 0  Process: /tb_pcie_axi_dma(TB_SCENARIO=2,FIFO_DEPTH=64,BATCH_COUNT=4,BATCH_TIMEOUT=64,SINK_STALL_EN=1'b1,SINK_STALL_PERIOD=4,SINK_STALL_READY=1)/dut/u_fifo/Always163_9  Scope: \tb_pcie_axi_dma(TB_SCENARIO=2,FIFO_DEPTH=64,BATCH_COUNT=4,BATCH_TIMEOUT=64,SINK_STALL_EN=1'b1,SINK_STALL_PERIOD=4,SINK_STALL_READY=1) .dut.u_fifo  File: /get/work/krishna.vardhan/git_trees/mtp_pcie_axi/pcie_axi_dma_latency/design/rtl/axis_fifo.sv Line: 165
Warning: [axis_fifo] FIFO full (depth=64) — upstream back-pressured at t=46475000
Time: 46475 ns  Iteration: 0  Process: /tb_pcie_axi_dma(TB_SCENARIO=2,FIFO_DEPTH=64,BATCH_COUNT=4,BATCH_TIMEOUT=64,SINK_STALL_EN=1'b1,SINK_STALL_PERIOD=4,SINK_STALL_READY=1)/dut/u_fifo/Always163_9  Scope: \tb_pcie_axi_dma(TB_SCENARIO=2,FIFO_DEPTH=64,BATCH_COUNT=4,BATCH_TIMEOUT=64,SINK_STALL_EN=1'b1,SINK_STALL_PERIOD=4,SINK_STALL_READY=1) .dut.u_fifo  File: /get/work/krishna.vardhan/git_trees/mtp_pcie_axi/pcie_axi_dma_latency/design/rtl/axis_fifo.sv Line: 165
Warning: [axis_fifo] FIFO full (depth=64) — upstream back-pressured at t=46485000
Time: 46485 ns  Iteration: 0  Process: /tb_pcie_axi_dma(TB_SCENARIO=2,FIFO_DEPTH=64,BATCH_COUNT=4,BATCH_TIMEOUT=64,SINK_STALL_EN=1'b1,SINK_STALL_PERIOD=4,SINK_STALL_READY=1)/dut/u_fifo/Always163_9  Scope: \tb_pcie_axi_dma(TB_SCENARIO=2,FIFO_DEPTH=64,BATCH_COUNT=4,BATCH_TIMEOUT=64,SINK_STALL_EN=1'b1,SINK_STALL_PERIOD=4,SINK_STALL_READY=1) .dut.u_fifo  File: /get/work/krishna.vardhan/git_trees/mtp_pcie_axi/pcie_axi_dma_latency/design/rtl/axis_fifo.sv Line: 165
Warning: [axis_fifo] FIFO full (depth=64) — upstream back-pressured at t=46495000
Time: 46495 ns  Iteration: 0  Process: /tb_pcie_axi_dma(TB_SCENARIO=2,FIFO_DEPTH=64,BATCH_COUNT=4,BATCH_TIMEOUT=64,SINK_STALL_EN=1'b1,SINK_STALL_PERIOD=4,SINK_STALL_READY=1)/dut/u_fifo/Always163_9  Scope: \tb_pcie_axi_dma(TB_SCENARIO=2,FIFO_DEPTH=64,BATCH_COUNT=4,BATCH_TIMEOUT=64,SINK_STALL_EN=1'b1,SINK_STALL_PERIOD=4,SINK_STALL_READY=1) .dut.u_fifo  File: /get/work/krishna.vardhan/git_trees/mtp_pcie_axi/pcie_axi_dma_latency/design/rtl/axis_fifo.sv Line: 165
Warning: [axis_fifo] FIFO full (depth=64) — upstream back-pressured at t=46515000
Time: 46515 ns  Iteration: 0  Process: /tb_pcie_axi_dma(TB_SCENARIO=2,FIFO_DEPTH=64,BATCH_COUNT=4,BATCH_TIMEOUT=64,SINK_STALL_EN=1'b1,SINK_STALL_PERIOD=4,SINK_STALL_READY=1)/dut/u_fifo/Always163_9  Scope: \tb_pcie_axi_dma(TB_SCENARIO=2,FIFO_DEPTH=64,BATCH_COUNT=4,BATCH_TIMEOUT=64,SINK_STALL_EN=1'b1,SINK_STALL_PERIOD=4,SINK_STALL_READY=1) .dut.u_fifo  File: /get/work/krishna.vardhan/git_trees/mtp_pcie_axi/pcie_axi_dma_latency/design/rtl/axis_fifo.sv Line: 165
Warning: [axis_fifo] FIFO full (depth=64) — upstream back-pressured at t=46525000
Time: 46525 ns  Iteration: 0  Process: /tb_pcie_axi_dma(TB_SCENARIO=2,FIFO_DEPTH=64,BATCH_COUNT=4,BATCH_TIMEOUT=64,SINK_STALL_EN=1'b1,SINK_STALL_PERIOD=4,SINK_STALL_READY=1)/dut/u_fifo/Always163_9  Scope: \tb_pcie_axi_dma(TB_SCENARIO=2,FIFO_DEPTH=64,BATCH_COUNT=4,BATCH_TIMEOUT=64,SINK_STALL_EN=1'b1,SINK_STALL_PERIOD=4,SINK_STALL_READY=1) .dut.u_fifo  File: /get/work/krishna.vardhan/git_trees/mtp_pcie_axi/pcie_axi_dma_latency/design/rtl/axis_fifo.sv Line: 165
Warning: [axis_fifo] FIFO full (depth=64) — upstream back-pressured at t=46535000
Time: 46535 ns  Iteration: 0  Process: /tb_pcie_axi_dma(TB_SCENARIO=2,FIFO_DEPTH=64,BATCH_COUNT=4,BATCH_TIMEOUT=64,SINK_STALL_EN=1'b1,SINK_STALL_PERIOD=4,SINK_STALL_READY=1)/dut/u_fifo/Always163_9  Scope: \tb_pcie_axi_dma(TB_SCENARIO=2,FIFO_DEPTH=64,BATCH_COUNT=4,BATCH_TIMEOUT=64,SINK_STALL_EN=1'b1,SINK_STALL_PERIOD=4,SINK_STALL_READY=1) .dut.u_fifo  File: /get/work/krishna.vardhan/git_trees/mtp_pcie_axi/pcie_axi_dma_latency/design/rtl/axis_fifo.sv Line: 165
Warning: [axis_fifo] FIFO full (depth=64) — upstream back-pressured at t=46555000
Time: 46555 ns  Iteration: 0  Process: /tb_pcie_axi_dma(TB_SCENARIO=2,FIFO_DEPTH=64,BATCH_COUNT=4,BATCH_TIMEOUT=64,SINK_STALL_EN=1'b1,SINK_STALL_PERIOD=4,SINK_STALL_READY=1)/dut/u_fifo/Always163_9  Scope: \tb_pcie_axi_dma(TB_SCENARIO=2,FIFO_DEPTH=64,BATCH_COUNT=4,BATCH_TIMEOUT=64,SINK_STALL_EN=1'b1,SINK_STALL_PERIOD=4,SINK_STALL_READY=1) .dut.u_fifo  File: /get/work/krishna.vardhan/git_trees/mtp_pcie_axi/pcie_axi_dma_latency/design/rtl/axis_fifo.sv Line: 165
Warning: [axis_fifo] FIFO full (depth=64) — upstream back-pressured at t=46565000
Time: 46565 ns  Iteration: 0  Process: /tb_pcie_axi_dma(TB_SCENARIO=2,FIFO_DEPTH=64,BATCH_COUNT=4,BATCH_TIMEOUT=64,SINK_STALL_EN=1'b1,SINK_STALL_PERIOD=4,SINK_STALL_READY=1)/dut/u_fifo/Always163_9  Scope: \tb_pcie_axi_dma(TB_SCENARIO=2,FIFO_DEPTH=64,BATCH_COUNT=4,BATCH_TIMEOUT=64,SINK_STALL_EN=1'b1,SINK_STALL_PERIOD=4,SINK_STALL_READY=1) .dut.u_fifo  File: /get/work/krishna.vardhan/git_trees/mtp_pcie_axi/pcie_axi_dma_latency/design/rtl/axis_fifo.sv Line: 165
Warning: [axis_fifo] FIFO full (depth=64) — upstream back-pressured at t=46575000
Time: 46575 ns  Iteration: 0  Process: /tb_pcie_axi_dma(TB_SCENARIO=2,FIFO_DEPTH=64,BATCH_COUNT=4,BATCH_TIMEOUT=64,SINK_STALL_EN=1'b1,SINK_STALL_PERIOD=4,SINK_STALL_READY=1)/dut/u_fifo/Always163_9  Scope: \tb_pcie_axi_dma(TB_SCENARIO=2,FIFO_DEPTH=64,BATCH_COUNT=4,BATCH_TIMEOUT=64,SINK_STALL_EN=1'b1,SINK_STALL_PERIOD=4,SINK_STALL_READY=1) .dut.u_fifo  File: /get/work/krishna.vardhan/git_trees/mtp_pcie_axi/pcie_axi_dma_latency/design/rtl/axis_fifo.sv Line: 165
Warning: [axis_fifo] FIFO full (depth=64) — upstream back-pressured at t=46595000
Time: 46595 ns  Iteration: 0  Process: /tb_pcie_axi_dma(TB_SCENARIO=2,FIFO_DEPTH=64,BATCH_COUNT=4,BATCH_TIMEOUT=64,SINK_STALL_EN=1'b1,SINK_STALL_PERIOD=4,SINK_STALL_READY=1)/dut/u_fifo/Always163_9  Scope: \tb_pcie_axi_dma(TB_SCENARIO=2,FIFO_DEPTH=64,BATCH_COUNT=4,BATCH_TIMEOUT=64,SINK_STALL_EN=1'b1,SINK_STALL_PERIOD=4,SINK_STALL_READY=1) .dut.u_fifo  File: /get/work/krishna.vardhan/git_trees/mtp_pcie_axi/pcie_axi_dma_latency/design/rtl/axis_fifo.sv Line: 165
Warning: [axis_fifo] FIFO full (depth=64) — upstream back-pressured at t=46605000
Time: 46605 ns  Iteration: 0  Process: /tb_pcie_axi_dma(TB_SCENARIO=2,FIFO_DEPTH=64,BATCH_COUNT=4,BATCH_TIMEOUT=64,SINK_STALL_EN=1'b1,SINK_STALL_PERIOD=4,SINK_STALL_READY=1)/dut/u_fifo/Always163_9  Scope: \tb_pcie_axi_dma(TB_SCENARIO=2,FIFO_DEPTH=64,BATCH_COUNT=4,BATCH_TIMEOUT=64,SINK_STALL_EN=1'b1,SINK_STALL_PERIOD=4,SINK_STALL_READY=1) .dut.u_fifo  File: /get/work/krishna.vardhan/git_trees/mtp_pcie_axi/pcie_axi_dma_latency/design/rtl/axis_fifo.sv Line: 165
Warning: [axis_fifo] FIFO full (depth=64) — upstream back-pressured at t=46615000
Time: 46615 ns  Iteration: 0  Process: /tb_pcie_axi_dma(TB_SCENARIO=2,FIFO_DEPTH=64,BATCH_COUNT=4,BATCH_TIMEOUT=64,SINK_STALL_EN=1'b1,SINK_STALL_PERIOD=4,SINK_STALL_READY=1)/dut/u_fifo/Always163_9  Scope: \tb_pcie_axi_dma(TB_SCENARIO=2,FIFO_DEPTH=64,BATCH_COUNT=4,BATCH_TIMEOUT=64,SINK_STALL_EN=1'b1,SINK_STALL_PERIOD=4,SINK_STALL_READY=1) .dut.u_fifo  File: /get/work/krishna.vardhan/git_trees/mtp_pcie_axi/pcie_axi_dma_latency/design/rtl/axis_fifo.sv Line: 165
Warning: [axis_fifo] FIFO full (depth=64) — upstream back-pressured at t=46635000
Time: 46635 ns  Iteration: 0  Process: /tb_pcie_axi_dma(TB_SCENARIO=2,FIFO_DEPTH=64,BATCH_COUNT=4,BATCH_TIMEOUT=64,SINK_STALL_EN=1'b1,SINK_STALL_PERIOD=4,SINK_STALL_READY=1)/dut/u_fifo/Always163_9  Scope: \tb_pcie_axi_dma(TB_SCENARIO=2,FIFO_DEPTH=64,BATCH_COUNT=4,BATCH_TIMEOUT=64,SINK_STALL_EN=1'b1,SINK_STALL_PERIOD=4,SINK_STALL_READY=1) .dut.u_fifo  File: /get/work/krishna.vardhan/git_trees/mtp_pcie_axi/pcie_axi_dma_latency/design/rtl/axis_fifo.sv Line: 165
Warning: [axis_fifo] FIFO full (depth=64) — upstream back-pressured at t=46645000
Time: 46645 ns  Iteration: 0  Process: /tb_pcie_axi_dma(TB_SCENARIO=2,FIFO_DEPTH=64,BATCH_COUNT=4,BATCH_TIMEOUT=64,SINK_STALL_EN=1'b1,SINK_STALL_PERIOD=4,SINK_STALL_READY=1)/dut/u_fifo/Always163_9  Scope: \tb_pcie_axi_dma(TB_SCENARIO=2,FIFO_DEPTH=64,BATCH_COUNT=4,BATCH_TIMEOUT=64,SINK_STALL_EN=1'b1,SINK_STALL_PERIOD=4,SINK_STALL_READY=1) .dut.u_fifo  File: /get/work/krishna.vardhan/git_trees/mtp_pcie_axi/pcie_axi_dma_latency/design/rtl/axis_fifo.sv Line: 165
Warning: [axis_fifo] FIFO full (depth=64) — upstream back-pressured at t=46655000
Time: 46655 ns  Iteration: 0  Process: /tb_pcie_axi_dma(TB_SCENARIO=2,FIFO_DEPTH=64,BATCH_COUNT=4,BATCH_TIMEOUT=64,SINK_STALL_EN=1'b1,SINK_STALL_PERIOD=4,SINK_STALL_READY=1)/dut/u_fifo/Always163_9  Scope: \tb_pcie_axi_dma(TB_SCENARIO=2,FIFO_DEPTH=64,BATCH_COUNT=4,BATCH_TIMEOUT=64,SINK_STALL_EN=1'b1,SINK_STALL_PERIOD=4,SINK_STALL_READY=1) .dut.u_fifo  File: /get/work/krishna.vardhan/git_trees/mtp_pcie_axi/pcie_axi_dma_latency/design/rtl/axis_fifo.sv Line: 165
Warning: [axis_fifo] FIFO full (depth=64) — upstream back-pressured at t=46675000
Time: 46675 ns  Iteration: 0  Process: /tb_pcie_axi_dma(TB_SCENARIO=2,FIFO_DEPTH=64,BATCH_COUNT=4,BATCH_TIMEOUT=64,SINK_STALL_EN=1'b1,SINK_STALL_PERIOD=4,SINK_STALL_READY=1)/dut/u_fifo/Always163_9  Scope: \tb_pcie_axi_dma(TB_SCENARIO=2,FIFO_DEPTH=64,BATCH_COUNT=4,BATCH_TIMEOUT=64,SINK_STALL_EN=1'b1,SINK_STALL_PERIOD=4,SINK_STALL_READY=1) .dut.u_fifo  File: /get/work/krishna.vardhan/git_trees/mtp_pcie_axi/pcie_axi_dma_latency/design/rtl/axis_fifo.sv Line: 165
Warning: [axis_fifo] FIFO full (depth=64) — upstream back-pressured at t=46685000
Time: 46685 ns  Iteration: 0  Process: /tb_pcie_axi_dma(TB_SCENARIO=2,FIFO_DEPTH=64,BATCH_COUNT=4,BATCH_TIMEOUT=64,SINK_STALL_EN=1'b1,SINK_STALL_PERIOD=4,SINK_STALL_READY=1)/dut/u_fifo/Always163_9  Scope: \tb_pcie_axi_dma(TB_SCENARIO=2,FIFO_DEPTH=64,BATCH_COUNT=4,BATCH_TIMEOUT=64,SINK_STALL_EN=1'b1,SINK_STALL_PERIOD=4,SINK_STALL_READY=1) .dut.u_fifo  File: /get/work/krishna.vardhan/git_trees/mtp_pcie_axi/pcie_axi_dma_latency/design/rtl/axis_fifo.sv Line: 165
Warning: [axis_fifo] FIFO full (depth=64) — upstream back-pressured at t=46695000
Time: 46695 ns  Iteration: 0  Process: /tb_pcie_axi_dma(TB_SCENARIO=2,FIFO_DEPTH=64,BATCH_COUNT=4,BATCH_TIMEOUT=64,SINK_STALL_EN=1'b1,SINK_STALL_PERIOD=4,SINK_STALL_READY=1)/dut/u_fifo/Always163_9  Scope: \tb_pcie_axi_dma(TB_SCENARIO=2,FIFO_DEPTH=64,BATCH_COUNT=4,BATCH_TIMEOUT=64,SINK_STALL_EN=1'b1,SINK_STALL_PERIOD=4,SINK_STALL_READY=1) .dut.u_fifo  File: /get/work/krishna.vardhan/git_trees/mtp_pcie_axi/pcie_axi_dma_latency/design/rtl/axis_fifo.sv Line: 165
Warning: [axis_fifo] FIFO full (depth=64) — upstream back-pressured at t=46715000
Time: 46715 ns  Iteration: 0  Process: /tb_pcie_axi_dma(TB_SCENARIO=2,FIFO_DEPTH=64,BATCH_COUNT=4,BATCH_TIMEOUT=64,SINK_STALL_EN=1'b1,SINK_STALL_PERIOD=4,SINK_STALL_READY=1)/dut/u_fifo/Always163_9  Scope: \tb_pcie_axi_dma(TB_SCENARIO=2,FIFO_DEPTH=64,BATCH_COUNT=4,BATCH_TIMEOUT=64,SINK_STALL_EN=1'b1,SINK_STALL_PERIOD=4,SINK_STALL_READY=1) .dut.u_fifo  File: /get/work/krishna.vardhan/git_trees/mtp_pcie_axi/pcie_axi_dma_latency/design/rtl/axis_fifo.sv Line: 165
Warning: [axis_fifo] FIFO full (depth=64) — upstream back-pressured at t=46725000
Time: 46725 ns  Iteration: 0  Process: /tb_pcie_axi_dma(TB_SCENARIO=2,FIFO_DEPTH=64,BATCH_COUNT=4,BATCH_TIMEOUT=64,SINK_STALL_EN=1'b1,SINK_STALL_PERIOD=4,SINK_STALL_READY=1)/dut/u_fifo/Always163_9  Scope: \tb_pcie_axi_dma(TB_SCENARIO=2,FIFO_DEPTH=64,BATCH_COUNT=4,BATCH_TIMEOUT=64,SINK_STALL_EN=1'b1,SINK_STALL_PERIOD=4,SINK_STALL_READY=1) .dut.u_fifo  File: /get/work/krishna.vardhan/git_trees/mtp_pcie_axi/pcie_axi_dma_latency/design/rtl/axis_fifo.sv Line: 165
Warning: [axis_fifo] FIFO full (depth=64) — upstream back-pressured at t=46735000
Time: 46735 ns  Iteration: 0  Process: /tb_pcie_axi_dma(TB_SCENARIO=2,FIFO_DEPTH=64,BATCH_COUNT=4,BATCH_TIMEOUT=64,SINK_STALL_EN=1'b1,SINK_STALL_PERIOD=4,SINK_STALL_READY=1)/dut/u_fifo/Always163_9  Scope: \tb_pcie_axi_dma(TB_SCENARIO=2,FIFO_DEPTH=64,BATCH_COUNT=4,BATCH_TIMEOUT=64,SINK_STALL_EN=1'b1,SINK_STALL_PERIOD=4,SINK_STALL_READY=1) .dut.u_fifo  File: /get/work/krishna.vardhan/git_trees/mtp_pcie_axi/pcie_axi_dma_latency/design/rtl/axis_fifo.sv Line: 165
Warning: [axis_fifo] FIFO full (depth=64) — upstream back-pressured at t=46755000
Time: 46755 ns  Iteration: 0  Process: /tb_pcie_axi_dma(TB_SCENARIO=2,FIFO_DEPTH=64,BATCH_COUNT=4,BATCH_TIMEOUT=64,SINK_STALL_EN=1'b1,SINK_STALL_PERIOD=4,SINK_STALL_READY=1)/dut/u_fifo/Always163_9  Scope: \tb_pcie_axi_dma(TB_SCENARIO=2,FIFO_DEPTH=64,BATCH_COUNT=4,BATCH_TIMEOUT=64,SINK_STALL_EN=1'b1,SINK_STALL_PERIOD=4,SINK_STALL_READY=1) .dut.u_fifo  File: /get/work/krishna.vardhan/git_trees/mtp_pcie_axi/pcie_axi_dma_latency/design/rtl/axis_fifo.sv Line: 165
Warning: [axis_fifo] FIFO full (depth=64) — upstream back-pressured at t=46765000
Time: 46765 ns  Iteration: 0  Process: /tb_pcie_axi_dma(TB_SCENARIO=2,FIFO_DEPTH=64,BATCH_COUNT=4,BATCH_TIMEOUT=64,SINK_STALL_EN=1'b1,SINK_STALL_PERIOD=4,SINK_STALL_READY=1)/dut/u_fifo/Always163_9  Scope: \tb_pcie_axi_dma(TB_SCENARIO=2,FIFO_DEPTH=64,BATCH_COUNT=4,BATCH_TIMEOUT=64,SINK_STALL_EN=1'b1,SINK_STALL_PERIOD=4,SINK_STALL_READY=1) .dut.u_fifo  File: /get/work/krishna.vardhan/git_trees/mtp_pcie_axi/pcie_axi_dma_latency/design/rtl/axis_fifo.sv Line: 165
Warning: [axis_fifo] FIFO full (depth=64) — upstream back-pressured at t=46775000
Time: 46775 ns  Iteration: 0  Process: /tb_pcie_axi_dma(TB_SCENARIO=2,FIFO_DEPTH=64,BATCH_COUNT=4,BATCH_TIMEOUT=64,SINK_STALL_EN=1'b1,SINK_STALL_PERIOD=4,SINK_STALL_READY=1)/dut/u_fifo/Always163_9  Scope: \tb_pcie_axi_dma(TB_SCENARIO=2,FIFO_DEPTH=64,BATCH_COUNT=4,BATCH_TIMEOUT=64,SINK_STALL_EN=1'b1,SINK_STALL_PERIOD=4,SINK_STALL_READY=1) .dut.u_fifo  File: /get/work/krishna.vardhan/git_trees/mtp_pcie_axi/pcie_axi_dma_latency/design/rtl/axis_fifo.sv Line: 165
Warning: [axis_fifo] FIFO full (depth=64) — upstream back-pressured at t=46795000
Time: 46795 ns  Iteration: 0  Process: /tb_pcie_axi_dma(TB_SCENARIO=2,FIFO_DEPTH=64,BATCH_COUNT=4,BATCH_TIMEOUT=64,SINK_STALL_EN=1'b1,SINK_STALL_PERIOD=4,SINK_STALL_READY=1)/dut/u_fifo/Always163_9  Scope: \tb_pcie_axi_dma(TB_SCENARIO=2,FIFO_DEPTH=64,BATCH_COUNT=4,BATCH_TIMEOUT=64,SINK_STALL_EN=1'b1,SINK_STALL_PERIOD=4,SINK_STALL_READY=1) .dut.u_fifo  File: /get/work/krishna.vardhan/git_trees/mtp_pcie_axi/pcie_axi_dma_latency/design/rtl/axis_fifo.sv Line: 165
Warning: [axis_fifo] FIFO full (depth=64) — upstream back-pressured at t=46805000
Time: 46805 ns  Iteration: 0  Process: /tb_pcie_axi_dma(TB_SCENARIO=2,FIFO_DEPTH=64,BATCH_COUNT=4,BATCH_TIMEOUT=64,SINK_STALL_EN=1'b1,SINK_STALL_PERIOD=4,SINK_STALL_READY=1)/dut/u_fifo/Always163_9  Scope: \tb_pcie_axi_dma(TB_SCENARIO=2,FIFO_DEPTH=64,BATCH_COUNT=4,BATCH_TIMEOUT=64,SINK_STALL_EN=1'b1,SINK_STALL_PERIOD=4,SINK_STALL_READY=1) .dut.u_fifo  File: /get/work/krishna.vardhan/git_trees/mtp_pcie_axi/pcie_axi_dma_latency/design/rtl/axis_fifo.sv Line: 165
Warning: [axis_fifo] FIFO full (depth=64) — upstream back-pressured at t=46815000
Time: 46815 ns  Iteration: 0  Process: /tb_pcie_axi_dma(TB_SCENARIO=2,FIFO_DEPTH=64,BATCH_COUNT=4,BATCH_TIMEOUT=64,SINK_STALL_EN=1'b1,SINK_STALL_PERIOD=4,SINK_STALL_READY=1)/dut/u_fifo/Always163_9  Scope: \tb_pcie_axi_dma(TB_SCENARIO=2,FIFO_DEPTH=64,BATCH_COUNT=4,BATCH_TIMEOUT=64,SINK_STALL_EN=1'b1,SINK_STALL_PERIOD=4,SINK_STALL_READY=1) .dut.u_fifo  File: /get/work/krishna.vardhan/git_trees/mtp_pcie_axi/pcie_axi_dma_latency/design/rtl/axis_fifo.sv Line: 165
Warning: [axis_fifo] FIFO full (depth=64) — upstream back-pressured at t=46835000
Time: 46835 ns  Iteration: 0  Process: /tb_pcie_axi_dma(TB_SCENARIO=2,FIFO_DEPTH=64,BATCH_COUNT=4,BATCH_TIMEOUT=64,SINK_STALL_EN=1'b1,SINK_STALL_PERIOD=4,SINK_STALL_READY=1)/dut/u_fifo/Always163_9  Scope: \tb_pcie_axi_dma(TB_SCENARIO=2,FIFO_DEPTH=64,BATCH_COUNT=4,BATCH_TIMEOUT=64,SINK_STALL_EN=1'b1,SINK_STALL_PERIOD=4,SINK_STALL_READY=1) .dut.u_fifo  File: /get/work/krishna.vardhan/git_trees/mtp_pcie_axi/pcie_axi_dma_latency/design/rtl/axis_fifo.sv Line: 165
Warning: [axis_fifo] FIFO full (depth=64) — upstream back-pressured at t=46845000
Time: 46845 ns  Iteration: 0  Process: /tb_pcie_axi_dma(TB_SCENARIO=2,FIFO_DEPTH=64,BATCH_COUNT=4,BATCH_TIMEOUT=64,SINK_STALL_EN=1'b1,SINK_STALL_PERIOD=4,SINK_STALL_READY=1)/dut/u_fifo/Always163_9  Scope: \tb_pcie_axi_dma(TB_SCENARIO=2,FIFO_DEPTH=64,BATCH_COUNT=4,BATCH_TIMEOUT=64,SINK_STALL_EN=1'b1,SINK_STALL_PERIOD=4,SINK_STALL_READY=1) .dut.u_fifo  File: /get/work/krishna.vardhan/git_trees/mtp_pcie_axi/pcie_axi_dma_latency/design/rtl/axis_fifo.sv Line: 165
Warning: [axis_fifo] FIFO full (depth=64) — upstream back-pressured at t=46855000
Time: 46855 ns  Iteration: 0  Process: /tb_pcie_axi_dma(TB_SCENARIO=2,FIFO_DEPTH=64,BATCH_COUNT=4,BATCH_TIMEOUT=64,SINK_STALL_EN=1'b1,SINK_STALL_PERIOD=4,SINK_STALL_READY=1)/dut/u_fifo/Always163_9  Scope: \tb_pcie_axi_dma(TB_SCENARIO=2,FIFO_DEPTH=64,BATCH_COUNT=4,BATCH_TIMEOUT=64,SINK_STALL_EN=1'b1,SINK_STALL_PERIOD=4,SINK_STALL_READY=1) .dut.u_fifo  File: /get/work/krishna.vardhan/git_trees/mtp_pcie_axi/pcie_axi_dma_latency/design/rtl/axis_fifo.sv Line: 165
Warning: [axis_fifo] FIFO full (depth=64) — upstream back-pressured at t=46875000
Time: 46875 ns  Iteration: 0  Process: /tb_pcie_axi_dma(TB_SCENARIO=2,FIFO_DEPTH=64,BATCH_COUNT=4,BATCH_TIMEOUT=64,SINK_STALL_EN=1'b1,SINK_STALL_PERIOD=4,SINK_STALL_READY=1)/dut/u_fifo/Always163_9  Scope: \tb_pcie_axi_dma(TB_SCENARIO=2,FIFO_DEPTH=64,BATCH_COUNT=4,BATCH_TIMEOUT=64,SINK_STALL_EN=1'b1,SINK_STALL_PERIOD=4,SINK_STALL_READY=1) .dut.u_fifo  File: /get/work/krishna.vardhan/git_trees/mtp_pcie_axi/pcie_axi_dma_latency/design/rtl/axis_fifo.sv Line: 165
Warning: [axis_fifo] FIFO full (depth=64) — upstream back-pressured at t=46885000
Time: 46885 ns  Iteration: 0  Process: /tb_pcie_axi_dma(TB_SCENARIO=2,FIFO_DEPTH=64,BATCH_COUNT=4,BATCH_TIMEOUT=64,SINK_STALL_EN=1'b1,SINK_STALL_PERIOD=4,SINK_STALL_READY=1)/dut/u_fifo/Always163_9  Scope: \tb_pcie_axi_dma(TB_SCENARIO=2,FIFO_DEPTH=64,BATCH_COUNT=4,BATCH_TIMEOUT=64,SINK_STALL_EN=1'b1,SINK_STALL_PERIOD=4,SINK_STALL_READY=1) .dut.u_fifo  File: /get/work/krishna.vardhan/git_trees/mtp_pcie_axi/pcie_axi_dma_latency/design/rtl/axis_fifo.sv Line: 165
Warning: [axis_fifo] FIFO full (depth=64) — upstream back-pressured at t=46895000
Time: 46895 ns  Iteration: 0  Process: /tb_pcie_axi_dma(TB_SCENARIO=2,FIFO_DEPTH=64,BATCH_COUNT=4,BATCH_TIMEOUT=64,SINK_STALL_EN=1'b1,SINK_STALL_PERIOD=4,SINK_STALL_READY=1)/dut/u_fifo/Always163_9  Scope: \tb_pcie_axi_dma(TB_SCENARIO=2,FIFO_DEPTH=64,BATCH_COUNT=4,BATCH_TIMEOUT=64,SINK_STALL_EN=1'b1,SINK_STALL_PERIOD=4,SINK_STALL_READY=1) .dut.u_fifo  File: /get/work/krishna.vardhan/git_trees/mtp_pcie_axi/pcie_axi_dma_latency/design/rtl/axis_fifo.sv Line: 165
Warning: [axis_fifo] FIFO full (depth=64) — upstream back-pressured at t=46915000
Time: 46915 ns  Iteration: 0  Process: /tb_pcie_axi_dma(TB_SCENARIO=2,FIFO_DEPTH=64,BATCH_COUNT=4,BATCH_TIMEOUT=64,SINK_STALL_EN=1'b1,SINK_STALL_PERIOD=4,SINK_STALL_READY=1)/dut/u_fifo/Always163_9  Scope: \tb_pcie_axi_dma(TB_SCENARIO=2,FIFO_DEPTH=64,BATCH_COUNT=4,BATCH_TIMEOUT=64,SINK_STALL_EN=1'b1,SINK_STALL_PERIOD=4,SINK_STALL_READY=1) .dut.u_fifo  File: /get/work/krishna.vardhan/git_trees/mtp_pcie_axi/pcie_axi_dma_latency/design/rtl/axis_fifo.sv Line: 165
Warning: [axis_fifo] FIFO full (depth=64) — upstream back-pressured at t=46925000
Time: 46925 ns  Iteration: 0  Process: /tb_pcie_axi_dma(TB_SCENARIO=2,FIFO_DEPTH=64,BATCH_COUNT=4,BATCH_TIMEOUT=64,SINK_STALL_EN=1'b1,SINK_STALL_PERIOD=4,SINK_STALL_READY=1)/dut/u_fifo/Always163_9  Scope: \tb_pcie_axi_dma(TB_SCENARIO=2,FIFO_DEPTH=64,BATCH_COUNT=4,BATCH_TIMEOUT=64,SINK_STALL_EN=1'b1,SINK_STALL_PERIOD=4,SINK_STALL_READY=1) .dut.u_fifo  File: /get/work/krishna.vardhan/git_trees/mtp_pcie_axi/pcie_axi_dma_latency/design/rtl/axis_fifo.sv Line: 165
Warning: [axis_fifo] FIFO full (depth=64) — upstream back-pressured at t=46935000
Time: 46935 ns  Iteration: 0  Process: /tb_pcie_axi_dma(TB_SCENARIO=2,FIFO_DEPTH=64,BATCH_COUNT=4,BATCH_TIMEOUT=64,SINK_STALL_EN=1'b1,SINK_STALL_PERIOD=4,SINK_STALL_READY=1)/dut/u_fifo/Always163_9  Scope: \tb_pcie_axi_dma(TB_SCENARIO=2,FIFO_DEPTH=64,BATCH_COUNT=4,BATCH_TIMEOUT=64,SINK_STALL_EN=1'b1,SINK_STALL_PERIOD=4,SINK_STALL_READY=1) .dut.u_fifo  File: /get/work/krishna.vardhan/git_trees/mtp_pcie_axi/pcie_axi_dma_latency/design/rtl/axis_fifo.sv Line: 165
Warning: [axis_fifo] FIFO full (depth=64) — upstream back-pressured at t=46955000
Time: 46955 ns  Iteration: 0  Process: /tb_pcie_axi_dma(TB_SCENARIO=2,FIFO_DEPTH=64,BATCH_COUNT=4,BATCH_TIMEOUT=64,SINK_STALL_EN=1'b1,SINK_STALL_PERIOD=4,SINK_STALL_READY=1)/dut/u_fifo/Always163_9  Scope: \tb_pcie_axi_dma(TB_SCENARIO=2,FIFO_DEPTH=64,BATCH_COUNT=4,BATCH_TIMEOUT=64,SINK_STALL_EN=1'b1,SINK_STALL_PERIOD=4,SINK_STALL_READY=1) .dut.u_fifo  File: /get/work/krishna.vardhan/git_trees/mtp_pcie_axi/pcie_axi_dma_latency/design/rtl/axis_fifo.sv Line: 165
Warning: [axis_fifo] FIFO full (depth=64) — upstream back-pressured at t=46965000
Time: 46965 ns  Iteration: 0  Process: /tb_pcie_axi_dma(TB_SCENARIO=2,FIFO_DEPTH=64,BATCH_COUNT=4,BATCH_TIMEOUT=64,SINK_STALL_EN=1'b1,SINK_STALL_PERIOD=4,SINK_STALL_READY=1)/dut/u_fifo/Always163_9  Scope: \tb_pcie_axi_dma(TB_SCENARIO=2,FIFO_DEPTH=64,BATCH_COUNT=4,BATCH_TIMEOUT=64,SINK_STALL_EN=1'b1,SINK_STALL_PERIOD=4,SINK_STALL_READY=1) .dut.u_fifo  File: /get/work/krishna.vardhan/git_trees/mtp_pcie_axi/pcie_axi_dma_latency/design/rtl/axis_fifo.sv Line: 165
Warning: [axis_fifo] FIFO full (depth=64) — upstream back-pressured at t=46975000
Time: 46975 ns  Iteration: 0  Process: /tb_pcie_axi_dma(TB_SCENARIO=2,FIFO_DEPTH=64,BATCH_COUNT=4,BATCH_TIMEOUT=64,SINK_STALL_EN=1'b1,SINK_STALL_PERIOD=4,SINK_STALL_READY=1)/dut/u_fifo/Always163_9  Scope: \tb_pcie_axi_dma(TB_SCENARIO=2,FIFO_DEPTH=64,BATCH_COUNT=4,BATCH_TIMEOUT=64,SINK_STALL_EN=1'b1,SINK_STALL_PERIOD=4,SINK_STALL_READY=1) .dut.u_fifo  File: /get/work/krishna.vardhan/git_trees/mtp_pcie_axi/pcie_axi_dma_latency/design/rtl/axis_fifo.sv Line: 165
Warning: [axis_fifo] FIFO full (depth=64) — upstream back-pressured at t=46995000
Time: 46995 ns  Iteration: 0  Process: /tb_pcie_axi_dma(TB_SCENARIO=2,FIFO_DEPTH=64,BATCH_COUNT=4,BATCH_TIMEOUT=64,SINK_STALL_EN=1'b1,SINK_STALL_PERIOD=4,SINK_STALL_READY=1)/dut/u_fifo/Always163_9  Scope: \tb_pcie_axi_dma(TB_SCENARIO=2,FIFO_DEPTH=64,BATCH_COUNT=4,BATCH_TIMEOUT=64,SINK_STALL_EN=1'b1,SINK_STALL_PERIOD=4,SINK_STALL_READY=1) .dut.u_fifo  File: /get/work/krishna.vardhan/git_trees/mtp_pcie_axi/pcie_axi_dma_latency/design/rtl/axis_fifo.sv Line: 165
Warning: [axis_fifo] FIFO full (depth=64) — upstream back-pressured at t=47005000
Time: 47005 ns  Iteration: 0  Process: /tb_pcie_axi_dma(TB_SCENARIO=2,FIFO_DEPTH=64,BATCH_COUNT=4,BATCH_TIMEOUT=64,SINK_STALL_EN=1'b1,SINK_STALL_PERIOD=4,SINK_STALL_READY=1)/dut/u_fifo/Always163_9  Scope: \tb_pcie_axi_dma(TB_SCENARIO=2,FIFO_DEPTH=64,BATCH_COUNT=4,BATCH_TIMEOUT=64,SINK_STALL_EN=1'b1,SINK_STALL_PERIOD=4,SINK_STALL_READY=1) .dut.u_fifo  File: /get/work/krishna.vardhan/git_trees/mtp_pcie_axi/pcie_axi_dma_latency/design/rtl/axis_fifo.sv Line: 165
Warning: [axis_fifo] FIFO full (depth=64) — upstream back-pressured at t=47015000
Time: 47015 ns  Iteration: 0  Process: /tb_pcie_axi_dma(TB_SCENARIO=2,FIFO_DEPTH=64,BATCH_COUNT=4,BATCH_TIMEOUT=64,SINK_STALL_EN=1'b1,SINK_STALL_PERIOD=4,SINK_STALL_READY=1)/dut/u_fifo/Always163_9  Scope: \tb_pcie_axi_dma(TB_SCENARIO=2,FIFO_DEPTH=64,BATCH_COUNT=4,BATCH_TIMEOUT=64,SINK_STALL_EN=1'b1,SINK_STALL_PERIOD=4,SINK_STALL_READY=1) .dut.u_fifo  File: /get/work/krishna.vardhan/git_trees/mtp_pcie_axi/pcie_axi_dma_latency/design/rtl/axis_fifo.sv Line: 165
Warning: [axis_fifo] FIFO full (depth=64) — upstream back-pressured at t=47035000
Time: 47035 ns  Iteration: 0  Process: /tb_pcie_axi_dma(TB_SCENARIO=2,FIFO_DEPTH=64,BATCH_COUNT=4,BATCH_TIMEOUT=64,SINK_STALL_EN=1'b1,SINK_STALL_PERIOD=4,SINK_STALL_READY=1)/dut/u_fifo/Always163_9  Scope: \tb_pcie_axi_dma(TB_SCENARIO=2,FIFO_DEPTH=64,BATCH_COUNT=4,BATCH_TIMEOUT=64,SINK_STALL_EN=1'b1,SINK_STALL_PERIOD=4,SINK_STALL_READY=1) .dut.u_fifo  File: /get/work/krishna.vardhan/git_trees/mtp_pcie_axi/pcie_axi_dma_latency/design/rtl/axis_fifo.sv Line: 165
Warning: [axis_fifo] FIFO full (depth=64) — upstream back-pressured at t=47045000
Time: 47045 ns  Iteration: 0  Process: /tb_pcie_axi_dma(TB_SCENARIO=2,FIFO_DEPTH=64,BATCH_COUNT=4,BATCH_TIMEOUT=64,SINK_STALL_EN=1'b1,SINK_STALL_PERIOD=4,SINK_STALL_READY=1)/dut/u_fifo/Always163_9  Scope: \tb_pcie_axi_dma(TB_SCENARIO=2,FIFO_DEPTH=64,BATCH_COUNT=4,BATCH_TIMEOUT=64,SINK_STALL_EN=1'b1,SINK_STALL_PERIOD=4,SINK_STALL_READY=1) .dut.u_fifo  File: /get/work/krishna.vardhan/git_trees/mtp_pcie_axi/pcie_axi_dma_latency/design/rtl/axis_fifo.sv Line: 165
Warning: [axis_fifo] FIFO full (depth=64) — upstream back-pressured at t=47055000
Time: 47055 ns  Iteration: 0  Process: /tb_pcie_axi_dma(TB_SCENARIO=2,FIFO_DEPTH=64,BATCH_COUNT=4,BATCH_TIMEOUT=64,SINK_STALL_EN=1'b1,SINK_STALL_PERIOD=4,SINK_STALL_READY=1)/dut/u_fifo/Always163_9  Scope: \tb_pcie_axi_dma(TB_SCENARIO=2,FIFO_DEPTH=64,BATCH_COUNT=4,BATCH_TIMEOUT=64,SINK_STALL_EN=1'b1,SINK_STALL_PERIOD=4,SINK_STALL_READY=1) .dut.u_fifo  File: /get/work/krishna.vardhan/git_trees/mtp_pcie_axi/pcie_axi_dma_latency/design/rtl/axis_fifo.sv Line: 165
Warning: [axis_fifo] FIFO full (depth=64) — upstream back-pressured at t=47075000
Time: 47075 ns  Iteration: 0  Process: /tb_pcie_axi_dma(TB_SCENARIO=2,FIFO_DEPTH=64,BATCH_COUNT=4,BATCH_TIMEOUT=64,SINK_STALL_EN=1'b1,SINK_STALL_PERIOD=4,SINK_STALL_READY=1)/dut/u_fifo/Always163_9  Scope: \tb_pcie_axi_dma(TB_SCENARIO=2,FIFO_DEPTH=64,BATCH_COUNT=4,BATCH_TIMEOUT=64,SINK_STALL_EN=1'b1,SINK_STALL_PERIOD=4,SINK_STALL_READY=1) .dut.u_fifo  File: /get/work/krishna.vardhan/git_trees/mtp_pcie_axi/pcie_axi_dma_latency/design/rtl/axis_fifo.sv Line: 165
Warning: [axis_fifo] FIFO full (depth=64) — upstream back-pressured at t=47085000
Time: 47085 ns  Iteration: 0  Process: /tb_pcie_axi_dma(TB_SCENARIO=2,FIFO_DEPTH=64,BATCH_COUNT=4,BATCH_TIMEOUT=64,SINK_STALL_EN=1'b1,SINK_STALL_PERIOD=4,SINK_STALL_READY=1)/dut/u_fifo/Always163_9  Scope: \tb_pcie_axi_dma(TB_SCENARIO=2,FIFO_DEPTH=64,BATCH_COUNT=4,BATCH_TIMEOUT=64,SINK_STALL_EN=1'b1,SINK_STALL_PERIOD=4,SINK_STALL_READY=1) .dut.u_fifo  File: /get/work/krishna.vardhan/git_trees/mtp_pcie_axi/pcie_axi_dma_latency/design/rtl/axis_fifo.sv Line: 165
Warning: [axis_fifo] FIFO full (depth=64) — upstream back-pressured at t=47095000
Time: 47095 ns  Iteration: 0  Process: /tb_pcie_axi_dma(TB_SCENARIO=2,FIFO_DEPTH=64,BATCH_COUNT=4,BATCH_TIMEOUT=64,SINK_STALL_EN=1'b1,SINK_STALL_PERIOD=4,SINK_STALL_READY=1)/dut/u_fifo/Always163_9  Scope: \tb_pcie_axi_dma(TB_SCENARIO=2,FIFO_DEPTH=64,BATCH_COUNT=4,BATCH_TIMEOUT=64,SINK_STALL_EN=1'b1,SINK_STALL_PERIOD=4,SINK_STALL_READY=1) .dut.u_fifo  File: /get/work/krishna.vardhan/git_trees/mtp_pcie_axi/pcie_axi_dma_latency/design/rtl/axis_fifo.sv Line: 165
Warning: [axis_fifo] FIFO full (depth=64) — upstream back-pressured at t=47115000
Time: 47115 ns  Iteration: 0  Process: /tb_pcie_axi_dma(TB_SCENARIO=2,FIFO_DEPTH=64,BATCH_COUNT=4,BATCH_TIMEOUT=64,SINK_STALL_EN=1'b1,SINK_STALL_PERIOD=4,SINK_STALL_READY=1)/dut/u_fifo/Always163_9  Scope: \tb_pcie_axi_dma(TB_SCENARIO=2,FIFO_DEPTH=64,BATCH_COUNT=4,BATCH_TIMEOUT=64,SINK_STALL_EN=1'b1,SINK_STALL_PERIOD=4,SINK_STALL_READY=1) .dut.u_fifo  File: /get/work/krishna.vardhan/git_trees/mtp_pcie_axi/pcie_axi_dma_latency/design/rtl/axis_fifo.sv Line: 165
Warning: [axis_fifo] FIFO full (depth=64) — upstream back-pressured at t=47125000
Time: 47125 ns  Iteration: 0  Process: /tb_pcie_axi_dma(TB_SCENARIO=2,FIFO_DEPTH=64,BATCH_COUNT=4,BATCH_TIMEOUT=64,SINK_STALL_EN=1'b1,SINK_STALL_PERIOD=4,SINK_STALL_READY=1)/dut/u_fifo/Always163_9  Scope: \tb_pcie_axi_dma(TB_SCENARIO=2,FIFO_DEPTH=64,BATCH_COUNT=4,BATCH_TIMEOUT=64,SINK_STALL_EN=1'b1,SINK_STALL_PERIOD=4,SINK_STALL_READY=1) .dut.u_fifo  File: /get/work/krishna.vardhan/git_trees/mtp_pcie_axi/pcie_axi_dma_latency/design/rtl/axis_fifo.sv Line: 165
Warning: [axis_fifo] FIFO full (depth=64) — upstream back-pressured at t=47135000
Time: 47135 ns  Iteration: 0  Process: /tb_pcie_axi_dma(TB_SCENARIO=2,FIFO_DEPTH=64,BATCH_COUNT=4,BATCH_TIMEOUT=64,SINK_STALL_EN=1'b1,SINK_STALL_PERIOD=4,SINK_STALL_READY=1)/dut/u_fifo/Always163_9  Scope: \tb_pcie_axi_dma(TB_SCENARIO=2,FIFO_DEPTH=64,BATCH_COUNT=4,BATCH_TIMEOUT=64,SINK_STALL_EN=1'b1,SINK_STALL_PERIOD=4,SINK_STALL_READY=1) .dut.u_fifo  File: /get/work/krishna.vardhan/git_trees/mtp_pcie_axi/pcie_axi_dma_latency/design/rtl/axis_fifo.sv Line: 165
Warning: [axis_fifo] FIFO full (depth=64) — upstream back-pressured at t=47155000
Time: 47155 ns  Iteration: 0  Process: /tb_pcie_axi_dma(TB_SCENARIO=2,FIFO_DEPTH=64,BATCH_COUNT=4,BATCH_TIMEOUT=64,SINK_STALL_EN=1'b1,SINK_STALL_PERIOD=4,SINK_STALL_READY=1)/dut/u_fifo/Always163_9  Scope: \tb_pcie_axi_dma(TB_SCENARIO=2,FIFO_DEPTH=64,BATCH_COUNT=4,BATCH_TIMEOUT=64,SINK_STALL_EN=1'b1,SINK_STALL_PERIOD=4,SINK_STALL_READY=1) .dut.u_fifo  File: /get/work/krishna.vardhan/git_trees/mtp_pcie_axi/pcie_axi_dma_latency/design/rtl/axis_fifo.sv Line: 165
Warning: [axis_fifo] FIFO full (depth=64) — upstream back-pressured at t=47165000
Time: 47165 ns  Iteration: 0  Process: /tb_pcie_axi_dma(TB_SCENARIO=2,FIFO_DEPTH=64,BATCH_COUNT=4,BATCH_TIMEOUT=64,SINK_STALL_EN=1'b1,SINK_STALL_PERIOD=4,SINK_STALL_READY=1)/dut/u_fifo/Always163_9  Scope: \tb_pcie_axi_dma(TB_SCENARIO=2,FIFO_DEPTH=64,BATCH_COUNT=4,BATCH_TIMEOUT=64,SINK_STALL_EN=1'b1,SINK_STALL_PERIOD=4,SINK_STALL_READY=1) .dut.u_fifo  File: /get/work/krishna.vardhan/git_trees/mtp_pcie_axi/pcie_axi_dma_latency/design/rtl/axis_fifo.sv Line: 165
Warning: [axis_fifo] FIFO full (depth=64) — upstream back-pressured at t=47175000
Time: 47175 ns  Iteration: 0  Process: /tb_pcie_axi_dma(TB_SCENARIO=2,FIFO_DEPTH=64,BATCH_COUNT=4,BATCH_TIMEOUT=64,SINK_STALL_EN=1'b1,SINK_STALL_PERIOD=4,SINK_STALL_READY=1)/dut/u_fifo/Always163_9  Scope: \tb_pcie_axi_dma(TB_SCENARIO=2,FIFO_DEPTH=64,BATCH_COUNT=4,BATCH_TIMEOUT=64,SINK_STALL_EN=1'b1,SINK_STALL_PERIOD=4,SINK_STALL_READY=1) .dut.u_fifo  File: /get/work/krishna.vardhan/git_trees/mtp_pcie_axi/pcie_axi_dma_latency/design/rtl/axis_fifo.sv Line: 165
Warning: [axis_fifo] FIFO full (depth=64) — upstream back-pressured at t=47195000
Time: 47195 ns  Iteration: 0  Process: /tb_pcie_axi_dma(TB_SCENARIO=2,FIFO_DEPTH=64,BATCH_COUNT=4,BATCH_TIMEOUT=64,SINK_STALL_EN=1'b1,SINK_STALL_PERIOD=4,SINK_STALL_READY=1)/dut/u_fifo/Always163_9  Scope: \tb_pcie_axi_dma(TB_SCENARIO=2,FIFO_DEPTH=64,BATCH_COUNT=4,BATCH_TIMEOUT=64,SINK_STALL_EN=1'b1,SINK_STALL_PERIOD=4,SINK_STALL_READY=1) .dut.u_fifo  File: /get/work/krishna.vardhan/git_trees/mtp_pcie_axi/pcie_axi_dma_latency/design/rtl/axis_fifo.sv Line: 165
Warning: [axis_fifo] FIFO full (depth=64) — upstream back-pressured at t=47205000
Time: 47205 ns  Iteration: 0  Process: /tb_pcie_axi_dma(TB_SCENARIO=2,FIFO_DEPTH=64,BATCH_COUNT=4,BATCH_TIMEOUT=64,SINK_STALL_EN=1'b1,SINK_STALL_PERIOD=4,SINK_STALL_READY=1)/dut/u_fifo/Always163_9  Scope: \tb_pcie_axi_dma(TB_SCENARIO=2,FIFO_DEPTH=64,BATCH_COUNT=4,BATCH_TIMEOUT=64,SINK_STALL_EN=1'b1,SINK_STALL_PERIOD=4,SINK_STALL_READY=1) .dut.u_fifo  File: /get/work/krishna.vardhan/git_trees/mtp_pcie_axi/pcie_axi_dma_latency/design/rtl/axis_fifo.sv Line: 165
Warning: [axis_fifo] FIFO full (depth=64) — upstream back-pressured at t=47215000
Time: 47215 ns  Iteration: 0  Process: /tb_pcie_axi_dma(TB_SCENARIO=2,FIFO_DEPTH=64,BATCH_COUNT=4,BATCH_TIMEOUT=64,SINK_STALL_EN=1'b1,SINK_STALL_PERIOD=4,SINK_STALL_READY=1)/dut/u_fifo/Always163_9  Scope: \tb_pcie_axi_dma(TB_SCENARIO=2,FIFO_DEPTH=64,BATCH_COUNT=4,BATCH_TIMEOUT=64,SINK_STALL_EN=1'b1,SINK_STALL_PERIOD=4,SINK_STALL_READY=1) .dut.u_fifo  File: /get/work/krishna.vardhan/git_trees/mtp_pcie_axi/pcie_axi_dma_latency/design/rtl/axis_fifo.sv Line: 165
Warning: [axis_fifo] FIFO full (depth=64) — upstream back-pressured at t=47235000
Time: 47235 ns  Iteration: 0  Process: /tb_pcie_axi_dma(TB_SCENARIO=2,FIFO_DEPTH=64,BATCH_COUNT=4,BATCH_TIMEOUT=64,SINK_STALL_EN=1'b1,SINK_STALL_PERIOD=4,SINK_STALL_READY=1)/dut/u_fifo/Always163_9  Scope: \tb_pcie_axi_dma(TB_SCENARIO=2,FIFO_DEPTH=64,BATCH_COUNT=4,BATCH_TIMEOUT=64,SINK_STALL_EN=1'b1,SINK_STALL_PERIOD=4,SINK_STALL_READY=1) .dut.u_fifo  File: /get/work/krishna.vardhan/git_trees/mtp_pcie_axi/pcie_axi_dma_latency/design/rtl/axis_fifo.sv Line: 165
Warning: [axis_fifo] FIFO full (depth=64) — upstream back-pressured at t=47245000
Time: 47245 ns  Iteration: 0  Process: /tb_pcie_axi_dma(TB_SCENARIO=2,FIFO_DEPTH=64,BATCH_COUNT=4,BATCH_TIMEOUT=64,SINK_STALL_EN=1'b1,SINK_STALL_PERIOD=4,SINK_STALL_READY=1)/dut/u_fifo/Always163_9  Scope: \tb_pcie_axi_dma(TB_SCENARIO=2,FIFO_DEPTH=64,BATCH_COUNT=4,BATCH_TIMEOUT=64,SINK_STALL_EN=1'b1,SINK_STALL_PERIOD=4,SINK_STALL_READY=1) .dut.u_fifo  File: /get/work/krishna.vardhan/git_trees/mtp_pcie_axi/pcie_axi_dma_latency/design/rtl/axis_fifo.sv Line: 165
Warning: [axis_fifo] FIFO full (depth=64) — upstream back-pressured at t=47255000
Time: 47255 ns  Iteration: 0  Process: /tb_pcie_axi_dma(TB_SCENARIO=2,FIFO_DEPTH=64,BATCH_COUNT=4,BATCH_TIMEOUT=64,SINK_STALL_EN=1'b1,SINK_STALL_PERIOD=4,SINK_STALL_READY=1)/dut/u_fifo/Always163_9  Scope: \tb_pcie_axi_dma(TB_SCENARIO=2,FIFO_DEPTH=64,BATCH_COUNT=4,BATCH_TIMEOUT=64,SINK_STALL_EN=1'b1,SINK_STALL_PERIOD=4,SINK_STALL_READY=1) .dut.u_fifo  File: /get/work/krishna.vardhan/git_trees/mtp_pcie_axi/pcie_axi_dma_latency/design/rtl/axis_fifo.sv Line: 165
Warning: [axis_fifo] FIFO full (depth=64) — upstream back-pressured at t=47275000
Time: 47275 ns  Iteration: 0  Process: /tb_pcie_axi_dma(TB_SCENARIO=2,FIFO_DEPTH=64,BATCH_COUNT=4,BATCH_TIMEOUT=64,SINK_STALL_EN=1'b1,SINK_STALL_PERIOD=4,SINK_STALL_READY=1)/dut/u_fifo/Always163_9  Scope: \tb_pcie_axi_dma(TB_SCENARIO=2,FIFO_DEPTH=64,BATCH_COUNT=4,BATCH_TIMEOUT=64,SINK_STALL_EN=1'b1,SINK_STALL_PERIOD=4,SINK_STALL_READY=1) .dut.u_fifo  File: /get/work/krishna.vardhan/git_trees/mtp_pcie_axi/pcie_axi_dma_latency/design/rtl/axis_fifo.sv Line: 165
Warning: [axis_fifo] FIFO full (depth=64) — upstream back-pressured at t=47285000
Time: 47285 ns  Iteration: 0  Process: /tb_pcie_axi_dma(TB_SCENARIO=2,FIFO_DEPTH=64,BATCH_COUNT=4,BATCH_TIMEOUT=64,SINK_STALL_EN=1'b1,SINK_STALL_PERIOD=4,SINK_STALL_READY=1)/dut/u_fifo/Always163_9  Scope: \tb_pcie_axi_dma(TB_SCENARIO=2,FIFO_DEPTH=64,BATCH_COUNT=4,BATCH_TIMEOUT=64,SINK_STALL_EN=1'b1,SINK_STALL_PERIOD=4,SINK_STALL_READY=1) .dut.u_fifo  File: /get/work/krishna.vardhan/git_trees/mtp_pcie_axi/pcie_axi_dma_latency/design/rtl/axis_fifo.sv Line: 165
Warning: [axis_fifo] FIFO full (depth=64) — upstream back-pressured at t=47295000
Time: 47295 ns  Iteration: 0  Process: /tb_pcie_axi_dma(TB_SCENARIO=2,FIFO_DEPTH=64,BATCH_COUNT=4,BATCH_TIMEOUT=64,SINK_STALL_EN=1'b1,SINK_STALL_PERIOD=4,SINK_STALL_READY=1)/dut/u_fifo/Always163_9  Scope: \tb_pcie_axi_dma(TB_SCENARIO=2,FIFO_DEPTH=64,BATCH_COUNT=4,BATCH_TIMEOUT=64,SINK_STALL_EN=1'b1,SINK_STALL_PERIOD=4,SINK_STALL_READY=1) .dut.u_fifo  File: /get/work/krishna.vardhan/git_trees/mtp_pcie_axi/pcie_axi_dma_latency/design/rtl/axis_fifo.sv Line: 165
Warning: [axis_fifo] FIFO full (depth=64) — upstream back-pressured at t=47315000
Time: 47315 ns  Iteration: 0  Process: /tb_pcie_axi_dma(TB_SCENARIO=2,FIFO_DEPTH=64,BATCH_COUNT=4,BATCH_TIMEOUT=64,SINK_STALL_EN=1'b1,SINK_STALL_PERIOD=4,SINK_STALL_READY=1)/dut/u_fifo/Always163_9  Scope: \tb_pcie_axi_dma(TB_SCENARIO=2,FIFO_DEPTH=64,BATCH_COUNT=4,BATCH_TIMEOUT=64,SINK_STALL_EN=1'b1,SINK_STALL_PERIOD=4,SINK_STALL_READY=1) .dut.u_fifo  File: /get/work/krishna.vardhan/git_trees/mtp_pcie_axi/pcie_axi_dma_latency/design/rtl/axis_fifo.sv Line: 165
Warning: [axis_fifo] FIFO full (depth=64) — upstream back-pressured at t=47325000
Time: 47325 ns  Iteration: 0  Process: /tb_pcie_axi_dma(TB_SCENARIO=2,FIFO_DEPTH=64,BATCH_COUNT=4,BATCH_TIMEOUT=64,SINK_STALL_EN=1'b1,SINK_STALL_PERIOD=4,SINK_STALL_READY=1)/dut/u_fifo/Always163_9  Scope: \tb_pcie_axi_dma(TB_SCENARIO=2,FIFO_DEPTH=64,BATCH_COUNT=4,BATCH_TIMEOUT=64,SINK_STALL_EN=1'b1,SINK_STALL_PERIOD=4,SINK_STALL_READY=1) .dut.u_fifo  File: /get/work/krishna.vardhan/git_trees/mtp_pcie_axi/pcie_axi_dma_latency/design/rtl/axis_fifo.sv Line: 165
Warning: [axis_fifo] FIFO full (depth=64) — upstream back-pressured at t=47335000
Time: 47335 ns  Iteration: 0  Process: /tb_pcie_axi_dma(TB_SCENARIO=2,FIFO_DEPTH=64,BATCH_COUNT=4,BATCH_TIMEOUT=64,SINK_STALL_EN=1'b1,SINK_STALL_PERIOD=4,SINK_STALL_READY=1)/dut/u_fifo/Always163_9  Scope: \tb_pcie_axi_dma(TB_SCENARIO=2,FIFO_DEPTH=64,BATCH_COUNT=4,BATCH_TIMEOUT=64,SINK_STALL_EN=1'b1,SINK_STALL_PERIOD=4,SINK_STALL_READY=1) .dut.u_fifo  File: /get/work/krishna.vardhan/git_trees/mtp_pcie_axi/pcie_axi_dma_latency/design/rtl/axis_fifo.sv Line: 165
Warning: [axis_fifo] FIFO full (depth=64) — upstream back-pressured at t=47355000
Time: 47355 ns  Iteration: 0  Process: /tb_pcie_axi_dma(TB_SCENARIO=2,FIFO_DEPTH=64,BATCH_COUNT=4,BATCH_TIMEOUT=64,SINK_STALL_EN=1'b1,SINK_STALL_PERIOD=4,SINK_STALL_READY=1)/dut/u_fifo/Always163_9  Scope: \tb_pcie_axi_dma(TB_SCENARIO=2,FIFO_DEPTH=64,BATCH_COUNT=4,BATCH_TIMEOUT=64,SINK_STALL_EN=1'b1,SINK_STALL_PERIOD=4,SINK_STALL_READY=1) .dut.u_fifo  File: /get/work/krishna.vardhan/git_trees/mtp_pcie_axi/pcie_axi_dma_latency/design/rtl/axis_fifo.sv Line: 165
Warning: [axis_fifo] FIFO full (depth=64) — upstream back-pressured at t=47365000
Time: 47365 ns  Iteration: 0  Process: /tb_pcie_axi_dma(TB_SCENARIO=2,FIFO_DEPTH=64,BATCH_COUNT=4,BATCH_TIMEOUT=64,SINK_STALL_EN=1'b1,SINK_STALL_PERIOD=4,SINK_STALL_READY=1)/dut/u_fifo/Always163_9  Scope: \tb_pcie_axi_dma(TB_SCENARIO=2,FIFO_DEPTH=64,BATCH_COUNT=4,BATCH_TIMEOUT=64,SINK_STALL_EN=1'b1,SINK_STALL_PERIOD=4,SINK_STALL_READY=1) .dut.u_fifo  File: /get/work/krishna.vardhan/git_trees/mtp_pcie_axi/pcie_axi_dma_latency/design/rtl/axis_fifo.sv Line: 165
Warning: [axis_fifo] FIFO full (depth=64) — upstream back-pressured at t=47375000
Time: 47375 ns  Iteration: 0  Process: /tb_pcie_axi_dma(TB_SCENARIO=2,FIFO_DEPTH=64,BATCH_COUNT=4,BATCH_TIMEOUT=64,SINK_STALL_EN=1'b1,SINK_STALL_PERIOD=4,SINK_STALL_READY=1)/dut/u_fifo/Always163_9  Scope: \tb_pcie_axi_dma(TB_SCENARIO=2,FIFO_DEPTH=64,BATCH_COUNT=4,BATCH_TIMEOUT=64,SINK_STALL_EN=1'b1,SINK_STALL_PERIOD=4,SINK_STALL_READY=1) .dut.u_fifo  File: /get/work/krishna.vardhan/git_trees/mtp_pcie_axi/pcie_axi_dma_latency/design/rtl/axis_fifo.sv Line: 165
Warning: [axis_fifo] FIFO full (depth=64) — upstream back-pressured at t=47395000
Time: 47395 ns  Iteration: 0  Process: /tb_pcie_axi_dma(TB_SCENARIO=2,FIFO_DEPTH=64,BATCH_COUNT=4,BATCH_TIMEOUT=64,SINK_STALL_EN=1'b1,SINK_STALL_PERIOD=4,SINK_STALL_READY=1)/dut/u_fifo/Always163_9  Scope: \tb_pcie_axi_dma(TB_SCENARIO=2,FIFO_DEPTH=64,BATCH_COUNT=4,BATCH_TIMEOUT=64,SINK_STALL_EN=1'b1,SINK_STALL_PERIOD=4,SINK_STALL_READY=1) .dut.u_fifo  File: /get/work/krishna.vardhan/git_trees/mtp_pcie_axi/pcie_axi_dma_latency/design/rtl/axis_fifo.sv Line: 165
Warning: [axis_fifo] FIFO full (depth=64) — upstream back-pressured at t=47405000
Time: 47405 ns  Iteration: 0  Process: /tb_pcie_axi_dma(TB_SCENARIO=2,FIFO_DEPTH=64,BATCH_COUNT=4,BATCH_TIMEOUT=64,SINK_STALL_EN=1'b1,SINK_STALL_PERIOD=4,SINK_STALL_READY=1)/dut/u_fifo/Always163_9  Scope: \tb_pcie_axi_dma(TB_SCENARIO=2,FIFO_DEPTH=64,BATCH_COUNT=4,BATCH_TIMEOUT=64,SINK_STALL_EN=1'b1,SINK_STALL_PERIOD=4,SINK_STALL_READY=1) .dut.u_fifo  File: /get/work/krishna.vardhan/git_trees/mtp_pcie_axi/pcie_axi_dma_latency/design/rtl/axis_fifo.sv Line: 165
Warning: [axis_fifo] FIFO full (depth=64) — upstream back-pressured at t=47415000
Time: 47415 ns  Iteration: 0  Process: /tb_pcie_axi_dma(TB_SCENARIO=2,FIFO_DEPTH=64,BATCH_COUNT=4,BATCH_TIMEOUT=64,SINK_STALL_EN=1'b1,SINK_STALL_PERIOD=4,SINK_STALL_READY=1)/dut/u_fifo/Always163_9  Scope: \tb_pcie_axi_dma(TB_SCENARIO=2,FIFO_DEPTH=64,BATCH_COUNT=4,BATCH_TIMEOUT=64,SINK_STALL_EN=1'b1,SINK_STALL_PERIOD=4,SINK_STALL_READY=1) .dut.u_fifo  File: /get/work/krishna.vardhan/git_trees/mtp_pcie_axi/pcie_axi_dma_latency/design/rtl/axis_fifo.sv Line: 165
Warning: [axis_fifo] FIFO full (depth=64) — upstream back-pressured at t=47435000
Time: 47435 ns  Iteration: 0  Process: /tb_pcie_axi_dma(TB_SCENARIO=2,FIFO_DEPTH=64,BATCH_COUNT=4,BATCH_TIMEOUT=64,SINK_STALL_EN=1'b1,SINK_STALL_PERIOD=4,SINK_STALL_READY=1)/dut/u_fifo/Always163_9  Scope: \tb_pcie_axi_dma(TB_SCENARIO=2,FIFO_DEPTH=64,BATCH_COUNT=4,BATCH_TIMEOUT=64,SINK_STALL_EN=1'b1,SINK_STALL_PERIOD=4,SINK_STALL_READY=1) .dut.u_fifo  File: /get/work/krishna.vardhan/git_trees/mtp_pcie_axi/pcie_axi_dma_latency/design/rtl/axis_fifo.sv Line: 165
Warning: [axis_fifo] FIFO full (depth=64) — upstream back-pressured at t=47445000
Time: 47445 ns  Iteration: 0  Process: /tb_pcie_axi_dma(TB_SCENARIO=2,FIFO_DEPTH=64,BATCH_COUNT=4,BATCH_TIMEOUT=64,SINK_STALL_EN=1'b1,SINK_STALL_PERIOD=4,SINK_STALL_READY=1)/dut/u_fifo/Always163_9  Scope: \tb_pcie_axi_dma(TB_SCENARIO=2,FIFO_DEPTH=64,BATCH_COUNT=4,BATCH_TIMEOUT=64,SINK_STALL_EN=1'b1,SINK_STALL_PERIOD=4,SINK_STALL_READY=1) .dut.u_fifo  File: /get/work/krishna.vardhan/git_trees/mtp_pcie_axi/pcie_axi_dma_latency/design/rtl/axis_fifo.sv Line: 165
Warning: [axis_fifo] FIFO full (depth=64) — upstream back-pressured at t=47455000
Time: 47455 ns  Iteration: 0  Process: /tb_pcie_axi_dma(TB_SCENARIO=2,FIFO_DEPTH=64,BATCH_COUNT=4,BATCH_TIMEOUT=64,SINK_STALL_EN=1'b1,SINK_STALL_PERIOD=4,SINK_STALL_READY=1)/dut/u_fifo/Always163_9  Scope: \tb_pcie_axi_dma(TB_SCENARIO=2,FIFO_DEPTH=64,BATCH_COUNT=4,BATCH_TIMEOUT=64,SINK_STALL_EN=1'b1,SINK_STALL_PERIOD=4,SINK_STALL_READY=1) .dut.u_fifo  File: /get/work/krishna.vardhan/git_trees/mtp_pcie_axi/pcie_axi_dma_latency/design/rtl/axis_fifo.sv Line: 165
Warning: [axis_fifo] FIFO full (depth=64) — upstream back-pressured at t=47475000
Time: 47475 ns  Iteration: 0  Process: /tb_pcie_axi_dma(TB_SCENARIO=2,FIFO_DEPTH=64,BATCH_COUNT=4,BATCH_TIMEOUT=64,SINK_STALL_EN=1'b1,SINK_STALL_PERIOD=4,SINK_STALL_READY=1)/dut/u_fifo/Always163_9  Scope: \tb_pcie_axi_dma(TB_SCENARIO=2,FIFO_DEPTH=64,BATCH_COUNT=4,BATCH_TIMEOUT=64,SINK_STALL_EN=1'b1,SINK_STALL_PERIOD=4,SINK_STALL_READY=1) .dut.u_fifo  File: /get/work/krishna.vardhan/git_trees/mtp_pcie_axi/pcie_axi_dma_latency/design/rtl/axis_fifo.sv Line: 165
Warning: [axis_fifo] FIFO full (depth=64) — upstream back-pressured at t=47485000
Time: 47485 ns  Iteration: 0  Process: /tb_pcie_axi_dma(TB_SCENARIO=2,FIFO_DEPTH=64,BATCH_COUNT=4,BATCH_TIMEOUT=64,SINK_STALL_EN=1'b1,SINK_STALL_PERIOD=4,SINK_STALL_READY=1)/dut/u_fifo/Always163_9  Scope: \tb_pcie_axi_dma(TB_SCENARIO=2,FIFO_DEPTH=64,BATCH_COUNT=4,BATCH_TIMEOUT=64,SINK_STALL_EN=1'b1,SINK_STALL_PERIOD=4,SINK_STALL_READY=1) .dut.u_fifo  File: /get/work/krishna.vardhan/git_trees/mtp_pcie_axi/pcie_axi_dma_latency/design/rtl/axis_fifo.sv Line: 165
Warning: [axis_fifo] FIFO full (depth=64) — upstream back-pressured at t=47495000
Time: 47495 ns  Iteration: 0  Process: /tb_pcie_axi_dma(TB_SCENARIO=2,FIFO_DEPTH=64,BATCH_COUNT=4,BATCH_TIMEOUT=64,SINK_STALL_EN=1'b1,SINK_STALL_PERIOD=4,SINK_STALL_READY=1)/dut/u_fifo/Always163_9  Scope: \tb_pcie_axi_dma(TB_SCENARIO=2,FIFO_DEPTH=64,BATCH_COUNT=4,BATCH_TIMEOUT=64,SINK_STALL_EN=1'b1,SINK_STALL_PERIOD=4,SINK_STALL_READY=1) .dut.u_fifo  File: /get/work/krishna.vardhan/git_trees/mtp_pcie_axi/pcie_axi_dma_latency/design/rtl/axis_fifo.sv Line: 165
Warning: [axis_fifo] FIFO full (depth=64) — upstream back-pressured at t=47515000
Time: 47515 ns  Iteration: 0  Process: /tb_pcie_axi_dma(TB_SCENARIO=2,FIFO_DEPTH=64,BATCH_COUNT=4,BATCH_TIMEOUT=64,SINK_STALL_EN=1'b1,SINK_STALL_PERIOD=4,SINK_STALL_READY=1)/dut/u_fifo/Always163_9  Scope: \tb_pcie_axi_dma(TB_SCENARIO=2,FIFO_DEPTH=64,BATCH_COUNT=4,BATCH_TIMEOUT=64,SINK_STALL_EN=1'b1,SINK_STALL_PERIOD=4,SINK_STALL_READY=1) .dut.u_fifo  File: /get/work/krishna.vardhan/git_trees/mtp_pcie_axi/pcie_axi_dma_latency/design/rtl/axis_fifo.sv Line: 165
Warning: [axis_fifo] FIFO full (depth=64) — upstream back-pressured at t=47525000
Time: 47525 ns  Iteration: 0  Process: /tb_pcie_axi_dma(TB_SCENARIO=2,FIFO_DEPTH=64,BATCH_COUNT=4,BATCH_TIMEOUT=64,SINK_STALL_EN=1'b1,SINK_STALL_PERIOD=4,SINK_STALL_READY=1)/dut/u_fifo/Always163_9  Scope: \tb_pcie_axi_dma(TB_SCENARIO=2,FIFO_DEPTH=64,BATCH_COUNT=4,BATCH_TIMEOUT=64,SINK_STALL_EN=1'b1,SINK_STALL_PERIOD=4,SINK_STALL_READY=1) .dut.u_fifo  File: /get/work/krishna.vardhan/git_trees/mtp_pcie_axi/pcie_axi_dma_latency/design/rtl/axis_fifo.sv Line: 165
Warning: [axis_fifo] FIFO full (depth=64) — upstream back-pressured at t=47535000
Time: 47535 ns  Iteration: 0  Process: /tb_pcie_axi_dma(TB_SCENARIO=2,FIFO_DEPTH=64,BATCH_COUNT=4,BATCH_TIMEOUT=64,SINK_STALL_EN=1'b1,SINK_STALL_PERIOD=4,SINK_STALL_READY=1)/dut/u_fifo/Always163_9  Scope: \tb_pcie_axi_dma(TB_SCENARIO=2,FIFO_DEPTH=64,BATCH_COUNT=4,BATCH_TIMEOUT=64,SINK_STALL_EN=1'b1,SINK_STALL_PERIOD=4,SINK_STALL_READY=1) .dut.u_fifo  File: /get/work/krishna.vardhan/git_trees/mtp_pcie_axi/pcie_axi_dma_latency/design/rtl/axis_fifo.sv Line: 165
Warning: [axis_fifo] FIFO full (depth=64) — upstream back-pressured at t=47555000
Time: 47555 ns  Iteration: 0  Process: /tb_pcie_axi_dma(TB_SCENARIO=2,FIFO_DEPTH=64,BATCH_COUNT=4,BATCH_TIMEOUT=64,SINK_STALL_EN=1'b1,SINK_STALL_PERIOD=4,SINK_STALL_READY=1)/dut/u_fifo/Always163_9  Scope: \tb_pcie_axi_dma(TB_SCENARIO=2,FIFO_DEPTH=64,BATCH_COUNT=4,BATCH_TIMEOUT=64,SINK_STALL_EN=1'b1,SINK_STALL_PERIOD=4,SINK_STALL_READY=1) .dut.u_fifo  File: /get/work/krishna.vardhan/git_trees/mtp_pcie_axi/pcie_axi_dma_latency/design/rtl/axis_fifo.sv Line: 165
Warning: [axis_fifo] FIFO full (depth=64) — upstream back-pressured at t=47565000
Time: 47565 ns  Iteration: 0  Process: /tb_pcie_axi_dma(TB_SCENARIO=2,FIFO_DEPTH=64,BATCH_COUNT=4,BATCH_TIMEOUT=64,SINK_STALL_EN=1'b1,SINK_STALL_PERIOD=4,SINK_STALL_READY=1)/dut/u_fifo/Always163_9  Scope: \tb_pcie_axi_dma(TB_SCENARIO=2,FIFO_DEPTH=64,BATCH_COUNT=4,BATCH_TIMEOUT=64,SINK_STALL_EN=1'b1,SINK_STALL_PERIOD=4,SINK_STALL_READY=1) .dut.u_fifo  File: /get/work/krishna.vardhan/git_trees/mtp_pcie_axi/pcie_axi_dma_latency/design/rtl/axis_fifo.sv Line: 165
Warning: [axis_fifo] FIFO full (depth=64) — upstream back-pressured at t=47575000
Time: 47575 ns  Iteration: 0  Process: /tb_pcie_axi_dma(TB_SCENARIO=2,FIFO_DEPTH=64,BATCH_COUNT=4,BATCH_TIMEOUT=64,SINK_STALL_EN=1'b1,SINK_STALL_PERIOD=4,SINK_STALL_READY=1)/dut/u_fifo/Always163_9  Scope: \tb_pcie_axi_dma(TB_SCENARIO=2,FIFO_DEPTH=64,BATCH_COUNT=4,BATCH_TIMEOUT=64,SINK_STALL_EN=1'b1,SINK_STALL_PERIOD=4,SINK_STALL_READY=1) .dut.u_fifo  File: /get/work/krishna.vardhan/git_trees/mtp_pcie_axi/pcie_axi_dma_latency/design/rtl/axis_fifo.sv Line: 165
Warning: [axis_fifo] FIFO full (depth=64) — upstream back-pressured at t=47595000
Time: 47595 ns  Iteration: 0  Process: /tb_pcie_axi_dma(TB_SCENARIO=2,FIFO_DEPTH=64,BATCH_COUNT=4,BATCH_TIMEOUT=64,SINK_STALL_EN=1'b1,SINK_STALL_PERIOD=4,SINK_STALL_READY=1)/dut/u_fifo/Always163_9  Scope: \tb_pcie_axi_dma(TB_SCENARIO=2,FIFO_DEPTH=64,BATCH_COUNT=4,BATCH_TIMEOUT=64,SINK_STALL_EN=1'b1,SINK_STALL_PERIOD=4,SINK_STALL_READY=1) .dut.u_fifo  File: /get/work/krishna.vardhan/git_trees/mtp_pcie_axi/pcie_axi_dma_latency/design/rtl/axis_fifo.sv Line: 165
Warning: [axis_fifo] FIFO full (depth=64) — upstream back-pressured at t=47605000
Time: 47605 ns  Iteration: 0  Process: /tb_pcie_axi_dma(TB_SCENARIO=2,FIFO_DEPTH=64,BATCH_COUNT=4,BATCH_TIMEOUT=64,SINK_STALL_EN=1'b1,SINK_STALL_PERIOD=4,SINK_STALL_READY=1)/dut/u_fifo/Always163_9  Scope: \tb_pcie_axi_dma(TB_SCENARIO=2,FIFO_DEPTH=64,BATCH_COUNT=4,BATCH_TIMEOUT=64,SINK_STALL_EN=1'b1,SINK_STALL_PERIOD=4,SINK_STALL_READY=1) .dut.u_fifo  File: /get/work/krishna.vardhan/git_trees/mtp_pcie_axi/pcie_axi_dma_latency/design/rtl/axis_fifo.sv Line: 165
Warning: [axis_fifo] FIFO full (depth=64) — upstream back-pressured at t=47615000
Time: 47615 ns  Iteration: 0  Process: /tb_pcie_axi_dma(TB_SCENARIO=2,FIFO_DEPTH=64,BATCH_COUNT=4,BATCH_TIMEOUT=64,SINK_STALL_EN=1'b1,SINK_STALL_PERIOD=4,SINK_STALL_READY=1)/dut/u_fifo/Always163_9  Scope: \tb_pcie_axi_dma(TB_SCENARIO=2,FIFO_DEPTH=64,BATCH_COUNT=4,BATCH_TIMEOUT=64,SINK_STALL_EN=1'b1,SINK_STALL_PERIOD=4,SINK_STALL_READY=1) .dut.u_fifo  File: /get/work/krishna.vardhan/git_trees/mtp_pcie_axi/pcie_axi_dma_latency/design/rtl/axis_fifo.sv Line: 165
Warning: [axis_fifo] FIFO full (depth=64) — upstream back-pressured at t=47635000
Time: 47635 ns  Iteration: 0  Process: /tb_pcie_axi_dma(TB_SCENARIO=2,FIFO_DEPTH=64,BATCH_COUNT=4,BATCH_TIMEOUT=64,SINK_STALL_EN=1'b1,SINK_STALL_PERIOD=4,SINK_STALL_READY=1)/dut/u_fifo/Always163_9  Scope: \tb_pcie_axi_dma(TB_SCENARIO=2,FIFO_DEPTH=64,BATCH_COUNT=4,BATCH_TIMEOUT=64,SINK_STALL_EN=1'b1,SINK_STALL_PERIOD=4,SINK_STALL_READY=1) .dut.u_fifo  File: /get/work/krishna.vardhan/git_trees/mtp_pcie_axi/pcie_axi_dma_latency/design/rtl/axis_fifo.sv Line: 165
Warning: [axis_fifo] FIFO full (depth=64) — upstream back-pressured at t=47645000
Time: 47645 ns  Iteration: 0  Process: /tb_pcie_axi_dma(TB_SCENARIO=2,FIFO_DEPTH=64,BATCH_COUNT=4,BATCH_TIMEOUT=64,SINK_STALL_EN=1'b1,SINK_STALL_PERIOD=4,SINK_STALL_READY=1)/dut/u_fifo/Always163_9  Scope: \tb_pcie_axi_dma(TB_SCENARIO=2,FIFO_DEPTH=64,BATCH_COUNT=4,BATCH_TIMEOUT=64,SINK_STALL_EN=1'b1,SINK_STALL_PERIOD=4,SINK_STALL_READY=1) .dut.u_fifo  File: /get/work/krishna.vardhan/git_trees/mtp_pcie_axi/pcie_axi_dma_latency/design/rtl/axis_fifo.sv Line: 165
Warning: [axis_fifo] FIFO full (depth=64) — upstream back-pressured at t=47655000
Time: 47655 ns  Iteration: 0  Process: /tb_pcie_axi_dma(TB_SCENARIO=2,FIFO_DEPTH=64,BATCH_COUNT=4,BATCH_TIMEOUT=64,SINK_STALL_EN=1'b1,SINK_STALL_PERIOD=4,SINK_STALL_READY=1)/dut/u_fifo/Always163_9  Scope: \tb_pcie_axi_dma(TB_SCENARIO=2,FIFO_DEPTH=64,BATCH_COUNT=4,BATCH_TIMEOUT=64,SINK_STALL_EN=1'b1,SINK_STALL_PERIOD=4,SINK_STALL_READY=1) .dut.u_fifo  File: /get/work/krishna.vardhan/git_trees/mtp_pcie_axi/pcie_axi_dma_latency/design/rtl/axis_fifo.sv Line: 165
Warning: [axis_fifo] FIFO full (depth=64) — upstream back-pressured at t=47675000
Time: 47675 ns  Iteration: 0  Process: /tb_pcie_axi_dma(TB_SCENARIO=2,FIFO_DEPTH=64,BATCH_COUNT=4,BATCH_TIMEOUT=64,SINK_STALL_EN=1'b1,SINK_STALL_PERIOD=4,SINK_STALL_READY=1)/dut/u_fifo/Always163_9  Scope: \tb_pcie_axi_dma(TB_SCENARIO=2,FIFO_DEPTH=64,BATCH_COUNT=4,BATCH_TIMEOUT=64,SINK_STALL_EN=1'b1,SINK_STALL_PERIOD=4,SINK_STALL_READY=1) .dut.u_fifo  File: /get/work/krishna.vardhan/git_trees/mtp_pcie_axi/pcie_axi_dma_latency/design/rtl/axis_fifo.sv Line: 165
Warning: [axis_fifo] FIFO full (depth=64) — upstream back-pressured at t=47685000
Time: 47685 ns  Iteration: 0  Process: /tb_pcie_axi_dma(TB_SCENARIO=2,FIFO_DEPTH=64,BATCH_COUNT=4,BATCH_TIMEOUT=64,SINK_STALL_EN=1'b1,SINK_STALL_PERIOD=4,SINK_STALL_READY=1)/dut/u_fifo/Always163_9  Scope: \tb_pcie_axi_dma(TB_SCENARIO=2,FIFO_DEPTH=64,BATCH_COUNT=4,BATCH_TIMEOUT=64,SINK_STALL_EN=1'b1,SINK_STALL_PERIOD=4,SINK_STALL_READY=1) .dut.u_fifo  File: /get/work/krishna.vardhan/git_trees/mtp_pcie_axi/pcie_axi_dma_latency/design/rtl/axis_fifo.sv Line: 165
Warning: [axis_fifo] FIFO full (depth=64) — upstream back-pressured at t=47695000
Time: 47695 ns  Iteration: 0  Process: /tb_pcie_axi_dma(TB_SCENARIO=2,FIFO_DEPTH=64,BATCH_COUNT=4,BATCH_TIMEOUT=64,SINK_STALL_EN=1'b1,SINK_STALL_PERIOD=4,SINK_STALL_READY=1)/dut/u_fifo/Always163_9  Scope: \tb_pcie_axi_dma(TB_SCENARIO=2,FIFO_DEPTH=64,BATCH_COUNT=4,BATCH_TIMEOUT=64,SINK_STALL_EN=1'b1,SINK_STALL_PERIOD=4,SINK_STALL_READY=1) .dut.u_fifo  File: /get/work/krishna.vardhan/git_trees/mtp_pcie_axi/pcie_axi_dma_latency/design/rtl/axis_fifo.sv Line: 165
Warning: [axis_fifo] FIFO full (depth=64) — upstream back-pressured at t=47715000
Time: 47715 ns  Iteration: 0  Process: /tb_pcie_axi_dma(TB_SCENARIO=2,FIFO_DEPTH=64,BATCH_COUNT=4,BATCH_TIMEOUT=64,SINK_STALL_EN=1'b1,SINK_STALL_PERIOD=4,SINK_STALL_READY=1)/dut/u_fifo/Always163_9  Scope: \tb_pcie_axi_dma(TB_SCENARIO=2,FIFO_DEPTH=64,BATCH_COUNT=4,BATCH_TIMEOUT=64,SINK_STALL_EN=1'b1,SINK_STALL_PERIOD=4,SINK_STALL_READY=1) .dut.u_fifo  File: /get/work/krishna.vardhan/git_trees/mtp_pcie_axi/pcie_axi_dma_latency/design/rtl/axis_fifo.sv Line: 165
Warning: [axis_fifo] FIFO full (depth=64) — upstream back-pressured at t=47725000
Time: 47725 ns  Iteration: 0  Process: /tb_pcie_axi_dma(TB_SCENARIO=2,FIFO_DEPTH=64,BATCH_COUNT=4,BATCH_TIMEOUT=64,SINK_STALL_EN=1'b1,SINK_STALL_PERIOD=4,SINK_STALL_READY=1)/dut/u_fifo/Always163_9  Scope: \tb_pcie_axi_dma(TB_SCENARIO=2,FIFO_DEPTH=64,BATCH_COUNT=4,BATCH_TIMEOUT=64,SINK_STALL_EN=1'b1,SINK_STALL_PERIOD=4,SINK_STALL_READY=1) .dut.u_fifo  File: /get/work/krishna.vardhan/git_trees/mtp_pcie_axi/pcie_axi_dma_latency/design/rtl/axis_fifo.sv Line: 165
Warning: [axis_fifo] FIFO full (depth=64) — upstream back-pressured at t=47735000
Time: 47735 ns  Iteration: 0  Process: /tb_pcie_axi_dma(TB_SCENARIO=2,FIFO_DEPTH=64,BATCH_COUNT=4,BATCH_TIMEOUT=64,SINK_STALL_EN=1'b1,SINK_STALL_PERIOD=4,SINK_STALL_READY=1)/dut/u_fifo/Always163_9  Scope: \tb_pcie_axi_dma(TB_SCENARIO=2,FIFO_DEPTH=64,BATCH_COUNT=4,BATCH_TIMEOUT=64,SINK_STALL_EN=1'b1,SINK_STALL_PERIOD=4,SINK_STALL_READY=1) .dut.u_fifo  File: /get/work/krishna.vardhan/git_trees/mtp_pcie_axi/pcie_axi_dma_latency/design/rtl/axis_fifo.sv Line: 165
Warning: [axis_fifo] FIFO full (depth=64) — upstream back-pressured at t=47755000
Time: 47755 ns  Iteration: 0  Process: /tb_pcie_axi_dma(TB_SCENARIO=2,FIFO_DEPTH=64,BATCH_COUNT=4,BATCH_TIMEOUT=64,SINK_STALL_EN=1'b1,SINK_STALL_PERIOD=4,SINK_STALL_READY=1)/dut/u_fifo/Always163_9  Scope: \tb_pcie_axi_dma(TB_SCENARIO=2,FIFO_DEPTH=64,BATCH_COUNT=4,BATCH_TIMEOUT=64,SINK_STALL_EN=1'b1,SINK_STALL_PERIOD=4,SINK_STALL_READY=1) .dut.u_fifo  File: /get/work/krishna.vardhan/git_trees/mtp_pcie_axi/pcie_axi_dma_latency/design/rtl/axis_fifo.sv Line: 165
Warning: [axis_fifo] FIFO full (depth=64) — upstream back-pressured at t=47765000
Time: 47765 ns  Iteration: 0  Process: /tb_pcie_axi_dma(TB_SCENARIO=2,FIFO_DEPTH=64,BATCH_COUNT=4,BATCH_TIMEOUT=64,SINK_STALL_EN=1'b1,SINK_STALL_PERIOD=4,SINK_STALL_READY=1)/dut/u_fifo/Always163_9  Scope: \tb_pcie_axi_dma(TB_SCENARIO=2,FIFO_DEPTH=64,BATCH_COUNT=4,BATCH_TIMEOUT=64,SINK_STALL_EN=1'b1,SINK_STALL_PERIOD=4,SINK_STALL_READY=1) .dut.u_fifo  File: /get/work/krishna.vardhan/git_trees/mtp_pcie_axi/pcie_axi_dma_latency/design/rtl/axis_fifo.sv Line: 165
Warning: [axis_fifo] FIFO full (depth=64) — upstream back-pressured at t=47775000
Time: 47775 ns  Iteration: 0  Process: /tb_pcie_axi_dma(TB_SCENARIO=2,FIFO_DEPTH=64,BATCH_COUNT=4,BATCH_TIMEOUT=64,SINK_STALL_EN=1'b1,SINK_STALL_PERIOD=4,SINK_STALL_READY=1)/dut/u_fifo/Always163_9  Scope: \tb_pcie_axi_dma(TB_SCENARIO=2,FIFO_DEPTH=64,BATCH_COUNT=4,BATCH_TIMEOUT=64,SINK_STALL_EN=1'b1,SINK_STALL_PERIOD=4,SINK_STALL_READY=1) .dut.u_fifo  File: /get/work/krishna.vardhan/git_trees/mtp_pcie_axi/pcie_axi_dma_latency/design/rtl/axis_fifo.sv Line: 165
Warning: [axis_fifo] FIFO full (depth=64) — upstream back-pressured at t=47795000
Time: 47795 ns  Iteration: 0  Process: /tb_pcie_axi_dma(TB_SCENARIO=2,FIFO_DEPTH=64,BATCH_COUNT=4,BATCH_TIMEOUT=64,SINK_STALL_EN=1'b1,SINK_STALL_PERIOD=4,SINK_STALL_READY=1)/dut/u_fifo/Always163_9  Scope: \tb_pcie_axi_dma(TB_SCENARIO=2,FIFO_DEPTH=64,BATCH_COUNT=4,BATCH_TIMEOUT=64,SINK_STALL_EN=1'b1,SINK_STALL_PERIOD=4,SINK_STALL_READY=1) .dut.u_fifo  File: /get/work/krishna.vardhan/git_trees/mtp_pcie_axi/pcie_axi_dma_latency/design/rtl/axis_fifo.sv Line: 165
Warning: [axis_fifo] FIFO full (depth=64) — upstream back-pressured at t=47805000
Time: 47805 ns  Iteration: 0  Process: /tb_pcie_axi_dma(TB_SCENARIO=2,FIFO_DEPTH=64,BATCH_COUNT=4,BATCH_TIMEOUT=64,SINK_STALL_EN=1'b1,SINK_STALL_PERIOD=4,SINK_STALL_READY=1)/dut/u_fifo/Always163_9  Scope: \tb_pcie_axi_dma(TB_SCENARIO=2,FIFO_DEPTH=64,BATCH_COUNT=4,BATCH_TIMEOUT=64,SINK_STALL_EN=1'b1,SINK_STALL_PERIOD=4,SINK_STALL_READY=1) .dut.u_fifo  File: /get/work/krishna.vardhan/git_trees/mtp_pcie_axi/pcie_axi_dma_latency/design/rtl/axis_fifo.sv Line: 165
Warning: [axis_fifo] FIFO full (depth=64) — upstream back-pressured at t=47815000
Time: 47815 ns  Iteration: 0  Process: /tb_pcie_axi_dma(TB_SCENARIO=2,FIFO_DEPTH=64,BATCH_COUNT=4,BATCH_TIMEOUT=64,SINK_STALL_EN=1'b1,SINK_STALL_PERIOD=4,SINK_STALL_READY=1)/dut/u_fifo/Always163_9  Scope: \tb_pcie_axi_dma(TB_SCENARIO=2,FIFO_DEPTH=64,BATCH_COUNT=4,BATCH_TIMEOUT=64,SINK_STALL_EN=1'b1,SINK_STALL_PERIOD=4,SINK_STALL_READY=1) .dut.u_fifo  File: /get/work/krishna.vardhan/git_trees/mtp_pcie_axi/pcie_axi_dma_latency/design/rtl/axis_fifo.sv Line: 165
Warning: [axis_fifo] FIFO full (depth=64) — upstream back-pressured at t=47835000
Time: 47835 ns  Iteration: 0  Process: /tb_pcie_axi_dma(TB_SCENARIO=2,FIFO_DEPTH=64,BATCH_COUNT=4,BATCH_TIMEOUT=64,SINK_STALL_EN=1'b1,SINK_STALL_PERIOD=4,SINK_STALL_READY=1)/dut/u_fifo/Always163_9  Scope: \tb_pcie_axi_dma(TB_SCENARIO=2,FIFO_DEPTH=64,BATCH_COUNT=4,BATCH_TIMEOUT=64,SINK_STALL_EN=1'b1,SINK_STALL_PERIOD=4,SINK_STALL_READY=1) .dut.u_fifo  File: /get/work/krishna.vardhan/git_trees/mtp_pcie_axi/pcie_axi_dma_latency/design/rtl/axis_fifo.sv Line: 165
Warning: [axis_fifo] FIFO full (depth=64) — upstream back-pressured at t=47845000
Time: 47845 ns  Iteration: 0  Process: /tb_pcie_axi_dma(TB_SCENARIO=2,FIFO_DEPTH=64,BATCH_COUNT=4,BATCH_TIMEOUT=64,SINK_STALL_EN=1'b1,SINK_STALL_PERIOD=4,SINK_STALL_READY=1)/dut/u_fifo/Always163_9  Scope: \tb_pcie_axi_dma(TB_SCENARIO=2,FIFO_DEPTH=64,BATCH_COUNT=4,BATCH_TIMEOUT=64,SINK_STALL_EN=1'b1,SINK_STALL_PERIOD=4,SINK_STALL_READY=1) .dut.u_fifo  File: /get/work/krishna.vardhan/git_trees/mtp_pcie_axi/pcie_axi_dma_latency/design/rtl/axis_fifo.sv Line: 165
Warning: [axis_fifo] FIFO full (depth=64) — upstream back-pressured at t=47855000
Time: 47855 ns  Iteration: 0  Process: /tb_pcie_axi_dma(TB_SCENARIO=2,FIFO_DEPTH=64,BATCH_COUNT=4,BATCH_TIMEOUT=64,SINK_STALL_EN=1'b1,SINK_STALL_PERIOD=4,SINK_STALL_READY=1)/dut/u_fifo/Always163_9  Scope: \tb_pcie_axi_dma(TB_SCENARIO=2,FIFO_DEPTH=64,BATCH_COUNT=4,BATCH_TIMEOUT=64,SINK_STALL_EN=1'b1,SINK_STALL_PERIOD=4,SINK_STALL_READY=1) .dut.u_fifo  File: /get/work/krishna.vardhan/git_trees/mtp_pcie_axi/pcie_axi_dma_latency/design/rtl/axis_fifo.sv Line: 165
Warning: [axis_fifo] FIFO full (depth=64) — upstream back-pressured at t=47875000
Time: 47875 ns  Iteration: 0  Process: /tb_pcie_axi_dma(TB_SCENARIO=2,FIFO_DEPTH=64,BATCH_COUNT=4,BATCH_TIMEOUT=64,SINK_STALL_EN=1'b1,SINK_STALL_PERIOD=4,SINK_STALL_READY=1)/dut/u_fifo/Always163_9  Scope: \tb_pcie_axi_dma(TB_SCENARIO=2,FIFO_DEPTH=64,BATCH_COUNT=4,BATCH_TIMEOUT=64,SINK_STALL_EN=1'b1,SINK_STALL_PERIOD=4,SINK_STALL_READY=1) .dut.u_fifo  File: /get/work/krishna.vardhan/git_trees/mtp_pcie_axi/pcie_axi_dma_latency/design/rtl/axis_fifo.sv Line: 165
Warning: [axis_fifo] FIFO full (depth=64) — upstream back-pressured at t=47885000
Time: 47885 ns  Iteration: 0  Process: /tb_pcie_axi_dma(TB_SCENARIO=2,FIFO_DEPTH=64,BATCH_COUNT=4,BATCH_TIMEOUT=64,SINK_STALL_EN=1'b1,SINK_STALL_PERIOD=4,SINK_STALL_READY=1)/dut/u_fifo/Always163_9  Scope: \tb_pcie_axi_dma(TB_SCENARIO=2,FIFO_DEPTH=64,BATCH_COUNT=4,BATCH_TIMEOUT=64,SINK_STALL_EN=1'b1,SINK_STALL_PERIOD=4,SINK_STALL_READY=1) .dut.u_fifo  File: /get/work/krishna.vardhan/git_trees/mtp_pcie_axi/pcie_axi_dma_latency/design/rtl/axis_fifo.sv Line: 165
Warning: [axis_fifo] FIFO full (depth=64) — upstream back-pressured at t=47895000
Time: 47895 ns  Iteration: 0  Process: /tb_pcie_axi_dma(TB_SCENARIO=2,FIFO_DEPTH=64,BATCH_COUNT=4,BATCH_TIMEOUT=64,SINK_STALL_EN=1'b1,SINK_STALL_PERIOD=4,SINK_STALL_READY=1)/dut/u_fifo/Always163_9  Scope: \tb_pcie_axi_dma(TB_SCENARIO=2,FIFO_DEPTH=64,BATCH_COUNT=4,BATCH_TIMEOUT=64,SINK_STALL_EN=1'b1,SINK_STALL_PERIOD=4,SINK_STALL_READY=1) .dut.u_fifo  File: /get/work/krishna.vardhan/git_trees/mtp_pcie_axi/pcie_axi_dma_latency/design/rtl/axis_fifo.sv Line: 165
Warning: [axis_fifo] FIFO full (depth=64) — upstream back-pressured at t=47915000
Time: 47915 ns  Iteration: 0  Process: /tb_pcie_axi_dma(TB_SCENARIO=2,FIFO_DEPTH=64,BATCH_COUNT=4,BATCH_TIMEOUT=64,SINK_STALL_EN=1'b1,SINK_STALL_PERIOD=4,SINK_STALL_READY=1)/dut/u_fifo/Always163_9  Scope: \tb_pcie_axi_dma(TB_SCENARIO=2,FIFO_DEPTH=64,BATCH_COUNT=4,BATCH_TIMEOUT=64,SINK_STALL_EN=1'b1,SINK_STALL_PERIOD=4,SINK_STALL_READY=1) .dut.u_fifo  File: /get/work/krishna.vardhan/git_trees/mtp_pcie_axi/pcie_axi_dma_latency/design/rtl/axis_fifo.sv Line: 165
Warning: [axis_fifo] FIFO full (depth=64) — upstream back-pressured at t=47925000
Time: 47925 ns  Iteration: 0  Process: /tb_pcie_axi_dma(TB_SCENARIO=2,FIFO_DEPTH=64,BATCH_COUNT=4,BATCH_TIMEOUT=64,SINK_STALL_EN=1'b1,SINK_STALL_PERIOD=4,SINK_STALL_READY=1)/dut/u_fifo/Always163_9  Scope: \tb_pcie_axi_dma(TB_SCENARIO=2,FIFO_DEPTH=64,BATCH_COUNT=4,BATCH_TIMEOUT=64,SINK_STALL_EN=1'b1,SINK_STALL_PERIOD=4,SINK_STALL_READY=1) .dut.u_fifo  File: /get/work/krishna.vardhan/git_trees/mtp_pcie_axi/pcie_axi_dma_latency/design/rtl/axis_fifo.sv Line: 165
Warning: [axis_fifo] FIFO full (depth=64) — upstream back-pressured at t=47935000
Time: 47935 ns  Iteration: 0  Process: /tb_pcie_axi_dma(TB_SCENARIO=2,FIFO_DEPTH=64,BATCH_COUNT=4,BATCH_TIMEOUT=64,SINK_STALL_EN=1'b1,SINK_STALL_PERIOD=4,SINK_STALL_READY=1)/dut/u_fifo/Always163_9  Scope: \tb_pcie_axi_dma(TB_SCENARIO=2,FIFO_DEPTH=64,BATCH_COUNT=4,BATCH_TIMEOUT=64,SINK_STALL_EN=1'b1,SINK_STALL_PERIOD=4,SINK_STALL_READY=1) .dut.u_fifo  File: /get/work/krishna.vardhan/git_trees/mtp_pcie_axi/pcie_axi_dma_latency/design/rtl/axis_fifo.sv Line: 165
Warning: [axis_fifo] FIFO full (depth=64) — upstream back-pressured at t=47955000
Time: 47955 ns  Iteration: 0  Process: /tb_pcie_axi_dma(TB_SCENARIO=2,FIFO_DEPTH=64,BATCH_COUNT=4,BATCH_TIMEOUT=64,SINK_STALL_EN=1'b1,SINK_STALL_PERIOD=4,SINK_STALL_READY=1)/dut/u_fifo/Always163_9  Scope: \tb_pcie_axi_dma(TB_SCENARIO=2,FIFO_DEPTH=64,BATCH_COUNT=4,BATCH_TIMEOUT=64,SINK_STALL_EN=1'b1,SINK_STALL_PERIOD=4,SINK_STALL_READY=1) .dut.u_fifo  File: /get/work/krishna.vardhan/git_trees/mtp_pcie_axi/pcie_axi_dma_latency/design/rtl/axis_fifo.sv Line: 165
Warning: [axis_fifo] FIFO full (depth=64) — upstream back-pressured at t=47965000
Time: 47965 ns  Iteration: 0  Process: /tb_pcie_axi_dma(TB_SCENARIO=2,FIFO_DEPTH=64,BATCH_COUNT=4,BATCH_TIMEOUT=64,SINK_STALL_EN=1'b1,SINK_STALL_PERIOD=4,SINK_STALL_READY=1)/dut/u_fifo/Always163_9  Scope: \tb_pcie_axi_dma(TB_SCENARIO=2,FIFO_DEPTH=64,BATCH_COUNT=4,BATCH_TIMEOUT=64,SINK_STALL_EN=1'b1,SINK_STALL_PERIOD=4,SINK_STALL_READY=1) .dut.u_fifo  File: /get/work/krishna.vardhan/git_trees/mtp_pcie_axi/pcie_axi_dma_latency/design/rtl/axis_fifo.sv Line: 165
Warning: [axis_fifo] FIFO full (depth=64) — upstream back-pressured at t=47975000
Time: 47975 ns  Iteration: 0  Process: /tb_pcie_axi_dma(TB_SCENARIO=2,FIFO_DEPTH=64,BATCH_COUNT=4,BATCH_TIMEOUT=64,SINK_STALL_EN=1'b1,SINK_STALL_PERIOD=4,SINK_STALL_READY=1)/dut/u_fifo/Always163_9  Scope: \tb_pcie_axi_dma(TB_SCENARIO=2,FIFO_DEPTH=64,BATCH_COUNT=4,BATCH_TIMEOUT=64,SINK_STALL_EN=1'b1,SINK_STALL_PERIOD=4,SINK_STALL_READY=1) .dut.u_fifo  File: /get/work/krishna.vardhan/git_trees/mtp_pcie_axi/pcie_axi_dma_latency/design/rtl/axis_fifo.sv Line: 165
Warning: [axis_fifo] FIFO full (depth=64) — upstream back-pressured at t=47995000
Time: 47995 ns  Iteration: 0  Process: /tb_pcie_axi_dma(TB_SCENARIO=2,FIFO_DEPTH=64,BATCH_COUNT=4,BATCH_TIMEOUT=64,SINK_STALL_EN=1'b1,SINK_STALL_PERIOD=4,SINK_STALL_READY=1)/dut/u_fifo/Always163_9  Scope: \tb_pcie_axi_dma(TB_SCENARIO=2,FIFO_DEPTH=64,BATCH_COUNT=4,BATCH_TIMEOUT=64,SINK_STALL_EN=1'b1,SINK_STALL_PERIOD=4,SINK_STALL_READY=1) .dut.u_fifo  File: /get/work/krishna.vardhan/git_trees/mtp_pcie_axi/pcie_axi_dma_latency/design/rtl/axis_fifo.sv Line: 165
Warning: [axis_fifo] FIFO full (depth=64) — upstream back-pressured at t=48005000
Time: 48005 ns  Iteration: 0  Process: /tb_pcie_axi_dma(TB_SCENARIO=2,FIFO_DEPTH=64,BATCH_COUNT=4,BATCH_TIMEOUT=64,SINK_STALL_EN=1'b1,SINK_STALL_PERIOD=4,SINK_STALL_READY=1)/dut/u_fifo/Always163_9  Scope: \tb_pcie_axi_dma(TB_SCENARIO=2,FIFO_DEPTH=64,BATCH_COUNT=4,BATCH_TIMEOUT=64,SINK_STALL_EN=1'b1,SINK_STALL_PERIOD=4,SINK_STALL_READY=1) .dut.u_fifo  File: /get/work/krishna.vardhan/git_trees/mtp_pcie_axi/pcie_axi_dma_latency/design/rtl/axis_fifo.sv Line: 165
Warning: [axis_fifo] FIFO full (depth=64) — upstream back-pressured at t=48015000
Time: 48015 ns  Iteration: 0  Process: /tb_pcie_axi_dma(TB_SCENARIO=2,FIFO_DEPTH=64,BATCH_COUNT=4,BATCH_TIMEOUT=64,SINK_STALL_EN=1'b1,SINK_STALL_PERIOD=4,SINK_STALL_READY=1)/dut/u_fifo/Always163_9  Scope: \tb_pcie_axi_dma(TB_SCENARIO=2,FIFO_DEPTH=64,BATCH_COUNT=4,BATCH_TIMEOUT=64,SINK_STALL_EN=1'b1,SINK_STALL_PERIOD=4,SINK_STALL_READY=1) .dut.u_fifo  File: /get/work/krishna.vardhan/git_trees/mtp_pcie_axi/pcie_axi_dma_latency/design/rtl/axis_fifo.sv Line: 165
Warning: [axis_fifo] FIFO full (depth=64) — upstream back-pressured at t=48035000
Time: 48035 ns  Iteration: 0  Process: /tb_pcie_axi_dma(TB_SCENARIO=2,FIFO_DEPTH=64,BATCH_COUNT=4,BATCH_TIMEOUT=64,SINK_STALL_EN=1'b1,SINK_STALL_PERIOD=4,SINK_STALL_READY=1)/dut/u_fifo/Always163_9  Scope: \tb_pcie_axi_dma(TB_SCENARIO=2,FIFO_DEPTH=64,BATCH_COUNT=4,BATCH_TIMEOUT=64,SINK_STALL_EN=1'b1,SINK_STALL_PERIOD=4,SINK_STALL_READY=1) .dut.u_fifo  File: /get/work/krishna.vardhan/git_trees/mtp_pcie_axi/pcie_axi_dma_latency/design/rtl/axis_fifo.sv Line: 165
Warning: [axis_fifo] FIFO full (depth=64) — upstream back-pressured at t=48045000
Time: 48045 ns  Iteration: 0  Process: /tb_pcie_axi_dma(TB_SCENARIO=2,FIFO_DEPTH=64,BATCH_COUNT=4,BATCH_TIMEOUT=64,SINK_STALL_EN=1'b1,SINK_STALL_PERIOD=4,SINK_STALL_READY=1)/dut/u_fifo/Always163_9  Scope: \tb_pcie_axi_dma(TB_SCENARIO=2,FIFO_DEPTH=64,BATCH_COUNT=4,BATCH_TIMEOUT=64,SINK_STALL_EN=1'b1,SINK_STALL_PERIOD=4,SINK_STALL_READY=1) .dut.u_fifo  File: /get/work/krishna.vardhan/git_trees/mtp_pcie_axi/pcie_axi_dma_latency/design/rtl/axis_fifo.sv Line: 165
Warning: [axis_fifo] FIFO full (depth=64) — upstream back-pressured at t=48055000
Time: 48055 ns  Iteration: 0  Process: /tb_pcie_axi_dma(TB_SCENARIO=2,FIFO_DEPTH=64,BATCH_COUNT=4,BATCH_TIMEOUT=64,SINK_STALL_EN=1'b1,SINK_STALL_PERIOD=4,SINK_STALL_READY=1)/dut/u_fifo/Always163_9  Scope: \tb_pcie_axi_dma(TB_SCENARIO=2,FIFO_DEPTH=64,BATCH_COUNT=4,BATCH_TIMEOUT=64,SINK_STALL_EN=1'b1,SINK_STALL_PERIOD=4,SINK_STALL_READY=1) .dut.u_fifo  File: /get/work/krishna.vardhan/git_trees/mtp_pcie_axi/pcie_axi_dma_latency/design/rtl/axis_fifo.sv Line: 165
Warning: [axis_fifo] FIFO full (depth=64) — upstream back-pressured at t=48075000
Time: 48075 ns  Iteration: 0  Process: /tb_pcie_axi_dma(TB_SCENARIO=2,FIFO_DEPTH=64,BATCH_COUNT=4,BATCH_TIMEOUT=64,SINK_STALL_EN=1'b1,SINK_STALL_PERIOD=4,SINK_STALL_READY=1)/dut/u_fifo/Always163_9  Scope: \tb_pcie_axi_dma(TB_SCENARIO=2,FIFO_DEPTH=64,BATCH_COUNT=4,BATCH_TIMEOUT=64,SINK_STALL_EN=1'b1,SINK_STALL_PERIOD=4,SINK_STALL_READY=1) .dut.u_fifo  File: /get/work/krishna.vardhan/git_trees/mtp_pcie_axi/pcie_axi_dma_latency/design/rtl/axis_fifo.sv Line: 165
Warning: [axis_fifo] FIFO full (depth=64) — upstream back-pressured at t=48085000
Time: 48085 ns  Iteration: 0  Process: /tb_pcie_axi_dma(TB_SCENARIO=2,FIFO_DEPTH=64,BATCH_COUNT=4,BATCH_TIMEOUT=64,SINK_STALL_EN=1'b1,SINK_STALL_PERIOD=4,SINK_STALL_READY=1)/dut/u_fifo/Always163_9  Scope: \tb_pcie_axi_dma(TB_SCENARIO=2,FIFO_DEPTH=64,BATCH_COUNT=4,BATCH_TIMEOUT=64,SINK_STALL_EN=1'b1,SINK_STALL_PERIOD=4,SINK_STALL_READY=1) .dut.u_fifo  File: /get/work/krishna.vardhan/git_trees/mtp_pcie_axi/pcie_axi_dma_latency/design/rtl/axis_fifo.sv Line: 165
Warning: [axis_fifo] FIFO full (depth=64) — upstream back-pressured at t=48095000
Time: 48095 ns  Iteration: 0  Process: /tb_pcie_axi_dma(TB_SCENARIO=2,FIFO_DEPTH=64,BATCH_COUNT=4,BATCH_TIMEOUT=64,SINK_STALL_EN=1'b1,SINK_STALL_PERIOD=4,SINK_STALL_READY=1)/dut/u_fifo/Always163_9  Scope: \tb_pcie_axi_dma(TB_SCENARIO=2,FIFO_DEPTH=64,BATCH_COUNT=4,BATCH_TIMEOUT=64,SINK_STALL_EN=1'b1,SINK_STALL_PERIOD=4,SINK_STALL_READY=1) .dut.u_fifo  File: /get/work/krishna.vardhan/git_trees/mtp_pcie_axi/pcie_axi_dma_latency/design/rtl/axis_fifo.sv Line: 165
Warning: [axis_fifo] FIFO full (depth=64) — upstream back-pressured at t=48115000
Time: 48115 ns  Iteration: 0  Process: /tb_pcie_axi_dma(TB_SCENARIO=2,FIFO_DEPTH=64,BATCH_COUNT=4,BATCH_TIMEOUT=64,SINK_STALL_EN=1'b1,SINK_STALL_PERIOD=4,SINK_STALL_READY=1)/dut/u_fifo/Always163_9  Scope: \tb_pcie_axi_dma(TB_SCENARIO=2,FIFO_DEPTH=64,BATCH_COUNT=4,BATCH_TIMEOUT=64,SINK_STALL_EN=1'b1,SINK_STALL_PERIOD=4,SINK_STALL_READY=1) .dut.u_fifo  File: /get/work/krishna.vardhan/git_trees/mtp_pcie_axi/pcie_axi_dma_latency/design/rtl/axis_fifo.sv Line: 165
Warning: [axis_fifo] FIFO full (depth=64) — upstream back-pressured at t=48125000
Time: 48125 ns  Iteration: 0  Process: /tb_pcie_axi_dma(TB_SCENARIO=2,FIFO_DEPTH=64,BATCH_COUNT=4,BATCH_TIMEOUT=64,SINK_STALL_EN=1'b1,SINK_STALL_PERIOD=4,SINK_STALL_READY=1)/dut/u_fifo/Always163_9  Scope: \tb_pcie_axi_dma(TB_SCENARIO=2,FIFO_DEPTH=64,BATCH_COUNT=4,BATCH_TIMEOUT=64,SINK_STALL_EN=1'b1,SINK_STALL_PERIOD=4,SINK_STALL_READY=1) .dut.u_fifo  File: /get/work/krishna.vardhan/git_trees/mtp_pcie_axi/pcie_axi_dma_latency/design/rtl/axis_fifo.sv Line: 165
Warning: [axis_fifo] FIFO full (depth=64) — upstream back-pressured at t=48135000
Time: 48135 ns  Iteration: 0  Process: /tb_pcie_axi_dma(TB_SCENARIO=2,FIFO_DEPTH=64,BATCH_COUNT=4,BATCH_TIMEOUT=64,SINK_STALL_EN=1'b1,SINK_STALL_PERIOD=4,SINK_STALL_READY=1)/dut/u_fifo/Always163_9  Scope: \tb_pcie_axi_dma(TB_SCENARIO=2,FIFO_DEPTH=64,BATCH_COUNT=4,BATCH_TIMEOUT=64,SINK_STALL_EN=1'b1,SINK_STALL_PERIOD=4,SINK_STALL_READY=1) .dut.u_fifo  File: /get/work/krishna.vardhan/git_trees/mtp_pcie_axi/pcie_axi_dma_latency/design/rtl/axis_fifo.sv Line: 165
Warning: [axis_fifo] FIFO full (depth=64) — upstream back-pressured at t=48155000
Time: 48155 ns  Iteration: 0  Process: /tb_pcie_axi_dma(TB_SCENARIO=2,FIFO_DEPTH=64,BATCH_COUNT=4,BATCH_TIMEOUT=64,SINK_STALL_EN=1'b1,SINK_STALL_PERIOD=4,SINK_STALL_READY=1)/dut/u_fifo/Always163_9  Scope: \tb_pcie_axi_dma(TB_SCENARIO=2,FIFO_DEPTH=64,BATCH_COUNT=4,BATCH_TIMEOUT=64,SINK_STALL_EN=1'b1,SINK_STALL_PERIOD=4,SINK_STALL_READY=1) .dut.u_fifo  File: /get/work/krishna.vardhan/git_trees/mtp_pcie_axi/pcie_axi_dma_latency/design/rtl/axis_fifo.sv Line: 165
Warning: [axis_fifo] FIFO full (depth=64) — upstream back-pressured at t=48165000
Time: 48165 ns  Iteration: 0  Process: /tb_pcie_axi_dma(TB_SCENARIO=2,FIFO_DEPTH=64,BATCH_COUNT=4,BATCH_TIMEOUT=64,SINK_STALL_EN=1'b1,SINK_STALL_PERIOD=4,SINK_STALL_READY=1)/dut/u_fifo/Always163_9  Scope: \tb_pcie_axi_dma(TB_SCENARIO=2,FIFO_DEPTH=64,BATCH_COUNT=4,BATCH_TIMEOUT=64,SINK_STALL_EN=1'b1,SINK_STALL_PERIOD=4,SINK_STALL_READY=1) .dut.u_fifo  File: /get/work/krishna.vardhan/git_trees/mtp_pcie_axi/pcie_axi_dma_latency/design/rtl/axis_fifo.sv Line: 165
Warning: [axis_fifo] FIFO full (depth=64) — upstream back-pressured at t=48175000
Time: 48175 ns  Iteration: 0  Process: /tb_pcie_axi_dma(TB_SCENARIO=2,FIFO_DEPTH=64,BATCH_COUNT=4,BATCH_TIMEOUT=64,SINK_STALL_EN=1'b1,SINK_STALL_PERIOD=4,SINK_STALL_READY=1)/dut/u_fifo/Always163_9  Scope: \tb_pcie_axi_dma(TB_SCENARIO=2,FIFO_DEPTH=64,BATCH_COUNT=4,BATCH_TIMEOUT=64,SINK_STALL_EN=1'b1,SINK_STALL_PERIOD=4,SINK_STALL_READY=1) .dut.u_fifo  File: /get/work/krishna.vardhan/git_trees/mtp_pcie_axi/pcie_axi_dma_latency/design/rtl/axis_fifo.sv Line: 165
Warning: [axis_fifo] FIFO full (depth=64) — upstream back-pressured at t=48195000
Time: 48195 ns  Iteration: 0  Process: /tb_pcie_axi_dma(TB_SCENARIO=2,FIFO_DEPTH=64,BATCH_COUNT=4,BATCH_TIMEOUT=64,SINK_STALL_EN=1'b1,SINK_STALL_PERIOD=4,SINK_STALL_READY=1)/dut/u_fifo/Always163_9  Scope: \tb_pcie_axi_dma(TB_SCENARIO=2,FIFO_DEPTH=64,BATCH_COUNT=4,BATCH_TIMEOUT=64,SINK_STALL_EN=1'b1,SINK_STALL_PERIOD=4,SINK_STALL_READY=1) .dut.u_fifo  File: /get/work/krishna.vardhan/git_trees/mtp_pcie_axi/pcie_axi_dma_latency/design/rtl/axis_fifo.sv Line: 165
Warning: [axis_fifo] FIFO full (depth=64) — upstream back-pressured at t=48205000
Time: 48205 ns  Iteration: 0  Process: /tb_pcie_axi_dma(TB_SCENARIO=2,FIFO_DEPTH=64,BATCH_COUNT=4,BATCH_TIMEOUT=64,SINK_STALL_EN=1'b1,SINK_STALL_PERIOD=4,SINK_STALL_READY=1)/dut/u_fifo/Always163_9  Scope: \tb_pcie_axi_dma(TB_SCENARIO=2,FIFO_DEPTH=64,BATCH_COUNT=4,BATCH_TIMEOUT=64,SINK_STALL_EN=1'b1,SINK_STALL_PERIOD=4,SINK_STALL_READY=1) .dut.u_fifo  File: /get/work/krishna.vardhan/git_trees/mtp_pcie_axi/pcie_axi_dma_latency/design/rtl/axis_fifo.sv Line: 165
Warning: [axis_fifo] FIFO full (depth=64) — upstream back-pressured at t=48215000
Time: 48215 ns  Iteration: 0  Process: /tb_pcie_axi_dma(TB_SCENARIO=2,FIFO_DEPTH=64,BATCH_COUNT=4,BATCH_TIMEOUT=64,SINK_STALL_EN=1'b1,SINK_STALL_PERIOD=4,SINK_STALL_READY=1)/dut/u_fifo/Always163_9  Scope: \tb_pcie_axi_dma(TB_SCENARIO=2,FIFO_DEPTH=64,BATCH_COUNT=4,BATCH_TIMEOUT=64,SINK_STALL_EN=1'b1,SINK_STALL_PERIOD=4,SINK_STALL_READY=1) .dut.u_fifo  File: /get/work/krishna.vardhan/git_trees/mtp_pcie_axi/pcie_axi_dma_latency/design/rtl/axis_fifo.sv Line: 165
Warning: [axis_fifo] FIFO full (depth=64) — upstream back-pressured at t=48235000
Time: 48235 ns  Iteration: 0  Process: /tb_pcie_axi_dma(TB_SCENARIO=2,FIFO_DEPTH=64,BATCH_COUNT=4,BATCH_TIMEOUT=64,SINK_STALL_EN=1'b1,SINK_STALL_PERIOD=4,SINK_STALL_READY=1)/dut/u_fifo/Always163_9  Scope: \tb_pcie_axi_dma(TB_SCENARIO=2,FIFO_DEPTH=64,BATCH_COUNT=4,BATCH_TIMEOUT=64,SINK_STALL_EN=1'b1,SINK_STALL_PERIOD=4,SINK_STALL_READY=1) .dut.u_fifo  File: /get/work/krishna.vardhan/git_trees/mtp_pcie_axi/pcie_axi_dma_latency/design/rtl/axis_fifo.sv Line: 165
Warning: [axis_fifo] FIFO full (depth=64) — upstream back-pressured at t=48245000
Time: 48245 ns  Iteration: 0  Process: /tb_pcie_axi_dma(TB_SCENARIO=2,FIFO_DEPTH=64,BATCH_COUNT=4,BATCH_TIMEOUT=64,SINK_STALL_EN=1'b1,SINK_STALL_PERIOD=4,SINK_STALL_READY=1)/dut/u_fifo/Always163_9  Scope: \tb_pcie_axi_dma(TB_SCENARIO=2,FIFO_DEPTH=64,BATCH_COUNT=4,BATCH_TIMEOUT=64,SINK_STALL_EN=1'b1,SINK_STALL_PERIOD=4,SINK_STALL_READY=1) .dut.u_fifo  File: /get/work/krishna.vardhan/git_trees/mtp_pcie_axi/pcie_axi_dma_latency/design/rtl/axis_fifo.sv Line: 165
Warning: [axis_fifo] FIFO full (depth=64) — upstream back-pressured at t=48255000
Time: 48255 ns  Iteration: 0  Process: /tb_pcie_axi_dma(TB_SCENARIO=2,FIFO_DEPTH=64,BATCH_COUNT=4,BATCH_TIMEOUT=64,SINK_STALL_EN=1'b1,SINK_STALL_PERIOD=4,SINK_STALL_READY=1)/dut/u_fifo/Always163_9  Scope: \tb_pcie_axi_dma(TB_SCENARIO=2,FIFO_DEPTH=64,BATCH_COUNT=4,BATCH_TIMEOUT=64,SINK_STALL_EN=1'b1,SINK_STALL_PERIOD=4,SINK_STALL_READY=1) .dut.u_fifo  File: /get/work/krishna.vardhan/git_trees/mtp_pcie_axi/pcie_axi_dma_latency/design/rtl/axis_fifo.sv Line: 165
Warning: [axis_fifo] FIFO full (depth=64) — upstream back-pressured at t=48275000
Time: 48275 ns  Iteration: 0  Process: /tb_pcie_axi_dma(TB_SCENARIO=2,FIFO_DEPTH=64,BATCH_COUNT=4,BATCH_TIMEOUT=64,SINK_STALL_EN=1'b1,SINK_STALL_PERIOD=4,SINK_STALL_READY=1)/dut/u_fifo/Always163_9  Scope: \tb_pcie_axi_dma(TB_SCENARIO=2,FIFO_DEPTH=64,BATCH_COUNT=4,BATCH_TIMEOUT=64,SINK_STALL_EN=1'b1,SINK_STALL_PERIOD=4,SINK_STALL_READY=1) .dut.u_fifo  File: /get/work/krishna.vardhan/git_trees/mtp_pcie_axi/pcie_axi_dma_latency/design/rtl/axis_fifo.sv Line: 165
Warning: [axis_fifo] FIFO full (depth=64) — upstream back-pressured at t=48285000
Time: 48285 ns  Iteration: 0  Process: /tb_pcie_axi_dma(TB_SCENARIO=2,FIFO_DEPTH=64,BATCH_COUNT=4,BATCH_TIMEOUT=64,SINK_STALL_EN=1'b1,SINK_STALL_PERIOD=4,SINK_STALL_READY=1)/dut/u_fifo/Always163_9  Scope: \tb_pcie_axi_dma(TB_SCENARIO=2,FIFO_DEPTH=64,BATCH_COUNT=4,BATCH_TIMEOUT=64,SINK_STALL_EN=1'b1,SINK_STALL_PERIOD=4,SINK_STALL_READY=1) .dut.u_fifo  File: /get/work/krishna.vardhan/git_trees/mtp_pcie_axi/pcie_axi_dma_latency/design/rtl/axis_fifo.sv Line: 165
Warning: [axis_fifo] FIFO full (depth=64) — upstream back-pressured at t=48295000
Time: 48295 ns  Iteration: 0  Process: /tb_pcie_axi_dma(TB_SCENARIO=2,FIFO_DEPTH=64,BATCH_COUNT=4,BATCH_TIMEOUT=64,SINK_STALL_EN=1'b1,SINK_STALL_PERIOD=4,SINK_STALL_READY=1)/dut/u_fifo/Always163_9  Scope: \tb_pcie_axi_dma(TB_SCENARIO=2,FIFO_DEPTH=64,BATCH_COUNT=4,BATCH_TIMEOUT=64,SINK_STALL_EN=1'b1,SINK_STALL_PERIOD=4,SINK_STALL_READY=1) .dut.u_fifo  File: /get/work/krishna.vardhan/git_trees/mtp_pcie_axi/pcie_axi_dma_latency/design/rtl/axis_fifo.sv Line: 165
Warning: [axis_fifo] FIFO full (depth=64) — upstream back-pressured at t=48315000
Time: 48315 ns  Iteration: 0  Process: /tb_pcie_axi_dma(TB_SCENARIO=2,FIFO_DEPTH=64,BATCH_COUNT=4,BATCH_TIMEOUT=64,SINK_STALL_EN=1'b1,SINK_STALL_PERIOD=4,SINK_STALL_READY=1)/dut/u_fifo/Always163_9  Scope: \tb_pcie_axi_dma(TB_SCENARIO=2,FIFO_DEPTH=64,BATCH_COUNT=4,BATCH_TIMEOUT=64,SINK_STALL_EN=1'b1,SINK_STALL_PERIOD=4,SINK_STALL_READY=1) .dut.u_fifo  File: /get/work/krishna.vardhan/git_trees/mtp_pcie_axi/pcie_axi_dma_latency/design/rtl/axis_fifo.sv Line: 165
Warning: [axis_fifo] FIFO full (depth=64) — upstream back-pressured at t=48325000
Time: 48325 ns  Iteration: 0  Process: /tb_pcie_axi_dma(TB_SCENARIO=2,FIFO_DEPTH=64,BATCH_COUNT=4,BATCH_TIMEOUT=64,SINK_STALL_EN=1'b1,SINK_STALL_PERIOD=4,SINK_STALL_READY=1)/dut/u_fifo/Always163_9  Scope: \tb_pcie_axi_dma(TB_SCENARIO=2,FIFO_DEPTH=64,BATCH_COUNT=4,BATCH_TIMEOUT=64,SINK_STALL_EN=1'b1,SINK_STALL_PERIOD=4,SINK_STALL_READY=1) .dut.u_fifo  File: /get/work/krishna.vardhan/git_trees/mtp_pcie_axi/pcie_axi_dma_latency/design/rtl/axis_fifo.sv Line: 165
Warning: [axis_fifo] FIFO full (depth=64) — upstream back-pressured at t=48335000
Time: 48335 ns  Iteration: 0  Process: /tb_pcie_axi_dma(TB_SCENARIO=2,FIFO_DEPTH=64,BATCH_COUNT=4,BATCH_TIMEOUT=64,SINK_STALL_EN=1'b1,SINK_STALL_PERIOD=4,SINK_STALL_READY=1)/dut/u_fifo/Always163_9  Scope: \tb_pcie_axi_dma(TB_SCENARIO=2,FIFO_DEPTH=64,BATCH_COUNT=4,BATCH_TIMEOUT=64,SINK_STALL_EN=1'b1,SINK_STALL_PERIOD=4,SINK_STALL_READY=1) .dut.u_fifo  File: /get/work/krishna.vardhan/git_trees/mtp_pcie_axi/pcie_axi_dma_latency/design/rtl/axis_fifo.sv Line: 165
Warning: [axis_fifo] FIFO full (depth=64) — upstream back-pressured at t=48355000
Time: 48355 ns  Iteration: 0  Process: /tb_pcie_axi_dma(TB_SCENARIO=2,FIFO_DEPTH=64,BATCH_COUNT=4,BATCH_TIMEOUT=64,SINK_STALL_EN=1'b1,SINK_STALL_PERIOD=4,SINK_STALL_READY=1)/dut/u_fifo/Always163_9  Scope: \tb_pcie_axi_dma(TB_SCENARIO=2,FIFO_DEPTH=64,BATCH_COUNT=4,BATCH_TIMEOUT=64,SINK_STALL_EN=1'b1,SINK_STALL_PERIOD=4,SINK_STALL_READY=1) .dut.u_fifo  File: /get/work/krishna.vardhan/git_trees/mtp_pcie_axi/pcie_axi_dma_latency/design/rtl/axis_fifo.sv Line: 165
Warning: [axis_fifo] FIFO full (depth=64) — upstream back-pressured at t=48365000
Time: 48365 ns  Iteration: 0  Process: /tb_pcie_axi_dma(TB_SCENARIO=2,FIFO_DEPTH=64,BATCH_COUNT=4,BATCH_TIMEOUT=64,SINK_STALL_EN=1'b1,SINK_STALL_PERIOD=4,SINK_STALL_READY=1)/dut/u_fifo/Always163_9  Scope: \tb_pcie_axi_dma(TB_SCENARIO=2,FIFO_DEPTH=64,BATCH_COUNT=4,BATCH_TIMEOUT=64,SINK_STALL_EN=1'b1,SINK_STALL_PERIOD=4,SINK_STALL_READY=1) .dut.u_fifo  File: /get/work/krishna.vardhan/git_trees/mtp_pcie_axi/pcie_axi_dma_latency/design/rtl/axis_fifo.sv Line: 165
Warning: [axis_fifo] FIFO full (depth=64) — upstream back-pressured at t=48375000
Time: 48375 ns  Iteration: 0  Process: /tb_pcie_axi_dma(TB_SCENARIO=2,FIFO_DEPTH=64,BATCH_COUNT=4,BATCH_TIMEOUT=64,SINK_STALL_EN=1'b1,SINK_STALL_PERIOD=4,SINK_STALL_READY=1)/dut/u_fifo/Always163_9  Scope: \tb_pcie_axi_dma(TB_SCENARIO=2,FIFO_DEPTH=64,BATCH_COUNT=4,BATCH_TIMEOUT=64,SINK_STALL_EN=1'b1,SINK_STALL_PERIOD=4,SINK_STALL_READY=1) .dut.u_fifo  File: /get/work/krishna.vardhan/git_trees/mtp_pcie_axi/pcie_axi_dma_latency/design/rtl/axis_fifo.sv Line: 165
Warning: [axis_fifo] FIFO full (depth=64) — upstream back-pressured at t=48395000
Time: 48395 ns  Iteration: 0  Process: /tb_pcie_axi_dma(TB_SCENARIO=2,FIFO_DEPTH=64,BATCH_COUNT=4,BATCH_TIMEOUT=64,SINK_STALL_EN=1'b1,SINK_STALL_PERIOD=4,SINK_STALL_READY=1)/dut/u_fifo/Always163_9  Scope: \tb_pcie_axi_dma(TB_SCENARIO=2,FIFO_DEPTH=64,BATCH_COUNT=4,BATCH_TIMEOUT=64,SINK_STALL_EN=1'b1,SINK_STALL_PERIOD=4,SINK_STALL_READY=1) .dut.u_fifo  File: /get/work/krishna.vardhan/git_trees/mtp_pcie_axi/pcie_axi_dma_latency/design/rtl/axis_fifo.sv Line: 165
Warning: [axis_fifo] FIFO full (depth=64) — upstream back-pressured at t=48405000
Time: 48405 ns  Iteration: 0  Process: /tb_pcie_axi_dma(TB_SCENARIO=2,FIFO_DEPTH=64,BATCH_COUNT=4,BATCH_TIMEOUT=64,SINK_STALL_EN=1'b1,SINK_STALL_PERIOD=4,SINK_STALL_READY=1)/dut/u_fifo/Always163_9  Scope: \tb_pcie_axi_dma(TB_SCENARIO=2,FIFO_DEPTH=64,BATCH_COUNT=4,BATCH_TIMEOUT=64,SINK_STALL_EN=1'b1,SINK_STALL_PERIOD=4,SINK_STALL_READY=1) .dut.u_fifo  File: /get/work/krishna.vardhan/git_trees/mtp_pcie_axi/pcie_axi_dma_latency/design/rtl/axis_fifo.sv Line: 165
Warning: [axis_fifo] FIFO full (depth=64) — upstream back-pressured at t=48415000
Time: 48415 ns  Iteration: 0  Process: /tb_pcie_axi_dma(TB_SCENARIO=2,FIFO_DEPTH=64,BATCH_COUNT=4,BATCH_TIMEOUT=64,SINK_STALL_EN=1'b1,SINK_STALL_PERIOD=4,SINK_STALL_READY=1)/dut/u_fifo/Always163_9  Scope: \tb_pcie_axi_dma(TB_SCENARIO=2,FIFO_DEPTH=64,BATCH_COUNT=4,BATCH_TIMEOUT=64,SINK_STALL_EN=1'b1,SINK_STALL_PERIOD=4,SINK_STALL_READY=1) .dut.u_fifo  File: /get/work/krishna.vardhan/git_trees/mtp_pcie_axi/pcie_axi_dma_latency/design/rtl/axis_fifo.sv Line: 165
Warning: [axis_fifo] FIFO full (depth=64) — upstream back-pressured at t=48435000
Time: 48435 ns  Iteration: 0  Process: /tb_pcie_axi_dma(TB_SCENARIO=2,FIFO_DEPTH=64,BATCH_COUNT=4,BATCH_TIMEOUT=64,SINK_STALL_EN=1'b1,SINK_STALL_PERIOD=4,SINK_STALL_READY=1)/dut/u_fifo/Always163_9  Scope: \tb_pcie_axi_dma(TB_SCENARIO=2,FIFO_DEPTH=64,BATCH_COUNT=4,BATCH_TIMEOUT=64,SINK_STALL_EN=1'b1,SINK_STALL_PERIOD=4,SINK_STALL_READY=1) .dut.u_fifo  File: /get/work/krishna.vardhan/git_trees/mtp_pcie_axi/pcie_axi_dma_latency/design/rtl/axis_fifo.sv Line: 165
Warning: [axis_fifo] FIFO full (depth=64) — upstream back-pressured at t=48445000
Time: 48445 ns  Iteration: 0  Process: /tb_pcie_axi_dma(TB_SCENARIO=2,FIFO_DEPTH=64,BATCH_COUNT=4,BATCH_TIMEOUT=64,SINK_STALL_EN=1'b1,SINK_STALL_PERIOD=4,SINK_STALL_READY=1)/dut/u_fifo/Always163_9  Scope: \tb_pcie_axi_dma(TB_SCENARIO=2,FIFO_DEPTH=64,BATCH_COUNT=4,BATCH_TIMEOUT=64,SINK_STALL_EN=1'b1,SINK_STALL_PERIOD=4,SINK_STALL_READY=1) .dut.u_fifo  File: /get/work/krishna.vardhan/git_trees/mtp_pcie_axi/pcie_axi_dma_latency/design/rtl/axis_fifo.sv Line: 165
Warning: [axis_fifo] FIFO full (depth=64) — upstream back-pressured at t=48455000
Time: 48455 ns  Iteration: 0  Process: /tb_pcie_axi_dma(TB_SCENARIO=2,FIFO_DEPTH=64,BATCH_COUNT=4,BATCH_TIMEOUT=64,SINK_STALL_EN=1'b1,SINK_STALL_PERIOD=4,SINK_STALL_READY=1)/dut/u_fifo/Always163_9  Scope: \tb_pcie_axi_dma(TB_SCENARIO=2,FIFO_DEPTH=64,BATCH_COUNT=4,BATCH_TIMEOUT=64,SINK_STALL_EN=1'b1,SINK_STALL_PERIOD=4,SINK_STALL_READY=1) .dut.u_fifo  File: /get/work/krishna.vardhan/git_trees/mtp_pcie_axi/pcie_axi_dma_latency/design/rtl/axis_fifo.sv Line: 165
Warning: [axis_fifo] FIFO full (depth=64) — upstream back-pressured at t=48475000
Time: 48475 ns  Iteration: 0  Process: /tb_pcie_axi_dma(TB_SCENARIO=2,FIFO_DEPTH=64,BATCH_COUNT=4,BATCH_TIMEOUT=64,SINK_STALL_EN=1'b1,SINK_STALL_PERIOD=4,SINK_STALL_READY=1)/dut/u_fifo/Always163_9  Scope: \tb_pcie_axi_dma(TB_SCENARIO=2,FIFO_DEPTH=64,BATCH_COUNT=4,BATCH_TIMEOUT=64,SINK_STALL_EN=1'b1,SINK_STALL_PERIOD=4,SINK_STALL_READY=1) .dut.u_fifo  File: /get/work/krishna.vardhan/git_trees/mtp_pcie_axi/pcie_axi_dma_latency/design/rtl/axis_fifo.sv Line: 165
Warning: [axis_fifo] FIFO full (depth=64) — upstream back-pressured at t=48485000
Time: 48485 ns  Iteration: 0  Process: /tb_pcie_axi_dma(TB_SCENARIO=2,FIFO_DEPTH=64,BATCH_COUNT=4,BATCH_TIMEOUT=64,SINK_STALL_EN=1'b1,SINK_STALL_PERIOD=4,SINK_STALL_READY=1)/dut/u_fifo/Always163_9  Scope: \tb_pcie_axi_dma(TB_SCENARIO=2,FIFO_DEPTH=64,BATCH_COUNT=4,BATCH_TIMEOUT=64,SINK_STALL_EN=1'b1,SINK_STALL_PERIOD=4,SINK_STALL_READY=1) .dut.u_fifo  File: /get/work/krishna.vardhan/git_trees/mtp_pcie_axi/pcie_axi_dma_latency/design/rtl/axis_fifo.sv Line: 165
Warning: [axis_fifo] FIFO full (depth=64) — upstream back-pressured at t=48495000
Time: 48495 ns  Iteration: 0  Process: /tb_pcie_axi_dma(TB_SCENARIO=2,FIFO_DEPTH=64,BATCH_COUNT=4,BATCH_TIMEOUT=64,SINK_STALL_EN=1'b1,SINK_STALL_PERIOD=4,SINK_STALL_READY=1)/dut/u_fifo/Always163_9  Scope: \tb_pcie_axi_dma(TB_SCENARIO=2,FIFO_DEPTH=64,BATCH_COUNT=4,BATCH_TIMEOUT=64,SINK_STALL_EN=1'b1,SINK_STALL_PERIOD=4,SINK_STALL_READY=1) .dut.u_fifo  File: /get/work/krishna.vardhan/git_trees/mtp_pcie_axi/pcie_axi_dma_latency/design/rtl/axis_fifo.sv Line: 165
Warning: [axis_fifo] FIFO full (depth=64) — upstream back-pressured at t=48515000
Time: 48515 ns  Iteration: 0  Process: /tb_pcie_axi_dma(TB_SCENARIO=2,FIFO_DEPTH=64,BATCH_COUNT=4,BATCH_TIMEOUT=64,SINK_STALL_EN=1'b1,SINK_STALL_PERIOD=4,SINK_STALL_READY=1)/dut/u_fifo/Always163_9  Scope: \tb_pcie_axi_dma(TB_SCENARIO=2,FIFO_DEPTH=64,BATCH_COUNT=4,BATCH_TIMEOUT=64,SINK_STALL_EN=1'b1,SINK_STALL_PERIOD=4,SINK_STALL_READY=1) .dut.u_fifo  File: /get/work/krishna.vardhan/git_trees/mtp_pcie_axi/pcie_axi_dma_latency/design/rtl/axis_fifo.sv Line: 165
Warning: [axis_fifo] FIFO full (depth=64) — upstream back-pressured at t=48525000
Time: 48525 ns  Iteration: 0  Process: /tb_pcie_axi_dma(TB_SCENARIO=2,FIFO_DEPTH=64,BATCH_COUNT=4,BATCH_TIMEOUT=64,SINK_STALL_EN=1'b1,SINK_STALL_PERIOD=4,SINK_STALL_READY=1)/dut/u_fifo/Always163_9  Scope: \tb_pcie_axi_dma(TB_SCENARIO=2,FIFO_DEPTH=64,BATCH_COUNT=4,BATCH_TIMEOUT=64,SINK_STALL_EN=1'b1,SINK_STALL_PERIOD=4,SINK_STALL_READY=1) .dut.u_fifo  File: /get/work/krishna.vardhan/git_trees/mtp_pcie_axi/pcie_axi_dma_latency/design/rtl/axis_fifo.sv Line: 165
Warning: [axis_fifo] FIFO full (depth=64) — upstream back-pressured at t=48535000
Time: 48535 ns  Iteration: 0  Process: /tb_pcie_axi_dma(TB_SCENARIO=2,FIFO_DEPTH=64,BATCH_COUNT=4,BATCH_TIMEOUT=64,SINK_STALL_EN=1'b1,SINK_STALL_PERIOD=4,SINK_STALL_READY=1)/dut/u_fifo/Always163_9  Scope: \tb_pcie_axi_dma(TB_SCENARIO=2,FIFO_DEPTH=64,BATCH_COUNT=4,BATCH_TIMEOUT=64,SINK_STALL_EN=1'b1,SINK_STALL_PERIOD=4,SINK_STALL_READY=1) .dut.u_fifo  File: /get/work/krishna.vardhan/git_trees/mtp_pcie_axi/pcie_axi_dma_latency/design/rtl/axis_fifo.sv Line: 165
Warning: [axis_fifo] FIFO full (depth=64) — upstream back-pressured at t=48555000
Time: 48555 ns  Iteration: 0  Process: /tb_pcie_axi_dma(TB_SCENARIO=2,FIFO_DEPTH=64,BATCH_COUNT=4,BATCH_TIMEOUT=64,SINK_STALL_EN=1'b1,SINK_STALL_PERIOD=4,SINK_STALL_READY=1)/dut/u_fifo/Always163_9  Scope: \tb_pcie_axi_dma(TB_SCENARIO=2,FIFO_DEPTH=64,BATCH_COUNT=4,BATCH_TIMEOUT=64,SINK_STALL_EN=1'b1,SINK_STALL_PERIOD=4,SINK_STALL_READY=1) .dut.u_fifo  File: /get/work/krishna.vardhan/git_trees/mtp_pcie_axi/pcie_axi_dma_latency/design/rtl/axis_fifo.sv Line: 165
Warning: [axis_fifo] FIFO full (depth=64) — upstream back-pressured at t=48565000
Time: 48565 ns  Iteration: 0  Process: /tb_pcie_axi_dma(TB_SCENARIO=2,FIFO_DEPTH=64,BATCH_COUNT=4,BATCH_TIMEOUT=64,SINK_STALL_EN=1'b1,SINK_STALL_PERIOD=4,SINK_STALL_READY=1)/dut/u_fifo/Always163_9  Scope: \tb_pcie_axi_dma(TB_SCENARIO=2,FIFO_DEPTH=64,BATCH_COUNT=4,BATCH_TIMEOUT=64,SINK_STALL_EN=1'b1,SINK_STALL_PERIOD=4,SINK_STALL_READY=1) .dut.u_fifo  File: /get/work/krishna.vardhan/git_trees/mtp_pcie_axi/pcie_axi_dma_latency/design/rtl/axis_fifo.sv Line: 165
Warning: [axis_fifo] FIFO full (depth=64) — upstream back-pressured at t=48575000
Time: 48575 ns  Iteration: 0  Process: /tb_pcie_axi_dma(TB_SCENARIO=2,FIFO_DEPTH=64,BATCH_COUNT=4,BATCH_TIMEOUT=64,SINK_STALL_EN=1'b1,SINK_STALL_PERIOD=4,SINK_STALL_READY=1)/dut/u_fifo/Always163_9  Scope: \tb_pcie_axi_dma(TB_SCENARIO=2,FIFO_DEPTH=64,BATCH_COUNT=4,BATCH_TIMEOUT=64,SINK_STALL_EN=1'b1,SINK_STALL_PERIOD=4,SINK_STALL_READY=1) .dut.u_fifo  File: /get/work/krishna.vardhan/git_trees/mtp_pcie_axi/pcie_axi_dma_latency/design/rtl/axis_fifo.sv Line: 165
Warning: [axis_fifo] FIFO full (depth=64) — upstream back-pressured at t=48595000
Time: 48595 ns  Iteration: 0  Process: /tb_pcie_axi_dma(TB_SCENARIO=2,FIFO_DEPTH=64,BATCH_COUNT=4,BATCH_TIMEOUT=64,SINK_STALL_EN=1'b1,SINK_STALL_PERIOD=4,SINK_STALL_READY=1)/dut/u_fifo/Always163_9  Scope: \tb_pcie_axi_dma(TB_SCENARIO=2,FIFO_DEPTH=64,BATCH_COUNT=4,BATCH_TIMEOUT=64,SINK_STALL_EN=1'b1,SINK_STALL_PERIOD=4,SINK_STALL_READY=1) .dut.u_fifo  File: /get/work/krishna.vardhan/git_trees/mtp_pcie_axi/pcie_axi_dma_latency/design/rtl/axis_fifo.sv Line: 165
Warning: [axis_fifo] FIFO full (depth=64) — upstream back-pressured at t=48605000
Time: 48605 ns  Iteration: 0  Process: /tb_pcie_axi_dma(TB_SCENARIO=2,FIFO_DEPTH=64,BATCH_COUNT=4,BATCH_TIMEOUT=64,SINK_STALL_EN=1'b1,SINK_STALL_PERIOD=4,SINK_STALL_READY=1)/dut/u_fifo/Always163_9  Scope: \tb_pcie_axi_dma(TB_SCENARIO=2,FIFO_DEPTH=64,BATCH_COUNT=4,BATCH_TIMEOUT=64,SINK_STALL_EN=1'b1,SINK_STALL_PERIOD=4,SINK_STALL_READY=1) .dut.u_fifo  File: /get/work/krishna.vardhan/git_trees/mtp_pcie_axi/pcie_axi_dma_latency/design/rtl/axis_fifo.sv Line: 165
Warning: [axis_fifo] FIFO full (depth=64) — upstream back-pressured at t=48615000
Time: 48615 ns  Iteration: 0  Process: /tb_pcie_axi_dma(TB_SCENARIO=2,FIFO_DEPTH=64,BATCH_COUNT=4,BATCH_TIMEOUT=64,SINK_STALL_EN=1'b1,SINK_STALL_PERIOD=4,SINK_STALL_READY=1)/dut/u_fifo/Always163_9  Scope: \tb_pcie_axi_dma(TB_SCENARIO=2,FIFO_DEPTH=64,BATCH_COUNT=4,BATCH_TIMEOUT=64,SINK_STALL_EN=1'b1,SINK_STALL_PERIOD=4,SINK_STALL_READY=1) .dut.u_fifo  File: /get/work/krishna.vardhan/git_trees/mtp_pcie_axi/pcie_axi_dma_latency/design/rtl/axis_fifo.sv Line: 165
Warning: [axis_fifo] FIFO full (depth=64) — upstream back-pressured at t=48635000
Time: 48635 ns  Iteration: 0  Process: /tb_pcie_axi_dma(TB_SCENARIO=2,FIFO_DEPTH=64,BATCH_COUNT=4,BATCH_TIMEOUT=64,SINK_STALL_EN=1'b1,SINK_STALL_PERIOD=4,SINK_STALL_READY=1)/dut/u_fifo/Always163_9  Scope: \tb_pcie_axi_dma(TB_SCENARIO=2,FIFO_DEPTH=64,BATCH_COUNT=4,BATCH_TIMEOUT=64,SINK_STALL_EN=1'b1,SINK_STALL_PERIOD=4,SINK_STALL_READY=1) .dut.u_fifo  File: /get/work/krishna.vardhan/git_trees/mtp_pcie_axi/pcie_axi_dma_latency/design/rtl/axis_fifo.sv Line: 165
Warning: [axis_fifo] FIFO full (depth=64) — upstream back-pressured at t=48645000
Time: 48645 ns  Iteration: 0  Process: /tb_pcie_axi_dma(TB_SCENARIO=2,FIFO_DEPTH=64,BATCH_COUNT=4,BATCH_TIMEOUT=64,SINK_STALL_EN=1'b1,SINK_STALL_PERIOD=4,SINK_STALL_READY=1)/dut/u_fifo/Always163_9  Scope: \tb_pcie_axi_dma(TB_SCENARIO=2,FIFO_DEPTH=64,BATCH_COUNT=4,BATCH_TIMEOUT=64,SINK_STALL_EN=1'b1,SINK_STALL_PERIOD=4,SINK_STALL_READY=1) .dut.u_fifo  File: /get/work/krishna.vardhan/git_trees/mtp_pcie_axi/pcie_axi_dma_latency/design/rtl/axis_fifo.sv Line: 165
Warning: [axis_fifo] FIFO full (depth=64) — upstream back-pressured at t=48655000
Time: 48655 ns  Iteration: 0  Process: /tb_pcie_axi_dma(TB_SCENARIO=2,FIFO_DEPTH=64,BATCH_COUNT=4,BATCH_TIMEOUT=64,SINK_STALL_EN=1'b1,SINK_STALL_PERIOD=4,SINK_STALL_READY=1)/dut/u_fifo/Always163_9  Scope: \tb_pcie_axi_dma(TB_SCENARIO=2,FIFO_DEPTH=64,BATCH_COUNT=4,BATCH_TIMEOUT=64,SINK_STALL_EN=1'b1,SINK_STALL_PERIOD=4,SINK_STALL_READY=1) .dut.u_fifo  File: /get/work/krishna.vardhan/git_trees/mtp_pcie_axi/pcie_axi_dma_latency/design/rtl/axis_fifo.sv Line: 165
Warning: [axis_fifo] FIFO full (depth=64) — upstream back-pressured at t=48675000
Time: 48675 ns  Iteration: 0  Process: /tb_pcie_axi_dma(TB_SCENARIO=2,FIFO_DEPTH=64,BATCH_COUNT=4,BATCH_TIMEOUT=64,SINK_STALL_EN=1'b1,SINK_STALL_PERIOD=4,SINK_STALL_READY=1)/dut/u_fifo/Always163_9  Scope: \tb_pcie_axi_dma(TB_SCENARIO=2,FIFO_DEPTH=64,BATCH_COUNT=4,BATCH_TIMEOUT=64,SINK_STALL_EN=1'b1,SINK_STALL_PERIOD=4,SINK_STALL_READY=1) .dut.u_fifo  File: /get/work/krishna.vardhan/git_trees/mtp_pcie_axi/pcie_axi_dma_latency/design/rtl/axis_fifo.sv Line: 165
Warning: [axis_fifo] FIFO full (depth=64) — upstream back-pressured at t=48685000
Time: 48685 ns  Iteration: 0  Process: /tb_pcie_axi_dma(TB_SCENARIO=2,FIFO_DEPTH=64,BATCH_COUNT=4,BATCH_TIMEOUT=64,SINK_STALL_EN=1'b1,SINK_STALL_PERIOD=4,SINK_STALL_READY=1)/dut/u_fifo/Always163_9  Scope: \tb_pcie_axi_dma(TB_SCENARIO=2,FIFO_DEPTH=64,BATCH_COUNT=4,BATCH_TIMEOUT=64,SINK_STALL_EN=1'b1,SINK_STALL_PERIOD=4,SINK_STALL_READY=1) .dut.u_fifo  File: /get/work/krishna.vardhan/git_trees/mtp_pcie_axi/pcie_axi_dma_latency/design/rtl/axis_fifo.sv Line: 165
Warning: [axis_fifo] FIFO full (depth=64) — upstream back-pressured at t=48695000
Time: 48695 ns  Iteration: 0  Process: /tb_pcie_axi_dma(TB_SCENARIO=2,FIFO_DEPTH=64,BATCH_COUNT=4,BATCH_TIMEOUT=64,SINK_STALL_EN=1'b1,SINK_STALL_PERIOD=4,SINK_STALL_READY=1)/dut/u_fifo/Always163_9  Scope: \tb_pcie_axi_dma(TB_SCENARIO=2,FIFO_DEPTH=64,BATCH_COUNT=4,BATCH_TIMEOUT=64,SINK_STALL_EN=1'b1,SINK_STALL_PERIOD=4,SINK_STALL_READY=1) .dut.u_fifo  File: /get/work/krishna.vardhan/git_trees/mtp_pcie_axi/pcie_axi_dma_latency/design/rtl/axis_fifo.sv Line: 165
Warning: [axis_fifo] FIFO full (depth=64) — upstream back-pressured at t=48715000
Time: 48715 ns  Iteration: 0  Process: /tb_pcie_axi_dma(TB_SCENARIO=2,FIFO_DEPTH=64,BATCH_COUNT=4,BATCH_TIMEOUT=64,SINK_STALL_EN=1'b1,SINK_STALL_PERIOD=4,SINK_STALL_READY=1)/dut/u_fifo/Always163_9  Scope: \tb_pcie_axi_dma(TB_SCENARIO=2,FIFO_DEPTH=64,BATCH_COUNT=4,BATCH_TIMEOUT=64,SINK_STALL_EN=1'b1,SINK_STALL_PERIOD=4,SINK_STALL_READY=1) .dut.u_fifo  File: /get/work/krishna.vardhan/git_trees/mtp_pcie_axi/pcie_axi_dma_latency/design/rtl/axis_fifo.sv Line: 165
Warning: [axis_fifo] FIFO full (depth=64) — upstream back-pressured at t=48725000
Time: 48725 ns  Iteration: 0  Process: /tb_pcie_axi_dma(TB_SCENARIO=2,FIFO_DEPTH=64,BATCH_COUNT=4,BATCH_TIMEOUT=64,SINK_STALL_EN=1'b1,SINK_STALL_PERIOD=4,SINK_STALL_READY=1)/dut/u_fifo/Always163_9  Scope: \tb_pcie_axi_dma(TB_SCENARIO=2,FIFO_DEPTH=64,BATCH_COUNT=4,BATCH_TIMEOUT=64,SINK_STALL_EN=1'b1,SINK_STALL_PERIOD=4,SINK_STALL_READY=1) .dut.u_fifo  File: /get/work/krishna.vardhan/git_trees/mtp_pcie_axi/pcie_axi_dma_latency/design/rtl/axis_fifo.sv Line: 165
Warning: [axis_fifo] FIFO full (depth=64) — upstream back-pressured at t=48735000
Time: 48735 ns  Iteration: 0  Process: /tb_pcie_axi_dma(TB_SCENARIO=2,FIFO_DEPTH=64,BATCH_COUNT=4,BATCH_TIMEOUT=64,SINK_STALL_EN=1'b1,SINK_STALL_PERIOD=4,SINK_STALL_READY=1)/dut/u_fifo/Always163_9  Scope: \tb_pcie_axi_dma(TB_SCENARIO=2,FIFO_DEPTH=64,BATCH_COUNT=4,BATCH_TIMEOUT=64,SINK_STALL_EN=1'b1,SINK_STALL_PERIOD=4,SINK_STALL_READY=1) .dut.u_fifo  File: /get/work/krishna.vardhan/git_trees/mtp_pcie_axi/pcie_axi_dma_latency/design/rtl/axis_fifo.sv Line: 165
Warning: [axis_fifo] FIFO full (depth=64) — upstream back-pressured at t=48755000
Time: 48755 ns  Iteration: 0  Process: /tb_pcie_axi_dma(TB_SCENARIO=2,FIFO_DEPTH=64,BATCH_COUNT=4,BATCH_TIMEOUT=64,SINK_STALL_EN=1'b1,SINK_STALL_PERIOD=4,SINK_STALL_READY=1)/dut/u_fifo/Always163_9  Scope: \tb_pcie_axi_dma(TB_SCENARIO=2,FIFO_DEPTH=64,BATCH_COUNT=4,BATCH_TIMEOUT=64,SINK_STALL_EN=1'b1,SINK_STALL_PERIOD=4,SINK_STALL_READY=1) .dut.u_fifo  File: /get/work/krishna.vardhan/git_trees/mtp_pcie_axi/pcie_axi_dma_latency/design/rtl/axis_fifo.sv Line: 165
Warning: [axis_fifo] FIFO full (depth=64) — upstream back-pressured at t=48765000
Time: 48765 ns  Iteration: 0  Process: /tb_pcie_axi_dma(TB_SCENARIO=2,FIFO_DEPTH=64,BATCH_COUNT=4,BATCH_TIMEOUT=64,SINK_STALL_EN=1'b1,SINK_STALL_PERIOD=4,SINK_STALL_READY=1)/dut/u_fifo/Always163_9  Scope: \tb_pcie_axi_dma(TB_SCENARIO=2,FIFO_DEPTH=64,BATCH_COUNT=4,BATCH_TIMEOUT=64,SINK_STALL_EN=1'b1,SINK_STALL_PERIOD=4,SINK_STALL_READY=1) .dut.u_fifo  File: /get/work/krishna.vardhan/git_trees/mtp_pcie_axi/pcie_axi_dma_latency/design/rtl/axis_fifo.sv Line: 165
Warning: [axis_fifo] FIFO full (depth=64) — upstream back-pressured at t=48775000
Time: 48775 ns  Iteration: 0  Process: /tb_pcie_axi_dma(TB_SCENARIO=2,FIFO_DEPTH=64,BATCH_COUNT=4,BATCH_TIMEOUT=64,SINK_STALL_EN=1'b1,SINK_STALL_PERIOD=4,SINK_STALL_READY=1)/dut/u_fifo/Always163_9  Scope: \tb_pcie_axi_dma(TB_SCENARIO=2,FIFO_DEPTH=64,BATCH_COUNT=4,BATCH_TIMEOUT=64,SINK_STALL_EN=1'b1,SINK_STALL_PERIOD=4,SINK_STALL_READY=1) .dut.u_fifo  File: /get/work/krishna.vardhan/git_trees/mtp_pcie_axi/pcie_axi_dma_latency/design/rtl/axis_fifo.sv Line: 165
Warning: [axis_fifo] FIFO full (depth=64) — upstream back-pressured at t=48795000
Time: 48795 ns  Iteration: 0  Process: /tb_pcie_axi_dma(TB_SCENARIO=2,FIFO_DEPTH=64,BATCH_COUNT=4,BATCH_TIMEOUT=64,SINK_STALL_EN=1'b1,SINK_STALL_PERIOD=4,SINK_STALL_READY=1)/dut/u_fifo/Always163_9  Scope: \tb_pcie_axi_dma(TB_SCENARIO=2,FIFO_DEPTH=64,BATCH_COUNT=4,BATCH_TIMEOUT=64,SINK_STALL_EN=1'b1,SINK_STALL_PERIOD=4,SINK_STALL_READY=1) .dut.u_fifo  File: /get/work/krishna.vardhan/git_trees/mtp_pcie_axi/pcie_axi_dma_latency/design/rtl/axis_fifo.sv Line: 165
Warning: [axis_fifo] FIFO full (depth=64) — upstream back-pressured at t=48805000
Time: 48805 ns  Iteration: 0  Process: /tb_pcie_axi_dma(TB_SCENARIO=2,FIFO_DEPTH=64,BATCH_COUNT=4,BATCH_TIMEOUT=64,SINK_STALL_EN=1'b1,SINK_STALL_PERIOD=4,SINK_STALL_READY=1)/dut/u_fifo/Always163_9  Scope: \tb_pcie_axi_dma(TB_SCENARIO=2,FIFO_DEPTH=64,BATCH_COUNT=4,BATCH_TIMEOUT=64,SINK_STALL_EN=1'b1,SINK_STALL_PERIOD=4,SINK_STALL_READY=1) .dut.u_fifo  File: /get/work/krishna.vardhan/git_trees/mtp_pcie_axi/pcie_axi_dma_latency/design/rtl/axis_fifo.sv Line: 165
Warning: [axis_fifo] FIFO full (depth=64) — upstream back-pressured at t=48815000
Time: 48815 ns  Iteration: 0  Process: /tb_pcie_axi_dma(TB_SCENARIO=2,FIFO_DEPTH=64,BATCH_COUNT=4,BATCH_TIMEOUT=64,SINK_STALL_EN=1'b1,SINK_STALL_PERIOD=4,SINK_STALL_READY=1)/dut/u_fifo/Always163_9  Scope: \tb_pcie_axi_dma(TB_SCENARIO=2,FIFO_DEPTH=64,BATCH_COUNT=4,BATCH_TIMEOUT=64,SINK_STALL_EN=1'b1,SINK_STALL_PERIOD=4,SINK_STALL_READY=1) .dut.u_fifo  File: /get/work/krishna.vardhan/git_trees/mtp_pcie_axi/pcie_axi_dma_latency/design/rtl/axis_fifo.sv Line: 165
Warning: [axis_fifo] FIFO full (depth=64) — upstream back-pressured at t=48835000
Time: 48835 ns  Iteration: 0  Process: /tb_pcie_axi_dma(TB_SCENARIO=2,FIFO_DEPTH=64,BATCH_COUNT=4,BATCH_TIMEOUT=64,SINK_STALL_EN=1'b1,SINK_STALL_PERIOD=4,SINK_STALL_READY=1)/dut/u_fifo/Always163_9  Scope: \tb_pcie_axi_dma(TB_SCENARIO=2,FIFO_DEPTH=64,BATCH_COUNT=4,BATCH_TIMEOUT=64,SINK_STALL_EN=1'b1,SINK_STALL_PERIOD=4,SINK_STALL_READY=1) .dut.u_fifo  File: /get/work/krishna.vardhan/git_trees/mtp_pcie_axi/pcie_axi_dma_latency/design/rtl/axis_fifo.sv Line: 165
Warning: [axis_fifo] FIFO full (depth=64) — upstream back-pressured at t=48845000
Time: 48845 ns  Iteration: 0  Process: /tb_pcie_axi_dma(TB_SCENARIO=2,FIFO_DEPTH=64,BATCH_COUNT=4,BATCH_TIMEOUT=64,SINK_STALL_EN=1'b1,SINK_STALL_PERIOD=4,SINK_STALL_READY=1)/dut/u_fifo/Always163_9  Scope: \tb_pcie_axi_dma(TB_SCENARIO=2,FIFO_DEPTH=64,BATCH_COUNT=4,BATCH_TIMEOUT=64,SINK_STALL_EN=1'b1,SINK_STALL_PERIOD=4,SINK_STALL_READY=1) .dut.u_fifo  File: /get/work/krishna.vardhan/git_trees/mtp_pcie_axi/pcie_axi_dma_latency/design/rtl/axis_fifo.sv Line: 165
Warning: [axis_fifo] FIFO full (depth=64) — upstream back-pressured at t=48855000
Time: 48855 ns  Iteration: 0  Process: /tb_pcie_axi_dma(TB_SCENARIO=2,FIFO_DEPTH=64,BATCH_COUNT=4,BATCH_TIMEOUT=64,SINK_STALL_EN=1'b1,SINK_STALL_PERIOD=4,SINK_STALL_READY=1)/dut/u_fifo/Always163_9  Scope: \tb_pcie_axi_dma(TB_SCENARIO=2,FIFO_DEPTH=64,BATCH_COUNT=4,BATCH_TIMEOUT=64,SINK_STALL_EN=1'b1,SINK_STALL_PERIOD=4,SINK_STALL_READY=1) .dut.u_fifo  File: /get/work/krishna.vardhan/git_trees/mtp_pcie_axi/pcie_axi_dma_latency/design/rtl/axis_fifo.sv Line: 165
Warning: [axis_fifo] FIFO full (depth=64) — upstream back-pressured at t=48875000
Time: 48875 ns  Iteration: 0  Process: /tb_pcie_axi_dma(TB_SCENARIO=2,FIFO_DEPTH=64,BATCH_COUNT=4,BATCH_TIMEOUT=64,SINK_STALL_EN=1'b1,SINK_STALL_PERIOD=4,SINK_STALL_READY=1)/dut/u_fifo/Always163_9  Scope: \tb_pcie_axi_dma(TB_SCENARIO=2,FIFO_DEPTH=64,BATCH_COUNT=4,BATCH_TIMEOUT=64,SINK_STALL_EN=1'b1,SINK_STALL_PERIOD=4,SINK_STALL_READY=1) .dut.u_fifo  File: /get/work/krishna.vardhan/git_trees/mtp_pcie_axi/pcie_axi_dma_latency/design/rtl/axis_fifo.sv Line: 165
Warning: [axis_fifo] FIFO full (depth=64) — upstream back-pressured at t=48885000
Time: 48885 ns  Iteration: 0  Process: /tb_pcie_axi_dma(TB_SCENARIO=2,FIFO_DEPTH=64,BATCH_COUNT=4,BATCH_TIMEOUT=64,SINK_STALL_EN=1'b1,SINK_STALL_PERIOD=4,SINK_STALL_READY=1)/dut/u_fifo/Always163_9  Scope: \tb_pcie_axi_dma(TB_SCENARIO=2,FIFO_DEPTH=64,BATCH_COUNT=4,BATCH_TIMEOUT=64,SINK_STALL_EN=1'b1,SINK_STALL_PERIOD=4,SINK_STALL_READY=1) .dut.u_fifo  File: /get/work/krishna.vardhan/git_trees/mtp_pcie_axi/pcie_axi_dma_latency/design/rtl/axis_fifo.sv Line: 165
Warning: [axis_fifo] FIFO full (depth=64) — upstream back-pressured at t=48895000
Time: 48895 ns  Iteration: 0  Process: /tb_pcie_axi_dma(TB_SCENARIO=2,FIFO_DEPTH=64,BATCH_COUNT=4,BATCH_TIMEOUT=64,SINK_STALL_EN=1'b1,SINK_STALL_PERIOD=4,SINK_STALL_READY=1)/dut/u_fifo/Always163_9  Scope: \tb_pcie_axi_dma(TB_SCENARIO=2,FIFO_DEPTH=64,BATCH_COUNT=4,BATCH_TIMEOUT=64,SINK_STALL_EN=1'b1,SINK_STALL_PERIOD=4,SINK_STALL_READY=1) .dut.u_fifo  File: /get/work/krishna.vardhan/git_trees/mtp_pcie_axi/pcie_axi_dma_latency/design/rtl/axis_fifo.sv Line: 165
Warning: [axis_fifo] FIFO full (depth=64) — upstream back-pressured at t=48915000
Time: 48915 ns  Iteration: 0  Process: /tb_pcie_axi_dma(TB_SCENARIO=2,FIFO_DEPTH=64,BATCH_COUNT=4,BATCH_TIMEOUT=64,SINK_STALL_EN=1'b1,SINK_STALL_PERIOD=4,SINK_STALL_READY=1)/dut/u_fifo/Always163_9  Scope: \tb_pcie_axi_dma(TB_SCENARIO=2,FIFO_DEPTH=64,BATCH_COUNT=4,BATCH_TIMEOUT=64,SINK_STALL_EN=1'b1,SINK_STALL_PERIOD=4,SINK_STALL_READY=1) .dut.u_fifo  File: /get/work/krishna.vardhan/git_trees/mtp_pcie_axi/pcie_axi_dma_latency/design/rtl/axis_fifo.sv Line: 165
Warning: [axis_fifo] FIFO full (depth=64) — upstream back-pressured at t=48925000
Time: 48925 ns  Iteration: 0  Process: /tb_pcie_axi_dma(TB_SCENARIO=2,FIFO_DEPTH=64,BATCH_COUNT=4,BATCH_TIMEOUT=64,SINK_STALL_EN=1'b1,SINK_STALL_PERIOD=4,SINK_STALL_READY=1)/dut/u_fifo/Always163_9  Scope: \tb_pcie_axi_dma(TB_SCENARIO=2,FIFO_DEPTH=64,BATCH_COUNT=4,BATCH_TIMEOUT=64,SINK_STALL_EN=1'b1,SINK_STALL_PERIOD=4,SINK_STALL_READY=1) .dut.u_fifo  File: /get/work/krishna.vardhan/git_trees/mtp_pcie_axi/pcie_axi_dma_latency/design/rtl/axis_fifo.sv Line: 165
Warning: [axis_fifo] FIFO full (depth=64) — upstream back-pressured at t=48935000
Time: 48935 ns  Iteration: 0  Process: /tb_pcie_axi_dma(TB_SCENARIO=2,FIFO_DEPTH=64,BATCH_COUNT=4,BATCH_TIMEOUT=64,SINK_STALL_EN=1'b1,SINK_STALL_PERIOD=4,SINK_STALL_READY=1)/dut/u_fifo/Always163_9  Scope: \tb_pcie_axi_dma(TB_SCENARIO=2,FIFO_DEPTH=64,BATCH_COUNT=4,BATCH_TIMEOUT=64,SINK_STALL_EN=1'b1,SINK_STALL_PERIOD=4,SINK_STALL_READY=1) .dut.u_fifo  File: /get/work/krishna.vardhan/git_trees/mtp_pcie_axi/pcie_axi_dma_latency/design/rtl/axis_fifo.sv Line: 165
Warning: [axis_fifo] FIFO full (depth=64) — upstream back-pressured at t=48955000
Time: 48955 ns  Iteration: 0  Process: /tb_pcie_axi_dma(TB_SCENARIO=2,FIFO_DEPTH=64,BATCH_COUNT=4,BATCH_TIMEOUT=64,SINK_STALL_EN=1'b1,SINK_STALL_PERIOD=4,SINK_STALL_READY=1)/dut/u_fifo/Always163_9  Scope: \tb_pcie_axi_dma(TB_SCENARIO=2,FIFO_DEPTH=64,BATCH_COUNT=4,BATCH_TIMEOUT=64,SINK_STALL_EN=1'b1,SINK_STALL_PERIOD=4,SINK_STALL_READY=1) .dut.u_fifo  File: /get/work/krishna.vardhan/git_trees/mtp_pcie_axi/pcie_axi_dma_latency/design/rtl/axis_fifo.sv Line: 165
Warning: [axis_fifo] FIFO full (depth=64) — upstream back-pressured at t=48965000
Time: 48965 ns  Iteration: 0  Process: /tb_pcie_axi_dma(TB_SCENARIO=2,FIFO_DEPTH=64,BATCH_COUNT=4,BATCH_TIMEOUT=64,SINK_STALL_EN=1'b1,SINK_STALL_PERIOD=4,SINK_STALL_READY=1)/dut/u_fifo/Always163_9  Scope: \tb_pcie_axi_dma(TB_SCENARIO=2,FIFO_DEPTH=64,BATCH_COUNT=4,BATCH_TIMEOUT=64,SINK_STALL_EN=1'b1,SINK_STALL_PERIOD=4,SINK_STALL_READY=1) .dut.u_fifo  File: /get/work/krishna.vardhan/git_trees/mtp_pcie_axi/pcie_axi_dma_latency/design/rtl/axis_fifo.sv Line: 165
Warning: [axis_fifo] FIFO full (depth=64) — upstream back-pressured at t=48975000
Time: 48975 ns  Iteration: 0  Process: /tb_pcie_axi_dma(TB_SCENARIO=2,FIFO_DEPTH=64,BATCH_COUNT=4,BATCH_TIMEOUT=64,SINK_STALL_EN=1'b1,SINK_STALL_PERIOD=4,SINK_STALL_READY=1)/dut/u_fifo/Always163_9  Scope: \tb_pcie_axi_dma(TB_SCENARIO=2,FIFO_DEPTH=64,BATCH_COUNT=4,BATCH_TIMEOUT=64,SINK_STALL_EN=1'b1,SINK_STALL_PERIOD=4,SINK_STALL_READY=1) .dut.u_fifo  File: /get/work/krishna.vardhan/git_trees/mtp_pcie_axi/pcie_axi_dma_latency/design/rtl/axis_fifo.sv Line: 165
Warning: [axis_fifo] FIFO full (depth=64) — upstream back-pressured at t=48995000
Time: 48995 ns  Iteration: 0  Process: /tb_pcie_axi_dma(TB_SCENARIO=2,FIFO_DEPTH=64,BATCH_COUNT=4,BATCH_TIMEOUT=64,SINK_STALL_EN=1'b1,SINK_STALL_PERIOD=4,SINK_STALL_READY=1)/dut/u_fifo/Always163_9  Scope: \tb_pcie_axi_dma(TB_SCENARIO=2,FIFO_DEPTH=64,BATCH_COUNT=4,BATCH_TIMEOUT=64,SINK_STALL_EN=1'b1,SINK_STALL_PERIOD=4,SINK_STALL_READY=1) .dut.u_fifo  File: /get/work/krishna.vardhan/git_trees/mtp_pcie_axi/pcie_axi_dma_latency/design/rtl/axis_fifo.sv Line: 165
Warning: [axis_fifo] FIFO full (depth=64) — upstream back-pressured at t=49005000
Time: 49005 ns  Iteration: 0  Process: /tb_pcie_axi_dma(TB_SCENARIO=2,FIFO_DEPTH=64,BATCH_COUNT=4,BATCH_TIMEOUT=64,SINK_STALL_EN=1'b1,SINK_STALL_PERIOD=4,SINK_STALL_READY=1)/dut/u_fifo/Always163_9  Scope: \tb_pcie_axi_dma(TB_SCENARIO=2,FIFO_DEPTH=64,BATCH_COUNT=4,BATCH_TIMEOUT=64,SINK_STALL_EN=1'b1,SINK_STALL_PERIOD=4,SINK_STALL_READY=1) .dut.u_fifo  File: /get/work/krishna.vardhan/git_trees/mtp_pcie_axi/pcie_axi_dma_latency/design/rtl/axis_fifo.sv Line: 165
Warning: [axis_fifo] FIFO full (depth=64) — upstream back-pressured at t=49015000
Time: 49015 ns  Iteration: 0  Process: /tb_pcie_axi_dma(TB_SCENARIO=2,FIFO_DEPTH=64,BATCH_COUNT=4,BATCH_TIMEOUT=64,SINK_STALL_EN=1'b1,SINK_STALL_PERIOD=4,SINK_STALL_READY=1)/dut/u_fifo/Always163_9  Scope: \tb_pcie_axi_dma(TB_SCENARIO=2,FIFO_DEPTH=64,BATCH_COUNT=4,BATCH_TIMEOUT=64,SINK_STALL_EN=1'b1,SINK_STALL_PERIOD=4,SINK_STALL_READY=1) .dut.u_fifo  File: /get/work/krishna.vardhan/git_trees/mtp_pcie_axi/pcie_axi_dma_latency/design/rtl/axis_fifo.sv Line: 165
Warning: [axis_fifo] FIFO full (depth=64) — upstream back-pressured at t=49035000
Time: 49035 ns  Iteration: 0  Process: /tb_pcie_axi_dma(TB_SCENARIO=2,FIFO_DEPTH=64,BATCH_COUNT=4,BATCH_TIMEOUT=64,SINK_STALL_EN=1'b1,SINK_STALL_PERIOD=4,SINK_STALL_READY=1)/dut/u_fifo/Always163_9  Scope: \tb_pcie_axi_dma(TB_SCENARIO=2,FIFO_DEPTH=64,BATCH_COUNT=4,BATCH_TIMEOUT=64,SINK_STALL_EN=1'b1,SINK_STALL_PERIOD=4,SINK_STALL_READY=1) .dut.u_fifo  File: /get/work/krishna.vardhan/git_trees/mtp_pcie_axi/pcie_axi_dma_latency/design/rtl/axis_fifo.sv Line: 165
Warning: [axis_fifo] FIFO full (depth=64) — upstream back-pressured at t=49045000
Time: 49045 ns  Iteration: 0  Process: /tb_pcie_axi_dma(TB_SCENARIO=2,FIFO_DEPTH=64,BATCH_COUNT=4,BATCH_TIMEOUT=64,SINK_STALL_EN=1'b1,SINK_STALL_PERIOD=4,SINK_STALL_READY=1)/dut/u_fifo/Always163_9  Scope: \tb_pcie_axi_dma(TB_SCENARIO=2,FIFO_DEPTH=64,BATCH_COUNT=4,BATCH_TIMEOUT=64,SINK_STALL_EN=1'b1,SINK_STALL_PERIOD=4,SINK_STALL_READY=1) .dut.u_fifo  File: /get/work/krishna.vardhan/git_trees/mtp_pcie_axi/pcie_axi_dma_latency/design/rtl/axis_fifo.sv Line: 165
Warning: [axis_fifo] FIFO full (depth=64) — upstream back-pressured at t=49055000
Time: 49055 ns  Iteration: 0  Process: /tb_pcie_axi_dma(TB_SCENARIO=2,FIFO_DEPTH=64,BATCH_COUNT=4,BATCH_TIMEOUT=64,SINK_STALL_EN=1'b1,SINK_STALL_PERIOD=4,SINK_STALL_READY=1)/dut/u_fifo/Always163_9  Scope: \tb_pcie_axi_dma(TB_SCENARIO=2,FIFO_DEPTH=64,BATCH_COUNT=4,BATCH_TIMEOUT=64,SINK_STALL_EN=1'b1,SINK_STALL_PERIOD=4,SINK_STALL_READY=1) .dut.u_fifo  File: /get/work/krishna.vardhan/git_trees/mtp_pcie_axi/pcie_axi_dma_latency/design/rtl/axis_fifo.sv Line: 165
Warning: [axis_fifo] FIFO full (depth=64) — upstream back-pressured at t=49075000
Time: 49075 ns  Iteration: 0  Process: /tb_pcie_axi_dma(TB_SCENARIO=2,FIFO_DEPTH=64,BATCH_COUNT=4,BATCH_TIMEOUT=64,SINK_STALL_EN=1'b1,SINK_STALL_PERIOD=4,SINK_STALL_READY=1)/dut/u_fifo/Always163_9  Scope: \tb_pcie_axi_dma(TB_SCENARIO=2,FIFO_DEPTH=64,BATCH_COUNT=4,BATCH_TIMEOUT=64,SINK_STALL_EN=1'b1,SINK_STALL_PERIOD=4,SINK_STALL_READY=1) .dut.u_fifo  File: /get/work/krishna.vardhan/git_trees/mtp_pcie_axi/pcie_axi_dma_latency/design/rtl/axis_fifo.sv Line: 165
Warning: [axis_fifo] FIFO full (depth=64) — upstream back-pressured at t=49085000
Time: 49085 ns  Iteration: 0  Process: /tb_pcie_axi_dma(TB_SCENARIO=2,FIFO_DEPTH=64,BATCH_COUNT=4,BATCH_TIMEOUT=64,SINK_STALL_EN=1'b1,SINK_STALL_PERIOD=4,SINK_STALL_READY=1)/dut/u_fifo/Always163_9  Scope: \tb_pcie_axi_dma(TB_SCENARIO=2,FIFO_DEPTH=64,BATCH_COUNT=4,BATCH_TIMEOUT=64,SINK_STALL_EN=1'b1,SINK_STALL_PERIOD=4,SINK_STALL_READY=1) .dut.u_fifo  File: /get/work/krishna.vardhan/git_trees/mtp_pcie_axi/pcie_axi_dma_latency/design/rtl/axis_fifo.sv Line: 165
Warning: [axis_fifo] FIFO full (depth=64) — upstream back-pressured at t=49095000
Time: 49095 ns  Iteration: 0  Process: /tb_pcie_axi_dma(TB_SCENARIO=2,FIFO_DEPTH=64,BATCH_COUNT=4,BATCH_TIMEOUT=64,SINK_STALL_EN=1'b1,SINK_STALL_PERIOD=4,SINK_STALL_READY=1)/dut/u_fifo/Always163_9  Scope: \tb_pcie_axi_dma(TB_SCENARIO=2,FIFO_DEPTH=64,BATCH_COUNT=4,BATCH_TIMEOUT=64,SINK_STALL_EN=1'b1,SINK_STALL_PERIOD=4,SINK_STALL_READY=1) .dut.u_fifo  File: /get/work/krishna.vardhan/git_trees/mtp_pcie_axi/pcie_axi_dma_latency/design/rtl/axis_fifo.sv Line: 165
Warning: [axis_fifo] FIFO full (depth=64) — upstream back-pressured at t=49115000
Time: 49115 ns  Iteration: 0  Process: /tb_pcie_axi_dma(TB_SCENARIO=2,FIFO_DEPTH=64,BATCH_COUNT=4,BATCH_TIMEOUT=64,SINK_STALL_EN=1'b1,SINK_STALL_PERIOD=4,SINK_STALL_READY=1)/dut/u_fifo/Always163_9  Scope: \tb_pcie_axi_dma(TB_SCENARIO=2,FIFO_DEPTH=64,BATCH_COUNT=4,BATCH_TIMEOUT=64,SINK_STALL_EN=1'b1,SINK_STALL_PERIOD=4,SINK_STALL_READY=1) .dut.u_fifo  File: /get/work/krishna.vardhan/git_trees/mtp_pcie_axi/pcie_axi_dma_latency/design/rtl/axis_fifo.sv Line: 165
Warning: [axis_fifo] FIFO full (depth=64) — upstream back-pressured at t=49125000
Time: 49125 ns  Iteration: 0  Process: /tb_pcie_axi_dma(TB_SCENARIO=2,FIFO_DEPTH=64,BATCH_COUNT=4,BATCH_TIMEOUT=64,SINK_STALL_EN=1'b1,SINK_STALL_PERIOD=4,SINK_STALL_READY=1)/dut/u_fifo/Always163_9  Scope: \tb_pcie_axi_dma(TB_SCENARIO=2,FIFO_DEPTH=64,BATCH_COUNT=4,BATCH_TIMEOUT=64,SINK_STALL_EN=1'b1,SINK_STALL_PERIOD=4,SINK_STALL_READY=1) .dut.u_fifo  File: /get/work/krishna.vardhan/git_trees/mtp_pcie_axi/pcie_axi_dma_latency/design/rtl/axis_fifo.sv Line: 165
Warning: [axis_fifo] FIFO full (depth=64) — upstream back-pressured at t=49135000
Time: 49135 ns  Iteration: 0  Process: /tb_pcie_axi_dma(TB_SCENARIO=2,FIFO_DEPTH=64,BATCH_COUNT=4,BATCH_TIMEOUT=64,SINK_STALL_EN=1'b1,SINK_STALL_PERIOD=4,SINK_STALL_READY=1)/dut/u_fifo/Always163_9  Scope: \tb_pcie_axi_dma(TB_SCENARIO=2,FIFO_DEPTH=64,BATCH_COUNT=4,BATCH_TIMEOUT=64,SINK_STALL_EN=1'b1,SINK_STALL_PERIOD=4,SINK_STALL_READY=1) .dut.u_fifo  File: /get/work/krishna.vardhan/git_trees/mtp_pcie_axi/pcie_axi_dma_latency/design/rtl/axis_fifo.sv Line: 165
Warning: [axis_fifo] FIFO full (depth=64) — upstream back-pressured at t=49155000
Time: 49155 ns  Iteration: 0  Process: /tb_pcie_axi_dma(TB_SCENARIO=2,FIFO_DEPTH=64,BATCH_COUNT=4,BATCH_TIMEOUT=64,SINK_STALL_EN=1'b1,SINK_STALL_PERIOD=4,SINK_STALL_READY=1)/dut/u_fifo/Always163_9  Scope: \tb_pcie_axi_dma(TB_SCENARIO=2,FIFO_DEPTH=64,BATCH_COUNT=4,BATCH_TIMEOUT=64,SINK_STALL_EN=1'b1,SINK_STALL_PERIOD=4,SINK_STALL_READY=1) .dut.u_fifo  File: /get/work/krishna.vardhan/git_trees/mtp_pcie_axi/pcie_axi_dma_latency/design/rtl/axis_fifo.sv Line: 165
Warning: [axis_fifo] FIFO full (depth=64) — upstream back-pressured at t=49165000
Time: 49165 ns  Iteration: 0  Process: /tb_pcie_axi_dma(TB_SCENARIO=2,FIFO_DEPTH=64,BATCH_COUNT=4,BATCH_TIMEOUT=64,SINK_STALL_EN=1'b1,SINK_STALL_PERIOD=4,SINK_STALL_READY=1)/dut/u_fifo/Always163_9  Scope: \tb_pcie_axi_dma(TB_SCENARIO=2,FIFO_DEPTH=64,BATCH_COUNT=4,BATCH_TIMEOUT=64,SINK_STALL_EN=1'b1,SINK_STALL_PERIOD=4,SINK_STALL_READY=1) .dut.u_fifo  File: /get/work/krishna.vardhan/git_trees/mtp_pcie_axi/pcie_axi_dma_latency/design/rtl/axis_fifo.sv Line: 165
Warning: [axis_fifo] FIFO full (depth=64) — upstream back-pressured at t=49175000
Time: 49175 ns  Iteration: 0  Process: /tb_pcie_axi_dma(TB_SCENARIO=2,FIFO_DEPTH=64,BATCH_COUNT=4,BATCH_TIMEOUT=64,SINK_STALL_EN=1'b1,SINK_STALL_PERIOD=4,SINK_STALL_READY=1)/dut/u_fifo/Always163_9  Scope: \tb_pcie_axi_dma(TB_SCENARIO=2,FIFO_DEPTH=64,BATCH_COUNT=4,BATCH_TIMEOUT=64,SINK_STALL_EN=1'b1,SINK_STALL_PERIOD=4,SINK_STALL_READY=1) .dut.u_fifo  File: /get/work/krishna.vardhan/git_trees/mtp_pcie_axi/pcie_axi_dma_latency/design/rtl/axis_fifo.sv Line: 165
Warning: [axis_fifo] FIFO full (depth=64) — upstream back-pressured at t=49195000
Time: 49195 ns  Iteration: 0  Process: /tb_pcie_axi_dma(TB_SCENARIO=2,FIFO_DEPTH=64,BATCH_COUNT=4,BATCH_TIMEOUT=64,SINK_STALL_EN=1'b1,SINK_STALL_PERIOD=4,SINK_STALL_READY=1)/dut/u_fifo/Always163_9  Scope: \tb_pcie_axi_dma(TB_SCENARIO=2,FIFO_DEPTH=64,BATCH_COUNT=4,BATCH_TIMEOUT=64,SINK_STALL_EN=1'b1,SINK_STALL_PERIOD=4,SINK_STALL_READY=1) .dut.u_fifo  File: /get/work/krishna.vardhan/git_trees/mtp_pcie_axi/pcie_axi_dma_latency/design/rtl/axis_fifo.sv Line: 165
Warning: [axis_fifo] FIFO full (depth=64) — upstream back-pressured at t=49205000
Time: 49205 ns  Iteration: 0  Process: /tb_pcie_axi_dma(TB_SCENARIO=2,FIFO_DEPTH=64,BATCH_COUNT=4,BATCH_TIMEOUT=64,SINK_STALL_EN=1'b1,SINK_STALL_PERIOD=4,SINK_STALL_READY=1)/dut/u_fifo/Always163_9  Scope: \tb_pcie_axi_dma(TB_SCENARIO=2,FIFO_DEPTH=64,BATCH_COUNT=4,BATCH_TIMEOUT=64,SINK_STALL_EN=1'b1,SINK_STALL_PERIOD=4,SINK_STALL_READY=1) .dut.u_fifo  File: /get/work/krishna.vardhan/git_trees/mtp_pcie_axi/pcie_axi_dma_latency/design/rtl/axis_fifo.sv Line: 165
Warning: [axis_fifo] FIFO full (depth=64) — upstream back-pressured at t=49215000
Time: 49215 ns  Iteration: 0  Process: /tb_pcie_axi_dma(TB_SCENARIO=2,FIFO_DEPTH=64,BATCH_COUNT=4,BATCH_TIMEOUT=64,SINK_STALL_EN=1'b1,SINK_STALL_PERIOD=4,SINK_STALL_READY=1)/dut/u_fifo/Always163_9  Scope: \tb_pcie_axi_dma(TB_SCENARIO=2,FIFO_DEPTH=64,BATCH_COUNT=4,BATCH_TIMEOUT=64,SINK_STALL_EN=1'b1,SINK_STALL_PERIOD=4,SINK_STALL_READY=1) .dut.u_fifo  File: /get/work/krishna.vardhan/git_trees/mtp_pcie_axi/pcie_axi_dma_latency/design/rtl/axis_fifo.sv Line: 165
Warning: [axis_fifo] FIFO full (depth=64) — upstream back-pressured at t=49235000
Time: 49235 ns  Iteration: 0  Process: /tb_pcie_axi_dma(TB_SCENARIO=2,FIFO_DEPTH=64,BATCH_COUNT=4,BATCH_TIMEOUT=64,SINK_STALL_EN=1'b1,SINK_STALL_PERIOD=4,SINK_STALL_READY=1)/dut/u_fifo/Always163_9  Scope: \tb_pcie_axi_dma(TB_SCENARIO=2,FIFO_DEPTH=64,BATCH_COUNT=4,BATCH_TIMEOUT=64,SINK_STALL_EN=1'b1,SINK_STALL_PERIOD=4,SINK_STALL_READY=1) .dut.u_fifo  File: /get/work/krishna.vardhan/git_trees/mtp_pcie_axi/pcie_axi_dma_latency/design/rtl/axis_fifo.sv Line: 165
Warning: [axis_fifo] FIFO full (depth=64) — upstream back-pressured at t=49245000
Time: 49245 ns  Iteration: 0  Process: /tb_pcie_axi_dma(TB_SCENARIO=2,FIFO_DEPTH=64,BATCH_COUNT=4,BATCH_TIMEOUT=64,SINK_STALL_EN=1'b1,SINK_STALL_PERIOD=4,SINK_STALL_READY=1)/dut/u_fifo/Always163_9  Scope: \tb_pcie_axi_dma(TB_SCENARIO=2,FIFO_DEPTH=64,BATCH_COUNT=4,BATCH_TIMEOUT=64,SINK_STALL_EN=1'b1,SINK_STALL_PERIOD=4,SINK_STALL_READY=1) .dut.u_fifo  File: /get/work/krishna.vardhan/git_trees/mtp_pcie_axi/pcie_axi_dma_latency/design/rtl/axis_fifo.sv Line: 165
Warning: [axis_fifo] FIFO full (depth=64) — upstream back-pressured at t=49255000
Time: 49255 ns  Iteration: 0  Process: /tb_pcie_axi_dma(TB_SCENARIO=2,FIFO_DEPTH=64,BATCH_COUNT=4,BATCH_TIMEOUT=64,SINK_STALL_EN=1'b1,SINK_STALL_PERIOD=4,SINK_STALL_READY=1)/dut/u_fifo/Always163_9  Scope: \tb_pcie_axi_dma(TB_SCENARIO=2,FIFO_DEPTH=64,BATCH_COUNT=4,BATCH_TIMEOUT=64,SINK_STALL_EN=1'b1,SINK_STALL_PERIOD=4,SINK_STALL_READY=1) .dut.u_fifo  File: /get/work/krishna.vardhan/git_trees/mtp_pcie_axi/pcie_axi_dma_latency/design/rtl/axis_fifo.sv Line: 165
Warning: [axis_fifo] FIFO full (depth=64) — upstream back-pressured at t=49275000
Time: 49275 ns  Iteration: 0  Process: /tb_pcie_axi_dma(TB_SCENARIO=2,FIFO_DEPTH=64,BATCH_COUNT=4,BATCH_TIMEOUT=64,SINK_STALL_EN=1'b1,SINK_STALL_PERIOD=4,SINK_STALL_READY=1)/dut/u_fifo/Always163_9  Scope: \tb_pcie_axi_dma(TB_SCENARIO=2,FIFO_DEPTH=64,BATCH_COUNT=4,BATCH_TIMEOUT=64,SINK_STALL_EN=1'b1,SINK_STALL_PERIOD=4,SINK_STALL_READY=1) .dut.u_fifo  File: /get/work/krishna.vardhan/git_trees/mtp_pcie_axi/pcie_axi_dma_latency/design/rtl/axis_fifo.sv Line: 165
Warning: [axis_fifo] FIFO full (depth=64) — upstream back-pressured at t=49285000
Time: 49285 ns  Iteration: 0  Process: /tb_pcie_axi_dma(TB_SCENARIO=2,FIFO_DEPTH=64,BATCH_COUNT=4,BATCH_TIMEOUT=64,SINK_STALL_EN=1'b1,SINK_STALL_PERIOD=4,SINK_STALL_READY=1)/dut/u_fifo/Always163_9  Scope: \tb_pcie_axi_dma(TB_SCENARIO=2,FIFO_DEPTH=64,BATCH_COUNT=4,BATCH_TIMEOUT=64,SINK_STALL_EN=1'b1,SINK_STALL_PERIOD=4,SINK_STALL_READY=1) .dut.u_fifo  File: /get/work/krishna.vardhan/git_trees/mtp_pcie_axi/pcie_axi_dma_latency/design/rtl/axis_fifo.sv Line: 165
Warning: [axis_fifo] FIFO full (depth=64) — upstream back-pressured at t=49295000
Time: 49295 ns  Iteration: 0  Process: /tb_pcie_axi_dma(TB_SCENARIO=2,FIFO_DEPTH=64,BATCH_COUNT=4,BATCH_TIMEOUT=64,SINK_STALL_EN=1'b1,SINK_STALL_PERIOD=4,SINK_STALL_READY=1)/dut/u_fifo/Always163_9  Scope: \tb_pcie_axi_dma(TB_SCENARIO=2,FIFO_DEPTH=64,BATCH_COUNT=4,BATCH_TIMEOUT=64,SINK_STALL_EN=1'b1,SINK_STALL_PERIOD=4,SINK_STALL_READY=1) .dut.u_fifo  File: /get/work/krishna.vardhan/git_trees/mtp_pcie_axi/pcie_axi_dma_latency/design/rtl/axis_fifo.sv Line: 165
Warning: [axis_fifo] FIFO full (depth=64) — upstream back-pressured at t=49315000
Time: 49315 ns  Iteration: 0  Process: /tb_pcie_axi_dma(TB_SCENARIO=2,FIFO_DEPTH=64,BATCH_COUNT=4,BATCH_TIMEOUT=64,SINK_STALL_EN=1'b1,SINK_STALL_PERIOD=4,SINK_STALL_READY=1)/dut/u_fifo/Always163_9  Scope: \tb_pcie_axi_dma(TB_SCENARIO=2,FIFO_DEPTH=64,BATCH_COUNT=4,BATCH_TIMEOUT=64,SINK_STALL_EN=1'b1,SINK_STALL_PERIOD=4,SINK_STALL_READY=1) .dut.u_fifo  File: /get/work/krishna.vardhan/git_trees/mtp_pcie_axi/pcie_axi_dma_latency/design/rtl/axis_fifo.sv Line: 165
Warning: [axis_fifo] FIFO full (depth=64) — upstream back-pressured at t=49325000
Time: 49325 ns  Iteration: 0  Process: /tb_pcie_axi_dma(TB_SCENARIO=2,FIFO_DEPTH=64,BATCH_COUNT=4,BATCH_TIMEOUT=64,SINK_STALL_EN=1'b1,SINK_STALL_PERIOD=4,SINK_STALL_READY=1)/dut/u_fifo/Always163_9  Scope: \tb_pcie_axi_dma(TB_SCENARIO=2,FIFO_DEPTH=64,BATCH_COUNT=4,BATCH_TIMEOUT=64,SINK_STALL_EN=1'b1,SINK_STALL_PERIOD=4,SINK_STALL_READY=1) .dut.u_fifo  File: /get/work/krishna.vardhan/git_trees/mtp_pcie_axi/pcie_axi_dma_latency/design/rtl/axis_fifo.sv Line: 165
Warning: [axis_fifo] FIFO full (depth=64) — upstream back-pressured at t=49335000
Time: 49335 ns  Iteration: 0  Process: /tb_pcie_axi_dma(TB_SCENARIO=2,FIFO_DEPTH=64,BATCH_COUNT=4,BATCH_TIMEOUT=64,SINK_STALL_EN=1'b1,SINK_STALL_PERIOD=4,SINK_STALL_READY=1)/dut/u_fifo/Always163_9  Scope: \tb_pcie_axi_dma(TB_SCENARIO=2,FIFO_DEPTH=64,BATCH_COUNT=4,BATCH_TIMEOUT=64,SINK_STALL_EN=1'b1,SINK_STALL_PERIOD=4,SINK_STALL_READY=1) .dut.u_fifo  File: /get/work/krishna.vardhan/git_trees/mtp_pcie_axi/pcie_axi_dma_latency/design/rtl/axis_fifo.sv Line: 165
Warning: [axis_fifo] FIFO full (depth=64) — upstream back-pressured at t=49355000
Time: 49355 ns  Iteration: 0  Process: /tb_pcie_axi_dma(TB_SCENARIO=2,FIFO_DEPTH=64,BATCH_COUNT=4,BATCH_TIMEOUT=64,SINK_STALL_EN=1'b1,SINK_STALL_PERIOD=4,SINK_STALL_READY=1)/dut/u_fifo/Always163_9  Scope: \tb_pcie_axi_dma(TB_SCENARIO=2,FIFO_DEPTH=64,BATCH_COUNT=4,BATCH_TIMEOUT=64,SINK_STALL_EN=1'b1,SINK_STALL_PERIOD=4,SINK_STALL_READY=1) .dut.u_fifo  File: /get/work/krishna.vardhan/git_trees/mtp_pcie_axi/pcie_axi_dma_latency/design/rtl/axis_fifo.sv Line: 165
Warning: [axis_fifo] FIFO full (depth=64) — upstream back-pressured at t=49365000
Time: 49365 ns  Iteration: 0  Process: /tb_pcie_axi_dma(TB_SCENARIO=2,FIFO_DEPTH=64,BATCH_COUNT=4,BATCH_TIMEOUT=64,SINK_STALL_EN=1'b1,SINK_STALL_PERIOD=4,SINK_STALL_READY=1)/dut/u_fifo/Always163_9  Scope: \tb_pcie_axi_dma(TB_SCENARIO=2,FIFO_DEPTH=64,BATCH_COUNT=4,BATCH_TIMEOUT=64,SINK_STALL_EN=1'b1,SINK_STALL_PERIOD=4,SINK_STALL_READY=1) .dut.u_fifo  File: /get/work/krishna.vardhan/git_trees/mtp_pcie_axi/pcie_axi_dma_latency/design/rtl/axis_fifo.sv Line: 165
Warning: [axis_fifo] FIFO full (depth=64) — upstream back-pressured at t=49375000
Time: 49375 ns  Iteration: 0  Process: /tb_pcie_axi_dma(TB_SCENARIO=2,FIFO_DEPTH=64,BATCH_COUNT=4,BATCH_TIMEOUT=64,SINK_STALL_EN=1'b1,SINK_STALL_PERIOD=4,SINK_STALL_READY=1)/dut/u_fifo/Always163_9  Scope: \tb_pcie_axi_dma(TB_SCENARIO=2,FIFO_DEPTH=64,BATCH_COUNT=4,BATCH_TIMEOUT=64,SINK_STALL_EN=1'b1,SINK_STALL_PERIOD=4,SINK_STALL_READY=1) .dut.u_fifo  File: /get/work/krishna.vardhan/git_trees/mtp_pcie_axi/pcie_axi_dma_latency/design/rtl/axis_fifo.sv Line: 165
Warning: [axis_fifo] FIFO full (depth=64) — upstream back-pressured at t=49395000
Time: 49395 ns  Iteration: 0  Process: /tb_pcie_axi_dma(TB_SCENARIO=2,FIFO_DEPTH=64,BATCH_COUNT=4,BATCH_TIMEOUT=64,SINK_STALL_EN=1'b1,SINK_STALL_PERIOD=4,SINK_STALL_READY=1)/dut/u_fifo/Always163_9  Scope: \tb_pcie_axi_dma(TB_SCENARIO=2,FIFO_DEPTH=64,BATCH_COUNT=4,BATCH_TIMEOUT=64,SINK_STALL_EN=1'b1,SINK_STALL_PERIOD=4,SINK_STALL_READY=1) .dut.u_fifo  File: /get/work/krishna.vardhan/git_trees/mtp_pcie_axi/pcie_axi_dma_latency/design/rtl/axis_fifo.sv Line: 165
Warning: [axis_fifo] FIFO full (depth=64) — upstream back-pressured at t=49405000
Time: 49405 ns  Iteration: 0  Process: /tb_pcie_axi_dma(TB_SCENARIO=2,FIFO_DEPTH=64,BATCH_COUNT=4,BATCH_TIMEOUT=64,SINK_STALL_EN=1'b1,SINK_STALL_PERIOD=4,SINK_STALL_READY=1)/dut/u_fifo/Always163_9  Scope: \tb_pcie_axi_dma(TB_SCENARIO=2,FIFO_DEPTH=64,BATCH_COUNT=4,BATCH_TIMEOUT=64,SINK_STALL_EN=1'b1,SINK_STALL_PERIOD=4,SINK_STALL_READY=1) .dut.u_fifo  File: /get/work/krishna.vardhan/git_trees/mtp_pcie_axi/pcie_axi_dma_latency/design/rtl/axis_fifo.sv Line: 165
Warning: [axis_fifo] FIFO full (depth=64) — upstream back-pressured at t=49415000
Time: 49415 ns  Iteration: 0  Process: /tb_pcie_axi_dma(TB_SCENARIO=2,FIFO_DEPTH=64,BATCH_COUNT=4,BATCH_TIMEOUT=64,SINK_STALL_EN=1'b1,SINK_STALL_PERIOD=4,SINK_STALL_READY=1)/dut/u_fifo/Always163_9  Scope: \tb_pcie_axi_dma(TB_SCENARIO=2,FIFO_DEPTH=64,BATCH_COUNT=4,BATCH_TIMEOUT=64,SINK_STALL_EN=1'b1,SINK_STALL_PERIOD=4,SINK_STALL_READY=1) .dut.u_fifo  File: /get/work/krishna.vardhan/git_trees/mtp_pcie_axi/pcie_axi_dma_latency/design/rtl/axis_fifo.sv Line: 165
Warning: [axis_fifo] FIFO full (depth=64) — upstream back-pressured at t=49435000
Time: 49435 ns  Iteration: 0  Process: /tb_pcie_axi_dma(TB_SCENARIO=2,FIFO_DEPTH=64,BATCH_COUNT=4,BATCH_TIMEOUT=64,SINK_STALL_EN=1'b1,SINK_STALL_PERIOD=4,SINK_STALL_READY=1)/dut/u_fifo/Always163_9  Scope: \tb_pcie_axi_dma(TB_SCENARIO=2,FIFO_DEPTH=64,BATCH_COUNT=4,BATCH_TIMEOUT=64,SINK_STALL_EN=1'b1,SINK_STALL_PERIOD=4,SINK_STALL_READY=1) .dut.u_fifo  File: /get/work/krishna.vardhan/git_trees/mtp_pcie_axi/pcie_axi_dma_latency/design/rtl/axis_fifo.sv Line: 165
Warning: [axis_fifo] FIFO full (depth=64) — upstream back-pressured at t=49445000
Time: 49445 ns  Iteration: 0  Process: /tb_pcie_axi_dma(TB_SCENARIO=2,FIFO_DEPTH=64,BATCH_COUNT=4,BATCH_TIMEOUT=64,SINK_STALL_EN=1'b1,SINK_STALL_PERIOD=4,SINK_STALL_READY=1)/dut/u_fifo/Always163_9  Scope: \tb_pcie_axi_dma(TB_SCENARIO=2,FIFO_DEPTH=64,BATCH_COUNT=4,BATCH_TIMEOUT=64,SINK_STALL_EN=1'b1,SINK_STALL_PERIOD=4,SINK_STALL_READY=1) .dut.u_fifo  File: /get/work/krishna.vardhan/git_trees/mtp_pcie_axi/pcie_axi_dma_latency/design/rtl/axis_fifo.sv Line: 165
Warning: [axis_fifo] FIFO full (depth=64) — upstream back-pressured at t=49455000
Time: 49455 ns  Iteration: 0  Process: /tb_pcie_axi_dma(TB_SCENARIO=2,FIFO_DEPTH=64,BATCH_COUNT=4,BATCH_TIMEOUT=64,SINK_STALL_EN=1'b1,SINK_STALL_PERIOD=4,SINK_STALL_READY=1)/dut/u_fifo/Always163_9  Scope: \tb_pcie_axi_dma(TB_SCENARIO=2,FIFO_DEPTH=64,BATCH_COUNT=4,BATCH_TIMEOUT=64,SINK_STALL_EN=1'b1,SINK_STALL_PERIOD=4,SINK_STALL_READY=1) .dut.u_fifo  File: /get/work/krishna.vardhan/git_trees/mtp_pcie_axi/pcie_axi_dma_latency/design/rtl/axis_fifo.sv Line: 165
Warning: [axis_fifo] FIFO full (depth=64) — upstream back-pressured at t=49475000
Time: 49475 ns  Iteration: 0  Process: /tb_pcie_axi_dma(TB_SCENARIO=2,FIFO_DEPTH=64,BATCH_COUNT=4,BATCH_TIMEOUT=64,SINK_STALL_EN=1'b1,SINK_STALL_PERIOD=4,SINK_STALL_READY=1)/dut/u_fifo/Always163_9  Scope: \tb_pcie_axi_dma(TB_SCENARIO=2,FIFO_DEPTH=64,BATCH_COUNT=4,BATCH_TIMEOUT=64,SINK_STALL_EN=1'b1,SINK_STALL_PERIOD=4,SINK_STALL_READY=1) .dut.u_fifo  File: /get/work/krishna.vardhan/git_trees/mtp_pcie_axi/pcie_axi_dma_latency/design/rtl/axis_fifo.sv Line: 165
Warning: [axis_fifo] FIFO full (depth=64) — upstream back-pressured at t=49485000
Time: 49485 ns  Iteration: 0  Process: /tb_pcie_axi_dma(TB_SCENARIO=2,FIFO_DEPTH=64,BATCH_COUNT=4,BATCH_TIMEOUT=64,SINK_STALL_EN=1'b1,SINK_STALL_PERIOD=4,SINK_STALL_READY=1)/dut/u_fifo/Always163_9  Scope: \tb_pcie_axi_dma(TB_SCENARIO=2,FIFO_DEPTH=64,BATCH_COUNT=4,BATCH_TIMEOUT=64,SINK_STALL_EN=1'b1,SINK_STALL_PERIOD=4,SINK_STALL_READY=1) .dut.u_fifo  File: /get/work/krishna.vardhan/git_trees/mtp_pcie_axi/pcie_axi_dma_latency/design/rtl/axis_fifo.sv Line: 165
Warning: [axis_fifo] FIFO full (depth=64) — upstream back-pressured at t=49495000
Time: 49495 ns  Iteration: 0  Process: /tb_pcie_axi_dma(TB_SCENARIO=2,FIFO_DEPTH=64,BATCH_COUNT=4,BATCH_TIMEOUT=64,SINK_STALL_EN=1'b1,SINK_STALL_PERIOD=4,SINK_STALL_READY=1)/dut/u_fifo/Always163_9  Scope: \tb_pcie_axi_dma(TB_SCENARIO=2,FIFO_DEPTH=64,BATCH_COUNT=4,BATCH_TIMEOUT=64,SINK_STALL_EN=1'b1,SINK_STALL_PERIOD=4,SINK_STALL_READY=1) .dut.u_fifo  File: /get/work/krishna.vardhan/git_trees/mtp_pcie_axi/pcie_axi_dma_latency/design/rtl/axis_fifo.sv Line: 165
Warning: [axis_fifo] FIFO full (depth=64) — upstream back-pressured at t=49515000
Time: 49515 ns  Iteration: 0  Process: /tb_pcie_axi_dma(TB_SCENARIO=2,FIFO_DEPTH=64,BATCH_COUNT=4,BATCH_TIMEOUT=64,SINK_STALL_EN=1'b1,SINK_STALL_PERIOD=4,SINK_STALL_READY=1)/dut/u_fifo/Always163_9  Scope: \tb_pcie_axi_dma(TB_SCENARIO=2,FIFO_DEPTH=64,BATCH_COUNT=4,BATCH_TIMEOUT=64,SINK_STALL_EN=1'b1,SINK_STALL_PERIOD=4,SINK_STALL_READY=1) .dut.u_fifo  File: /get/work/krishna.vardhan/git_trees/mtp_pcie_axi/pcie_axi_dma_latency/design/rtl/axis_fifo.sv Line: 165
Warning: [axis_fifo] FIFO full (depth=64) — upstream back-pressured at t=49525000
Time: 49525 ns  Iteration: 0  Process: /tb_pcie_axi_dma(TB_SCENARIO=2,FIFO_DEPTH=64,BATCH_COUNT=4,BATCH_TIMEOUT=64,SINK_STALL_EN=1'b1,SINK_STALL_PERIOD=4,SINK_STALL_READY=1)/dut/u_fifo/Always163_9  Scope: \tb_pcie_axi_dma(TB_SCENARIO=2,FIFO_DEPTH=64,BATCH_COUNT=4,BATCH_TIMEOUT=64,SINK_STALL_EN=1'b1,SINK_STALL_PERIOD=4,SINK_STALL_READY=1) .dut.u_fifo  File: /get/work/krishna.vardhan/git_trees/mtp_pcie_axi/pcie_axi_dma_latency/design/rtl/axis_fifo.sv Line: 165
Warning: [axis_fifo] FIFO full (depth=64) — upstream back-pressured at t=49535000
Time: 49535 ns  Iteration: 0  Process: /tb_pcie_axi_dma(TB_SCENARIO=2,FIFO_DEPTH=64,BATCH_COUNT=4,BATCH_TIMEOUT=64,SINK_STALL_EN=1'b1,SINK_STALL_PERIOD=4,SINK_STALL_READY=1)/dut/u_fifo/Always163_9  Scope: \tb_pcie_axi_dma(TB_SCENARIO=2,FIFO_DEPTH=64,BATCH_COUNT=4,BATCH_TIMEOUT=64,SINK_STALL_EN=1'b1,SINK_STALL_PERIOD=4,SINK_STALL_READY=1) .dut.u_fifo  File: /get/work/krishna.vardhan/git_trees/mtp_pcie_axi/pcie_axi_dma_latency/design/rtl/axis_fifo.sv Line: 165
Warning: [axis_fifo] FIFO full (depth=64) — upstream back-pressured at t=49555000
Time: 49555 ns  Iteration: 0  Process: /tb_pcie_axi_dma(TB_SCENARIO=2,FIFO_DEPTH=64,BATCH_COUNT=4,BATCH_TIMEOUT=64,SINK_STALL_EN=1'b1,SINK_STALL_PERIOD=4,SINK_STALL_READY=1)/dut/u_fifo/Always163_9  Scope: \tb_pcie_axi_dma(TB_SCENARIO=2,FIFO_DEPTH=64,BATCH_COUNT=4,BATCH_TIMEOUT=64,SINK_STALL_EN=1'b1,SINK_STALL_PERIOD=4,SINK_STALL_READY=1) .dut.u_fifo  File: /get/work/krishna.vardhan/git_trees/mtp_pcie_axi/pcie_axi_dma_latency/design/rtl/axis_fifo.sv Line: 165
Warning: [axis_fifo] FIFO full (depth=64) — upstream back-pressured at t=49565000
Time: 49565 ns  Iteration: 0  Process: /tb_pcie_axi_dma(TB_SCENARIO=2,FIFO_DEPTH=64,BATCH_COUNT=4,BATCH_TIMEOUT=64,SINK_STALL_EN=1'b1,SINK_STALL_PERIOD=4,SINK_STALL_READY=1)/dut/u_fifo/Always163_9  Scope: \tb_pcie_axi_dma(TB_SCENARIO=2,FIFO_DEPTH=64,BATCH_COUNT=4,BATCH_TIMEOUT=64,SINK_STALL_EN=1'b1,SINK_STALL_PERIOD=4,SINK_STALL_READY=1) .dut.u_fifo  File: /get/work/krishna.vardhan/git_trees/mtp_pcie_axi/pcie_axi_dma_latency/design/rtl/axis_fifo.sv Line: 165
Warning: [axis_fifo] FIFO full (depth=64) — upstream back-pressured at t=49575000
Time: 49575 ns  Iteration: 0  Process: /tb_pcie_axi_dma(TB_SCENARIO=2,FIFO_DEPTH=64,BATCH_COUNT=4,BATCH_TIMEOUT=64,SINK_STALL_EN=1'b1,SINK_STALL_PERIOD=4,SINK_STALL_READY=1)/dut/u_fifo/Always163_9  Scope: \tb_pcie_axi_dma(TB_SCENARIO=2,FIFO_DEPTH=64,BATCH_COUNT=4,BATCH_TIMEOUT=64,SINK_STALL_EN=1'b1,SINK_STALL_PERIOD=4,SINK_STALL_READY=1) .dut.u_fifo  File: /get/work/krishna.vardhan/git_trees/mtp_pcie_axi/pcie_axi_dma_latency/design/rtl/axis_fifo.sv Line: 165
Warning: [axis_fifo] FIFO full (depth=64) — upstream back-pressured at t=49595000
Time: 49595 ns  Iteration: 0  Process: /tb_pcie_axi_dma(TB_SCENARIO=2,FIFO_DEPTH=64,BATCH_COUNT=4,BATCH_TIMEOUT=64,SINK_STALL_EN=1'b1,SINK_STALL_PERIOD=4,SINK_STALL_READY=1)/dut/u_fifo/Always163_9  Scope: \tb_pcie_axi_dma(TB_SCENARIO=2,FIFO_DEPTH=64,BATCH_COUNT=4,BATCH_TIMEOUT=64,SINK_STALL_EN=1'b1,SINK_STALL_PERIOD=4,SINK_STALL_READY=1) .dut.u_fifo  File: /get/work/krishna.vardhan/git_trees/mtp_pcie_axi/pcie_axi_dma_latency/design/rtl/axis_fifo.sv Line: 165
Warning: [axis_fifo] FIFO full (depth=64) — upstream back-pressured at t=49605000
Time: 49605 ns  Iteration: 0  Process: /tb_pcie_axi_dma(TB_SCENARIO=2,FIFO_DEPTH=64,BATCH_COUNT=4,BATCH_TIMEOUT=64,SINK_STALL_EN=1'b1,SINK_STALL_PERIOD=4,SINK_STALL_READY=1)/dut/u_fifo/Always163_9  Scope: \tb_pcie_axi_dma(TB_SCENARIO=2,FIFO_DEPTH=64,BATCH_COUNT=4,BATCH_TIMEOUT=64,SINK_STALL_EN=1'b1,SINK_STALL_PERIOD=4,SINK_STALL_READY=1) .dut.u_fifo  File: /get/work/krishna.vardhan/git_trees/mtp_pcie_axi/pcie_axi_dma_latency/design/rtl/axis_fifo.sv Line: 165
Warning: [axis_fifo] FIFO full (depth=64) — upstream back-pressured at t=49615000
Time: 49615 ns  Iteration: 0  Process: /tb_pcie_axi_dma(TB_SCENARIO=2,FIFO_DEPTH=64,BATCH_COUNT=4,BATCH_TIMEOUT=64,SINK_STALL_EN=1'b1,SINK_STALL_PERIOD=4,SINK_STALL_READY=1)/dut/u_fifo/Always163_9  Scope: \tb_pcie_axi_dma(TB_SCENARIO=2,FIFO_DEPTH=64,BATCH_COUNT=4,BATCH_TIMEOUT=64,SINK_STALL_EN=1'b1,SINK_STALL_PERIOD=4,SINK_STALL_READY=1) .dut.u_fifo  File: /get/work/krishna.vardhan/git_trees/mtp_pcie_axi/pcie_axi_dma_latency/design/rtl/axis_fifo.sv Line: 165
Warning: [axis_fifo] FIFO full (depth=64) — upstream back-pressured at t=49635000
Time: 49635 ns  Iteration: 0  Process: /tb_pcie_axi_dma(TB_SCENARIO=2,FIFO_DEPTH=64,BATCH_COUNT=4,BATCH_TIMEOUT=64,SINK_STALL_EN=1'b1,SINK_STALL_PERIOD=4,SINK_STALL_READY=1)/dut/u_fifo/Always163_9  Scope: \tb_pcie_axi_dma(TB_SCENARIO=2,FIFO_DEPTH=64,BATCH_COUNT=4,BATCH_TIMEOUT=64,SINK_STALL_EN=1'b1,SINK_STALL_PERIOD=4,SINK_STALL_READY=1) .dut.u_fifo  File: /get/work/krishna.vardhan/git_trees/mtp_pcie_axi/pcie_axi_dma_latency/design/rtl/axis_fifo.sv Line: 165
Warning: [axis_fifo] FIFO full (depth=64) — upstream back-pressured at t=49645000
Time: 49645 ns  Iteration: 0  Process: /tb_pcie_axi_dma(TB_SCENARIO=2,FIFO_DEPTH=64,BATCH_COUNT=4,BATCH_TIMEOUT=64,SINK_STALL_EN=1'b1,SINK_STALL_PERIOD=4,SINK_STALL_READY=1)/dut/u_fifo/Always163_9  Scope: \tb_pcie_axi_dma(TB_SCENARIO=2,FIFO_DEPTH=64,BATCH_COUNT=4,BATCH_TIMEOUT=64,SINK_STALL_EN=1'b1,SINK_STALL_PERIOD=4,SINK_STALL_READY=1) .dut.u_fifo  File: /get/work/krishna.vardhan/git_trees/mtp_pcie_axi/pcie_axi_dma_latency/design/rtl/axis_fifo.sv Line: 165
Warning: [axis_fifo] FIFO full (depth=64) — upstream back-pressured at t=49655000
Time: 49655 ns  Iteration: 0  Process: /tb_pcie_axi_dma(TB_SCENARIO=2,FIFO_DEPTH=64,BATCH_COUNT=4,BATCH_TIMEOUT=64,SINK_STALL_EN=1'b1,SINK_STALL_PERIOD=4,SINK_STALL_READY=1)/dut/u_fifo/Always163_9  Scope: \tb_pcie_axi_dma(TB_SCENARIO=2,FIFO_DEPTH=64,BATCH_COUNT=4,BATCH_TIMEOUT=64,SINK_STALL_EN=1'b1,SINK_STALL_PERIOD=4,SINK_STALL_READY=1) .dut.u_fifo  File: /get/work/krishna.vardhan/git_trees/mtp_pcie_axi/pcie_axi_dma_latency/design/rtl/axis_fifo.sv Line: 165
Warning: [axis_fifo] FIFO full (depth=64) — upstream back-pressured at t=49675000
Time: 49675 ns  Iteration: 0  Process: /tb_pcie_axi_dma(TB_SCENARIO=2,FIFO_DEPTH=64,BATCH_COUNT=4,BATCH_TIMEOUT=64,SINK_STALL_EN=1'b1,SINK_STALL_PERIOD=4,SINK_STALL_READY=1)/dut/u_fifo/Always163_9  Scope: \tb_pcie_axi_dma(TB_SCENARIO=2,FIFO_DEPTH=64,BATCH_COUNT=4,BATCH_TIMEOUT=64,SINK_STALL_EN=1'b1,SINK_STALL_PERIOD=4,SINK_STALL_READY=1) .dut.u_fifo  File: /get/work/krishna.vardhan/git_trees/mtp_pcie_axi/pcie_axi_dma_latency/design/rtl/axis_fifo.sv Line: 165
Warning: [axis_fifo] FIFO full (depth=64) — upstream back-pressured at t=49685000
Time: 49685 ns  Iteration: 0  Process: /tb_pcie_axi_dma(TB_SCENARIO=2,FIFO_DEPTH=64,BATCH_COUNT=4,BATCH_TIMEOUT=64,SINK_STALL_EN=1'b1,SINK_STALL_PERIOD=4,SINK_STALL_READY=1)/dut/u_fifo/Always163_9  Scope: \tb_pcie_axi_dma(TB_SCENARIO=2,FIFO_DEPTH=64,BATCH_COUNT=4,BATCH_TIMEOUT=64,SINK_STALL_EN=1'b1,SINK_STALL_PERIOD=4,SINK_STALL_READY=1) .dut.u_fifo  File: /get/work/krishna.vardhan/git_trees/mtp_pcie_axi/pcie_axi_dma_latency/design/rtl/axis_fifo.sv Line: 165
Warning: [axis_fifo] FIFO full (depth=64) — upstream back-pressured at t=49695000
Time: 49695 ns  Iteration: 0  Process: /tb_pcie_axi_dma(TB_SCENARIO=2,FIFO_DEPTH=64,BATCH_COUNT=4,BATCH_TIMEOUT=64,SINK_STALL_EN=1'b1,SINK_STALL_PERIOD=4,SINK_STALL_READY=1)/dut/u_fifo/Always163_9  Scope: \tb_pcie_axi_dma(TB_SCENARIO=2,FIFO_DEPTH=64,BATCH_COUNT=4,BATCH_TIMEOUT=64,SINK_STALL_EN=1'b1,SINK_STALL_PERIOD=4,SINK_STALL_READY=1) .dut.u_fifo  File: /get/work/krishna.vardhan/git_trees/mtp_pcie_axi/pcie_axi_dma_latency/design/rtl/axis_fifo.sv Line: 165
Warning: [axis_fifo] FIFO full (depth=64) — upstream back-pressured at t=49715000
Time: 49715 ns  Iteration: 0  Process: /tb_pcie_axi_dma(TB_SCENARIO=2,FIFO_DEPTH=64,BATCH_COUNT=4,BATCH_TIMEOUT=64,SINK_STALL_EN=1'b1,SINK_STALL_PERIOD=4,SINK_STALL_READY=1)/dut/u_fifo/Always163_9  Scope: \tb_pcie_axi_dma(TB_SCENARIO=2,FIFO_DEPTH=64,BATCH_COUNT=4,BATCH_TIMEOUT=64,SINK_STALL_EN=1'b1,SINK_STALL_PERIOD=4,SINK_STALL_READY=1) .dut.u_fifo  File: /get/work/krishna.vardhan/git_trees/mtp_pcie_axi/pcie_axi_dma_latency/design/rtl/axis_fifo.sv Line: 165
Warning: [axis_fifo] FIFO full (depth=64) — upstream back-pressured at t=49725000
Time: 49725 ns  Iteration: 0  Process: /tb_pcie_axi_dma(TB_SCENARIO=2,FIFO_DEPTH=64,BATCH_COUNT=4,BATCH_TIMEOUT=64,SINK_STALL_EN=1'b1,SINK_STALL_PERIOD=4,SINK_STALL_READY=1)/dut/u_fifo/Always163_9  Scope: \tb_pcie_axi_dma(TB_SCENARIO=2,FIFO_DEPTH=64,BATCH_COUNT=4,BATCH_TIMEOUT=64,SINK_STALL_EN=1'b1,SINK_STALL_PERIOD=4,SINK_STALL_READY=1) .dut.u_fifo  File: /get/work/krishna.vardhan/git_trees/mtp_pcie_axi/pcie_axi_dma_latency/design/rtl/axis_fifo.sv Line: 165
Warning: [axis_fifo] FIFO full (depth=64) — upstream back-pressured at t=49735000
Time: 49735 ns  Iteration: 0  Process: /tb_pcie_axi_dma(TB_SCENARIO=2,FIFO_DEPTH=64,BATCH_COUNT=4,BATCH_TIMEOUT=64,SINK_STALL_EN=1'b1,SINK_STALL_PERIOD=4,SINK_STALL_READY=1)/dut/u_fifo/Always163_9  Scope: \tb_pcie_axi_dma(TB_SCENARIO=2,FIFO_DEPTH=64,BATCH_COUNT=4,BATCH_TIMEOUT=64,SINK_STALL_EN=1'b1,SINK_STALL_PERIOD=4,SINK_STALL_READY=1) .dut.u_fifo  File: /get/work/krishna.vardhan/git_trees/mtp_pcie_axi/pcie_axi_dma_latency/design/rtl/axis_fifo.sv Line: 165
Warning: [axis_fifo] FIFO full (depth=64) — upstream back-pressured at t=49755000
Time: 49755 ns  Iteration: 0  Process: /tb_pcie_axi_dma(TB_SCENARIO=2,FIFO_DEPTH=64,BATCH_COUNT=4,BATCH_TIMEOUT=64,SINK_STALL_EN=1'b1,SINK_STALL_PERIOD=4,SINK_STALL_READY=1)/dut/u_fifo/Always163_9  Scope: \tb_pcie_axi_dma(TB_SCENARIO=2,FIFO_DEPTH=64,BATCH_COUNT=4,BATCH_TIMEOUT=64,SINK_STALL_EN=1'b1,SINK_STALL_PERIOD=4,SINK_STALL_READY=1) .dut.u_fifo  File: /get/work/krishna.vardhan/git_trees/mtp_pcie_axi/pcie_axi_dma_latency/design/rtl/axis_fifo.sv Line: 165
Warning: [axis_fifo] FIFO full (depth=64) — upstream back-pressured at t=49765000
Time: 49765 ns  Iteration: 0  Process: /tb_pcie_axi_dma(TB_SCENARIO=2,FIFO_DEPTH=64,BATCH_COUNT=4,BATCH_TIMEOUT=64,SINK_STALL_EN=1'b1,SINK_STALL_PERIOD=4,SINK_STALL_READY=1)/dut/u_fifo/Always163_9  Scope: \tb_pcie_axi_dma(TB_SCENARIO=2,FIFO_DEPTH=64,BATCH_COUNT=4,BATCH_TIMEOUT=64,SINK_STALL_EN=1'b1,SINK_STALL_PERIOD=4,SINK_STALL_READY=1) .dut.u_fifo  File: /get/work/krishna.vardhan/git_trees/mtp_pcie_axi/pcie_axi_dma_latency/design/rtl/axis_fifo.sv Line: 165
Warning: [axis_fifo] FIFO full (depth=64) — upstream back-pressured at t=49775000
Time: 49775 ns  Iteration: 0  Process: /tb_pcie_axi_dma(TB_SCENARIO=2,FIFO_DEPTH=64,BATCH_COUNT=4,BATCH_TIMEOUT=64,SINK_STALL_EN=1'b1,SINK_STALL_PERIOD=4,SINK_STALL_READY=1)/dut/u_fifo/Always163_9  Scope: \tb_pcie_axi_dma(TB_SCENARIO=2,FIFO_DEPTH=64,BATCH_COUNT=4,BATCH_TIMEOUT=64,SINK_STALL_EN=1'b1,SINK_STALL_PERIOD=4,SINK_STALL_READY=1) .dut.u_fifo  File: /get/work/krishna.vardhan/git_trees/mtp_pcie_axi/pcie_axi_dma_latency/design/rtl/axis_fifo.sv Line: 165
Warning: [axis_fifo] FIFO full (depth=64) — upstream back-pressured at t=49795000
Time: 49795 ns  Iteration: 0  Process: /tb_pcie_axi_dma(TB_SCENARIO=2,FIFO_DEPTH=64,BATCH_COUNT=4,BATCH_TIMEOUT=64,SINK_STALL_EN=1'b1,SINK_STALL_PERIOD=4,SINK_STALL_READY=1)/dut/u_fifo/Always163_9  Scope: \tb_pcie_axi_dma(TB_SCENARIO=2,FIFO_DEPTH=64,BATCH_COUNT=4,BATCH_TIMEOUT=64,SINK_STALL_EN=1'b1,SINK_STALL_PERIOD=4,SINK_STALL_READY=1) .dut.u_fifo  File: /get/work/krishna.vardhan/git_trees/mtp_pcie_axi/pcie_axi_dma_latency/design/rtl/axis_fifo.sv Line: 165
Warning: [axis_fifo] FIFO full (depth=64) — upstream back-pressured at t=49805000
Time: 49805 ns  Iteration: 0  Process: /tb_pcie_axi_dma(TB_SCENARIO=2,FIFO_DEPTH=64,BATCH_COUNT=4,BATCH_TIMEOUT=64,SINK_STALL_EN=1'b1,SINK_STALL_PERIOD=4,SINK_STALL_READY=1)/dut/u_fifo/Always163_9  Scope: \tb_pcie_axi_dma(TB_SCENARIO=2,FIFO_DEPTH=64,BATCH_COUNT=4,BATCH_TIMEOUT=64,SINK_STALL_EN=1'b1,SINK_STALL_PERIOD=4,SINK_STALL_READY=1) .dut.u_fifo  File: /get/work/krishna.vardhan/git_trees/mtp_pcie_axi/pcie_axi_dma_latency/design/rtl/axis_fifo.sv Line: 165
Warning: [axis_fifo] FIFO full (depth=64) — upstream back-pressured at t=49815000
Time: 49815 ns  Iteration: 0  Process: /tb_pcie_axi_dma(TB_SCENARIO=2,FIFO_DEPTH=64,BATCH_COUNT=4,BATCH_TIMEOUT=64,SINK_STALL_EN=1'b1,SINK_STALL_PERIOD=4,SINK_STALL_READY=1)/dut/u_fifo/Always163_9  Scope: \tb_pcie_axi_dma(TB_SCENARIO=2,FIFO_DEPTH=64,BATCH_COUNT=4,BATCH_TIMEOUT=64,SINK_STALL_EN=1'b1,SINK_STALL_PERIOD=4,SINK_STALL_READY=1) .dut.u_fifo  File: /get/work/krishna.vardhan/git_trees/mtp_pcie_axi/pcie_axi_dma_latency/design/rtl/axis_fifo.sv Line: 165
Warning: [axis_fifo] FIFO full (depth=64) — upstream back-pressured at t=49835000
Time: 49835 ns  Iteration: 0  Process: /tb_pcie_axi_dma(TB_SCENARIO=2,FIFO_DEPTH=64,BATCH_COUNT=4,BATCH_TIMEOUT=64,SINK_STALL_EN=1'b1,SINK_STALL_PERIOD=4,SINK_STALL_READY=1)/dut/u_fifo/Always163_9  Scope: \tb_pcie_axi_dma(TB_SCENARIO=2,FIFO_DEPTH=64,BATCH_COUNT=4,BATCH_TIMEOUT=64,SINK_STALL_EN=1'b1,SINK_STALL_PERIOD=4,SINK_STALL_READY=1) .dut.u_fifo  File: /get/work/krishna.vardhan/git_trees/mtp_pcie_axi/pcie_axi_dma_latency/design/rtl/axis_fifo.sv Line: 165
Warning: [axis_fifo] FIFO full (depth=64) — upstream back-pressured at t=49845000
Time: 49845 ns  Iteration: 0  Process: /tb_pcie_axi_dma(TB_SCENARIO=2,FIFO_DEPTH=64,BATCH_COUNT=4,BATCH_TIMEOUT=64,SINK_STALL_EN=1'b1,SINK_STALL_PERIOD=4,SINK_STALL_READY=1)/dut/u_fifo/Always163_9  Scope: \tb_pcie_axi_dma(TB_SCENARIO=2,FIFO_DEPTH=64,BATCH_COUNT=4,BATCH_TIMEOUT=64,SINK_STALL_EN=1'b1,SINK_STALL_PERIOD=4,SINK_STALL_READY=1) .dut.u_fifo  File: /get/work/krishna.vardhan/git_trees/mtp_pcie_axi/pcie_axi_dma_latency/design/rtl/axis_fifo.sv Line: 165
Warning: [axis_fifo] FIFO full (depth=64) — upstream back-pressured at t=49855000
Time: 49855 ns  Iteration: 0  Process: /tb_pcie_axi_dma(TB_SCENARIO=2,FIFO_DEPTH=64,BATCH_COUNT=4,BATCH_TIMEOUT=64,SINK_STALL_EN=1'b1,SINK_STALL_PERIOD=4,SINK_STALL_READY=1)/dut/u_fifo/Always163_9  Scope: \tb_pcie_axi_dma(TB_SCENARIO=2,FIFO_DEPTH=64,BATCH_COUNT=4,BATCH_TIMEOUT=64,SINK_STALL_EN=1'b1,SINK_STALL_PERIOD=4,SINK_STALL_READY=1) .dut.u_fifo  File: /get/work/krishna.vardhan/git_trees/mtp_pcie_axi/pcie_axi_dma_latency/design/rtl/axis_fifo.sv Line: 165
Warning: [axis_fifo] FIFO full (depth=64) — upstream back-pressured at t=49875000
Time: 49875 ns  Iteration: 0  Process: /tb_pcie_axi_dma(TB_SCENARIO=2,FIFO_DEPTH=64,BATCH_COUNT=4,BATCH_TIMEOUT=64,SINK_STALL_EN=1'b1,SINK_STALL_PERIOD=4,SINK_STALL_READY=1)/dut/u_fifo/Always163_9  Scope: \tb_pcie_axi_dma(TB_SCENARIO=2,FIFO_DEPTH=64,BATCH_COUNT=4,BATCH_TIMEOUT=64,SINK_STALL_EN=1'b1,SINK_STALL_PERIOD=4,SINK_STALL_READY=1) .dut.u_fifo  File: /get/work/krishna.vardhan/git_trees/mtp_pcie_axi/pcie_axi_dma_latency/design/rtl/axis_fifo.sv Line: 165
Warning: [axis_fifo] FIFO full (depth=64) — upstream back-pressured at t=49885000
Time: 49885 ns  Iteration: 0  Process: /tb_pcie_axi_dma(TB_SCENARIO=2,FIFO_DEPTH=64,BATCH_COUNT=4,BATCH_TIMEOUT=64,SINK_STALL_EN=1'b1,SINK_STALL_PERIOD=4,SINK_STALL_READY=1)/dut/u_fifo/Always163_9  Scope: \tb_pcie_axi_dma(TB_SCENARIO=2,FIFO_DEPTH=64,BATCH_COUNT=4,BATCH_TIMEOUT=64,SINK_STALL_EN=1'b1,SINK_STALL_PERIOD=4,SINK_STALL_READY=1) .dut.u_fifo  File: /get/work/krishna.vardhan/git_trees/mtp_pcie_axi/pcie_axi_dma_latency/design/rtl/axis_fifo.sv Line: 165
Warning: [axis_fifo] FIFO full (depth=64) — upstream back-pressured at t=49895000
Time: 49895 ns  Iteration: 0  Process: /tb_pcie_axi_dma(TB_SCENARIO=2,FIFO_DEPTH=64,BATCH_COUNT=4,BATCH_TIMEOUT=64,SINK_STALL_EN=1'b1,SINK_STALL_PERIOD=4,SINK_STALL_READY=1)/dut/u_fifo/Always163_9  Scope: \tb_pcie_axi_dma(TB_SCENARIO=2,FIFO_DEPTH=64,BATCH_COUNT=4,BATCH_TIMEOUT=64,SINK_STALL_EN=1'b1,SINK_STALL_PERIOD=4,SINK_STALL_READY=1) .dut.u_fifo  File: /get/work/krishna.vardhan/git_trees/mtp_pcie_axi/pcie_axi_dma_latency/design/rtl/axis_fifo.sv Line: 165
Warning: [axis_fifo] FIFO full (depth=64) — upstream back-pressured at t=49915000
Time: 49915 ns  Iteration: 0  Process: /tb_pcie_axi_dma(TB_SCENARIO=2,FIFO_DEPTH=64,BATCH_COUNT=4,BATCH_TIMEOUT=64,SINK_STALL_EN=1'b1,SINK_STALL_PERIOD=4,SINK_STALL_READY=1)/dut/u_fifo/Always163_9  Scope: \tb_pcie_axi_dma(TB_SCENARIO=2,FIFO_DEPTH=64,BATCH_COUNT=4,BATCH_TIMEOUT=64,SINK_STALL_EN=1'b1,SINK_STALL_PERIOD=4,SINK_STALL_READY=1) .dut.u_fifo  File: /get/work/krishna.vardhan/git_trees/mtp_pcie_axi/pcie_axi_dma_latency/design/rtl/axis_fifo.sv Line: 165
Warning: [axis_fifo] FIFO full (depth=64) — upstream back-pressured at t=49925000
Time: 49925 ns  Iteration: 0  Process: /tb_pcie_axi_dma(TB_SCENARIO=2,FIFO_DEPTH=64,BATCH_COUNT=4,BATCH_TIMEOUT=64,SINK_STALL_EN=1'b1,SINK_STALL_PERIOD=4,SINK_STALL_READY=1)/dut/u_fifo/Always163_9  Scope: \tb_pcie_axi_dma(TB_SCENARIO=2,FIFO_DEPTH=64,BATCH_COUNT=4,BATCH_TIMEOUT=64,SINK_STALL_EN=1'b1,SINK_STALL_PERIOD=4,SINK_STALL_READY=1) .dut.u_fifo  File: /get/work/krishna.vardhan/git_trees/mtp_pcie_axi/pcie_axi_dma_latency/design/rtl/axis_fifo.sv Line: 165
Warning: [axis_fifo] FIFO full (depth=64) — upstream back-pressured at t=49935000
Time: 49935 ns  Iteration: 0  Process: /tb_pcie_axi_dma(TB_SCENARIO=2,FIFO_DEPTH=64,BATCH_COUNT=4,BATCH_TIMEOUT=64,SINK_STALL_EN=1'b1,SINK_STALL_PERIOD=4,SINK_STALL_READY=1)/dut/u_fifo/Always163_9  Scope: \tb_pcie_axi_dma(TB_SCENARIO=2,FIFO_DEPTH=64,BATCH_COUNT=4,BATCH_TIMEOUT=64,SINK_STALL_EN=1'b1,SINK_STALL_PERIOD=4,SINK_STALL_READY=1) .dut.u_fifo  File: /get/work/krishna.vardhan/git_trees/mtp_pcie_axi/pcie_axi_dma_latency/design/rtl/axis_fifo.sv Line: 165
Warning: [axis_fifo] FIFO full (depth=64) — upstream back-pressured at t=49955000
Time: 49955 ns  Iteration: 0  Process: /tb_pcie_axi_dma(TB_SCENARIO=2,FIFO_DEPTH=64,BATCH_COUNT=4,BATCH_TIMEOUT=64,SINK_STALL_EN=1'b1,SINK_STALL_PERIOD=4,SINK_STALL_READY=1)/dut/u_fifo/Always163_9  Scope: \tb_pcie_axi_dma(TB_SCENARIO=2,FIFO_DEPTH=64,BATCH_COUNT=4,BATCH_TIMEOUT=64,SINK_STALL_EN=1'b1,SINK_STALL_PERIOD=4,SINK_STALL_READY=1) .dut.u_fifo  File: /get/work/krishna.vardhan/git_trees/mtp_pcie_axi/pcie_axi_dma_latency/design/rtl/axis_fifo.sv Line: 165
Warning: [axis_fifo] FIFO full (depth=64) — upstream back-pressured at t=49965000
Time: 49965 ns  Iteration: 0  Process: /tb_pcie_axi_dma(TB_SCENARIO=2,FIFO_DEPTH=64,BATCH_COUNT=4,BATCH_TIMEOUT=64,SINK_STALL_EN=1'b1,SINK_STALL_PERIOD=4,SINK_STALL_READY=1)/dut/u_fifo/Always163_9  Scope: \tb_pcie_axi_dma(TB_SCENARIO=2,FIFO_DEPTH=64,BATCH_COUNT=4,BATCH_TIMEOUT=64,SINK_STALL_EN=1'b1,SINK_STALL_PERIOD=4,SINK_STALL_READY=1) .dut.u_fifo  File: /get/work/krishna.vardhan/git_trees/mtp_pcie_axi/pcie_axi_dma_latency/design/rtl/axis_fifo.sv Line: 165
Warning: [axis_fifo] FIFO full (depth=64) — upstream back-pressured at t=49975000
Time: 49975 ns  Iteration: 0  Process: /tb_pcie_axi_dma(TB_SCENARIO=2,FIFO_DEPTH=64,BATCH_COUNT=4,BATCH_TIMEOUT=64,SINK_STALL_EN=1'b1,SINK_STALL_PERIOD=4,SINK_STALL_READY=1)/dut/u_fifo/Always163_9  Scope: \tb_pcie_axi_dma(TB_SCENARIO=2,FIFO_DEPTH=64,BATCH_COUNT=4,BATCH_TIMEOUT=64,SINK_STALL_EN=1'b1,SINK_STALL_PERIOD=4,SINK_STALL_READY=1) .dut.u_fifo  File: /get/work/krishna.vardhan/git_trees/mtp_pcie_axi/pcie_axi_dma_latency/design/rtl/axis_fifo.sv Line: 165
Warning: [axis_fifo] FIFO full (depth=64) — upstream back-pressured at t=49995000
Time: 49995 ns  Iteration: 0  Process: /tb_pcie_axi_dma(TB_SCENARIO=2,FIFO_DEPTH=64,BATCH_COUNT=4,BATCH_TIMEOUT=64,SINK_STALL_EN=1'b1,SINK_STALL_PERIOD=4,SINK_STALL_READY=1)/dut/u_fifo/Always163_9  Scope: \tb_pcie_axi_dma(TB_SCENARIO=2,FIFO_DEPTH=64,BATCH_COUNT=4,BATCH_TIMEOUT=64,SINK_STALL_EN=1'b1,SINK_STALL_PERIOD=4,SINK_STALL_READY=1) .dut.u_fifo  File: /get/work/krishna.vardhan/git_trees/mtp_pcie_axi/pcie_axi_dma_latency/design/rtl/axis_fifo.sv Line: 165
Warning: [axis_fifo] FIFO full (depth=64) — upstream back-pressured at t=50005000
Time: 50005 ns  Iteration: 0  Process: /tb_pcie_axi_dma(TB_SCENARIO=2,FIFO_DEPTH=64,BATCH_COUNT=4,BATCH_TIMEOUT=64,SINK_STALL_EN=1'b1,SINK_STALL_PERIOD=4,SINK_STALL_READY=1)/dut/u_fifo/Always163_9  Scope: \tb_pcie_axi_dma(TB_SCENARIO=2,FIFO_DEPTH=64,BATCH_COUNT=4,BATCH_TIMEOUT=64,SINK_STALL_EN=1'b1,SINK_STALL_PERIOD=4,SINK_STALL_READY=1) .dut.u_fifo  File: /get/work/krishna.vardhan/git_trees/mtp_pcie_axi/pcie_axi_dma_latency/design/rtl/axis_fifo.sv Line: 165
Warning: [axis_fifo] FIFO full (depth=64) — upstream back-pressured at t=50015000
Time: 50015 ns  Iteration: 0  Process: /tb_pcie_axi_dma(TB_SCENARIO=2,FIFO_DEPTH=64,BATCH_COUNT=4,BATCH_TIMEOUT=64,SINK_STALL_EN=1'b1,SINK_STALL_PERIOD=4,SINK_STALL_READY=1)/dut/u_fifo/Always163_9  Scope: \tb_pcie_axi_dma(TB_SCENARIO=2,FIFO_DEPTH=64,BATCH_COUNT=4,BATCH_TIMEOUT=64,SINK_STALL_EN=1'b1,SINK_STALL_PERIOD=4,SINK_STALL_READY=1) .dut.u_fifo  File: /get/work/krishna.vardhan/git_trees/mtp_pcie_axi/pcie_axi_dma_latency/design/rtl/axis_fifo.sv Line: 165
Warning: [axis_fifo] FIFO full (depth=64) — upstream back-pressured at t=50035000
Time: 50035 ns  Iteration: 0  Process: /tb_pcie_axi_dma(TB_SCENARIO=2,FIFO_DEPTH=64,BATCH_COUNT=4,BATCH_TIMEOUT=64,SINK_STALL_EN=1'b1,SINK_STALL_PERIOD=4,SINK_STALL_READY=1)/dut/u_fifo/Always163_9  Scope: \tb_pcie_axi_dma(TB_SCENARIO=2,FIFO_DEPTH=64,BATCH_COUNT=4,BATCH_TIMEOUT=64,SINK_STALL_EN=1'b1,SINK_STALL_PERIOD=4,SINK_STALL_READY=1) .dut.u_fifo  File: /get/work/krishna.vardhan/git_trees/mtp_pcie_axi/pcie_axi_dma_latency/design/rtl/axis_fifo.sv Line: 165
Warning: [axis_fifo] FIFO full (depth=64) — upstream back-pressured at t=50045000
Time: 50045 ns  Iteration: 0  Process: /tb_pcie_axi_dma(TB_SCENARIO=2,FIFO_DEPTH=64,BATCH_COUNT=4,BATCH_TIMEOUT=64,SINK_STALL_EN=1'b1,SINK_STALL_PERIOD=4,SINK_STALL_READY=1)/dut/u_fifo/Always163_9  Scope: \tb_pcie_axi_dma(TB_SCENARIO=2,FIFO_DEPTH=64,BATCH_COUNT=4,BATCH_TIMEOUT=64,SINK_STALL_EN=1'b1,SINK_STALL_PERIOD=4,SINK_STALL_READY=1) .dut.u_fifo  File: /get/work/krishna.vardhan/git_trees/mtp_pcie_axi/pcie_axi_dma_latency/design/rtl/axis_fifo.sv Line: 165
Warning: [axis_fifo] FIFO full (depth=64) — upstream back-pressured at t=50055000
Time: 50055 ns  Iteration: 0  Process: /tb_pcie_axi_dma(TB_SCENARIO=2,FIFO_DEPTH=64,BATCH_COUNT=4,BATCH_TIMEOUT=64,SINK_STALL_EN=1'b1,SINK_STALL_PERIOD=4,SINK_STALL_READY=1)/dut/u_fifo/Always163_9  Scope: \tb_pcie_axi_dma(TB_SCENARIO=2,FIFO_DEPTH=64,BATCH_COUNT=4,BATCH_TIMEOUT=64,SINK_STALL_EN=1'b1,SINK_STALL_PERIOD=4,SINK_STALL_READY=1) .dut.u_fifo  File: /get/work/krishna.vardhan/git_trees/mtp_pcie_axi/pcie_axi_dma_latency/design/rtl/axis_fifo.sv Line: 165
Warning: [axis_fifo] FIFO full (depth=64) — upstream back-pressured at t=50075000
Time: 50075 ns  Iteration: 0  Process: /tb_pcie_axi_dma(TB_SCENARIO=2,FIFO_DEPTH=64,BATCH_COUNT=4,BATCH_TIMEOUT=64,SINK_STALL_EN=1'b1,SINK_STALL_PERIOD=4,SINK_STALL_READY=1)/dut/u_fifo/Always163_9  Scope: \tb_pcie_axi_dma(TB_SCENARIO=2,FIFO_DEPTH=64,BATCH_COUNT=4,BATCH_TIMEOUT=64,SINK_STALL_EN=1'b1,SINK_STALL_PERIOD=4,SINK_STALL_READY=1) .dut.u_fifo  File: /get/work/krishna.vardhan/git_trees/mtp_pcie_axi/pcie_axi_dma_latency/design/rtl/axis_fifo.sv Line: 165
Warning: [axis_fifo] FIFO full (depth=64) — upstream back-pressured at t=50085000
Time: 50085 ns  Iteration: 0  Process: /tb_pcie_axi_dma(TB_SCENARIO=2,FIFO_DEPTH=64,BATCH_COUNT=4,BATCH_TIMEOUT=64,SINK_STALL_EN=1'b1,SINK_STALL_PERIOD=4,SINK_STALL_READY=1)/dut/u_fifo/Always163_9  Scope: \tb_pcie_axi_dma(TB_SCENARIO=2,FIFO_DEPTH=64,BATCH_COUNT=4,BATCH_TIMEOUT=64,SINK_STALL_EN=1'b1,SINK_STALL_PERIOD=4,SINK_STALL_READY=1) .dut.u_fifo  File: /get/work/krishna.vardhan/git_trees/mtp_pcie_axi/pcie_axi_dma_latency/design/rtl/axis_fifo.sv Line: 165
Warning: [axis_fifo] FIFO full (depth=64) — upstream back-pressured at t=50095000
Time: 50095 ns  Iteration: 0  Process: /tb_pcie_axi_dma(TB_SCENARIO=2,FIFO_DEPTH=64,BATCH_COUNT=4,BATCH_TIMEOUT=64,SINK_STALL_EN=1'b1,SINK_STALL_PERIOD=4,SINK_STALL_READY=1)/dut/u_fifo/Always163_9  Scope: \tb_pcie_axi_dma(TB_SCENARIO=2,FIFO_DEPTH=64,BATCH_COUNT=4,BATCH_TIMEOUT=64,SINK_STALL_EN=1'b1,SINK_STALL_PERIOD=4,SINK_STALL_READY=1) .dut.u_fifo  File: /get/work/krishna.vardhan/git_trees/mtp_pcie_axi/pcie_axi_dma_latency/design/rtl/axis_fifo.sv Line: 165
Warning: [axis_fifo] FIFO full (depth=64) — upstream back-pressured at t=50115000
Time: 50115 ns  Iteration: 0  Process: /tb_pcie_axi_dma(TB_SCENARIO=2,FIFO_DEPTH=64,BATCH_COUNT=4,BATCH_TIMEOUT=64,SINK_STALL_EN=1'b1,SINK_STALL_PERIOD=4,SINK_STALL_READY=1)/dut/u_fifo/Always163_9  Scope: \tb_pcie_axi_dma(TB_SCENARIO=2,FIFO_DEPTH=64,BATCH_COUNT=4,BATCH_TIMEOUT=64,SINK_STALL_EN=1'b1,SINK_STALL_PERIOD=4,SINK_STALL_READY=1) .dut.u_fifo  File: /get/work/krishna.vardhan/git_trees/mtp_pcie_axi/pcie_axi_dma_latency/design/rtl/axis_fifo.sv Line: 165
Warning: [axis_fifo] FIFO full (depth=64) — upstream back-pressured at t=50125000
Time: 50125 ns  Iteration: 0  Process: /tb_pcie_axi_dma(TB_SCENARIO=2,FIFO_DEPTH=64,BATCH_COUNT=4,BATCH_TIMEOUT=64,SINK_STALL_EN=1'b1,SINK_STALL_PERIOD=4,SINK_STALL_READY=1)/dut/u_fifo/Always163_9  Scope: \tb_pcie_axi_dma(TB_SCENARIO=2,FIFO_DEPTH=64,BATCH_COUNT=4,BATCH_TIMEOUT=64,SINK_STALL_EN=1'b1,SINK_STALL_PERIOD=4,SINK_STALL_READY=1) .dut.u_fifo  File: /get/work/krishna.vardhan/git_trees/mtp_pcie_axi/pcie_axi_dma_latency/design/rtl/axis_fifo.sv Line: 165
Warning: [axis_fifo] FIFO full (depth=64) — upstream back-pressured at t=50135000
Time: 50135 ns  Iteration: 0  Process: /tb_pcie_axi_dma(TB_SCENARIO=2,FIFO_DEPTH=64,BATCH_COUNT=4,BATCH_TIMEOUT=64,SINK_STALL_EN=1'b1,SINK_STALL_PERIOD=4,SINK_STALL_READY=1)/dut/u_fifo/Always163_9  Scope: \tb_pcie_axi_dma(TB_SCENARIO=2,FIFO_DEPTH=64,BATCH_COUNT=4,BATCH_TIMEOUT=64,SINK_STALL_EN=1'b1,SINK_STALL_PERIOD=4,SINK_STALL_READY=1) .dut.u_fifo  File: /get/work/krishna.vardhan/git_trees/mtp_pcie_axi/pcie_axi_dma_latency/design/rtl/axis_fifo.sv Line: 165
Warning: [axis_fifo] FIFO full (depth=64) — upstream back-pressured at t=50155000
Time: 50155 ns  Iteration: 0  Process: /tb_pcie_axi_dma(TB_SCENARIO=2,FIFO_DEPTH=64,BATCH_COUNT=4,BATCH_TIMEOUT=64,SINK_STALL_EN=1'b1,SINK_STALL_PERIOD=4,SINK_STALL_READY=1)/dut/u_fifo/Always163_9  Scope: \tb_pcie_axi_dma(TB_SCENARIO=2,FIFO_DEPTH=64,BATCH_COUNT=4,BATCH_TIMEOUT=64,SINK_STALL_EN=1'b1,SINK_STALL_PERIOD=4,SINK_STALL_READY=1) .dut.u_fifo  File: /get/work/krishna.vardhan/git_trees/mtp_pcie_axi/pcie_axi_dma_latency/design/rtl/axis_fifo.sv Line: 165
Warning: [axis_fifo] FIFO full (depth=64) — upstream back-pressured at t=50165000
Time: 50165 ns  Iteration: 0  Process: /tb_pcie_axi_dma(TB_SCENARIO=2,FIFO_DEPTH=64,BATCH_COUNT=4,BATCH_TIMEOUT=64,SINK_STALL_EN=1'b1,SINK_STALL_PERIOD=4,SINK_STALL_READY=1)/dut/u_fifo/Always163_9  Scope: \tb_pcie_axi_dma(TB_SCENARIO=2,FIFO_DEPTH=64,BATCH_COUNT=4,BATCH_TIMEOUT=64,SINK_STALL_EN=1'b1,SINK_STALL_PERIOD=4,SINK_STALL_READY=1) .dut.u_fifo  File: /get/work/krishna.vardhan/git_trees/mtp_pcie_axi/pcie_axi_dma_latency/design/rtl/axis_fifo.sv Line: 165
Warning: [axis_fifo] FIFO full (depth=64) — upstream back-pressured at t=50175000
Time: 50175 ns  Iteration: 0  Process: /tb_pcie_axi_dma(TB_SCENARIO=2,FIFO_DEPTH=64,BATCH_COUNT=4,BATCH_TIMEOUT=64,SINK_STALL_EN=1'b1,SINK_STALL_PERIOD=4,SINK_STALL_READY=1)/dut/u_fifo/Always163_9  Scope: \tb_pcie_axi_dma(TB_SCENARIO=2,FIFO_DEPTH=64,BATCH_COUNT=4,BATCH_TIMEOUT=64,SINK_STALL_EN=1'b1,SINK_STALL_PERIOD=4,SINK_STALL_READY=1) .dut.u_fifo  File: /get/work/krishna.vardhan/git_trees/mtp_pcie_axi/pcie_axi_dma_latency/design/rtl/axis_fifo.sv Line: 165
Warning: [axis_fifo] FIFO full (depth=64) — upstream back-pressured at t=50195000
Time: 50195 ns  Iteration: 0  Process: /tb_pcie_axi_dma(TB_SCENARIO=2,FIFO_DEPTH=64,BATCH_COUNT=4,BATCH_TIMEOUT=64,SINK_STALL_EN=1'b1,SINK_STALL_PERIOD=4,SINK_STALL_READY=1)/dut/u_fifo/Always163_9  Scope: \tb_pcie_axi_dma(TB_SCENARIO=2,FIFO_DEPTH=64,BATCH_COUNT=4,BATCH_TIMEOUT=64,SINK_STALL_EN=1'b1,SINK_STALL_PERIOD=4,SINK_STALL_READY=1) .dut.u_fifo  File: /get/work/krishna.vardhan/git_trees/mtp_pcie_axi/pcie_axi_dma_latency/design/rtl/axis_fifo.sv Line: 165
Warning: [axis_fifo] FIFO full (depth=64) — upstream back-pressured at t=50205000
Time: 50205 ns  Iteration: 0  Process: /tb_pcie_axi_dma(TB_SCENARIO=2,FIFO_DEPTH=64,BATCH_COUNT=4,BATCH_TIMEOUT=64,SINK_STALL_EN=1'b1,SINK_STALL_PERIOD=4,SINK_STALL_READY=1)/dut/u_fifo/Always163_9  Scope: \tb_pcie_axi_dma(TB_SCENARIO=2,FIFO_DEPTH=64,BATCH_COUNT=4,BATCH_TIMEOUT=64,SINK_STALL_EN=1'b1,SINK_STALL_PERIOD=4,SINK_STALL_READY=1) .dut.u_fifo  File: /get/work/krishna.vardhan/git_trees/mtp_pcie_axi/pcie_axi_dma_latency/design/rtl/axis_fifo.sv Line: 165
Warning: [axis_fifo] FIFO full (depth=64) — upstream back-pressured at t=50215000
Time: 50215 ns  Iteration: 0  Process: /tb_pcie_axi_dma(TB_SCENARIO=2,FIFO_DEPTH=64,BATCH_COUNT=4,BATCH_TIMEOUT=64,SINK_STALL_EN=1'b1,SINK_STALL_PERIOD=4,SINK_STALL_READY=1)/dut/u_fifo/Always163_9  Scope: \tb_pcie_axi_dma(TB_SCENARIO=2,FIFO_DEPTH=64,BATCH_COUNT=4,BATCH_TIMEOUT=64,SINK_STALL_EN=1'b1,SINK_STALL_PERIOD=4,SINK_STALL_READY=1) .dut.u_fifo  File: /get/work/krishna.vardhan/git_trees/mtp_pcie_axi/pcie_axi_dma_latency/design/rtl/axis_fifo.sv Line: 165
Warning: [axis_fifo] FIFO full (depth=64) — upstream back-pressured at t=50235000
Time: 50235 ns  Iteration: 0  Process: /tb_pcie_axi_dma(TB_SCENARIO=2,FIFO_DEPTH=64,BATCH_COUNT=4,BATCH_TIMEOUT=64,SINK_STALL_EN=1'b1,SINK_STALL_PERIOD=4,SINK_STALL_READY=1)/dut/u_fifo/Always163_9  Scope: \tb_pcie_axi_dma(TB_SCENARIO=2,FIFO_DEPTH=64,BATCH_COUNT=4,BATCH_TIMEOUT=64,SINK_STALL_EN=1'b1,SINK_STALL_PERIOD=4,SINK_STALL_READY=1) .dut.u_fifo  File: /get/work/krishna.vardhan/git_trees/mtp_pcie_axi/pcie_axi_dma_latency/design/rtl/axis_fifo.sv Line: 165
Warning: [axis_fifo] FIFO full (depth=64) — upstream back-pressured at t=50245000
Time: 50245 ns  Iteration: 0  Process: /tb_pcie_axi_dma(TB_SCENARIO=2,FIFO_DEPTH=64,BATCH_COUNT=4,BATCH_TIMEOUT=64,SINK_STALL_EN=1'b1,SINK_STALL_PERIOD=4,SINK_STALL_READY=1)/dut/u_fifo/Always163_9  Scope: \tb_pcie_axi_dma(TB_SCENARIO=2,FIFO_DEPTH=64,BATCH_COUNT=4,BATCH_TIMEOUT=64,SINK_STALL_EN=1'b1,SINK_STALL_PERIOD=4,SINK_STALL_READY=1) .dut.u_fifo  File: /get/work/krishna.vardhan/git_trees/mtp_pcie_axi/pcie_axi_dma_latency/design/rtl/axis_fifo.sv Line: 165
Warning: [axis_fifo] FIFO full (depth=64) — upstream back-pressured at t=50255000
Time: 50255 ns  Iteration: 0  Process: /tb_pcie_axi_dma(TB_SCENARIO=2,FIFO_DEPTH=64,BATCH_COUNT=4,BATCH_TIMEOUT=64,SINK_STALL_EN=1'b1,SINK_STALL_PERIOD=4,SINK_STALL_READY=1)/dut/u_fifo/Always163_9  Scope: \tb_pcie_axi_dma(TB_SCENARIO=2,FIFO_DEPTH=64,BATCH_COUNT=4,BATCH_TIMEOUT=64,SINK_STALL_EN=1'b1,SINK_STALL_PERIOD=4,SINK_STALL_READY=1) .dut.u_fifo  File: /get/work/krishna.vardhan/git_trees/mtp_pcie_axi/pcie_axi_dma_latency/design/rtl/axis_fifo.sv Line: 165
Warning: [axis_fifo] FIFO full (depth=64) — upstream back-pressured at t=50275000
Time: 50275 ns  Iteration: 0  Process: /tb_pcie_axi_dma(TB_SCENARIO=2,FIFO_DEPTH=64,BATCH_COUNT=4,BATCH_TIMEOUT=64,SINK_STALL_EN=1'b1,SINK_STALL_PERIOD=4,SINK_STALL_READY=1)/dut/u_fifo/Always163_9  Scope: \tb_pcie_axi_dma(TB_SCENARIO=2,FIFO_DEPTH=64,BATCH_COUNT=4,BATCH_TIMEOUT=64,SINK_STALL_EN=1'b1,SINK_STALL_PERIOD=4,SINK_STALL_READY=1) .dut.u_fifo  File: /get/work/krishna.vardhan/git_trees/mtp_pcie_axi/pcie_axi_dma_latency/design/rtl/axis_fifo.sv Line: 165
Warning: [axis_fifo] FIFO full (depth=64) — upstream back-pressured at t=50285000
Time: 50285 ns  Iteration: 0  Process: /tb_pcie_axi_dma(TB_SCENARIO=2,FIFO_DEPTH=64,BATCH_COUNT=4,BATCH_TIMEOUT=64,SINK_STALL_EN=1'b1,SINK_STALL_PERIOD=4,SINK_STALL_READY=1)/dut/u_fifo/Always163_9  Scope: \tb_pcie_axi_dma(TB_SCENARIO=2,FIFO_DEPTH=64,BATCH_COUNT=4,BATCH_TIMEOUT=64,SINK_STALL_EN=1'b1,SINK_STALL_PERIOD=4,SINK_STALL_READY=1) .dut.u_fifo  File: /get/work/krishna.vardhan/git_trees/mtp_pcie_axi/pcie_axi_dma_latency/design/rtl/axis_fifo.sv Line: 165
Warning: [axis_fifo] FIFO full (depth=64) — upstream back-pressured at t=50295000
Time: 50295 ns  Iteration: 0  Process: /tb_pcie_axi_dma(TB_SCENARIO=2,FIFO_DEPTH=64,BATCH_COUNT=4,BATCH_TIMEOUT=64,SINK_STALL_EN=1'b1,SINK_STALL_PERIOD=4,SINK_STALL_READY=1)/dut/u_fifo/Always163_9  Scope: \tb_pcie_axi_dma(TB_SCENARIO=2,FIFO_DEPTH=64,BATCH_COUNT=4,BATCH_TIMEOUT=64,SINK_STALL_EN=1'b1,SINK_STALL_PERIOD=4,SINK_STALL_READY=1) .dut.u_fifo  File: /get/work/krishna.vardhan/git_trees/mtp_pcie_axi/pcie_axi_dma_latency/design/rtl/axis_fifo.sv Line: 165
Warning: [axis_fifo] FIFO full (depth=64) — upstream back-pressured at t=50315000
Time: 50315 ns  Iteration: 0  Process: /tb_pcie_axi_dma(TB_SCENARIO=2,FIFO_DEPTH=64,BATCH_COUNT=4,BATCH_TIMEOUT=64,SINK_STALL_EN=1'b1,SINK_STALL_PERIOD=4,SINK_STALL_READY=1)/dut/u_fifo/Always163_9  Scope: \tb_pcie_axi_dma(TB_SCENARIO=2,FIFO_DEPTH=64,BATCH_COUNT=4,BATCH_TIMEOUT=64,SINK_STALL_EN=1'b1,SINK_STALL_PERIOD=4,SINK_STALL_READY=1) .dut.u_fifo  File: /get/work/krishna.vardhan/git_trees/mtp_pcie_axi/pcie_axi_dma_latency/design/rtl/axis_fifo.sv Line: 165
Warning: [axis_fifo] FIFO full (depth=64) — upstream back-pressured at t=50325000
Time: 50325 ns  Iteration: 0  Process: /tb_pcie_axi_dma(TB_SCENARIO=2,FIFO_DEPTH=64,BATCH_COUNT=4,BATCH_TIMEOUT=64,SINK_STALL_EN=1'b1,SINK_STALL_PERIOD=4,SINK_STALL_READY=1)/dut/u_fifo/Always163_9  Scope: \tb_pcie_axi_dma(TB_SCENARIO=2,FIFO_DEPTH=64,BATCH_COUNT=4,BATCH_TIMEOUT=64,SINK_STALL_EN=1'b1,SINK_STALL_PERIOD=4,SINK_STALL_READY=1) .dut.u_fifo  File: /get/work/krishna.vardhan/git_trees/mtp_pcie_axi/pcie_axi_dma_latency/design/rtl/axis_fifo.sv Line: 165
Warning: [axis_fifo] FIFO full (depth=64) — upstream back-pressured at t=50335000
Time: 50335 ns  Iteration: 0  Process: /tb_pcie_axi_dma(TB_SCENARIO=2,FIFO_DEPTH=64,BATCH_COUNT=4,BATCH_TIMEOUT=64,SINK_STALL_EN=1'b1,SINK_STALL_PERIOD=4,SINK_STALL_READY=1)/dut/u_fifo/Always163_9  Scope: \tb_pcie_axi_dma(TB_SCENARIO=2,FIFO_DEPTH=64,BATCH_COUNT=4,BATCH_TIMEOUT=64,SINK_STALL_EN=1'b1,SINK_STALL_PERIOD=4,SINK_STALL_READY=1) .dut.u_fifo  File: /get/work/krishna.vardhan/git_trees/mtp_pcie_axi/pcie_axi_dma_latency/design/rtl/axis_fifo.sv Line: 165
Warning: [axis_fifo] FIFO full (depth=64) — upstream back-pressured at t=50355000
Time: 50355 ns  Iteration: 0  Process: /tb_pcie_axi_dma(TB_SCENARIO=2,FIFO_DEPTH=64,BATCH_COUNT=4,BATCH_TIMEOUT=64,SINK_STALL_EN=1'b1,SINK_STALL_PERIOD=4,SINK_STALL_READY=1)/dut/u_fifo/Always163_9  Scope: \tb_pcie_axi_dma(TB_SCENARIO=2,FIFO_DEPTH=64,BATCH_COUNT=4,BATCH_TIMEOUT=64,SINK_STALL_EN=1'b1,SINK_STALL_PERIOD=4,SINK_STALL_READY=1) .dut.u_fifo  File: /get/work/krishna.vardhan/git_trees/mtp_pcie_axi/pcie_axi_dma_latency/design/rtl/axis_fifo.sv Line: 165
Warning: [axis_fifo] FIFO full (depth=64) — upstream back-pressured at t=50365000
Time: 50365 ns  Iteration: 0  Process: /tb_pcie_axi_dma(TB_SCENARIO=2,FIFO_DEPTH=64,BATCH_COUNT=4,BATCH_TIMEOUT=64,SINK_STALL_EN=1'b1,SINK_STALL_PERIOD=4,SINK_STALL_READY=1)/dut/u_fifo/Always163_9  Scope: \tb_pcie_axi_dma(TB_SCENARIO=2,FIFO_DEPTH=64,BATCH_COUNT=4,BATCH_TIMEOUT=64,SINK_STALL_EN=1'b1,SINK_STALL_PERIOD=4,SINK_STALL_READY=1) .dut.u_fifo  File: /get/work/krishna.vardhan/git_trees/mtp_pcie_axi/pcie_axi_dma_latency/design/rtl/axis_fifo.sv Line: 165
Warning: [axis_fifo] FIFO full (depth=64) — upstream back-pressured at t=50375000
Time: 50375 ns  Iteration: 0  Process: /tb_pcie_axi_dma(TB_SCENARIO=2,FIFO_DEPTH=64,BATCH_COUNT=4,BATCH_TIMEOUT=64,SINK_STALL_EN=1'b1,SINK_STALL_PERIOD=4,SINK_STALL_READY=1)/dut/u_fifo/Always163_9  Scope: \tb_pcie_axi_dma(TB_SCENARIO=2,FIFO_DEPTH=64,BATCH_COUNT=4,BATCH_TIMEOUT=64,SINK_STALL_EN=1'b1,SINK_STALL_PERIOD=4,SINK_STALL_READY=1) .dut.u_fifo  File: /get/work/krishna.vardhan/git_trees/mtp_pcie_axi/pcie_axi_dma_latency/design/rtl/axis_fifo.sv Line: 165
Warning: [axis_fifo] FIFO full (depth=64) — upstream back-pressured at t=50395000
Time: 50395 ns  Iteration: 0  Process: /tb_pcie_axi_dma(TB_SCENARIO=2,FIFO_DEPTH=64,BATCH_COUNT=4,BATCH_TIMEOUT=64,SINK_STALL_EN=1'b1,SINK_STALL_PERIOD=4,SINK_STALL_READY=1)/dut/u_fifo/Always163_9  Scope: \tb_pcie_axi_dma(TB_SCENARIO=2,FIFO_DEPTH=64,BATCH_COUNT=4,BATCH_TIMEOUT=64,SINK_STALL_EN=1'b1,SINK_STALL_PERIOD=4,SINK_STALL_READY=1) .dut.u_fifo  File: /get/work/krishna.vardhan/git_trees/mtp_pcie_axi/pcie_axi_dma_latency/design/rtl/axis_fifo.sv Line: 165
Warning: [axis_fifo] FIFO full (depth=64) — upstream back-pressured at t=50405000
Time: 50405 ns  Iteration: 0  Process: /tb_pcie_axi_dma(TB_SCENARIO=2,FIFO_DEPTH=64,BATCH_COUNT=4,BATCH_TIMEOUT=64,SINK_STALL_EN=1'b1,SINK_STALL_PERIOD=4,SINK_STALL_READY=1)/dut/u_fifo/Always163_9  Scope: \tb_pcie_axi_dma(TB_SCENARIO=2,FIFO_DEPTH=64,BATCH_COUNT=4,BATCH_TIMEOUT=64,SINK_STALL_EN=1'b1,SINK_STALL_PERIOD=4,SINK_STALL_READY=1) .dut.u_fifo  File: /get/work/krishna.vardhan/git_trees/mtp_pcie_axi/pcie_axi_dma_latency/design/rtl/axis_fifo.sv Line: 165
Warning: [axis_fifo] FIFO full (depth=64) — upstream back-pressured at t=50415000
Time: 50415 ns  Iteration: 0  Process: /tb_pcie_axi_dma(TB_SCENARIO=2,FIFO_DEPTH=64,BATCH_COUNT=4,BATCH_TIMEOUT=64,SINK_STALL_EN=1'b1,SINK_STALL_PERIOD=4,SINK_STALL_READY=1)/dut/u_fifo/Always163_9  Scope: \tb_pcie_axi_dma(TB_SCENARIO=2,FIFO_DEPTH=64,BATCH_COUNT=4,BATCH_TIMEOUT=64,SINK_STALL_EN=1'b1,SINK_STALL_PERIOD=4,SINK_STALL_READY=1) .dut.u_fifo  File: /get/work/krishna.vardhan/git_trees/mtp_pcie_axi/pcie_axi_dma_latency/design/rtl/axis_fifo.sv Line: 165
Warning: [axis_fifo] FIFO full (depth=64) — upstream back-pressured at t=50435000
Time: 50435 ns  Iteration: 0  Process: /tb_pcie_axi_dma(TB_SCENARIO=2,FIFO_DEPTH=64,BATCH_COUNT=4,BATCH_TIMEOUT=64,SINK_STALL_EN=1'b1,SINK_STALL_PERIOD=4,SINK_STALL_READY=1)/dut/u_fifo/Always163_9  Scope: \tb_pcie_axi_dma(TB_SCENARIO=2,FIFO_DEPTH=64,BATCH_COUNT=4,BATCH_TIMEOUT=64,SINK_STALL_EN=1'b1,SINK_STALL_PERIOD=4,SINK_STALL_READY=1) .dut.u_fifo  File: /get/work/krishna.vardhan/git_trees/mtp_pcie_axi/pcie_axi_dma_latency/design/rtl/axis_fifo.sv Line: 165
Warning: [axis_fifo] FIFO full (depth=64) — upstream back-pressured at t=50445000
Time: 50445 ns  Iteration: 0  Process: /tb_pcie_axi_dma(TB_SCENARIO=2,FIFO_DEPTH=64,BATCH_COUNT=4,BATCH_TIMEOUT=64,SINK_STALL_EN=1'b1,SINK_STALL_PERIOD=4,SINK_STALL_READY=1)/dut/u_fifo/Always163_9  Scope: \tb_pcie_axi_dma(TB_SCENARIO=2,FIFO_DEPTH=64,BATCH_COUNT=4,BATCH_TIMEOUT=64,SINK_STALL_EN=1'b1,SINK_STALL_PERIOD=4,SINK_STALL_READY=1) .dut.u_fifo  File: /get/work/krishna.vardhan/git_trees/mtp_pcie_axi/pcie_axi_dma_latency/design/rtl/axis_fifo.sv Line: 165
Warning: [axis_fifo] FIFO full (depth=64) — upstream back-pressured at t=50455000
Time: 50455 ns  Iteration: 0  Process: /tb_pcie_axi_dma(TB_SCENARIO=2,FIFO_DEPTH=64,BATCH_COUNT=4,BATCH_TIMEOUT=64,SINK_STALL_EN=1'b1,SINK_STALL_PERIOD=4,SINK_STALL_READY=1)/dut/u_fifo/Always163_9  Scope: \tb_pcie_axi_dma(TB_SCENARIO=2,FIFO_DEPTH=64,BATCH_COUNT=4,BATCH_TIMEOUT=64,SINK_STALL_EN=1'b1,SINK_STALL_PERIOD=4,SINK_STALL_READY=1) .dut.u_fifo  File: /get/work/krishna.vardhan/git_trees/mtp_pcie_axi/pcie_axi_dma_latency/design/rtl/axis_fifo.sv Line: 165
Warning: [axis_fifo] FIFO full (depth=64) — upstream back-pressured at t=50475000
Time: 50475 ns  Iteration: 0  Process: /tb_pcie_axi_dma(TB_SCENARIO=2,FIFO_DEPTH=64,BATCH_COUNT=4,BATCH_TIMEOUT=64,SINK_STALL_EN=1'b1,SINK_STALL_PERIOD=4,SINK_STALL_READY=1)/dut/u_fifo/Always163_9  Scope: \tb_pcie_axi_dma(TB_SCENARIO=2,FIFO_DEPTH=64,BATCH_COUNT=4,BATCH_TIMEOUT=64,SINK_STALL_EN=1'b1,SINK_STALL_PERIOD=4,SINK_STALL_READY=1) .dut.u_fifo  File: /get/work/krishna.vardhan/git_trees/mtp_pcie_axi/pcie_axi_dma_latency/design/rtl/axis_fifo.sv Line: 165
Warning: [axis_fifo] FIFO full (depth=64) — upstream back-pressured at t=50485000
Time: 50485 ns  Iteration: 0  Process: /tb_pcie_axi_dma(TB_SCENARIO=2,FIFO_DEPTH=64,BATCH_COUNT=4,BATCH_TIMEOUT=64,SINK_STALL_EN=1'b1,SINK_STALL_PERIOD=4,SINK_STALL_READY=1)/dut/u_fifo/Always163_9  Scope: \tb_pcie_axi_dma(TB_SCENARIO=2,FIFO_DEPTH=64,BATCH_COUNT=4,BATCH_TIMEOUT=64,SINK_STALL_EN=1'b1,SINK_STALL_PERIOD=4,SINK_STALL_READY=1) .dut.u_fifo  File: /get/work/krishna.vardhan/git_trees/mtp_pcie_axi/pcie_axi_dma_latency/design/rtl/axis_fifo.sv Line: 165
Warning: [axis_fifo] FIFO full (depth=64) — upstream back-pressured at t=50495000
Time: 50495 ns  Iteration: 0  Process: /tb_pcie_axi_dma(TB_SCENARIO=2,FIFO_DEPTH=64,BATCH_COUNT=4,BATCH_TIMEOUT=64,SINK_STALL_EN=1'b1,SINK_STALL_PERIOD=4,SINK_STALL_READY=1)/dut/u_fifo/Always163_9  Scope: \tb_pcie_axi_dma(TB_SCENARIO=2,FIFO_DEPTH=64,BATCH_COUNT=4,BATCH_TIMEOUT=64,SINK_STALL_EN=1'b1,SINK_STALL_PERIOD=4,SINK_STALL_READY=1) .dut.u_fifo  File: /get/work/krishna.vardhan/git_trees/mtp_pcie_axi/pcie_axi_dma_latency/design/rtl/axis_fifo.sv Line: 165
Warning: [axis_fifo] FIFO full (depth=64) — upstream back-pressured at t=50515000
Time: 50515 ns  Iteration: 0  Process: /tb_pcie_axi_dma(TB_SCENARIO=2,FIFO_DEPTH=64,BATCH_COUNT=4,BATCH_TIMEOUT=64,SINK_STALL_EN=1'b1,SINK_STALL_PERIOD=4,SINK_STALL_READY=1)/dut/u_fifo/Always163_9  Scope: \tb_pcie_axi_dma(TB_SCENARIO=2,FIFO_DEPTH=64,BATCH_COUNT=4,BATCH_TIMEOUT=64,SINK_STALL_EN=1'b1,SINK_STALL_PERIOD=4,SINK_STALL_READY=1) .dut.u_fifo  File: /get/work/krishna.vardhan/git_trees/mtp_pcie_axi/pcie_axi_dma_latency/design/rtl/axis_fifo.sv Line: 165
Warning: [axis_fifo] FIFO full (depth=64) — upstream back-pressured at t=50525000
Time: 50525 ns  Iteration: 0  Process: /tb_pcie_axi_dma(TB_SCENARIO=2,FIFO_DEPTH=64,BATCH_COUNT=4,BATCH_TIMEOUT=64,SINK_STALL_EN=1'b1,SINK_STALL_PERIOD=4,SINK_STALL_READY=1)/dut/u_fifo/Always163_9  Scope: \tb_pcie_axi_dma(TB_SCENARIO=2,FIFO_DEPTH=64,BATCH_COUNT=4,BATCH_TIMEOUT=64,SINK_STALL_EN=1'b1,SINK_STALL_PERIOD=4,SINK_STALL_READY=1) .dut.u_fifo  File: /get/work/krishna.vardhan/git_trees/mtp_pcie_axi/pcie_axi_dma_latency/design/rtl/axis_fifo.sv Line: 165
Warning: [axis_fifo] FIFO full (depth=64) — upstream back-pressured at t=50535000
Time: 50535 ns  Iteration: 0  Process: /tb_pcie_axi_dma(TB_SCENARIO=2,FIFO_DEPTH=64,BATCH_COUNT=4,BATCH_TIMEOUT=64,SINK_STALL_EN=1'b1,SINK_STALL_PERIOD=4,SINK_STALL_READY=1)/dut/u_fifo/Always163_9  Scope: \tb_pcie_axi_dma(TB_SCENARIO=2,FIFO_DEPTH=64,BATCH_COUNT=4,BATCH_TIMEOUT=64,SINK_STALL_EN=1'b1,SINK_STALL_PERIOD=4,SINK_STALL_READY=1) .dut.u_fifo  File: /get/work/krishna.vardhan/git_trees/mtp_pcie_axi/pcie_axi_dma_latency/design/rtl/axis_fifo.sv Line: 165
Warning: [axis_fifo] FIFO full (depth=64) — upstream back-pressured at t=50555000
Time: 50555 ns  Iteration: 0  Process: /tb_pcie_axi_dma(TB_SCENARIO=2,FIFO_DEPTH=64,BATCH_COUNT=4,BATCH_TIMEOUT=64,SINK_STALL_EN=1'b1,SINK_STALL_PERIOD=4,SINK_STALL_READY=1)/dut/u_fifo/Always163_9  Scope: \tb_pcie_axi_dma(TB_SCENARIO=2,FIFO_DEPTH=64,BATCH_COUNT=4,BATCH_TIMEOUT=64,SINK_STALL_EN=1'b1,SINK_STALL_PERIOD=4,SINK_STALL_READY=1) .dut.u_fifo  File: /get/work/krishna.vardhan/git_trees/mtp_pcie_axi/pcie_axi_dma_latency/design/rtl/axis_fifo.sv Line: 165
Warning: [axis_fifo] FIFO full (depth=64) — upstream back-pressured at t=50565000
Time: 50565 ns  Iteration: 0  Process: /tb_pcie_axi_dma(TB_SCENARIO=2,FIFO_DEPTH=64,BATCH_COUNT=4,BATCH_TIMEOUT=64,SINK_STALL_EN=1'b1,SINK_STALL_PERIOD=4,SINK_STALL_READY=1)/dut/u_fifo/Always163_9  Scope: \tb_pcie_axi_dma(TB_SCENARIO=2,FIFO_DEPTH=64,BATCH_COUNT=4,BATCH_TIMEOUT=64,SINK_STALL_EN=1'b1,SINK_STALL_PERIOD=4,SINK_STALL_READY=1) .dut.u_fifo  File: /get/work/krishna.vardhan/git_trees/mtp_pcie_axi/pcie_axi_dma_latency/design/rtl/axis_fifo.sv Line: 165
Warning: [axis_fifo] FIFO full (depth=64) — upstream back-pressured at t=50575000
Time: 50575 ns  Iteration: 0  Process: /tb_pcie_axi_dma(TB_SCENARIO=2,FIFO_DEPTH=64,BATCH_COUNT=4,BATCH_TIMEOUT=64,SINK_STALL_EN=1'b1,SINK_STALL_PERIOD=4,SINK_STALL_READY=1)/dut/u_fifo/Always163_9  Scope: \tb_pcie_axi_dma(TB_SCENARIO=2,FIFO_DEPTH=64,BATCH_COUNT=4,BATCH_TIMEOUT=64,SINK_STALL_EN=1'b1,SINK_STALL_PERIOD=4,SINK_STALL_READY=1) .dut.u_fifo  File: /get/work/krishna.vardhan/git_trees/mtp_pcie_axi/pcie_axi_dma_latency/design/rtl/axis_fifo.sv Line: 165
Warning: [axis_fifo] FIFO full (depth=64) — upstream back-pressured at t=50595000
Time: 50595 ns  Iteration: 0  Process: /tb_pcie_axi_dma(TB_SCENARIO=2,FIFO_DEPTH=64,BATCH_COUNT=4,BATCH_TIMEOUT=64,SINK_STALL_EN=1'b1,SINK_STALL_PERIOD=4,SINK_STALL_READY=1)/dut/u_fifo/Always163_9  Scope: \tb_pcie_axi_dma(TB_SCENARIO=2,FIFO_DEPTH=64,BATCH_COUNT=4,BATCH_TIMEOUT=64,SINK_STALL_EN=1'b1,SINK_STALL_PERIOD=4,SINK_STALL_READY=1) .dut.u_fifo  File: /get/work/krishna.vardhan/git_trees/mtp_pcie_axi/pcie_axi_dma_latency/design/rtl/axis_fifo.sv Line: 165
Warning: [axis_fifo] FIFO full (depth=64) — upstream back-pressured at t=50605000
Time: 50605 ns  Iteration: 0  Process: /tb_pcie_axi_dma(TB_SCENARIO=2,FIFO_DEPTH=64,BATCH_COUNT=4,BATCH_TIMEOUT=64,SINK_STALL_EN=1'b1,SINK_STALL_PERIOD=4,SINK_STALL_READY=1)/dut/u_fifo/Always163_9  Scope: \tb_pcie_axi_dma(TB_SCENARIO=2,FIFO_DEPTH=64,BATCH_COUNT=4,BATCH_TIMEOUT=64,SINK_STALL_EN=1'b1,SINK_STALL_PERIOD=4,SINK_STALL_READY=1) .dut.u_fifo  File: /get/work/krishna.vardhan/git_trees/mtp_pcie_axi/pcie_axi_dma_latency/design/rtl/axis_fifo.sv Line: 165
Warning: [axis_fifo] FIFO full (depth=64) — upstream back-pressured at t=50615000
Time: 50615 ns  Iteration: 0  Process: /tb_pcie_axi_dma(TB_SCENARIO=2,FIFO_DEPTH=64,BATCH_COUNT=4,BATCH_TIMEOUT=64,SINK_STALL_EN=1'b1,SINK_STALL_PERIOD=4,SINK_STALL_READY=1)/dut/u_fifo/Always163_9  Scope: \tb_pcie_axi_dma(TB_SCENARIO=2,FIFO_DEPTH=64,BATCH_COUNT=4,BATCH_TIMEOUT=64,SINK_STALL_EN=1'b1,SINK_STALL_PERIOD=4,SINK_STALL_READY=1) .dut.u_fifo  File: /get/work/krishna.vardhan/git_trees/mtp_pcie_axi/pcie_axi_dma_latency/design/rtl/axis_fifo.sv Line: 165
Warning: [axis_fifo] FIFO full (depth=64) — upstream back-pressured at t=50635000
Time: 50635 ns  Iteration: 0  Process: /tb_pcie_axi_dma(TB_SCENARIO=2,FIFO_DEPTH=64,BATCH_COUNT=4,BATCH_TIMEOUT=64,SINK_STALL_EN=1'b1,SINK_STALL_PERIOD=4,SINK_STALL_READY=1)/dut/u_fifo/Always163_9  Scope: \tb_pcie_axi_dma(TB_SCENARIO=2,FIFO_DEPTH=64,BATCH_COUNT=4,BATCH_TIMEOUT=64,SINK_STALL_EN=1'b1,SINK_STALL_PERIOD=4,SINK_STALL_READY=1) .dut.u_fifo  File: /get/work/krishna.vardhan/git_trees/mtp_pcie_axi/pcie_axi_dma_latency/design/rtl/axis_fifo.sv Line: 165
Warning: [axis_fifo] FIFO full (depth=64) — upstream back-pressured at t=50645000
Time: 50645 ns  Iteration: 0  Process: /tb_pcie_axi_dma(TB_SCENARIO=2,FIFO_DEPTH=64,BATCH_COUNT=4,BATCH_TIMEOUT=64,SINK_STALL_EN=1'b1,SINK_STALL_PERIOD=4,SINK_STALL_READY=1)/dut/u_fifo/Always163_9  Scope: \tb_pcie_axi_dma(TB_SCENARIO=2,FIFO_DEPTH=64,BATCH_COUNT=4,BATCH_TIMEOUT=64,SINK_STALL_EN=1'b1,SINK_STALL_PERIOD=4,SINK_STALL_READY=1) .dut.u_fifo  File: /get/work/krishna.vardhan/git_trees/mtp_pcie_axi/pcie_axi_dma_latency/design/rtl/axis_fifo.sv Line: 165
Warning: [axis_fifo] FIFO full (depth=64) — upstream back-pressured at t=50655000
Time: 50655 ns  Iteration: 0  Process: /tb_pcie_axi_dma(TB_SCENARIO=2,FIFO_DEPTH=64,BATCH_COUNT=4,BATCH_TIMEOUT=64,SINK_STALL_EN=1'b1,SINK_STALL_PERIOD=4,SINK_STALL_READY=1)/dut/u_fifo/Always163_9  Scope: \tb_pcie_axi_dma(TB_SCENARIO=2,FIFO_DEPTH=64,BATCH_COUNT=4,BATCH_TIMEOUT=64,SINK_STALL_EN=1'b1,SINK_STALL_PERIOD=4,SINK_STALL_READY=1) .dut.u_fifo  File: /get/work/krishna.vardhan/git_trees/mtp_pcie_axi/pcie_axi_dma_latency/design/rtl/axis_fifo.sv Line: 165
Warning: [axis_fifo] FIFO full (depth=64) — upstream back-pressured at t=50675000
Time: 50675 ns  Iteration: 0  Process: /tb_pcie_axi_dma(TB_SCENARIO=2,FIFO_DEPTH=64,BATCH_COUNT=4,BATCH_TIMEOUT=64,SINK_STALL_EN=1'b1,SINK_STALL_PERIOD=4,SINK_STALL_READY=1)/dut/u_fifo/Always163_9  Scope: \tb_pcie_axi_dma(TB_SCENARIO=2,FIFO_DEPTH=64,BATCH_COUNT=4,BATCH_TIMEOUT=64,SINK_STALL_EN=1'b1,SINK_STALL_PERIOD=4,SINK_STALL_READY=1) .dut.u_fifo  File: /get/work/krishna.vardhan/git_trees/mtp_pcie_axi/pcie_axi_dma_latency/design/rtl/axis_fifo.sv Line: 165
Warning: [axis_fifo] FIFO full (depth=64) — upstream back-pressured at t=50685000
Time: 50685 ns  Iteration: 0  Process: /tb_pcie_axi_dma(TB_SCENARIO=2,FIFO_DEPTH=64,BATCH_COUNT=4,BATCH_TIMEOUT=64,SINK_STALL_EN=1'b1,SINK_STALL_PERIOD=4,SINK_STALL_READY=1)/dut/u_fifo/Always163_9  Scope: \tb_pcie_axi_dma(TB_SCENARIO=2,FIFO_DEPTH=64,BATCH_COUNT=4,BATCH_TIMEOUT=64,SINK_STALL_EN=1'b1,SINK_STALL_PERIOD=4,SINK_STALL_READY=1) .dut.u_fifo  File: /get/work/krishna.vardhan/git_trees/mtp_pcie_axi/pcie_axi_dma_latency/design/rtl/axis_fifo.sv Line: 165
Warning: [axis_fifo] FIFO full (depth=64) — upstream back-pressured at t=50695000
Time: 50695 ns  Iteration: 0  Process: /tb_pcie_axi_dma(TB_SCENARIO=2,FIFO_DEPTH=64,BATCH_COUNT=4,BATCH_TIMEOUT=64,SINK_STALL_EN=1'b1,SINK_STALL_PERIOD=4,SINK_STALL_READY=1)/dut/u_fifo/Always163_9  Scope: \tb_pcie_axi_dma(TB_SCENARIO=2,FIFO_DEPTH=64,BATCH_COUNT=4,BATCH_TIMEOUT=64,SINK_STALL_EN=1'b1,SINK_STALL_PERIOD=4,SINK_STALL_READY=1) .dut.u_fifo  File: /get/work/krishna.vardhan/git_trees/mtp_pcie_axi/pcie_axi_dma_latency/design/rtl/axis_fifo.sv Line: 165
Warning: [axis_fifo] FIFO full (depth=64) — upstream back-pressured at t=50715000
Time: 50715 ns  Iteration: 0  Process: /tb_pcie_axi_dma(TB_SCENARIO=2,FIFO_DEPTH=64,BATCH_COUNT=4,BATCH_TIMEOUT=64,SINK_STALL_EN=1'b1,SINK_STALL_PERIOD=4,SINK_STALL_READY=1)/dut/u_fifo/Always163_9  Scope: \tb_pcie_axi_dma(TB_SCENARIO=2,FIFO_DEPTH=64,BATCH_COUNT=4,BATCH_TIMEOUT=64,SINK_STALL_EN=1'b1,SINK_STALL_PERIOD=4,SINK_STALL_READY=1) .dut.u_fifo  File: /get/work/krishna.vardhan/git_trees/mtp_pcie_axi/pcie_axi_dma_latency/design/rtl/axis_fifo.sv Line: 165
Warning: [axis_fifo] FIFO full (depth=64) — upstream back-pressured at t=50725000
Time: 50725 ns  Iteration: 0  Process: /tb_pcie_axi_dma(TB_SCENARIO=2,FIFO_DEPTH=64,BATCH_COUNT=4,BATCH_TIMEOUT=64,SINK_STALL_EN=1'b1,SINK_STALL_PERIOD=4,SINK_STALL_READY=1)/dut/u_fifo/Always163_9  Scope: \tb_pcie_axi_dma(TB_SCENARIO=2,FIFO_DEPTH=64,BATCH_COUNT=4,BATCH_TIMEOUT=64,SINK_STALL_EN=1'b1,SINK_STALL_PERIOD=4,SINK_STALL_READY=1) .dut.u_fifo  File: /get/work/krishna.vardhan/git_trees/mtp_pcie_axi/pcie_axi_dma_latency/design/rtl/axis_fifo.sv Line: 165
Warning: [axis_fifo] FIFO full (depth=64) — upstream back-pressured at t=50735000
Time: 50735 ns  Iteration: 0  Process: /tb_pcie_axi_dma(TB_SCENARIO=2,FIFO_DEPTH=64,BATCH_COUNT=4,BATCH_TIMEOUT=64,SINK_STALL_EN=1'b1,SINK_STALL_PERIOD=4,SINK_STALL_READY=1)/dut/u_fifo/Always163_9  Scope: \tb_pcie_axi_dma(TB_SCENARIO=2,FIFO_DEPTH=64,BATCH_COUNT=4,BATCH_TIMEOUT=64,SINK_STALL_EN=1'b1,SINK_STALL_PERIOD=4,SINK_STALL_READY=1) .dut.u_fifo  File: /get/work/krishna.vardhan/git_trees/mtp_pcie_axi/pcie_axi_dma_latency/design/rtl/axis_fifo.sv Line: 165
Warning: [axis_fifo] FIFO full (depth=64) — upstream back-pressured at t=50755000
Time: 50755 ns  Iteration: 0  Process: /tb_pcie_axi_dma(TB_SCENARIO=2,FIFO_DEPTH=64,BATCH_COUNT=4,BATCH_TIMEOUT=64,SINK_STALL_EN=1'b1,SINK_STALL_PERIOD=4,SINK_STALL_READY=1)/dut/u_fifo/Always163_9  Scope: \tb_pcie_axi_dma(TB_SCENARIO=2,FIFO_DEPTH=64,BATCH_COUNT=4,BATCH_TIMEOUT=64,SINK_STALL_EN=1'b1,SINK_STALL_PERIOD=4,SINK_STALL_READY=1) .dut.u_fifo  File: /get/work/krishna.vardhan/git_trees/mtp_pcie_axi/pcie_axi_dma_latency/design/rtl/axis_fifo.sv Line: 165
Warning: [axis_fifo] FIFO full (depth=64) — upstream back-pressured at t=50765000
Time: 50765 ns  Iteration: 0  Process: /tb_pcie_axi_dma(TB_SCENARIO=2,FIFO_DEPTH=64,BATCH_COUNT=4,BATCH_TIMEOUT=64,SINK_STALL_EN=1'b1,SINK_STALL_PERIOD=4,SINK_STALL_READY=1)/dut/u_fifo/Always163_9  Scope: \tb_pcie_axi_dma(TB_SCENARIO=2,FIFO_DEPTH=64,BATCH_COUNT=4,BATCH_TIMEOUT=64,SINK_STALL_EN=1'b1,SINK_STALL_PERIOD=4,SINK_STALL_READY=1) .dut.u_fifo  File: /get/work/krishna.vardhan/git_trees/mtp_pcie_axi/pcie_axi_dma_latency/design/rtl/axis_fifo.sv Line: 165
Warning: [axis_fifo] FIFO full (depth=64) — upstream back-pressured at t=50775000
Time: 50775 ns  Iteration: 0  Process: /tb_pcie_axi_dma(TB_SCENARIO=2,FIFO_DEPTH=64,BATCH_COUNT=4,BATCH_TIMEOUT=64,SINK_STALL_EN=1'b1,SINK_STALL_PERIOD=4,SINK_STALL_READY=1)/dut/u_fifo/Always163_9  Scope: \tb_pcie_axi_dma(TB_SCENARIO=2,FIFO_DEPTH=64,BATCH_COUNT=4,BATCH_TIMEOUT=64,SINK_STALL_EN=1'b1,SINK_STALL_PERIOD=4,SINK_STALL_READY=1) .dut.u_fifo  File: /get/work/krishna.vardhan/git_trees/mtp_pcie_axi/pcie_axi_dma_latency/design/rtl/axis_fifo.sv Line: 165
Warning: [axis_fifo] FIFO full (depth=64) — upstream back-pressured at t=50795000
Time: 50795 ns  Iteration: 0  Process: /tb_pcie_axi_dma(TB_SCENARIO=2,FIFO_DEPTH=64,BATCH_COUNT=4,BATCH_TIMEOUT=64,SINK_STALL_EN=1'b1,SINK_STALL_PERIOD=4,SINK_STALL_READY=1)/dut/u_fifo/Always163_9  Scope: \tb_pcie_axi_dma(TB_SCENARIO=2,FIFO_DEPTH=64,BATCH_COUNT=4,BATCH_TIMEOUT=64,SINK_STALL_EN=1'b1,SINK_STALL_PERIOD=4,SINK_STALL_READY=1) .dut.u_fifo  File: /get/work/krishna.vardhan/git_trees/mtp_pcie_axi/pcie_axi_dma_latency/design/rtl/axis_fifo.sv Line: 165
Warning: [axis_fifo] FIFO full (depth=64) — upstream back-pressured at t=50805000
Time: 50805 ns  Iteration: 0  Process: /tb_pcie_axi_dma(TB_SCENARIO=2,FIFO_DEPTH=64,BATCH_COUNT=4,BATCH_TIMEOUT=64,SINK_STALL_EN=1'b1,SINK_STALL_PERIOD=4,SINK_STALL_READY=1)/dut/u_fifo/Always163_9  Scope: \tb_pcie_axi_dma(TB_SCENARIO=2,FIFO_DEPTH=64,BATCH_COUNT=4,BATCH_TIMEOUT=64,SINK_STALL_EN=1'b1,SINK_STALL_PERIOD=4,SINK_STALL_READY=1) .dut.u_fifo  File: /get/work/krishna.vardhan/git_trees/mtp_pcie_axi/pcie_axi_dma_latency/design/rtl/axis_fifo.sv Line: 165
Warning: [axis_fifo] FIFO full (depth=64) — upstream back-pressured at t=50815000
Time: 50815 ns  Iteration: 0  Process: /tb_pcie_axi_dma(TB_SCENARIO=2,FIFO_DEPTH=64,BATCH_COUNT=4,BATCH_TIMEOUT=64,SINK_STALL_EN=1'b1,SINK_STALL_PERIOD=4,SINK_STALL_READY=1)/dut/u_fifo/Always163_9  Scope: \tb_pcie_axi_dma(TB_SCENARIO=2,FIFO_DEPTH=64,BATCH_COUNT=4,BATCH_TIMEOUT=64,SINK_STALL_EN=1'b1,SINK_STALL_PERIOD=4,SINK_STALL_READY=1) .dut.u_fifo  File: /get/work/krishna.vardhan/git_trees/mtp_pcie_axi/pcie_axi_dma_latency/design/rtl/axis_fifo.sv Line: 165
Warning: [axis_fifo] FIFO full (depth=64) — upstream back-pressured at t=50835000
Time: 50835 ns  Iteration: 0  Process: /tb_pcie_axi_dma(TB_SCENARIO=2,FIFO_DEPTH=64,BATCH_COUNT=4,BATCH_TIMEOUT=64,SINK_STALL_EN=1'b1,SINK_STALL_PERIOD=4,SINK_STALL_READY=1)/dut/u_fifo/Always163_9  Scope: \tb_pcie_axi_dma(TB_SCENARIO=2,FIFO_DEPTH=64,BATCH_COUNT=4,BATCH_TIMEOUT=64,SINK_STALL_EN=1'b1,SINK_STALL_PERIOD=4,SINK_STALL_READY=1) .dut.u_fifo  File: /get/work/krishna.vardhan/git_trees/mtp_pcie_axi/pcie_axi_dma_latency/design/rtl/axis_fifo.sv Line: 165
Warning: [axis_fifo] FIFO full (depth=64) — upstream back-pressured at t=50845000
Time: 50845 ns  Iteration: 0  Process: /tb_pcie_axi_dma(TB_SCENARIO=2,FIFO_DEPTH=64,BATCH_COUNT=4,BATCH_TIMEOUT=64,SINK_STALL_EN=1'b1,SINK_STALL_PERIOD=4,SINK_STALL_READY=1)/dut/u_fifo/Always163_9  Scope: \tb_pcie_axi_dma(TB_SCENARIO=2,FIFO_DEPTH=64,BATCH_COUNT=4,BATCH_TIMEOUT=64,SINK_STALL_EN=1'b1,SINK_STALL_PERIOD=4,SINK_STALL_READY=1) .dut.u_fifo  File: /get/work/krishna.vardhan/git_trees/mtp_pcie_axi/pcie_axi_dma_latency/design/rtl/axis_fifo.sv Line: 165
Warning: [axis_fifo] FIFO full (depth=64) — upstream back-pressured at t=50855000
Time: 50855 ns  Iteration: 0  Process: /tb_pcie_axi_dma(TB_SCENARIO=2,FIFO_DEPTH=64,BATCH_COUNT=4,BATCH_TIMEOUT=64,SINK_STALL_EN=1'b1,SINK_STALL_PERIOD=4,SINK_STALL_READY=1)/dut/u_fifo/Always163_9  Scope: \tb_pcie_axi_dma(TB_SCENARIO=2,FIFO_DEPTH=64,BATCH_COUNT=4,BATCH_TIMEOUT=64,SINK_STALL_EN=1'b1,SINK_STALL_PERIOD=4,SINK_STALL_READY=1) .dut.u_fifo  File: /get/work/krishna.vardhan/git_trees/mtp_pcie_axi/pcie_axi_dma_latency/design/rtl/axis_fifo.sv Line: 165
Warning: [axis_fifo] FIFO full (depth=64) — upstream back-pressured at t=50875000
Time: 50875 ns  Iteration: 0  Process: /tb_pcie_axi_dma(TB_SCENARIO=2,FIFO_DEPTH=64,BATCH_COUNT=4,BATCH_TIMEOUT=64,SINK_STALL_EN=1'b1,SINK_STALL_PERIOD=4,SINK_STALL_READY=1)/dut/u_fifo/Always163_9  Scope: \tb_pcie_axi_dma(TB_SCENARIO=2,FIFO_DEPTH=64,BATCH_COUNT=4,BATCH_TIMEOUT=64,SINK_STALL_EN=1'b1,SINK_STALL_PERIOD=4,SINK_STALL_READY=1) .dut.u_fifo  File: /get/work/krishna.vardhan/git_trees/mtp_pcie_axi/pcie_axi_dma_latency/design/rtl/axis_fifo.sv Line: 165
Warning: [axis_fifo] FIFO full (depth=64) — upstream back-pressured at t=50885000
Time: 50885 ns  Iteration: 0  Process: /tb_pcie_axi_dma(TB_SCENARIO=2,FIFO_DEPTH=64,BATCH_COUNT=4,BATCH_TIMEOUT=64,SINK_STALL_EN=1'b1,SINK_STALL_PERIOD=4,SINK_STALL_READY=1)/dut/u_fifo/Always163_9  Scope: \tb_pcie_axi_dma(TB_SCENARIO=2,FIFO_DEPTH=64,BATCH_COUNT=4,BATCH_TIMEOUT=64,SINK_STALL_EN=1'b1,SINK_STALL_PERIOD=4,SINK_STALL_READY=1) .dut.u_fifo  File: /get/work/krishna.vardhan/git_trees/mtp_pcie_axi/pcie_axi_dma_latency/design/rtl/axis_fifo.sv Line: 165
Warning: [axis_fifo] FIFO full (depth=64) — upstream back-pressured at t=50895000
Time: 50895 ns  Iteration: 0  Process: /tb_pcie_axi_dma(TB_SCENARIO=2,FIFO_DEPTH=64,BATCH_COUNT=4,BATCH_TIMEOUT=64,SINK_STALL_EN=1'b1,SINK_STALL_PERIOD=4,SINK_STALL_READY=1)/dut/u_fifo/Always163_9  Scope: \tb_pcie_axi_dma(TB_SCENARIO=2,FIFO_DEPTH=64,BATCH_COUNT=4,BATCH_TIMEOUT=64,SINK_STALL_EN=1'b1,SINK_STALL_PERIOD=4,SINK_STALL_READY=1) .dut.u_fifo  File: /get/work/krishna.vardhan/git_trees/mtp_pcie_axi/pcie_axi_dma_latency/design/rtl/axis_fifo.sv Line: 165
Warning: [axis_fifo] FIFO full (depth=64) — upstream back-pressured at t=50915000
Time: 50915 ns  Iteration: 0  Process: /tb_pcie_axi_dma(TB_SCENARIO=2,FIFO_DEPTH=64,BATCH_COUNT=4,BATCH_TIMEOUT=64,SINK_STALL_EN=1'b1,SINK_STALL_PERIOD=4,SINK_STALL_READY=1)/dut/u_fifo/Always163_9  Scope: \tb_pcie_axi_dma(TB_SCENARIO=2,FIFO_DEPTH=64,BATCH_COUNT=4,BATCH_TIMEOUT=64,SINK_STALL_EN=1'b1,SINK_STALL_PERIOD=4,SINK_STALL_READY=1) .dut.u_fifo  File: /get/work/krishna.vardhan/git_trees/mtp_pcie_axi/pcie_axi_dma_latency/design/rtl/axis_fifo.sv Line: 165
Warning: [axis_fifo] FIFO full (depth=64) — upstream back-pressured at t=50925000
Time: 50925 ns  Iteration: 0  Process: /tb_pcie_axi_dma(TB_SCENARIO=2,FIFO_DEPTH=64,BATCH_COUNT=4,BATCH_TIMEOUT=64,SINK_STALL_EN=1'b1,SINK_STALL_PERIOD=4,SINK_STALL_READY=1)/dut/u_fifo/Always163_9  Scope: \tb_pcie_axi_dma(TB_SCENARIO=2,FIFO_DEPTH=64,BATCH_COUNT=4,BATCH_TIMEOUT=64,SINK_STALL_EN=1'b1,SINK_STALL_PERIOD=4,SINK_STALL_READY=1) .dut.u_fifo  File: /get/work/krishna.vardhan/git_trees/mtp_pcie_axi/pcie_axi_dma_latency/design/rtl/axis_fifo.sv Line: 165
Warning: [axis_fifo] FIFO full (depth=64) — upstream back-pressured at t=50935000
Time: 50935 ns  Iteration: 0  Process: /tb_pcie_axi_dma(TB_SCENARIO=2,FIFO_DEPTH=64,BATCH_COUNT=4,BATCH_TIMEOUT=64,SINK_STALL_EN=1'b1,SINK_STALL_PERIOD=4,SINK_STALL_READY=1)/dut/u_fifo/Always163_9  Scope: \tb_pcie_axi_dma(TB_SCENARIO=2,FIFO_DEPTH=64,BATCH_COUNT=4,BATCH_TIMEOUT=64,SINK_STALL_EN=1'b1,SINK_STALL_PERIOD=4,SINK_STALL_READY=1) .dut.u_fifo  File: /get/work/krishna.vardhan/git_trees/mtp_pcie_axi/pcie_axi_dma_latency/design/rtl/axis_fifo.sv Line: 165
Warning: [axis_fifo] FIFO full (depth=64) — upstream back-pressured at t=50955000
Time: 50955 ns  Iteration: 0  Process: /tb_pcie_axi_dma(TB_SCENARIO=2,FIFO_DEPTH=64,BATCH_COUNT=4,BATCH_TIMEOUT=64,SINK_STALL_EN=1'b1,SINK_STALL_PERIOD=4,SINK_STALL_READY=1)/dut/u_fifo/Always163_9  Scope: \tb_pcie_axi_dma(TB_SCENARIO=2,FIFO_DEPTH=64,BATCH_COUNT=4,BATCH_TIMEOUT=64,SINK_STALL_EN=1'b1,SINK_STALL_PERIOD=4,SINK_STALL_READY=1) .dut.u_fifo  File: /get/work/krishna.vardhan/git_trees/mtp_pcie_axi/pcie_axi_dma_latency/design/rtl/axis_fifo.sv Line: 165
Warning: [axis_fifo] FIFO full (depth=64) — upstream back-pressured at t=50965000
Time: 50965 ns  Iteration: 0  Process: /tb_pcie_axi_dma(TB_SCENARIO=2,FIFO_DEPTH=64,BATCH_COUNT=4,BATCH_TIMEOUT=64,SINK_STALL_EN=1'b1,SINK_STALL_PERIOD=4,SINK_STALL_READY=1)/dut/u_fifo/Always163_9  Scope: \tb_pcie_axi_dma(TB_SCENARIO=2,FIFO_DEPTH=64,BATCH_COUNT=4,BATCH_TIMEOUT=64,SINK_STALL_EN=1'b1,SINK_STALL_PERIOD=4,SINK_STALL_READY=1) .dut.u_fifo  File: /get/work/krishna.vardhan/git_trees/mtp_pcie_axi/pcie_axi_dma_latency/design/rtl/axis_fifo.sv Line: 165
Warning: [axis_fifo] FIFO full (depth=64) — upstream back-pressured at t=50975000
Time: 50975 ns  Iteration: 0  Process: /tb_pcie_axi_dma(TB_SCENARIO=2,FIFO_DEPTH=64,BATCH_COUNT=4,BATCH_TIMEOUT=64,SINK_STALL_EN=1'b1,SINK_STALL_PERIOD=4,SINK_STALL_READY=1)/dut/u_fifo/Always163_9  Scope: \tb_pcie_axi_dma(TB_SCENARIO=2,FIFO_DEPTH=64,BATCH_COUNT=4,BATCH_TIMEOUT=64,SINK_STALL_EN=1'b1,SINK_STALL_PERIOD=4,SINK_STALL_READY=1) .dut.u_fifo  File: /get/work/krishna.vardhan/git_trees/mtp_pcie_axi/pcie_axi_dma_latency/design/rtl/axis_fifo.sv Line: 165
Warning: [axis_fifo] FIFO full (depth=64) — upstream back-pressured at t=50995000
Time: 50995 ns  Iteration: 0  Process: /tb_pcie_axi_dma(TB_SCENARIO=2,FIFO_DEPTH=64,BATCH_COUNT=4,BATCH_TIMEOUT=64,SINK_STALL_EN=1'b1,SINK_STALL_PERIOD=4,SINK_STALL_READY=1)/dut/u_fifo/Always163_9  Scope: \tb_pcie_axi_dma(TB_SCENARIO=2,FIFO_DEPTH=64,BATCH_COUNT=4,BATCH_TIMEOUT=64,SINK_STALL_EN=1'b1,SINK_STALL_PERIOD=4,SINK_STALL_READY=1) .dut.u_fifo  File: /get/work/krishna.vardhan/git_trees/mtp_pcie_axi/pcie_axi_dma_latency/design/rtl/axis_fifo.sv Line: 165
Warning: [axis_fifo] FIFO full (depth=64) — upstream back-pressured at t=51005000
Time: 51005 ns  Iteration: 0  Process: /tb_pcie_axi_dma(TB_SCENARIO=2,FIFO_DEPTH=64,BATCH_COUNT=4,BATCH_TIMEOUT=64,SINK_STALL_EN=1'b1,SINK_STALL_PERIOD=4,SINK_STALL_READY=1)/dut/u_fifo/Always163_9  Scope: \tb_pcie_axi_dma(TB_SCENARIO=2,FIFO_DEPTH=64,BATCH_COUNT=4,BATCH_TIMEOUT=64,SINK_STALL_EN=1'b1,SINK_STALL_PERIOD=4,SINK_STALL_READY=1) .dut.u_fifo  File: /get/work/krishna.vardhan/git_trees/mtp_pcie_axi/pcie_axi_dma_latency/design/rtl/axis_fifo.sv Line: 165
Warning: [axis_fifo] FIFO full (depth=64) — upstream back-pressured at t=51015000
Time: 51015 ns  Iteration: 0  Process: /tb_pcie_axi_dma(TB_SCENARIO=2,FIFO_DEPTH=64,BATCH_COUNT=4,BATCH_TIMEOUT=64,SINK_STALL_EN=1'b1,SINK_STALL_PERIOD=4,SINK_STALL_READY=1)/dut/u_fifo/Always163_9  Scope: \tb_pcie_axi_dma(TB_SCENARIO=2,FIFO_DEPTH=64,BATCH_COUNT=4,BATCH_TIMEOUT=64,SINK_STALL_EN=1'b1,SINK_STALL_PERIOD=4,SINK_STALL_READY=1) .dut.u_fifo  File: /get/work/krishna.vardhan/git_trees/mtp_pcie_axi/pcie_axi_dma_latency/design/rtl/axis_fifo.sv Line: 165
Warning: [axis_fifo] FIFO full (depth=64) — upstream back-pressured at t=51035000
Time: 51035 ns  Iteration: 0  Process: /tb_pcie_axi_dma(TB_SCENARIO=2,FIFO_DEPTH=64,BATCH_COUNT=4,BATCH_TIMEOUT=64,SINK_STALL_EN=1'b1,SINK_STALL_PERIOD=4,SINK_STALL_READY=1)/dut/u_fifo/Always163_9  Scope: \tb_pcie_axi_dma(TB_SCENARIO=2,FIFO_DEPTH=64,BATCH_COUNT=4,BATCH_TIMEOUT=64,SINK_STALL_EN=1'b1,SINK_STALL_PERIOD=4,SINK_STALL_READY=1) .dut.u_fifo  File: /get/work/krishna.vardhan/git_trees/mtp_pcie_axi/pcie_axi_dma_latency/design/rtl/axis_fifo.sv Line: 165
Warning: [axis_fifo] FIFO full (depth=64) — upstream back-pressured at t=51045000
Time: 51045 ns  Iteration: 0  Process: /tb_pcie_axi_dma(TB_SCENARIO=2,FIFO_DEPTH=64,BATCH_COUNT=4,BATCH_TIMEOUT=64,SINK_STALL_EN=1'b1,SINK_STALL_PERIOD=4,SINK_STALL_READY=1)/dut/u_fifo/Always163_9  Scope: \tb_pcie_axi_dma(TB_SCENARIO=2,FIFO_DEPTH=64,BATCH_COUNT=4,BATCH_TIMEOUT=64,SINK_STALL_EN=1'b1,SINK_STALL_PERIOD=4,SINK_STALL_READY=1) .dut.u_fifo  File: /get/work/krishna.vardhan/git_trees/mtp_pcie_axi/pcie_axi_dma_latency/design/rtl/axis_fifo.sv Line: 165
Warning: [axis_fifo] FIFO full (depth=64) — upstream back-pressured at t=51055000
Time: 51055 ns  Iteration: 0  Process: /tb_pcie_axi_dma(TB_SCENARIO=2,FIFO_DEPTH=64,BATCH_COUNT=4,BATCH_TIMEOUT=64,SINK_STALL_EN=1'b1,SINK_STALL_PERIOD=4,SINK_STALL_READY=1)/dut/u_fifo/Always163_9  Scope: \tb_pcie_axi_dma(TB_SCENARIO=2,FIFO_DEPTH=64,BATCH_COUNT=4,BATCH_TIMEOUT=64,SINK_STALL_EN=1'b1,SINK_STALL_PERIOD=4,SINK_STALL_READY=1) .dut.u_fifo  File: /get/work/krishna.vardhan/git_trees/mtp_pcie_axi/pcie_axi_dma_latency/design/rtl/axis_fifo.sv Line: 165
Warning: [axis_fifo] FIFO full (depth=64) — upstream back-pressured at t=51075000
Time: 51075 ns  Iteration: 0  Process: /tb_pcie_axi_dma(TB_SCENARIO=2,FIFO_DEPTH=64,BATCH_COUNT=4,BATCH_TIMEOUT=64,SINK_STALL_EN=1'b1,SINK_STALL_PERIOD=4,SINK_STALL_READY=1)/dut/u_fifo/Always163_9  Scope: \tb_pcie_axi_dma(TB_SCENARIO=2,FIFO_DEPTH=64,BATCH_COUNT=4,BATCH_TIMEOUT=64,SINK_STALL_EN=1'b1,SINK_STALL_PERIOD=4,SINK_STALL_READY=1) .dut.u_fifo  File: /get/work/krishna.vardhan/git_trees/mtp_pcie_axi/pcie_axi_dma_latency/design/rtl/axis_fifo.sv Line: 165
Warning: [axis_fifo] FIFO full (depth=64) — upstream back-pressured at t=51085000
Time: 51085 ns  Iteration: 0  Process: /tb_pcie_axi_dma(TB_SCENARIO=2,FIFO_DEPTH=64,BATCH_COUNT=4,BATCH_TIMEOUT=64,SINK_STALL_EN=1'b1,SINK_STALL_PERIOD=4,SINK_STALL_READY=1)/dut/u_fifo/Always163_9  Scope: \tb_pcie_axi_dma(TB_SCENARIO=2,FIFO_DEPTH=64,BATCH_COUNT=4,BATCH_TIMEOUT=64,SINK_STALL_EN=1'b1,SINK_STALL_PERIOD=4,SINK_STALL_READY=1) .dut.u_fifo  File: /get/work/krishna.vardhan/git_trees/mtp_pcie_axi/pcie_axi_dma_latency/design/rtl/axis_fifo.sv Line: 165
Warning: [axis_fifo] FIFO full (depth=64) — upstream back-pressured at t=51095000
Time: 51095 ns  Iteration: 0  Process: /tb_pcie_axi_dma(TB_SCENARIO=2,FIFO_DEPTH=64,BATCH_COUNT=4,BATCH_TIMEOUT=64,SINK_STALL_EN=1'b1,SINK_STALL_PERIOD=4,SINK_STALL_READY=1)/dut/u_fifo/Always163_9  Scope: \tb_pcie_axi_dma(TB_SCENARIO=2,FIFO_DEPTH=64,BATCH_COUNT=4,BATCH_TIMEOUT=64,SINK_STALL_EN=1'b1,SINK_STALL_PERIOD=4,SINK_STALL_READY=1) .dut.u_fifo  File: /get/work/krishna.vardhan/git_trees/mtp_pcie_axi/pcie_axi_dma_latency/design/rtl/axis_fifo.sv Line: 165
Warning: [axis_fifo] FIFO full (depth=64) — upstream back-pressured at t=51115000
Time: 51115 ns  Iteration: 0  Process: /tb_pcie_axi_dma(TB_SCENARIO=2,FIFO_DEPTH=64,BATCH_COUNT=4,BATCH_TIMEOUT=64,SINK_STALL_EN=1'b1,SINK_STALL_PERIOD=4,SINK_STALL_READY=1)/dut/u_fifo/Always163_9  Scope: \tb_pcie_axi_dma(TB_SCENARIO=2,FIFO_DEPTH=64,BATCH_COUNT=4,BATCH_TIMEOUT=64,SINK_STALL_EN=1'b1,SINK_STALL_PERIOD=4,SINK_STALL_READY=1) .dut.u_fifo  File: /get/work/krishna.vardhan/git_trees/mtp_pcie_axi/pcie_axi_dma_latency/design/rtl/axis_fifo.sv Line: 165
Warning: [axis_fifo] FIFO full (depth=64) — upstream back-pressured at t=51125000
Time: 51125 ns  Iteration: 0  Process: /tb_pcie_axi_dma(TB_SCENARIO=2,FIFO_DEPTH=64,BATCH_COUNT=4,BATCH_TIMEOUT=64,SINK_STALL_EN=1'b1,SINK_STALL_PERIOD=4,SINK_STALL_READY=1)/dut/u_fifo/Always163_9  Scope: \tb_pcie_axi_dma(TB_SCENARIO=2,FIFO_DEPTH=64,BATCH_COUNT=4,BATCH_TIMEOUT=64,SINK_STALL_EN=1'b1,SINK_STALL_PERIOD=4,SINK_STALL_READY=1) .dut.u_fifo  File: /get/work/krishna.vardhan/git_trees/mtp_pcie_axi/pcie_axi_dma_latency/design/rtl/axis_fifo.sv Line: 165
Warning: [axis_fifo] FIFO full (depth=64) — upstream back-pressured at t=51135000
Time: 51135 ns  Iteration: 0  Process: /tb_pcie_axi_dma(TB_SCENARIO=2,FIFO_DEPTH=64,BATCH_COUNT=4,BATCH_TIMEOUT=64,SINK_STALL_EN=1'b1,SINK_STALL_PERIOD=4,SINK_STALL_READY=1)/dut/u_fifo/Always163_9  Scope: \tb_pcie_axi_dma(TB_SCENARIO=2,FIFO_DEPTH=64,BATCH_COUNT=4,BATCH_TIMEOUT=64,SINK_STALL_EN=1'b1,SINK_STALL_PERIOD=4,SINK_STALL_READY=1) .dut.u_fifo  File: /get/work/krishna.vardhan/git_trees/mtp_pcie_axi/pcie_axi_dma_latency/design/rtl/axis_fifo.sv Line: 165
Warning: [axis_fifo] FIFO full (depth=64) — upstream back-pressured at t=51155000
Time: 51155 ns  Iteration: 0  Process: /tb_pcie_axi_dma(TB_SCENARIO=2,FIFO_DEPTH=64,BATCH_COUNT=4,BATCH_TIMEOUT=64,SINK_STALL_EN=1'b1,SINK_STALL_PERIOD=4,SINK_STALL_READY=1)/dut/u_fifo/Always163_9  Scope: \tb_pcie_axi_dma(TB_SCENARIO=2,FIFO_DEPTH=64,BATCH_COUNT=4,BATCH_TIMEOUT=64,SINK_STALL_EN=1'b1,SINK_STALL_PERIOD=4,SINK_STALL_READY=1) .dut.u_fifo  File: /get/work/krishna.vardhan/git_trees/mtp_pcie_axi/pcie_axi_dma_latency/design/rtl/axis_fifo.sv Line: 165
Warning: [axis_fifo] FIFO full (depth=64) — upstream back-pressured at t=51165000
Time: 51165 ns  Iteration: 0  Process: /tb_pcie_axi_dma(TB_SCENARIO=2,FIFO_DEPTH=64,BATCH_COUNT=4,BATCH_TIMEOUT=64,SINK_STALL_EN=1'b1,SINK_STALL_PERIOD=4,SINK_STALL_READY=1)/dut/u_fifo/Always163_9  Scope: \tb_pcie_axi_dma(TB_SCENARIO=2,FIFO_DEPTH=64,BATCH_COUNT=4,BATCH_TIMEOUT=64,SINK_STALL_EN=1'b1,SINK_STALL_PERIOD=4,SINK_STALL_READY=1) .dut.u_fifo  File: /get/work/krishna.vardhan/git_trees/mtp_pcie_axi/pcie_axi_dma_latency/design/rtl/axis_fifo.sv Line: 165
Warning: [axis_fifo] FIFO full (depth=64) — upstream back-pressured at t=51175000
Time: 51175 ns  Iteration: 0  Process: /tb_pcie_axi_dma(TB_SCENARIO=2,FIFO_DEPTH=64,BATCH_COUNT=4,BATCH_TIMEOUT=64,SINK_STALL_EN=1'b1,SINK_STALL_PERIOD=4,SINK_STALL_READY=1)/dut/u_fifo/Always163_9  Scope: \tb_pcie_axi_dma(TB_SCENARIO=2,FIFO_DEPTH=64,BATCH_COUNT=4,BATCH_TIMEOUT=64,SINK_STALL_EN=1'b1,SINK_STALL_PERIOD=4,SINK_STALL_READY=1) .dut.u_fifo  File: /get/work/krishna.vardhan/git_trees/mtp_pcie_axi/pcie_axi_dma_latency/design/rtl/axis_fifo.sv Line: 165
Warning: [axis_fifo] FIFO full (depth=64) — upstream back-pressured at t=51195000
Time: 51195 ns  Iteration: 0  Process: /tb_pcie_axi_dma(TB_SCENARIO=2,FIFO_DEPTH=64,BATCH_COUNT=4,BATCH_TIMEOUT=64,SINK_STALL_EN=1'b1,SINK_STALL_PERIOD=4,SINK_STALL_READY=1)/dut/u_fifo/Always163_9  Scope: \tb_pcie_axi_dma(TB_SCENARIO=2,FIFO_DEPTH=64,BATCH_COUNT=4,BATCH_TIMEOUT=64,SINK_STALL_EN=1'b1,SINK_STALL_PERIOD=4,SINK_STALL_READY=1) .dut.u_fifo  File: /get/work/krishna.vardhan/git_trees/mtp_pcie_axi/pcie_axi_dma_latency/design/rtl/axis_fifo.sv Line: 165
Warning: [axis_fifo] FIFO full (depth=64) — upstream back-pressured at t=51205000
Time: 51205 ns  Iteration: 0  Process: /tb_pcie_axi_dma(TB_SCENARIO=2,FIFO_DEPTH=64,BATCH_COUNT=4,BATCH_TIMEOUT=64,SINK_STALL_EN=1'b1,SINK_STALL_PERIOD=4,SINK_STALL_READY=1)/dut/u_fifo/Always163_9  Scope: \tb_pcie_axi_dma(TB_SCENARIO=2,FIFO_DEPTH=64,BATCH_COUNT=4,BATCH_TIMEOUT=64,SINK_STALL_EN=1'b1,SINK_STALL_PERIOD=4,SINK_STALL_READY=1) .dut.u_fifo  File: /get/work/krishna.vardhan/git_trees/mtp_pcie_axi/pcie_axi_dma_latency/design/rtl/axis_fifo.sv Line: 165
Warning: [axis_fifo] FIFO full (depth=64) — upstream back-pressured at t=51215000
Time: 51215 ns  Iteration: 0  Process: /tb_pcie_axi_dma(TB_SCENARIO=2,FIFO_DEPTH=64,BATCH_COUNT=4,BATCH_TIMEOUT=64,SINK_STALL_EN=1'b1,SINK_STALL_PERIOD=4,SINK_STALL_READY=1)/dut/u_fifo/Always163_9  Scope: \tb_pcie_axi_dma(TB_SCENARIO=2,FIFO_DEPTH=64,BATCH_COUNT=4,BATCH_TIMEOUT=64,SINK_STALL_EN=1'b1,SINK_STALL_PERIOD=4,SINK_STALL_READY=1) .dut.u_fifo  File: /get/work/krishna.vardhan/git_trees/mtp_pcie_axi/pcie_axi_dma_latency/design/rtl/axis_fifo.sv Line: 165
Warning: [axis_fifo] FIFO full (depth=64) — upstream back-pressured at t=51235000
Time: 51235 ns  Iteration: 0  Process: /tb_pcie_axi_dma(TB_SCENARIO=2,FIFO_DEPTH=64,BATCH_COUNT=4,BATCH_TIMEOUT=64,SINK_STALL_EN=1'b1,SINK_STALL_PERIOD=4,SINK_STALL_READY=1)/dut/u_fifo/Always163_9  Scope: \tb_pcie_axi_dma(TB_SCENARIO=2,FIFO_DEPTH=64,BATCH_COUNT=4,BATCH_TIMEOUT=64,SINK_STALL_EN=1'b1,SINK_STALL_PERIOD=4,SINK_STALL_READY=1) .dut.u_fifo  File: /get/work/krishna.vardhan/git_trees/mtp_pcie_axi/pcie_axi_dma_latency/design/rtl/axis_fifo.sv Line: 165
Warning: [axis_fifo] FIFO full (depth=64) — upstream back-pressured at t=51245000
Time: 51245 ns  Iteration: 0  Process: /tb_pcie_axi_dma(TB_SCENARIO=2,FIFO_DEPTH=64,BATCH_COUNT=4,BATCH_TIMEOUT=64,SINK_STALL_EN=1'b1,SINK_STALL_PERIOD=4,SINK_STALL_READY=1)/dut/u_fifo/Always163_9  Scope: \tb_pcie_axi_dma(TB_SCENARIO=2,FIFO_DEPTH=64,BATCH_COUNT=4,BATCH_TIMEOUT=64,SINK_STALL_EN=1'b1,SINK_STALL_PERIOD=4,SINK_STALL_READY=1) .dut.u_fifo  File: /get/work/krishna.vardhan/git_trees/mtp_pcie_axi/pcie_axi_dma_latency/design/rtl/axis_fifo.sv Line: 165
Warning: [axis_fifo] FIFO full (depth=64) — upstream back-pressured at t=51255000
Time: 51255 ns  Iteration: 0  Process: /tb_pcie_axi_dma(TB_SCENARIO=2,FIFO_DEPTH=64,BATCH_COUNT=4,BATCH_TIMEOUT=64,SINK_STALL_EN=1'b1,SINK_STALL_PERIOD=4,SINK_STALL_READY=1)/dut/u_fifo/Always163_9  Scope: \tb_pcie_axi_dma(TB_SCENARIO=2,FIFO_DEPTH=64,BATCH_COUNT=4,BATCH_TIMEOUT=64,SINK_STALL_EN=1'b1,SINK_STALL_PERIOD=4,SINK_STALL_READY=1) .dut.u_fifo  File: /get/work/krishna.vardhan/git_trees/mtp_pcie_axi/pcie_axi_dma_latency/design/rtl/axis_fifo.sv Line: 165
Warning: [axis_fifo] FIFO full (depth=64) — upstream back-pressured at t=51275000
Time: 51275 ns  Iteration: 0  Process: /tb_pcie_axi_dma(TB_SCENARIO=2,FIFO_DEPTH=64,BATCH_COUNT=4,BATCH_TIMEOUT=64,SINK_STALL_EN=1'b1,SINK_STALL_PERIOD=4,SINK_STALL_READY=1)/dut/u_fifo/Always163_9  Scope: \tb_pcie_axi_dma(TB_SCENARIO=2,FIFO_DEPTH=64,BATCH_COUNT=4,BATCH_TIMEOUT=64,SINK_STALL_EN=1'b1,SINK_STALL_PERIOD=4,SINK_STALL_READY=1) .dut.u_fifo  File: /get/work/krishna.vardhan/git_trees/mtp_pcie_axi/pcie_axi_dma_latency/design/rtl/axis_fifo.sv Line: 165
Warning: [axis_fifo] FIFO full (depth=64) — upstream back-pressured at t=51285000
Time: 51285 ns  Iteration: 0  Process: /tb_pcie_axi_dma(TB_SCENARIO=2,FIFO_DEPTH=64,BATCH_COUNT=4,BATCH_TIMEOUT=64,SINK_STALL_EN=1'b1,SINK_STALL_PERIOD=4,SINK_STALL_READY=1)/dut/u_fifo/Always163_9  Scope: \tb_pcie_axi_dma(TB_SCENARIO=2,FIFO_DEPTH=64,BATCH_COUNT=4,BATCH_TIMEOUT=64,SINK_STALL_EN=1'b1,SINK_STALL_PERIOD=4,SINK_STALL_READY=1) .dut.u_fifo  File: /get/work/krishna.vardhan/git_trees/mtp_pcie_axi/pcie_axi_dma_latency/design/rtl/axis_fifo.sv Line: 165
Warning: [axis_fifo] FIFO full (depth=64) — upstream back-pressured at t=51295000
Time: 51295 ns  Iteration: 0  Process: /tb_pcie_axi_dma(TB_SCENARIO=2,FIFO_DEPTH=64,BATCH_COUNT=4,BATCH_TIMEOUT=64,SINK_STALL_EN=1'b1,SINK_STALL_PERIOD=4,SINK_STALL_READY=1)/dut/u_fifo/Always163_9  Scope: \tb_pcie_axi_dma(TB_SCENARIO=2,FIFO_DEPTH=64,BATCH_COUNT=4,BATCH_TIMEOUT=64,SINK_STALL_EN=1'b1,SINK_STALL_PERIOD=4,SINK_STALL_READY=1) .dut.u_fifo  File: /get/work/krishna.vardhan/git_trees/mtp_pcie_axi/pcie_axi_dma_latency/design/rtl/axis_fifo.sv Line: 165
Warning: [axis_fifo] FIFO full (depth=64) — upstream back-pressured at t=51315000
Time: 51315 ns  Iteration: 0  Process: /tb_pcie_axi_dma(TB_SCENARIO=2,FIFO_DEPTH=64,BATCH_COUNT=4,BATCH_TIMEOUT=64,SINK_STALL_EN=1'b1,SINK_STALL_PERIOD=4,SINK_STALL_READY=1)/dut/u_fifo/Always163_9  Scope: \tb_pcie_axi_dma(TB_SCENARIO=2,FIFO_DEPTH=64,BATCH_COUNT=4,BATCH_TIMEOUT=64,SINK_STALL_EN=1'b1,SINK_STALL_PERIOD=4,SINK_STALL_READY=1) .dut.u_fifo  File: /get/work/krishna.vardhan/git_trees/mtp_pcie_axi/pcie_axi_dma_latency/design/rtl/axis_fifo.sv Line: 165
Warning: [axis_fifo] FIFO full (depth=64) — upstream back-pressured at t=51325000
Time: 51325 ns  Iteration: 0  Process: /tb_pcie_axi_dma(TB_SCENARIO=2,FIFO_DEPTH=64,BATCH_COUNT=4,BATCH_TIMEOUT=64,SINK_STALL_EN=1'b1,SINK_STALL_PERIOD=4,SINK_STALL_READY=1)/dut/u_fifo/Always163_9  Scope: \tb_pcie_axi_dma(TB_SCENARIO=2,FIFO_DEPTH=64,BATCH_COUNT=4,BATCH_TIMEOUT=64,SINK_STALL_EN=1'b1,SINK_STALL_PERIOD=4,SINK_STALL_READY=1) .dut.u_fifo  File: /get/work/krishna.vardhan/git_trees/mtp_pcie_axi/pcie_axi_dma_latency/design/rtl/axis_fifo.sv Line: 165
Warning: [axis_fifo] FIFO full (depth=64) — upstream back-pressured at t=51335000
Time: 51335 ns  Iteration: 0  Process: /tb_pcie_axi_dma(TB_SCENARIO=2,FIFO_DEPTH=64,BATCH_COUNT=4,BATCH_TIMEOUT=64,SINK_STALL_EN=1'b1,SINK_STALL_PERIOD=4,SINK_STALL_READY=1)/dut/u_fifo/Always163_9  Scope: \tb_pcie_axi_dma(TB_SCENARIO=2,FIFO_DEPTH=64,BATCH_COUNT=4,BATCH_TIMEOUT=64,SINK_STALL_EN=1'b1,SINK_STALL_PERIOD=4,SINK_STALL_READY=1) .dut.u_fifo  File: /get/work/krishna.vardhan/git_trees/mtp_pcie_axi/pcie_axi_dma_latency/design/rtl/axis_fifo.sv Line: 165
Warning: [axis_fifo] FIFO full (depth=64) — upstream back-pressured at t=51355000
Time: 51355 ns  Iteration: 0  Process: /tb_pcie_axi_dma(TB_SCENARIO=2,FIFO_DEPTH=64,BATCH_COUNT=4,BATCH_TIMEOUT=64,SINK_STALL_EN=1'b1,SINK_STALL_PERIOD=4,SINK_STALL_READY=1)/dut/u_fifo/Always163_9  Scope: \tb_pcie_axi_dma(TB_SCENARIO=2,FIFO_DEPTH=64,BATCH_COUNT=4,BATCH_TIMEOUT=64,SINK_STALL_EN=1'b1,SINK_STALL_PERIOD=4,SINK_STALL_READY=1) .dut.u_fifo  File: /get/work/krishna.vardhan/git_trees/mtp_pcie_axi/pcie_axi_dma_latency/design/rtl/axis_fifo.sv Line: 165
Warning: [axis_fifo] FIFO full (depth=64) — upstream back-pressured at t=51365000
Time: 51365 ns  Iteration: 0  Process: /tb_pcie_axi_dma(TB_SCENARIO=2,FIFO_DEPTH=64,BATCH_COUNT=4,BATCH_TIMEOUT=64,SINK_STALL_EN=1'b1,SINK_STALL_PERIOD=4,SINK_STALL_READY=1)/dut/u_fifo/Always163_9  Scope: \tb_pcie_axi_dma(TB_SCENARIO=2,FIFO_DEPTH=64,BATCH_COUNT=4,BATCH_TIMEOUT=64,SINK_STALL_EN=1'b1,SINK_STALL_PERIOD=4,SINK_STALL_READY=1) .dut.u_fifo  File: /get/work/krishna.vardhan/git_trees/mtp_pcie_axi/pcie_axi_dma_latency/design/rtl/axis_fifo.sv Line: 165
Warning: [axis_fifo] FIFO full (depth=64) — upstream back-pressured at t=51375000
Time: 51375 ns  Iteration: 0  Process: /tb_pcie_axi_dma(TB_SCENARIO=2,FIFO_DEPTH=64,BATCH_COUNT=4,BATCH_TIMEOUT=64,SINK_STALL_EN=1'b1,SINK_STALL_PERIOD=4,SINK_STALL_READY=1)/dut/u_fifo/Always163_9  Scope: \tb_pcie_axi_dma(TB_SCENARIO=2,FIFO_DEPTH=64,BATCH_COUNT=4,BATCH_TIMEOUT=64,SINK_STALL_EN=1'b1,SINK_STALL_PERIOD=4,SINK_STALL_READY=1) .dut.u_fifo  File: /get/work/krishna.vardhan/git_trees/mtp_pcie_axi/pcie_axi_dma_latency/design/rtl/axis_fifo.sv Line: 165
Warning: [axis_fifo] FIFO full (depth=64) — upstream back-pressured at t=51395000
Time: 51395 ns  Iteration: 0  Process: /tb_pcie_axi_dma(TB_SCENARIO=2,FIFO_DEPTH=64,BATCH_COUNT=4,BATCH_TIMEOUT=64,SINK_STALL_EN=1'b1,SINK_STALL_PERIOD=4,SINK_STALL_READY=1)/dut/u_fifo/Always163_9  Scope: \tb_pcie_axi_dma(TB_SCENARIO=2,FIFO_DEPTH=64,BATCH_COUNT=4,BATCH_TIMEOUT=64,SINK_STALL_EN=1'b1,SINK_STALL_PERIOD=4,SINK_STALL_READY=1) .dut.u_fifo  File: /get/work/krishna.vardhan/git_trees/mtp_pcie_axi/pcie_axi_dma_latency/design/rtl/axis_fifo.sv Line: 165
Warning: [axis_fifo] FIFO full (depth=64) — upstream back-pressured at t=51405000
Time: 51405 ns  Iteration: 0  Process: /tb_pcie_axi_dma(TB_SCENARIO=2,FIFO_DEPTH=64,BATCH_COUNT=4,BATCH_TIMEOUT=64,SINK_STALL_EN=1'b1,SINK_STALL_PERIOD=4,SINK_STALL_READY=1)/dut/u_fifo/Always163_9  Scope: \tb_pcie_axi_dma(TB_SCENARIO=2,FIFO_DEPTH=64,BATCH_COUNT=4,BATCH_TIMEOUT=64,SINK_STALL_EN=1'b1,SINK_STALL_PERIOD=4,SINK_STALL_READY=1) .dut.u_fifo  File: /get/work/krishna.vardhan/git_trees/mtp_pcie_axi/pcie_axi_dma_latency/design/rtl/axis_fifo.sv Line: 165
Warning: [axis_fifo] FIFO full (depth=64) — upstream back-pressured at t=51415000
Time: 51415 ns  Iteration: 0  Process: /tb_pcie_axi_dma(TB_SCENARIO=2,FIFO_DEPTH=64,BATCH_COUNT=4,BATCH_TIMEOUT=64,SINK_STALL_EN=1'b1,SINK_STALL_PERIOD=4,SINK_STALL_READY=1)/dut/u_fifo/Always163_9  Scope: \tb_pcie_axi_dma(TB_SCENARIO=2,FIFO_DEPTH=64,BATCH_COUNT=4,BATCH_TIMEOUT=64,SINK_STALL_EN=1'b1,SINK_STALL_PERIOD=4,SINK_STALL_READY=1) .dut.u_fifo  File: /get/work/krishna.vardhan/git_trees/mtp_pcie_axi/pcie_axi_dma_latency/design/rtl/axis_fifo.sv Line: 165
Warning: [axis_fifo] FIFO full (depth=64) — upstream back-pressured at t=51435000
Time: 51435 ns  Iteration: 0  Process: /tb_pcie_axi_dma(TB_SCENARIO=2,FIFO_DEPTH=64,BATCH_COUNT=4,BATCH_TIMEOUT=64,SINK_STALL_EN=1'b1,SINK_STALL_PERIOD=4,SINK_STALL_READY=1)/dut/u_fifo/Always163_9  Scope: \tb_pcie_axi_dma(TB_SCENARIO=2,FIFO_DEPTH=64,BATCH_COUNT=4,BATCH_TIMEOUT=64,SINK_STALL_EN=1'b1,SINK_STALL_PERIOD=4,SINK_STALL_READY=1) .dut.u_fifo  File: /get/work/krishna.vardhan/git_trees/mtp_pcie_axi/pcie_axi_dma_latency/design/rtl/axis_fifo.sv Line: 165
Warning: [axis_fifo] FIFO full (depth=64) — upstream back-pressured at t=51445000
Time: 51445 ns  Iteration: 0  Process: /tb_pcie_axi_dma(TB_SCENARIO=2,FIFO_DEPTH=64,BATCH_COUNT=4,BATCH_TIMEOUT=64,SINK_STALL_EN=1'b1,SINK_STALL_PERIOD=4,SINK_STALL_READY=1)/dut/u_fifo/Always163_9  Scope: \tb_pcie_axi_dma(TB_SCENARIO=2,FIFO_DEPTH=64,BATCH_COUNT=4,BATCH_TIMEOUT=64,SINK_STALL_EN=1'b1,SINK_STALL_PERIOD=4,SINK_STALL_READY=1) .dut.u_fifo  File: /get/work/krishna.vardhan/git_trees/mtp_pcie_axi/pcie_axi_dma_latency/design/rtl/axis_fifo.sv Line: 165
Warning: [axis_fifo] FIFO full (depth=64) — upstream back-pressured at t=51455000
Time: 51455 ns  Iteration: 0  Process: /tb_pcie_axi_dma(TB_SCENARIO=2,FIFO_DEPTH=64,BATCH_COUNT=4,BATCH_TIMEOUT=64,SINK_STALL_EN=1'b1,SINK_STALL_PERIOD=4,SINK_STALL_READY=1)/dut/u_fifo/Always163_9  Scope: \tb_pcie_axi_dma(TB_SCENARIO=2,FIFO_DEPTH=64,BATCH_COUNT=4,BATCH_TIMEOUT=64,SINK_STALL_EN=1'b1,SINK_STALL_PERIOD=4,SINK_STALL_READY=1) .dut.u_fifo  File: /get/work/krishna.vardhan/git_trees/mtp_pcie_axi/pcie_axi_dma_latency/design/rtl/axis_fifo.sv Line: 165
Warning: [axis_fifo] FIFO full (depth=64) — upstream back-pressured at t=51475000
Time: 51475 ns  Iteration: 0  Process: /tb_pcie_axi_dma(TB_SCENARIO=2,FIFO_DEPTH=64,BATCH_COUNT=4,BATCH_TIMEOUT=64,SINK_STALL_EN=1'b1,SINK_STALL_PERIOD=4,SINK_STALL_READY=1)/dut/u_fifo/Always163_9  Scope: \tb_pcie_axi_dma(TB_SCENARIO=2,FIFO_DEPTH=64,BATCH_COUNT=4,BATCH_TIMEOUT=64,SINK_STALL_EN=1'b1,SINK_STALL_PERIOD=4,SINK_STALL_READY=1) .dut.u_fifo  File: /get/work/krishna.vardhan/git_trees/mtp_pcie_axi/pcie_axi_dma_latency/design/rtl/axis_fifo.sv Line: 165
Warning: [axis_fifo] FIFO full (depth=64) — upstream back-pressured at t=51485000
Time: 51485 ns  Iteration: 0  Process: /tb_pcie_axi_dma(TB_SCENARIO=2,FIFO_DEPTH=64,BATCH_COUNT=4,BATCH_TIMEOUT=64,SINK_STALL_EN=1'b1,SINK_STALL_PERIOD=4,SINK_STALL_READY=1)/dut/u_fifo/Always163_9  Scope: \tb_pcie_axi_dma(TB_SCENARIO=2,FIFO_DEPTH=64,BATCH_COUNT=4,BATCH_TIMEOUT=64,SINK_STALL_EN=1'b1,SINK_STALL_PERIOD=4,SINK_STALL_READY=1) .dut.u_fifo  File: /get/work/krishna.vardhan/git_trees/mtp_pcie_axi/pcie_axi_dma_latency/design/rtl/axis_fifo.sv Line: 165
Warning: [axis_fifo] FIFO full (depth=64) — upstream back-pressured at t=51495000
Time: 51495 ns  Iteration: 0  Process: /tb_pcie_axi_dma(TB_SCENARIO=2,FIFO_DEPTH=64,BATCH_COUNT=4,BATCH_TIMEOUT=64,SINK_STALL_EN=1'b1,SINK_STALL_PERIOD=4,SINK_STALL_READY=1)/dut/u_fifo/Always163_9  Scope: \tb_pcie_axi_dma(TB_SCENARIO=2,FIFO_DEPTH=64,BATCH_COUNT=4,BATCH_TIMEOUT=64,SINK_STALL_EN=1'b1,SINK_STALL_PERIOD=4,SINK_STALL_READY=1) .dut.u_fifo  File: /get/work/krishna.vardhan/git_trees/mtp_pcie_axi/pcie_axi_dma_latency/design/rtl/axis_fifo.sv Line: 165
Warning: [axis_fifo] FIFO full (depth=64) — upstream back-pressured at t=51515000
Time: 51515 ns  Iteration: 0  Process: /tb_pcie_axi_dma(TB_SCENARIO=2,FIFO_DEPTH=64,BATCH_COUNT=4,BATCH_TIMEOUT=64,SINK_STALL_EN=1'b1,SINK_STALL_PERIOD=4,SINK_STALL_READY=1)/dut/u_fifo/Always163_9  Scope: \tb_pcie_axi_dma(TB_SCENARIO=2,FIFO_DEPTH=64,BATCH_COUNT=4,BATCH_TIMEOUT=64,SINK_STALL_EN=1'b1,SINK_STALL_PERIOD=4,SINK_STALL_READY=1) .dut.u_fifo  File: /get/work/krishna.vardhan/git_trees/mtp_pcie_axi/pcie_axi_dma_latency/design/rtl/axis_fifo.sv Line: 165
Warning: [axis_fifo] FIFO full (depth=64) — upstream back-pressured at t=51525000
Time: 51525 ns  Iteration: 0  Process: /tb_pcie_axi_dma(TB_SCENARIO=2,FIFO_DEPTH=64,BATCH_COUNT=4,BATCH_TIMEOUT=64,SINK_STALL_EN=1'b1,SINK_STALL_PERIOD=4,SINK_STALL_READY=1)/dut/u_fifo/Always163_9  Scope: \tb_pcie_axi_dma(TB_SCENARIO=2,FIFO_DEPTH=64,BATCH_COUNT=4,BATCH_TIMEOUT=64,SINK_STALL_EN=1'b1,SINK_STALL_PERIOD=4,SINK_STALL_READY=1) .dut.u_fifo  File: /get/work/krishna.vardhan/git_trees/mtp_pcie_axi/pcie_axi_dma_latency/design/rtl/axis_fifo.sv Line: 165
Warning: [axis_fifo] FIFO full (depth=64) — upstream back-pressured at t=51535000
Time: 51535 ns  Iteration: 0  Process: /tb_pcie_axi_dma(TB_SCENARIO=2,FIFO_DEPTH=64,BATCH_COUNT=4,BATCH_TIMEOUT=64,SINK_STALL_EN=1'b1,SINK_STALL_PERIOD=4,SINK_STALL_READY=1)/dut/u_fifo/Always163_9  Scope: \tb_pcie_axi_dma(TB_SCENARIO=2,FIFO_DEPTH=64,BATCH_COUNT=4,BATCH_TIMEOUT=64,SINK_STALL_EN=1'b1,SINK_STALL_PERIOD=4,SINK_STALL_READY=1) .dut.u_fifo  File: /get/work/krishna.vardhan/git_trees/mtp_pcie_axi/pcie_axi_dma_latency/design/rtl/axis_fifo.sv Line: 165
Warning: [axis_fifo] FIFO full (depth=64) — upstream back-pressured at t=51555000
Time: 51555 ns  Iteration: 0  Process: /tb_pcie_axi_dma(TB_SCENARIO=2,FIFO_DEPTH=64,BATCH_COUNT=4,BATCH_TIMEOUT=64,SINK_STALL_EN=1'b1,SINK_STALL_PERIOD=4,SINK_STALL_READY=1)/dut/u_fifo/Always163_9  Scope: \tb_pcie_axi_dma(TB_SCENARIO=2,FIFO_DEPTH=64,BATCH_COUNT=4,BATCH_TIMEOUT=64,SINK_STALL_EN=1'b1,SINK_STALL_PERIOD=4,SINK_STALL_READY=1) .dut.u_fifo  File: /get/work/krishna.vardhan/git_trees/mtp_pcie_axi/pcie_axi_dma_latency/design/rtl/axis_fifo.sv Line: 165
Warning: [axis_fifo] FIFO full (depth=64) — upstream back-pressured at t=51565000
Time: 51565 ns  Iteration: 0  Process: /tb_pcie_axi_dma(TB_SCENARIO=2,FIFO_DEPTH=64,BATCH_COUNT=4,BATCH_TIMEOUT=64,SINK_STALL_EN=1'b1,SINK_STALL_PERIOD=4,SINK_STALL_READY=1)/dut/u_fifo/Always163_9  Scope: \tb_pcie_axi_dma(TB_SCENARIO=2,FIFO_DEPTH=64,BATCH_COUNT=4,BATCH_TIMEOUT=64,SINK_STALL_EN=1'b1,SINK_STALL_PERIOD=4,SINK_STALL_READY=1) .dut.u_fifo  File: /get/work/krishna.vardhan/git_trees/mtp_pcie_axi/pcie_axi_dma_latency/design/rtl/axis_fifo.sv Line: 165
Warning: [axis_fifo] FIFO full (depth=64) — upstream back-pressured at t=51575000
Time: 51575 ns  Iteration: 0  Process: /tb_pcie_axi_dma(TB_SCENARIO=2,FIFO_DEPTH=64,BATCH_COUNT=4,BATCH_TIMEOUT=64,SINK_STALL_EN=1'b1,SINK_STALL_PERIOD=4,SINK_STALL_READY=1)/dut/u_fifo/Always163_9  Scope: \tb_pcie_axi_dma(TB_SCENARIO=2,FIFO_DEPTH=64,BATCH_COUNT=4,BATCH_TIMEOUT=64,SINK_STALL_EN=1'b1,SINK_STALL_PERIOD=4,SINK_STALL_READY=1) .dut.u_fifo  File: /get/work/krishna.vardhan/git_trees/mtp_pcie_axi/pcie_axi_dma_latency/design/rtl/axis_fifo.sv Line: 165
Warning: [axis_fifo] FIFO full (depth=64) — upstream back-pressured at t=51595000
Time: 51595 ns  Iteration: 0  Process: /tb_pcie_axi_dma(TB_SCENARIO=2,FIFO_DEPTH=64,BATCH_COUNT=4,BATCH_TIMEOUT=64,SINK_STALL_EN=1'b1,SINK_STALL_PERIOD=4,SINK_STALL_READY=1)/dut/u_fifo/Always163_9  Scope: \tb_pcie_axi_dma(TB_SCENARIO=2,FIFO_DEPTH=64,BATCH_COUNT=4,BATCH_TIMEOUT=64,SINK_STALL_EN=1'b1,SINK_STALL_PERIOD=4,SINK_STALL_READY=1) .dut.u_fifo  File: /get/work/krishna.vardhan/git_trees/mtp_pcie_axi/pcie_axi_dma_latency/design/rtl/axis_fifo.sv Line: 165
Warning: [axis_fifo] FIFO full (depth=64) — upstream back-pressured at t=51605000
Time: 51605 ns  Iteration: 0  Process: /tb_pcie_axi_dma(TB_SCENARIO=2,FIFO_DEPTH=64,BATCH_COUNT=4,BATCH_TIMEOUT=64,SINK_STALL_EN=1'b1,SINK_STALL_PERIOD=4,SINK_STALL_READY=1)/dut/u_fifo/Always163_9  Scope: \tb_pcie_axi_dma(TB_SCENARIO=2,FIFO_DEPTH=64,BATCH_COUNT=4,BATCH_TIMEOUT=64,SINK_STALL_EN=1'b1,SINK_STALL_PERIOD=4,SINK_STALL_READY=1) .dut.u_fifo  File: /get/work/krishna.vardhan/git_trees/mtp_pcie_axi/pcie_axi_dma_latency/design/rtl/axis_fifo.sv Line: 165
Warning: [axis_fifo] FIFO full (depth=64) — upstream back-pressured at t=51615000
Time: 51615 ns  Iteration: 0  Process: /tb_pcie_axi_dma(TB_SCENARIO=2,FIFO_DEPTH=64,BATCH_COUNT=4,BATCH_TIMEOUT=64,SINK_STALL_EN=1'b1,SINK_STALL_PERIOD=4,SINK_STALL_READY=1)/dut/u_fifo/Always163_9  Scope: \tb_pcie_axi_dma(TB_SCENARIO=2,FIFO_DEPTH=64,BATCH_COUNT=4,BATCH_TIMEOUT=64,SINK_STALL_EN=1'b1,SINK_STALL_PERIOD=4,SINK_STALL_READY=1) .dut.u_fifo  File: /get/work/krishna.vardhan/git_trees/mtp_pcie_axi/pcie_axi_dma_latency/design/rtl/axis_fifo.sv Line: 165
Warning: [axis_fifo] FIFO full (depth=64) — upstream back-pressured at t=51635000
Time: 51635 ns  Iteration: 0  Process: /tb_pcie_axi_dma(TB_SCENARIO=2,FIFO_DEPTH=64,BATCH_COUNT=4,BATCH_TIMEOUT=64,SINK_STALL_EN=1'b1,SINK_STALL_PERIOD=4,SINK_STALL_READY=1)/dut/u_fifo/Always163_9  Scope: \tb_pcie_axi_dma(TB_SCENARIO=2,FIFO_DEPTH=64,BATCH_COUNT=4,BATCH_TIMEOUT=64,SINK_STALL_EN=1'b1,SINK_STALL_PERIOD=4,SINK_STALL_READY=1) .dut.u_fifo  File: /get/work/krishna.vardhan/git_trees/mtp_pcie_axi/pcie_axi_dma_latency/design/rtl/axis_fifo.sv Line: 165
Warning: [axis_fifo] FIFO full (depth=64) — upstream back-pressured at t=51645000
Time: 51645 ns  Iteration: 0  Process: /tb_pcie_axi_dma(TB_SCENARIO=2,FIFO_DEPTH=64,BATCH_COUNT=4,BATCH_TIMEOUT=64,SINK_STALL_EN=1'b1,SINK_STALL_PERIOD=4,SINK_STALL_READY=1)/dut/u_fifo/Always163_9  Scope: \tb_pcie_axi_dma(TB_SCENARIO=2,FIFO_DEPTH=64,BATCH_COUNT=4,BATCH_TIMEOUT=64,SINK_STALL_EN=1'b1,SINK_STALL_PERIOD=4,SINK_STALL_READY=1) .dut.u_fifo  File: /get/work/krishna.vardhan/git_trees/mtp_pcie_axi/pcie_axi_dma_latency/design/rtl/axis_fifo.sv Line: 165
Warning: [axis_fifo] FIFO full (depth=64) — upstream back-pressured at t=51655000
Time: 51655 ns  Iteration: 0  Process: /tb_pcie_axi_dma(TB_SCENARIO=2,FIFO_DEPTH=64,BATCH_COUNT=4,BATCH_TIMEOUT=64,SINK_STALL_EN=1'b1,SINK_STALL_PERIOD=4,SINK_STALL_READY=1)/dut/u_fifo/Always163_9  Scope: \tb_pcie_axi_dma(TB_SCENARIO=2,FIFO_DEPTH=64,BATCH_COUNT=4,BATCH_TIMEOUT=64,SINK_STALL_EN=1'b1,SINK_STALL_PERIOD=4,SINK_STALL_READY=1) .dut.u_fifo  File: /get/work/krishna.vardhan/git_trees/mtp_pcie_axi/pcie_axi_dma_latency/design/rtl/axis_fifo.sv Line: 165
Warning: [axis_fifo] FIFO full (depth=64) — upstream back-pressured at t=51675000
Time: 51675 ns  Iteration: 0  Process: /tb_pcie_axi_dma(TB_SCENARIO=2,FIFO_DEPTH=64,BATCH_COUNT=4,BATCH_TIMEOUT=64,SINK_STALL_EN=1'b1,SINK_STALL_PERIOD=4,SINK_STALL_READY=1)/dut/u_fifo/Always163_9  Scope: \tb_pcie_axi_dma(TB_SCENARIO=2,FIFO_DEPTH=64,BATCH_COUNT=4,BATCH_TIMEOUT=64,SINK_STALL_EN=1'b1,SINK_STALL_PERIOD=4,SINK_STALL_READY=1) .dut.u_fifo  File: /get/work/krishna.vardhan/git_trees/mtp_pcie_axi/pcie_axi_dma_latency/design/rtl/axis_fifo.sv Line: 165
Warning: [axis_fifo] FIFO full (depth=64) — upstream back-pressured at t=51685000
Time: 51685 ns  Iteration: 0  Process: /tb_pcie_axi_dma(TB_SCENARIO=2,FIFO_DEPTH=64,BATCH_COUNT=4,BATCH_TIMEOUT=64,SINK_STALL_EN=1'b1,SINK_STALL_PERIOD=4,SINK_STALL_READY=1)/dut/u_fifo/Always163_9  Scope: \tb_pcie_axi_dma(TB_SCENARIO=2,FIFO_DEPTH=64,BATCH_COUNT=4,BATCH_TIMEOUT=64,SINK_STALL_EN=1'b1,SINK_STALL_PERIOD=4,SINK_STALL_READY=1) .dut.u_fifo  File: /get/work/krishna.vardhan/git_trees/mtp_pcie_axi/pcie_axi_dma_latency/design/rtl/axis_fifo.sv Line: 165
Warning: [axis_fifo] FIFO full (depth=64) — upstream back-pressured at t=51695000
Time: 51695 ns  Iteration: 0  Process: /tb_pcie_axi_dma(TB_SCENARIO=2,FIFO_DEPTH=64,BATCH_COUNT=4,BATCH_TIMEOUT=64,SINK_STALL_EN=1'b1,SINK_STALL_PERIOD=4,SINK_STALL_READY=1)/dut/u_fifo/Always163_9  Scope: \tb_pcie_axi_dma(TB_SCENARIO=2,FIFO_DEPTH=64,BATCH_COUNT=4,BATCH_TIMEOUT=64,SINK_STALL_EN=1'b1,SINK_STALL_PERIOD=4,SINK_STALL_READY=1) .dut.u_fifo  File: /get/work/krishna.vardhan/git_trees/mtp_pcie_axi/pcie_axi_dma_latency/design/rtl/axis_fifo.sv Line: 165
Warning: [axis_fifo] FIFO full (depth=64) — upstream back-pressured at t=51715000
Time: 51715 ns  Iteration: 0  Process: /tb_pcie_axi_dma(TB_SCENARIO=2,FIFO_DEPTH=64,BATCH_COUNT=4,BATCH_TIMEOUT=64,SINK_STALL_EN=1'b1,SINK_STALL_PERIOD=4,SINK_STALL_READY=1)/dut/u_fifo/Always163_9  Scope: \tb_pcie_axi_dma(TB_SCENARIO=2,FIFO_DEPTH=64,BATCH_COUNT=4,BATCH_TIMEOUT=64,SINK_STALL_EN=1'b1,SINK_STALL_PERIOD=4,SINK_STALL_READY=1) .dut.u_fifo  File: /get/work/krishna.vardhan/git_trees/mtp_pcie_axi/pcie_axi_dma_latency/design/rtl/axis_fifo.sv Line: 165
Warning: [axis_fifo] FIFO full (depth=64) — upstream back-pressured at t=51725000
Time: 51725 ns  Iteration: 0  Process: /tb_pcie_axi_dma(TB_SCENARIO=2,FIFO_DEPTH=64,BATCH_COUNT=4,BATCH_TIMEOUT=64,SINK_STALL_EN=1'b1,SINK_STALL_PERIOD=4,SINK_STALL_READY=1)/dut/u_fifo/Always163_9  Scope: \tb_pcie_axi_dma(TB_SCENARIO=2,FIFO_DEPTH=64,BATCH_COUNT=4,BATCH_TIMEOUT=64,SINK_STALL_EN=1'b1,SINK_STALL_PERIOD=4,SINK_STALL_READY=1) .dut.u_fifo  File: /get/work/krishna.vardhan/git_trees/mtp_pcie_axi/pcie_axi_dma_latency/design/rtl/axis_fifo.sv Line: 165
Warning: [axis_fifo] FIFO full (depth=64) — upstream back-pressured at t=51735000
Time: 51735 ns  Iteration: 0  Process: /tb_pcie_axi_dma(TB_SCENARIO=2,FIFO_DEPTH=64,BATCH_COUNT=4,BATCH_TIMEOUT=64,SINK_STALL_EN=1'b1,SINK_STALL_PERIOD=4,SINK_STALL_READY=1)/dut/u_fifo/Always163_9  Scope: \tb_pcie_axi_dma(TB_SCENARIO=2,FIFO_DEPTH=64,BATCH_COUNT=4,BATCH_TIMEOUT=64,SINK_STALL_EN=1'b1,SINK_STALL_PERIOD=4,SINK_STALL_READY=1) .dut.u_fifo  File: /get/work/krishna.vardhan/git_trees/mtp_pcie_axi/pcie_axi_dma_latency/design/rtl/axis_fifo.sv Line: 165
Warning: [axis_fifo] FIFO full (depth=64) — upstream back-pressured at t=51755000
Time: 51755 ns  Iteration: 0  Process: /tb_pcie_axi_dma(TB_SCENARIO=2,FIFO_DEPTH=64,BATCH_COUNT=4,BATCH_TIMEOUT=64,SINK_STALL_EN=1'b1,SINK_STALL_PERIOD=4,SINK_STALL_READY=1)/dut/u_fifo/Always163_9  Scope: \tb_pcie_axi_dma(TB_SCENARIO=2,FIFO_DEPTH=64,BATCH_COUNT=4,BATCH_TIMEOUT=64,SINK_STALL_EN=1'b1,SINK_STALL_PERIOD=4,SINK_STALL_READY=1) .dut.u_fifo  File: /get/work/krishna.vardhan/git_trees/mtp_pcie_axi/pcie_axi_dma_latency/design/rtl/axis_fifo.sv Line: 165
Warning: [axis_fifo] FIFO full (depth=64) — upstream back-pressured at t=51765000
Time: 51765 ns  Iteration: 0  Process: /tb_pcie_axi_dma(TB_SCENARIO=2,FIFO_DEPTH=64,BATCH_COUNT=4,BATCH_TIMEOUT=64,SINK_STALL_EN=1'b1,SINK_STALL_PERIOD=4,SINK_STALL_READY=1)/dut/u_fifo/Always163_9  Scope: \tb_pcie_axi_dma(TB_SCENARIO=2,FIFO_DEPTH=64,BATCH_COUNT=4,BATCH_TIMEOUT=64,SINK_STALL_EN=1'b1,SINK_STALL_PERIOD=4,SINK_STALL_READY=1) .dut.u_fifo  File: /get/work/krishna.vardhan/git_trees/mtp_pcie_axi/pcie_axi_dma_latency/design/rtl/axis_fifo.sv Line: 165
Warning: [axis_fifo] FIFO full (depth=64) — upstream back-pressured at t=51775000
Time: 51775 ns  Iteration: 0  Process: /tb_pcie_axi_dma(TB_SCENARIO=2,FIFO_DEPTH=64,BATCH_COUNT=4,BATCH_TIMEOUT=64,SINK_STALL_EN=1'b1,SINK_STALL_PERIOD=4,SINK_STALL_READY=1)/dut/u_fifo/Always163_9  Scope: \tb_pcie_axi_dma(TB_SCENARIO=2,FIFO_DEPTH=64,BATCH_COUNT=4,BATCH_TIMEOUT=64,SINK_STALL_EN=1'b1,SINK_STALL_PERIOD=4,SINK_STALL_READY=1) .dut.u_fifo  File: /get/work/krishna.vardhan/git_trees/mtp_pcie_axi/pcie_axi_dma_latency/design/rtl/axis_fifo.sv Line: 165
Warning: [axis_fifo] FIFO full (depth=64) — upstream back-pressured at t=51795000
Time: 51795 ns  Iteration: 0  Process: /tb_pcie_axi_dma(TB_SCENARIO=2,FIFO_DEPTH=64,BATCH_COUNT=4,BATCH_TIMEOUT=64,SINK_STALL_EN=1'b1,SINK_STALL_PERIOD=4,SINK_STALL_READY=1)/dut/u_fifo/Always163_9  Scope: \tb_pcie_axi_dma(TB_SCENARIO=2,FIFO_DEPTH=64,BATCH_COUNT=4,BATCH_TIMEOUT=64,SINK_STALL_EN=1'b1,SINK_STALL_PERIOD=4,SINK_STALL_READY=1) .dut.u_fifo  File: /get/work/krishna.vardhan/git_trees/mtp_pcie_axi/pcie_axi_dma_latency/design/rtl/axis_fifo.sv Line: 165
Warning: [axis_fifo] FIFO full (depth=64) — upstream back-pressured at t=51805000
Time: 51805 ns  Iteration: 0  Process: /tb_pcie_axi_dma(TB_SCENARIO=2,FIFO_DEPTH=64,BATCH_COUNT=4,BATCH_TIMEOUT=64,SINK_STALL_EN=1'b1,SINK_STALL_PERIOD=4,SINK_STALL_READY=1)/dut/u_fifo/Always163_9  Scope: \tb_pcie_axi_dma(TB_SCENARIO=2,FIFO_DEPTH=64,BATCH_COUNT=4,BATCH_TIMEOUT=64,SINK_STALL_EN=1'b1,SINK_STALL_PERIOD=4,SINK_STALL_READY=1) .dut.u_fifo  File: /get/work/krishna.vardhan/git_trees/mtp_pcie_axi/pcie_axi_dma_latency/design/rtl/axis_fifo.sv Line: 165
Warning: [axis_fifo] FIFO full (depth=64) — upstream back-pressured at t=51815000
Time: 51815 ns  Iteration: 0  Process: /tb_pcie_axi_dma(TB_SCENARIO=2,FIFO_DEPTH=64,BATCH_COUNT=4,BATCH_TIMEOUT=64,SINK_STALL_EN=1'b1,SINK_STALL_PERIOD=4,SINK_STALL_READY=1)/dut/u_fifo/Always163_9  Scope: \tb_pcie_axi_dma(TB_SCENARIO=2,FIFO_DEPTH=64,BATCH_COUNT=4,BATCH_TIMEOUT=64,SINK_STALL_EN=1'b1,SINK_STALL_PERIOD=4,SINK_STALL_READY=1) .dut.u_fifo  File: /get/work/krishna.vardhan/git_trees/mtp_pcie_axi/pcie_axi_dma_latency/design/rtl/axis_fifo.sv Line: 165
Warning: [axis_fifo] FIFO full (depth=64) — upstream back-pressured at t=51835000
Time: 51835 ns  Iteration: 0  Process: /tb_pcie_axi_dma(TB_SCENARIO=2,FIFO_DEPTH=64,BATCH_COUNT=4,BATCH_TIMEOUT=64,SINK_STALL_EN=1'b1,SINK_STALL_PERIOD=4,SINK_STALL_READY=1)/dut/u_fifo/Always163_9  Scope: \tb_pcie_axi_dma(TB_SCENARIO=2,FIFO_DEPTH=64,BATCH_COUNT=4,BATCH_TIMEOUT=64,SINK_STALL_EN=1'b1,SINK_STALL_PERIOD=4,SINK_STALL_READY=1) .dut.u_fifo  File: /get/work/krishna.vardhan/git_trees/mtp_pcie_axi/pcie_axi_dma_latency/design/rtl/axis_fifo.sv Line: 165
Warning: [axis_fifo] FIFO full (depth=64) — upstream back-pressured at t=51845000
Time: 51845 ns  Iteration: 0  Process: /tb_pcie_axi_dma(TB_SCENARIO=2,FIFO_DEPTH=64,BATCH_COUNT=4,BATCH_TIMEOUT=64,SINK_STALL_EN=1'b1,SINK_STALL_PERIOD=4,SINK_STALL_READY=1)/dut/u_fifo/Always163_9  Scope: \tb_pcie_axi_dma(TB_SCENARIO=2,FIFO_DEPTH=64,BATCH_COUNT=4,BATCH_TIMEOUT=64,SINK_STALL_EN=1'b1,SINK_STALL_PERIOD=4,SINK_STALL_READY=1) .dut.u_fifo  File: /get/work/krishna.vardhan/git_trees/mtp_pcie_axi/pcie_axi_dma_latency/design/rtl/axis_fifo.sv Line: 165
Warning: [axis_fifo] FIFO full (depth=64) — upstream back-pressured at t=51855000
Time: 51855 ns  Iteration: 0  Process: /tb_pcie_axi_dma(TB_SCENARIO=2,FIFO_DEPTH=64,BATCH_COUNT=4,BATCH_TIMEOUT=64,SINK_STALL_EN=1'b1,SINK_STALL_PERIOD=4,SINK_STALL_READY=1)/dut/u_fifo/Always163_9  Scope: \tb_pcie_axi_dma(TB_SCENARIO=2,FIFO_DEPTH=64,BATCH_COUNT=4,BATCH_TIMEOUT=64,SINK_STALL_EN=1'b1,SINK_STALL_PERIOD=4,SINK_STALL_READY=1) .dut.u_fifo  File: /get/work/krishna.vardhan/git_trees/mtp_pcie_axi/pcie_axi_dma_latency/design/rtl/axis_fifo.sv Line: 165
Warning: [axis_fifo] FIFO full (depth=64) — upstream back-pressured at t=51875000
Time: 51875 ns  Iteration: 0  Process: /tb_pcie_axi_dma(TB_SCENARIO=2,FIFO_DEPTH=64,BATCH_COUNT=4,BATCH_TIMEOUT=64,SINK_STALL_EN=1'b1,SINK_STALL_PERIOD=4,SINK_STALL_READY=1)/dut/u_fifo/Always163_9  Scope: \tb_pcie_axi_dma(TB_SCENARIO=2,FIFO_DEPTH=64,BATCH_COUNT=4,BATCH_TIMEOUT=64,SINK_STALL_EN=1'b1,SINK_STALL_PERIOD=4,SINK_STALL_READY=1) .dut.u_fifo  File: /get/work/krishna.vardhan/git_trees/mtp_pcie_axi/pcie_axi_dma_latency/design/rtl/axis_fifo.sv Line: 165
Warning: [axis_fifo] FIFO full (depth=64) — upstream back-pressured at t=51885000
Time: 51885 ns  Iteration: 0  Process: /tb_pcie_axi_dma(TB_SCENARIO=2,FIFO_DEPTH=64,BATCH_COUNT=4,BATCH_TIMEOUT=64,SINK_STALL_EN=1'b1,SINK_STALL_PERIOD=4,SINK_STALL_READY=1)/dut/u_fifo/Always163_9  Scope: \tb_pcie_axi_dma(TB_SCENARIO=2,FIFO_DEPTH=64,BATCH_COUNT=4,BATCH_TIMEOUT=64,SINK_STALL_EN=1'b1,SINK_STALL_PERIOD=4,SINK_STALL_READY=1) .dut.u_fifo  File: /get/work/krishna.vardhan/git_trees/mtp_pcie_axi/pcie_axi_dma_latency/design/rtl/axis_fifo.sv Line: 165
Warning: [axis_fifo] FIFO full (depth=64) — upstream back-pressured at t=51895000
Time: 51895 ns  Iteration: 0  Process: /tb_pcie_axi_dma(TB_SCENARIO=2,FIFO_DEPTH=64,BATCH_COUNT=4,BATCH_TIMEOUT=64,SINK_STALL_EN=1'b1,SINK_STALL_PERIOD=4,SINK_STALL_READY=1)/dut/u_fifo/Always163_9  Scope: \tb_pcie_axi_dma(TB_SCENARIO=2,FIFO_DEPTH=64,BATCH_COUNT=4,BATCH_TIMEOUT=64,SINK_STALL_EN=1'b1,SINK_STALL_PERIOD=4,SINK_STALL_READY=1) .dut.u_fifo  File: /get/work/krishna.vardhan/git_trees/mtp_pcie_axi/pcie_axi_dma_latency/design/rtl/axis_fifo.sv Line: 165
Warning: [axis_fifo] FIFO full (depth=64) — upstream back-pressured at t=51915000
Time: 51915 ns  Iteration: 0  Process: /tb_pcie_axi_dma(TB_SCENARIO=2,FIFO_DEPTH=64,BATCH_COUNT=4,BATCH_TIMEOUT=64,SINK_STALL_EN=1'b1,SINK_STALL_PERIOD=4,SINK_STALL_READY=1)/dut/u_fifo/Always163_9  Scope: \tb_pcie_axi_dma(TB_SCENARIO=2,FIFO_DEPTH=64,BATCH_COUNT=4,BATCH_TIMEOUT=64,SINK_STALL_EN=1'b1,SINK_STALL_PERIOD=4,SINK_STALL_READY=1) .dut.u_fifo  File: /get/work/krishna.vardhan/git_trees/mtp_pcie_axi/pcie_axi_dma_latency/design/rtl/axis_fifo.sv Line: 165
Warning: [axis_fifo] FIFO full (depth=64) — upstream back-pressured at t=51925000
Time: 51925 ns  Iteration: 0  Process: /tb_pcie_axi_dma(TB_SCENARIO=2,FIFO_DEPTH=64,BATCH_COUNT=4,BATCH_TIMEOUT=64,SINK_STALL_EN=1'b1,SINK_STALL_PERIOD=4,SINK_STALL_READY=1)/dut/u_fifo/Always163_9  Scope: \tb_pcie_axi_dma(TB_SCENARIO=2,FIFO_DEPTH=64,BATCH_COUNT=4,BATCH_TIMEOUT=64,SINK_STALL_EN=1'b1,SINK_STALL_PERIOD=4,SINK_STALL_READY=1) .dut.u_fifo  File: /get/work/krishna.vardhan/git_trees/mtp_pcie_axi/pcie_axi_dma_latency/design/rtl/axis_fifo.sv Line: 165
Warning: [axis_fifo] FIFO full (depth=64) — upstream back-pressured at t=51935000
Time: 51935 ns  Iteration: 0  Process: /tb_pcie_axi_dma(TB_SCENARIO=2,FIFO_DEPTH=64,BATCH_COUNT=4,BATCH_TIMEOUT=64,SINK_STALL_EN=1'b1,SINK_STALL_PERIOD=4,SINK_STALL_READY=1)/dut/u_fifo/Always163_9  Scope: \tb_pcie_axi_dma(TB_SCENARIO=2,FIFO_DEPTH=64,BATCH_COUNT=4,BATCH_TIMEOUT=64,SINK_STALL_EN=1'b1,SINK_STALL_PERIOD=4,SINK_STALL_READY=1) .dut.u_fifo  File: /get/work/krishna.vardhan/git_trees/mtp_pcie_axi/pcie_axi_dma_latency/design/rtl/axis_fifo.sv Line: 165
Warning: [axis_fifo] FIFO full (depth=64) — upstream back-pressured at t=51955000
Time: 51955 ns  Iteration: 0  Process: /tb_pcie_axi_dma(TB_SCENARIO=2,FIFO_DEPTH=64,BATCH_COUNT=4,BATCH_TIMEOUT=64,SINK_STALL_EN=1'b1,SINK_STALL_PERIOD=4,SINK_STALL_READY=1)/dut/u_fifo/Always163_9  Scope: \tb_pcie_axi_dma(TB_SCENARIO=2,FIFO_DEPTH=64,BATCH_COUNT=4,BATCH_TIMEOUT=64,SINK_STALL_EN=1'b1,SINK_STALL_PERIOD=4,SINK_STALL_READY=1) .dut.u_fifo  File: /get/work/krishna.vardhan/git_trees/mtp_pcie_axi/pcie_axi_dma_latency/design/rtl/axis_fifo.sv Line: 165
Warning: [axis_fifo] FIFO full (depth=64) — upstream back-pressured at t=51965000
Time: 51965 ns  Iteration: 0  Process: /tb_pcie_axi_dma(TB_SCENARIO=2,FIFO_DEPTH=64,BATCH_COUNT=4,BATCH_TIMEOUT=64,SINK_STALL_EN=1'b1,SINK_STALL_PERIOD=4,SINK_STALL_READY=1)/dut/u_fifo/Always163_9  Scope: \tb_pcie_axi_dma(TB_SCENARIO=2,FIFO_DEPTH=64,BATCH_COUNT=4,BATCH_TIMEOUT=64,SINK_STALL_EN=1'b1,SINK_STALL_PERIOD=4,SINK_STALL_READY=1) .dut.u_fifo  File: /get/work/krishna.vardhan/git_trees/mtp_pcie_axi/pcie_axi_dma_latency/design/rtl/axis_fifo.sv Line: 165
Warning: [axis_fifo] FIFO full (depth=64) — upstream back-pressured at t=51975000
Time: 51975 ns  Iteration: 0  Process: /tb_pcie_axi_dma(TB_SCENARIO=2,FIFO_DEPTH=64,BATCH_COUNT=4,BATCH_TIMEOUT=64,SINK_STALL_EN=1'b1,SINK_STALL_PERIOD=4,SINK_STALL_READY=1)/dut/u_fifo/Always163_9  Scope: \tb_pcie_axi_dma(TB_SCENARIO=2,FIFO_DEPTH=64,BATCH_COUNT=4,BATCH_TIMEOUT=64,SINK_STALL_EN=1'b1,SINK_STALL_PERIOD=4,SINK_STALL_READY=1) .dut.u_fifo  File: /get/work/krishna.vardhan/git_trees/mtp_pcie_axi/pcie_axi_dma_latency/design/rtl/axis_fifo.sv Line: 165
Warning: [axis_fifo] FIFO full (depth=64) — upstream back-pressured at t=51995000
Time: 51995 ns  Iteration: 0  Process: /tb_pcie_axi_dma(TB_SCENARIO=2,FIFO_DEPTH=64,BATCH_COUNT=4,BATCH_TIMEOUT=64,SINK_STALL_EN=1'b1,SINK_STALL_PERIOD=4,SINK_STALL_READY=1)/dut/u_fifo/Always163_9  Scope: \tb_pcie_axi_dma(TB_SCENARIO=2,FIFO_DEPTH=64,BATCH_COUNT=4,BATCH_TIMEOUT=64,SINK_STALL_EN=1'b1,SINK_STALL_PERIOD=4,SINK_STALL_READY=1) .dut.u_fifo  File: /get/work/krishna.vardhan/git_trees/mtp_pcie_axi/pcie_axi_dma_latency/design/rtl/axis_fifo.sv Line: 165
Warning: [axis_fifo] FIFO full (depth=64) — upstream back-pressured at t=52005000
Time: 52005 ns  Iteration: 0  Process: /tb_pcie_axi_dma(TB_SCENARIO=2,FIFO_DEPTH=64,BATCH_COUNT=4,BATCH_TIMEOUT=64,SINK_STALL_EN=1'b1,SINK_STALL_PERIOD=4,SINK_STALL_READY=1)/dut/u_fifo/Always163_9  Scope: \tb_pcie_axi_dma(TB_SCENARIO=2,FIFO_DEPTH=64,BATCH_COUNT=4,BATCH_TIMEOUT=64,SINK_STALL_EN=1'b1,SINK_STALL_PERIOD=4,SINK_STALL_READY=1) .dut.u_fifo  File: /get/work/krishna.vardhan/git_trees/mtp_pcie_axi/pcie_axi_dma_latency/design/rtl/axis_fifo.sv Line: 165
Warning: [axis_fifo] FIFO full (depth=64) — upstream back-pressured at t=52015000
Time: 52015 ns  Iteration: 0  Process: /tb_pcie_axi_dma(TB_SCENARIO=2,FIFO_DEPTH=64,BATCH_COUNT=4,BATCH_TIMEOUT=64,SINK_STALL_EN=1'b1,SINK_STALL_PERIOD=4,SINK_STALL_READY=1)/dut/u_fifo/Always163_9  Scope: \tb_pcie_axi_dma(TB_SCENARIO=2,FIFO_DEPTH=64,BATCH_COUNT=4,BATCH_TIMEOUT=64,SINK_STALL_EN=1'b1,SINK_STALL_PERIOD=4,SINK_STALL_READY=1) .dut.u_fifo  File: /get/work/krishna.vardhan/git_trees/mtp_pcie_axi/pcie_axi_dma_latency/design/rtl/axis_fifo.sv Line: 165
Warning: [axis_fifo] FIFO full (depth=64) — upstream back-pressured at t=52035000
Time: 52035 ns  Iteration: 0  Process: /tb_pcie_axi_dma(TB_SCENARIO=2,FIFO_DEPTH=64,BATCH_COUNT=4,BATCH_TIMEOUT=64,SINK_STALL_EN=1'b1,SINK_STALL_PERIOD=4,SINK_STALL_READY=1)/dut/u_fifo/Always163_9  Scope: \tb_pcie_axi_dma(TB_SCENARIO=2,FIFO_DEPTH=64,BATCH_COUNT=4,BATCH_TIMEOUT=64,SINK_STALL_EN=1'b1,SINK_STALL_PERIOD=4,SINK_STALL_READY=1) .dut.u_fifo  File: /get/work/krishna.vardhan/git_trees/mtp_pcie_axi/pcie_axi_dma_latency/design/rtl/axis_fifo.sv Line: 165
Warning: [axis_fifo] FIFO full (depth=64) — upstream back-pressured at t=52045000
Time: 52045 ns  Iteration: 0  Process: /tb_pcie_axi_dma(TB_SCENARIO=2,FIFO_DEPTH=64,BATCH_COUNT=4,BATCH_TIMEOUT=64,SINK_STALL_EN=1'b1,SINK_STALL_PERIOD=4,SINK_STALL_READY=1)/dut/u_fifo/Always163_9  Scope: \tb_pcie_axi_dma(TB_SCENARIO=2,FIFO_DEPTH=64,BATCH_COUNT=4,BATCH_TIMEOUT=64,SINK_STALL_EN=1'b1,SINK_STALL_PERIOD=4,SINK_STALL_READY=1) .dut.u_fifo  File: /get/work/krishna.vardhan/git_trees/mtp_pcie_axi/pcie_axi_dma_latency/design/rtl/axis_fifo.sv Line: 165
Warning: [axis_fifo] FIFO full (depth=64) — upstream back-pressured at t=52055000
Time: 52055 ns  Iteration: 0  Process: /tb_pcie_axi_dma(TB_SCENARIO=2,FIFO_DEPTH=64,BATCH_COUNT=4,BATCH_TIMEOUT=64,SINK_STALL_EN=1'b1,SINK_STALL_PERIOD=4,SINK_STALL_READY=1)/dut/u_fifo/Always163_9  Scope: \tb_pcie_axi_dma(TB_SCENARIO=2,FIFO_DEPTH=64,BATCH_COUNT=4,BATCH_TIMEOUT=64,SINK_STALL_EN=1'b1,SINK_STALL_PERIOD=4,SINK_STALL_READY=1) .dut.u_fifo  File: /get/work/krishna.vardhan/git_trees/mtp_pcie_axi/pcie_axi_dma_latency/design/rtl/axis_fifo.sv Line: 165
Warning: [axis_fifo] FIFO full (depth=64) — upstream back-pressured at t=52075000
Time: 52075 ns  Iteration: 0  Process: /tb_pcie_axi_dma(TB_SCENARIO=2,FIFO_DEPTH=64,BATCH_COUNT=4,BATCH_TIMEOUT=64,SINK_STALL_EN=1'b1,SINK_STALL_PERIOD=4,SINK_STALL_READY=1)/dut/u_fifo/Always163_9  Scope: \tb_pcie_axi_dma(TB_SCENARIO=2,FIFO_DEPTH=64,BATCH_COUNT=4,BATCH_TIMEOUT=64,SINK_STALL_EN=1'b1,SINK_STALL_PERIOD=4,SINK_STALL_READY=1) .dut.u_fifo  File: /get/work/krishna.vardhan/git_trees/mtp_pcie_axi/pcie_axi_dma_latency/design/rtl/axis_fifo.sv Line: 165
Warning: [axis_fifo] FIFO full (depth=64) — upstream back-pressured at t=52085000
Time: 52085 ns  Iteration: 0  Process: /tb_pcie_axi_dma(TB_SCENARIO=2,FIFO_DEPTH=64,BATCH_COUNT=4,BATCH_TIMEOUT=64,SINK_STALL_EN=1'b1,SINK_STALL_PERIOD=4,SINK_STALL_READY=1)/dut/u_fifo/Always163_9  Scope: \tb_pcie_axi_dma(TB_SCENARIO=2,FIFO_DEPTH=64,BATCH_COUNT=4,BATCH_TIMEOUT=64,SINK_STALL_EN=1'b1,SINK_STALL_PERIOD=4,SINK_STALL_READY=1) .dut.u_fifo  File: /get/work/krishna.vardhan/git_trees/mtp_pcie_axi/pcie_axi_dma_latency/design/rtl/axis_fifo.sv Line: 165
Warning: [axis_fifo] FIFO full (depth=64) — upstream back-pressured at t=52095000
Time: 52095 ns  Iteration: 0  Process: /tb_pcie_axi_dma(TB_SCENARIO=2,FIFO_DEPTH=64,BATCH_COUNT=4,BATCH_TIMEOUT=64,SINK_STALL_EN=1'b1,SINK_STALL_PERIOD=4,SINK_STALL_READY=1)/dut/u_fifo/Always163_9  Scope: \tb_pcie_axi_dma(TB_SCENARIO=2,FIFO_DEPTH=64,BATCH_COUNT=4,BATCH_TIMEOUT=64,SINK_STALL_EN=1'b1,SINK_STALL_PERIOD=4,SINK_STALL_READY=1) .dut.u_fifo  File: /get/work/krishna.vardhan/git_trees/mtp_pcie_axi/pcie_axi_dma_latency/design/rtl/axis_fifo.sv Line: 165
Warning: [axis_fifo] FIFO full (depth=64) — upstream back-pressured at t=52115000
Time: 52115 ns  Iteration: 0  Process: /tb_pcie_axi_dma(TB_SCENARIO=2,FIFO_DEPTH=64,BATCH_COUNT=4,BATCH_TIMEOUT=64,SINK_STALL_EN=1'b1,SINK_STALL_PERIOD=4,SINK_STALL_READY=1)/dut/u_fifo/Always163_9  Scope: \tb_pcie_axi_dma(TB_SCENARIO=2,FIFO_DEPTH=64,BATCH_COUNT=4,BATCH_TIMEOUT=64,SINK_STALL_EN=1'b1,SINK_STALL_PERIOD=4,SINK_STALL_READY=1) .dut.u_fifo  File: /get/work/krishna.vardhan/git_trees/mtp_pcie_axi/pcie_axi_dma_latency/design/rtl/axis_fifo.sv Line: 165
Warning: [axis_fifo] FIFO full (depth=64) — upstream back-pressured at t=52125000
Time: 52125 ns  Iteration: 0  Process: /tb_pcie_axi_dma(TB_SCENARIO=2,FIFO_DEPTH=64,BATCH_COUNT=4,BATCH_TIMEOUT=64,SINK_STALL_EN=1'b1,SINK_STALL_PERIOD=4,SINK_STALL_READY=1)/dut/u_fifo/Always163_9  Scope: \tb_pcie_axi_dma(TB_SCENARIO=2,FIFO_DEPTH=64,BATCH_COUNT=4,BATCH_TIMEOUT=64,SINK_STALL_EN=1'b1,SINK_STALL_PERIOD=4,SINK_STALL_READY=1) .dut.u_fifo  File: /get/work/krishna.vardhan/git_trees/mtp_pcie_axi/pcie_axi_dma_latency/design/rtl/axis_fifo.sv Line: 165
Warning: [axis_fifo] FIFO full (depth=64) — upstream back-pressured at t=52135000
Time: 52135 ns  Iteration: 0  Process: /tb_pcie_axi_dma(TB_SCENARIO=2,FIFO_DEPTH=64,BATCH_COUNT=4,BATCH_TIMEOUT=64,SINK_STALL_EN=1'b1,SINK_STALL_PERIOD=4,SINK_STALL_READY=1)/dut/u_fifo/Always163_9  Scope: \tb_pcie_axi_dma(TB_SCENARIO=2,FIFO_DEPTH=64,BATCH_COUNT=4,BATCH_TIMEOUT=64,SINK_STALL_EN=1'b1,SINK_STALL_PERIOD=4,SINK_STALL_READY=1) .dut.u_fifo  File: /get/work/krishna.vardhan/git_trees/mtp_pcie_axi/pcie_axi_dma_latency/design/rtl/axis_fifo.sv Line: 165
Warning: [axis_fifo] FIFO full (depth=64) — upstream back-pressured at t=52155000
Time: 52155 ns  Iteration: 0  Process: /tb_pcie_axi_dma(TB_SCENARIO=2,FIFO_DEPTH=64,BATCH_COUNT=4,BATCH_TIMEOUT=64,SINK_STALL_EN=1'b1,SINK_STALL_PERIOD=4,SINK_STALL_READY=1)/dut/u_fifo/Always163_9  Scope: \tb_pcie_axi_dma(TB_SCENARIO=2,FIFO_DEPTH=64,BATCH_COUNT=4,BATCH_TIMEOUT=64,SINK_STALL_EN=1'b1,SINK_STALL_PERIOD=4,SINK_STALL_READY=1) .dut.u_fifo  File: /get/work/krishna.vardhan/git_trees/mtp_pcie_axi/pcie_axi_dma_latency/design/rtl/axis_fifo.sv Line: 165
Warning: [axis_fifo] FIFO full (depth=64) — upstream back-pressured at t=52165000
Time: 52165 ns  Iteration: 0  Process: /tb_pcie_axi_dma(TB_SCENARIO=2,FIFO_DEPTH=64,BATCH_COUNT=4,BATCH_TIMEOUT=64,SINK_STALL_EN=1'b1,SINK_STALL_PERIOD=4,SINK_STALL_READY=1)/dut/u_fifo/Always163_9  Scope: \tb_pcie_axi_dma(TB_SCENARIO=2,FIFO_DEPTH=64,BATCH_COUNT=4,BATCH_TIMEOUT=64,SINK_STALL_EN=1'b1,SINK_STALL_PERIOD=4,SINK_STALL_READY=1) .dut.u_fifo  File: /get/work/krishna.vardhan/git_trees/mtp_pcie_axi/pcie_axi_dma_latency/design/rtl/axis_fifo.sv Line: 165
Warning: [axis_fifo] FIFO full (depth=64) — upstream back-pressured at t=52175000
Time: 52175 ns  Iteration: 0  Process: /tb_pcie_axi_dma(TB_SCENARIO=2,FIFO_DEPTH=64,BATCH_COUNT=4,BATCH_TIMEOUT=64,SINK_STALL_EN=1'b1,SINK_STALL_PERIOD=4,SINK_STALL_READY=1)/dut/u_fifo/Always163_9  Scope: \tb_pcie_axi_dma(TB_SCENARIO=2,FIFO_DEPTH=64,BATCH_COUNT=4,BATCH_TIMEOUT=64,SINK_STALL_EN=1'b1,SINK_STALL_PERIOD=4,SINK_STALL_READY=1) .dut.u_fifo  File: /get/work/krishna.vardhan/git_trees/mtp_pcie_axi/pcie_axi_dma_latency/design/rtl/axis_fifo.sv Line: 165
Warning: [axis_fifo] FIFO full (depth=64) — upstream back-pressured at t=52195000
Time: 52195 ns  Iteration: 0  Process: /tb_pcie_axi_dma(TB_SCENARIO=2,FIFO_DEPTH=64,BATCH_COUNT=4,BATCH_TIMEOUT=64,SINK_STALL_EN=1'b1,SINK_STALL_PERIOD=4,SINK_STALL_READY=1)/dut/u_fifo/Always163_9  Scope: \tb_pcie_axi_dma(TB_SCENARIO=2,FIFO_DEPTH=64,BATCH_COUNT=4,BATCH_TIMEOUT=64,SINK_STALL_EN=1'b1,SINK_STALL_PERIOD=4,SINK_STALL_READY=1) .dut.u_fifo  File: /get/work/krishna.vardhan/git_trees/mtp_pcie_axi/pcie_axi_dma_latency/design/rtl/axis_fifo.sv Line: 165
Warning: [axis_fifo] FIFO full (depth=64) — upstream back-pressured at t=52205000
Time: 52205 ns  Iteration: 0  Process: /tb_pcie_axi_dma(TB_SCENARIO=2,FIFO_DEPTH=64,BATCH_COUNT=4,BATCH_TIMEOUT=64,SINK_STALL_EN=1'b1,SINK_STALL_PERIOD=4,SINK_STALL_READY=1)/dut/u_fifo/Always163_9  Scope: \tb_pcie_axi_dma(TB_SCENARIO=2,FIFO_DEPTH=64,BATCH_COUNT=4,BATCH_TIMEOUT=64,SINK_STALL_EN=1'b1,SINK_STALL_PERIOD=4,SINK_STALL_READY=1) .dut.u_fifo  File: /get/work/krishna.vardhan/git_trees/mtp_pcie_axi/pcie_axi_dma_latency/design/rtl/axis_fifo.sv Line: 165
Warning: [axis_fifo] FIFO full (depth=64) — upstream back-pressured at t=52215000
Time: 52215 ns  Iteration: 0  Process: /tb_pcie_axi_dma(TB_SCENARIO=2,FIFO_DEPTH=64,BATCH_COUNT=4,BATCH_TIMEOUT=64,SINK_STALL_EN=1'b1,SINK_STALL_PERIOD=4,SINK_STALL_READY=1)/dut/u_fifo/Always163_9  Scope: \tb_pcie_axi_dma(TB_SCENARIO=2,FIFO_DEPTH=64,BATCH_COUNT=4,BATCH_TIMEOUT=64,SINK_STALL_EN=1'b1,SINK_STALL_PERIOD=4,SINK_STALL_READY=1) .dut.u_fifo  File: /get/work/krishna.vardhan/git_trees/mtp_pcie_axi/pcie_axi_dma_latency/design/rtl/axis_fifo.sv Line: 165
Warning: [axis_fifo] FIFO full (depth=64) — upstream back-pressured at t=52235000
Time: 52235 ns  Iteration: 0  Process: /tb_pcie_axi_dma(TB_SCENARIO=2,FIFO_DEPTH=64,BATCH_COUNT=4,BATCH_TIMEOUT=64,SINK_STALL_EN=1'b1,SINK_STALL_PERIOD=4,SINK_STALL_READY=1)/dut/u_fifo/Always163_9  Scope: \tb_pcie_axi_dma(TB_SCENARIO=2,FIFO_DEPTH=64,BATCH_COUNT=4,BATCH_TIMEOUT=64,SINK_STALL_EN=1'b1,SINK_STALL_PERIOD=4,SINK_STALL_READY=1) .dut.u_fifo  File: /get/work/krishna.vardhan/git_trees/mtp_pcie_axi/pcie_axi_dma_latency/design/rtl/axis_fifo.sv Line: 165
Warning: [axis_fifo] FIFO full (depth=64) — upstream back-pressured at t=52245000
Time: 52245 ns  Iteration: 0  Process: /tb_pcie_axi_dma(TB_SCENARIO=2,FIFO_DEPTH=64,BATCH_COUNT=4,BATCH_TIMEOUT=64,SINK_STALL_EN=1'b1,SINK_STALL_PERIOD=4,SINK_STALL_READY=1)/dut/u_fifo/Always163_9  Scope: \tb_pcie_axi_dma(TB_SCENARIO=2,FIFO_DEPTH=64,BATCH_COUNT=4,BATCH_TIMEOUT=64,SINK_STALL_EN=1'b1,SINK_STALL_PERIOD=4,SINK_STALL_READY=1) .dut.u_fifo  File: /get/work/krishna.vardhan/git_trees/mtp_pcie_axi/pcie_axi_dma_latency/design/rtl/axis_fifo.sv Line: 165
Warning: [axis_fifo] FIFO full (depth=64) — upstream back-pressured at t=52255000
Time: 52255 ns  Iteration: 0  Process: /tb_pcie_axi_dma(TB_SCENARIO=2,FIFO_DEPTH=64,BATCH_COUNT=4,BATCH_TIMEOUT=64,SINK_STALL_EN=1'b1,SINK_STALL_PERIOD=4,SINK_STALL_READY=1)/dut/u_fifo/Always163_9  Scope: \tb_pcie_axi_dma(TB_SCENARIO=2,FIFO_DEPTH=64,BATCH_COUNT=4,BATCH_TIMEOUT=64,SINK_STALL_EN=1'b1,SINK_STALL_PERIOD=4,SINK_STALL_READY=1) .dut.u_fifo  File: /get/work/krishna.vardhan/git_trees/mtp_pcie_axi/pcie_axi_dma_latency/design/rtl/axis_fifo.sv Line: 165
Warning: [axis_fifo] FIFO full (depth=64) — upstream back-pressured at t=52275000
Time: 52275 ns  Iteration: 0  Process: /tb_pcie_axi_dma(TB_SCENARIO=2,FIFO_DEPTH=64,BATCH_COUNT=4,BATCH_TIMEOUT=64,SINK_STALL_EN=1'b1,SINK_STALL_PERIOD=4,SINK_STALL_READY=1)/dut/u_fifo/Always163_9  Scope: \tb_pcie_axi_dma(TB_SCENARIO=2,FIFO_DEPTH=64,BATCH_COUNT=4,BATCH_TIMEOUT=64,SINK_STALL_EN=1'b1,SINK_STALL_PERIOD=4,SINK_STALL_READY=1) .dut.u_fifo  File: /get/work/krishna.vardhan/git_trees/mtp_pcie_axi/pcie_axi_dma_latency/design/rtl/axis_fifo.sv Line: 165
Warning: [axis_fifo] FIFO full (depth=64) — upstream back-pressured at t=52285000
Time: 52285 ns  Iteration: 0  Process: /tb_pcie_axi_dma(TB_SCENARIO=2,FIFO_DEPTH=64,BATCH_COUNT=4,BATCH_TIMEOUT=64,SINK_STALL_EN=1'b1,SINK_STALL_PERIOD=4,SINK_STALL_READY=1)/dut/u_fifo/Always163_9  Scope: \tb_pcie_axi_dma(TB_SCENARIO=2,FIFO_DEPTH=64,BATCH_COUNT=4,BATCH_TIMEOUT=64,SINK_STALL_EN=1'b1,SINK_STALL_PERIOD=4,SINK_STALL_READY=1) .dut.u_fifo  File: /get/work/krishna.vardhan/git_trees/mtp_pcie_axi/pcie_axi_dma_latency/design/rtl/axis_fifo.sv Line: 165
Warning: [axis_fifo] FIFO full (depth=64) — upstream back-pressured at t=52295000
Time: 52295 ns  Iteration: 0  Process: /tb_pcie_axi_dma(TB_SCENARIO=2,FIFO_DEPTH=64,BATCH_COUNT=4,BATCH_TIMEOUT=64,SINK_STALL_EN=1'b1,SINK_STALL_PERIOD=4,SINK_STALL_READY=1)/dut/u_fifo/Always163_9  Scope: \tb_pcie_axi_dma(TB_SCENARIO=2,FIFO_DEPTH=64,BATCH_COUNT=4,BATCH_TIMEOUT=64,SINK_STALL_EN=1'b1,SINK_STALL_PERIOD=4,SINK_STALL_READY=1) .dut.u_fifo  File: /get/work/krishna.vardhan/git_trees/mtp_pcie_axi/pcie_axi_dma_latency/design/rtl/axis_fifo.sv Line: 165
Warning: [axis_fifo] FIFO full (depth=64) — upstream back-pressured at t=52315000
Time: 52315 ns  Iteration: 0  Process: /tb_pcie_axi_dma(TB_SCENARIO=2,FIFO_DEPTH=64,BATCH_COUNT=4,BATCH_TIMEOUT=64,SINK_STALL_EN=1'b1,SINK_STALL_PERIOD=4,SINK_STALL_READY=1)/dut/u_fifo/Always163_9  Scope: \tb_pcie_axi_dma(TB_SCENARIO=2,FIFO_DEPTH=64,BATCH_COUNT=4,BATCH_TIMEOUT=64,SINK_STALL_EN=1'b1,SINK_STALL_PERIOD=4,SINK_STALL_READY=1) .dut.u_fifo  File: /get/work/krishna.vardhan/git_trees/mtp_pcie_axi/pcie_axi_dma_latency/design/rtl/axis_fifo.sv Line: 165
Warning: [axis_fifo] FIFO full (depth=64) — upstream back-pressured at t=52325000
Time: 52325 ns  Iteration: 0  Process: /tb_pcie_axi_dma(TB_SCENARIO=2,FIFO_DEPTH=64,BATCH_COUNT=4,BATCH_TIMEOUT=64,SINK_STALL_EN=1'b1,SINK_STALL_PERIOD=4,SINK_STALL_READY=1)/dut/u_fifo/Always163_9  Scope: \tb_pcie_axi_dma(TB_SCENARIO=2,FIFO_DEPTH=64,BATCH_COUNT=4,BATCH_TIMEOUT=64,SINK_STALL_EN=1'b1,SINK_STALL_PERIOD=4,SINK_STALL_READY=1) .dut.u_fifo  File: /get/work/krishna.vardhan/git_trees/mtp_pcie_axi/pcie_axi_dma_latency/design/rtl/axis_fifo.sv Line: 165
Warning: [axis_fifo] FIFO full (depth=64) — upstream back-pressured at t=52335000
Time: 52335 ns  Iteration: 0  Process: /tb_pcie_axi_dma(TB_SCENARIO=2,FIFO_DEPTH=64,BATCH_COUNT=4,BATCH_TIMEOUT=64,SINK_STALL_EN=1'b1,SINK_STALL_PERIOD=4,SINK_STALL_READY=1)/dut/u_fifo/Always163_9  Scope: \tb_pcie_axi_dma(TB_SCENARIO=2,FIFO_DEPTH=64,BATCH_COUNT=4,BATCH_TIMEOUT=64,SINK_STALL_EN=1'b1,SINK_STALL_PERIOD=4,SINK_STALL_READY=1) .dut.u_fifo  File: /get/work/krishna.vardhan/git_trees/mtp_pcie_axi/pcie_axi_dma_latency/design/rtl/axis_fifo.sv Line: 165
Warning: [axis_fifo] FIFO full (depth=64) — upstream back-pressured at t=52355000
Time: 52355 ns  Iteration: 0  Process: /tb_pcie_axi_dma(TB_SCENARIO=2,FIFO_DEPTH=64,BATCH_COUNT=4,BATCH_TIMEOUT=64,SINK_STALL_EN=1'b1,SINK_STALL_PERIOD=4,SINK_STALL_READY=1)/dut/u_fifo/Always163_9  Scope: \tb_pcie_axi_dma(TB_SCENARIO=2,FIFO_DEPTH=64,BATCH_COUNT=4,BATCH_TIMEOUT=64,SINK_STALL_EN=1'b1,SINK_STALL_PERIOD=4,SINK_STALL_READY=1) .dut.u_fifo  File: /get/work/krishna.vardhan/git_trees/mtp_pcie_axi/pcie_axi_dma_latency/design/rtl/axis_fifo.sv Line: 165
Warning: [axis_fifo] FIFO full (depth=64) — upstream back-pressured at t=52365000
Time: 52365 ns  Iteration: 0  Process: /tb_pcie_axi_dma(TB_SCENARIO=2,FIFO_DEPTH=64,BATCH_COUNT=4,BATCH_TIMEOUT=64,SINK_STALL_EN=1'b1,SINK_STALL_PERIOD=4,SINK_STALL_READY=1)/dut/u_fifo/Always163_9  Scope: \tb_pcie_axi_dma(TB_SCENARIO=2,FIFO_DEPTH=64,BATCH_COUNT=4,BATCH_TIMEOUT=64,SINK_STALL_EN=1'b1,SINK_STALL_PERIOD=4,SINK_STALL_READY=1) .dut.u_fifo  File: /get/work/krishna.vardhan/git_trees/mtp_pcie_axi/pcie_axi_dma_latency/design/rtl/axis_fifo.sv Line: 165
Warning: [axis_fifo] FIFO full (depth=64) — upstream back-pressured at t=52375000
Time: 52375 ns  Iteration: 0  Process: /tb_pcie_axi_dma(TB_SCENARIO=2,FIFO_DEPTH=64,BATCH_COUNT=4,BATCH_TIMEOUT=64,SINK_STALL_EN=1'b1,SINK_STALL_PERIOD=4,SINK_STALL_READY=1)/dut/u_fifo/Always163_9  Scope: \tb_pcie_axi_dma(TB_SCENARIO=2,FIFO_DEPTH=64,BATCH_COUNT=4,BATCH_TIMEOUT=64,SINK_STALL_EN=1'b1,SINK_STALL_PERIOD=4,SINK_STALL_READY=1) .dut.u_fifo  File: /get/work/krishna.vardhan/git_trees/mtp_pcie_axi/pcie_axi_dma_latency/design/rtl/axis_fifo.sv Line: 165
Warning: [axis_fifo] FIFO full (depth=64) — upstream back-pressured at t=52395000
Time: 52395 ns  Iteration: 0  Process: /tb_pcie_axi_dma(TB_SCENARIO=2,FIFO_DEPTH=64,BATCH_COUNT=4,BATCH_TIMEOUT=64,SINK_STALL_EN=1'b1,SINK_STALL_PERIOD=4,SINK_STALL_READY=1)/dut/u_fifo/Always163_9  Scope: \tb_pcie_axi_dma(TB_SCENARIO=2,FIFO_DEPTH=64,BATCH_COUNT=4,BATCH_TIMEOUT=64,SINK_STALL_EN=1'b1,SINK_STALL_PERIOD=4,SINK_STALL_READY=1) .dut.u_fifo  File: /get/work/krishna.vardhan/git_trees/mtp_pcie_axi/pcie_axi_dma_latency/design/rtl/axis_fifo.sv Line: 165
Warning: [axis_fifo] FIFO full (depth=64) — upstream back-pressured at t=52405000
Time: 52405 ns  Iteration: 0  Process: /tb_pcie_axi_dma(TB_SCENARIO=2,FIFO_DEPTH=64,BATCH_COUNT=4,BATCH_TIMEOUT=64,SINK_STALL_EN=1'b1,SINK_STALL_PERIOD=4,SINK_STALL_READY=1)/dut/u_fifo/Always163_9  Scope: \tb_pcie_axi_dma(TB_SCENARIO=2,FIFO_DEPTH=64,BATCH_COUNT=4,BATCH_TIMEOUT=64,SINK_STALL_EN=1'b1,SINK_STALL_PERIOD=4,SINK_STALL_READY=1) .dut.u_fifo  File: /get/work/krishna.vardhan/git_trees/mtp_pcie_axi/pcie_axi_dma_latency/design/rtl/axis_fifo.sv Line: 165
Warning: [axis_fifo] FIFO full (depth=64) — upstream back-pressured at t=52415000
Time: 52415 ns  Iteration: 0  Process: /tb_pcie_axi_dma(TB_SCENARIO=2,FIFO_DEPTH=64,BATCH_COUNT=4,BATCH_TIMEOUT=64,SINK_STALL_EN=1'b1,SINK_STALL_PERIOD=4,SINK_STALL_READY=1)/dut/u_fifo/Always163_9  Scope: \tb_pcie_axi_dma(TB_SCENARIO=2,FIFO_DEPTH=64,BATCH_COUNT=4,BATCH_TIMEOUT=64,SINK_STALL_EN=1'b1,SINK_STALL_PERIOD=4,SINK_STALL_READY=1) .dut.u_fifo  File: /get/work/krishna.vardhan/git_trees/mtp_pcie_axi/pcie_axi_dma_latency/design/rtl/axis_fifo.sv Line: 165
Warning: [axis_fifo] FIFO full (depth=64) — upstream back-pressured at t=52435000
Time: 52435 ns  Iteration: 0  Process: /tb_pcie_axi_dma(TB_SCENARIO=2,FIFO_DEPTH=64,BATCH_COUNT=4,BATCH_TIMEOUT=64,SINK_STALL_EN=1'b1,SINK_STALL_PERIOD=4,SINK_STALL_READY=1)/dut/u_fifo/Always163_9  Scope: \tb_pcie_axi_dma(TB_SCENARIO=2,FIFO_DEPTH=64,BATCH_COUNT=4,BATCH_TIMEOUT=64,SINK_STALL_EN=1'b1,SINK_STALL_PERIOD=4,SINK_STALL_READY=1) .dut.u_fifo  File: /get/work/krishna.vardhan/git_trees/mtp_pcie_axi/pcie_axi_dma_latency/design/rtl/axis_fifo.sv Line: 165
Warning: [axis_fifo] FIFO full (depth=64) — upstream back-pressured at t=52445000
Time: 52445 ns  Iteration: 0  Process: /tb_pcie_axi_dma(TB_SCENARIO=2,FIFO_DEPTH=64,BATCH_COUNT=4,BATCH_TIMEOUT=64,SINK_STALL_EN=1'b1,SINK_STALL_PERIOD=4,SINK_STALL_READY=1)/dut/u_fifo/Always163_9  Scope: \tb_pcie_axi_dma(TB_SCENARIO=2,FIFO_DEPTH=64,BATCH_COUNT=4,BATCH_TIMEOUT=64,SINK_STALL_EN=1'b1,SINK_STALL_PERIOD=4,SINK_STALL_READY=1) .dut.u_fifo  File: /get/work/krishna.vardhan/git_trees/mtp_pcie_axi/pcie_axi_dma_latency/design/rtl/axis_fifo.sv Line: 165
Warning: [axis_fifo] FIFO full (depth=64) — upstream back-pressured at t=52455000
Time: 52455 ns  Iteration: 0  Process: /tb_pcie_axi_dma(TB_SCENARIO=2,FIFO_DEPTH=64,BATCH_COUNT=4,BATCH_TIMEOUT=64,SINK_STALL_EN=1'b1,SINK_STALL_PERIOD=4,SINK_STALL_READY=1)/dut/u_fifo/Always163_9  Scope: \tb_pcie_axi_dma(TB_SCENARIO=2,FIFO_DEPTH=64,BATCH_COUNT=4,BATCH_TIMEOUT=64,SINK_STALL_EN=1'b1,SINK_STALL_PERIOD=4,SINK_STALL_READY=1) .dut.u_fifo  File: /get/work/krishna.vardhan/git_trees/mtp_pcie_axi/pcie_axi_dma_latency/design/rtl/axis_fifo.sv Line: 165
Warning: [axis_fifo] FIFO full (depth=64) — upstream back-pressured at t=52475000
Time: 52475 ns  Iteration: 0  Process: /tb_pcie_axi_dma(TB_SCENARIO=2,FIFO_DEPTH=64,BATCH_COUNT=4,BATCH_TIMEOUT=64,SINK_STALL_EN=1'b1,SINK_STALL_PERIOD=4,SINK_STALL_READY=1)/dut/u_fifo/Always163_9  Scope: \tb_pcie_axi_dma(TB_SCENARIO=2,FIFO_DEPTH=64,BATCH_COUNT=4,BATCH_TIMEOUT=64,SINK_STALL_EN=1'b1,SINK_STALL_PERIOD=4,SINK_STALL_READY=1) .dut.u_fifo  File: /get/work/krishna.vardhan/git_trees/mtp_pcie_axi/pcie_axi_dma_latency/design/rtl/axis_fifo.sv Line: 165
Warning: [axis_fifo] FIFO full (depth=64) — upstream back-pressured at t=52485000
Time: 52485 ns  Iteration: 0  Process: /tb_pcie_axi_dma(TB_SCENARIO=2,FIFO_DEPTH=64,BATCH_COUNT=4,BATCH_TIMEOUT=64,SINK_STALL_EN=1'b1,SINK_STALL_PERIOD=4,SINK_STALL_READY=1)/dut/u_fifo/Always163_9  Scope: \tb_pcie_axi_dma(TB_SCENARIO=2,FIFO_DEPTH=64,BATCH_COUNT=4,BATCH_TIMEOUT=64,SINK_STALL_EN=1'b1,SINK_STALL_PERIOD=4,SINK_STALL_READY=1) .dut.u_fifo  File: /get/work/krishna.vardhan/git_trees/mtp_pcie_axi/pcie_axi_dma_latency/design/rtl/axis_fifo.sv Line: 165
Warning: [axis_fifo] FIFO full (depth=64) — upstream back-pressured at t=52495000
Time: 52495 ns  Iteration: 0  Process: /tb_pcie_axi_dma(TB_SCENARIO=2,FIFO_DEPTH=64,BATCH_COUNT=4,BATCH_TIMEOUT=64,SINK_STALL_EN=1'b1,SINK_STALL_PERIOD=4,SINK_STALL_READY=1)/dut/u_fifo/Always163_9  Scope: \tb_pcie_axi_dma(TB_SCENARIO=2,FIFO_DEPTH=64,BATCH_COUNT=4,BATCH_TIMEOUT=64,SINK_STALL_EN=1'b1,SINK_STALL_PERIOD=4,SINK_STALL_READY=1) .dut.u_fifo  File: /get/work/krishna.vardhan/git_trees/mtp_pcie_axi/pcie_axi_dma_latency/design/rtl/axis_fifo.sv Line: 165
Warning: [axis_fifo] FIFO full (depth=64) — upstream back-pressured at t=52515000
Time: 52515 ns  Iteration: 0  Process: /tb_pcie_axi_dma(TB_SCENARIO=2,FIFO_DEPTH=64,BATCH_COUNT=4,BATCH_TIMEOUT=64,SINK_STALL_EN=1'b1,SINK_STALL_PERIOD=4,SINK_STALL_READY=1)/dut/u_fifo/Always163_9  Scope: \tb_pcie_axi_dma(TB_SCENARIO=2,FIFO_DEPTH=64,BATCH_COUNT=4,BATCH_TIMEOUT=64,SINK_STALL_EN=1'b1,SINK_STALL_PERIOD=4,SINK_STALL_READY=1) .dut.u_fifo  File: /get/work/krishna.vardhan/git_trees/mtp_pcie_axi/pcie_axi_dma_latency/design/rtl/axis_fifo.sv Line: 165
Warning: [axis_fifo] FIFO full (depth=64) — upstream back-pressured at t=52525000
Time: 52525 ns  Iteration: 0  Process: /tb_pcie_axi_dma(TB_SCENARIO=2,FIFO_DEPTH=64,BATCH_COUNT=4,BATCH_TIMEOUT=64,SINK_STALL_EN=1'b1,SINK_STALL_PERIOD=4,SINK_STALL_READY=1)/dut/u_fifo/Always163_9  Scope: \tb_pcie_axi_dma(TB_SCENARIO=2,FIFO_DEPTH=64,BATCH_COUNT=4,BATCH_TIMEOUT=64,SINK_STALL_EN=1'b1,SINK_STALL_PERIOD=4,SINK_STALL_READY=1) .dut.u_fifo  File: /get/work/krishna.vardhan/git_trees/mtp_pcie_axi/pcie_axi_dma_latency/design/rtl/axis_fifo.sv Line: 165
Warning: [axis_fifo] FIFO full (depth=64) — upstream back-pressured at t=52535000
Time: 52535 ns  Iteration: 0  Process: /tb_pcie_axi_dma(TB_SCENARIO=2,FIFO_DEPTH=64,BATCH_COUNT=4,BATCH_TIMEOUT=64,SINK_STALL_EN=1'b1,SINK_STALL_PERIOD=4,SINK_STALL_READY=1)/dut/u_fifo/Always163_9  Scope: \tb_pcie_axi_dma(TB_SCENARIO=2,FIFO_DEPTH=64,BATCH_COUNT=4,BATCH_TIMEOUT=64,SINK_STALL_EN=1'b1,SINK_STALL_PERIOD=4,SINK_STALL_READY=1) .dut.u_fifo  File: /get/work/krishna.vardhan/git_trees/mtp_pcie_axi/pcie_axi_dma_latency/design/rtl/axis_fifo.sv Line: 165
Warning: [axis_fifo] FIFO full (depth=64) — upstream back-pressured at t=52555000
Time: 52555 ns  Iteration: 0  Process: /tb_pcie_axi_dma(TB_SCENARIO=2,FIFO_DEPTH=64,BATCH_COUNT=4,BATCH_TIMEOUT=64,SINK_STALL_EN=1'b1,SINK_STALL_PERIOD=4,SINK_STALL_READY=1)/dut/u_fifo/Always163_9  Scope: \tb_pcie_axi_dma(TB_SCENARIO=2,FIFO_DEPTH=64,BATCH_COUNT=4,BATCH_TIMEOUT=64,SINK_STALL_EN=1'b1,SINK_STALL_PERIOD=4,SINK_STALL_READY=1) .dut.u_fifo  File: /get/work/krishna.vardhan/git_trees/mtp_pcie_axi/pcie_axi_dma_latency/design/rtl/axis_fifo.sv Line: 165
Warning: [axis_fifo] FIFO full (depth=64) — upstream back-pressured at t=52565000
Time: 52565 ns  Iteration: 0  Process: /tb_pcie_axi_dma(TB_SCENARIO=2,FIFO_DEPTH=64,BATCH_COUNT=4,BATCH_TIMEOUT=64,SINK_STALL_EN=1'b1,SINK_STALL_PERIOD=4,SINK_STALL_READY=1)/dut/u_fifo/Always163_9  Scope: \tb_pcie_axi_dma(TB_SCENARIO=2,FIFO_DEPTH=64,BATCH_COUNT=4,BATCH_TIMEOUT=64,SINK_STALL_EN=1'b1,SINK_STALL_PERIOD=4,SINK_STALL_READY=1) .dut.u_fifo  File: /get/work/krishna.vardhan/git_trees/mtp_pcie_axi/pcie_axi_dma_latency/design/rtl/axis_fifo.sv Line: 165
Warning: [axis_fifo] FIFO full (depth=64) — upstream back-pressured at t=52575000
Time: 52575 ns  Iteration: 0  Process: /tb_pcie_axi_dma(TB_SCENARIO=2,FIFO_DEPTH=64,BATCH_COUNT=4,BATCH_TIMEOUT=64,SINK_STALL_EN=1'b1,SINK_STALL_PERIOD=4,SINK_STALL_READY=1)/dut/u_fifo/Always163_9  Scope: \tb_pcie_axi_dma(TB_SCENARIO=2,FIFO_DEPTH=64,BATCH_COUNT=4,BATCH_TIMEOUT=64,SINK_STALL_EN=1'b1,SINK_STALL_PERIOD=4,SINK_STALL_READY=1) .dut.u_fifo  File: /get/work/krishna.vardhan/git_trees/mtp_pcie_axi/pcie_axi_dma_latency/design/rtl/axis_fifo.sv Line: 165
Warning: [axis_fifo] FIFO full (depth=64) — upstream back-pressured at t=52595000
Time: 52595 ns  Iteration: 0  Process: /tb_pcie_axi_dma(TB_SCENARIO=2,FIFO_DEPTH=64,BATCH_COUNT=4,BATCH_TIMEOUT=64,SINK_STALL_EN=1'b1,SINK_STALL_PERIOD=4,SINK_STALL_READY=1)/dut/u_fifo/Always163_9  Scope: \tb_pcie_axi_dma(TB_SCENARIO=2,FIFO_DEPTH=64,BATCH_COUNT=4,BATCH_TIMEOUT=64,SINK_STALL_EN=1'b1,SINK_STALL_PERIOD=4,SINK_STALL_READY=1) .dut.u_fifo  File: /get/work/krishna.vardhan/git_trees/mtp_pcie_axi/pcie_axi_dma_latency/design/rtl/axis_fifo.sv Line: 165
Warning: [axis_fifo] FIFO full (depth=64) — upstream back-pressured at t=52605000
Time: 52605 ns  Iteration: 0  Process: /tb_pcie_axi_dma(TB_SCENARIO=2,FIFO_DEPTH=64,BATCH_COUNT=4,BATCH_TIMEOUT=64,SINK_STALL_EN=1'b1,SINK_STALL_PERIOD=4,SINK_STALL_READY=1)/dut/u_fifo/Always163_9  Scope: \tb_pcie_axi_dma(TB_SCENARIO=2,FIFO_DEPTH=64,BATCH_COUNT=4,BATCH_TIMEOUT=64,SINK_STALL_EN=1'b1,SINK_STALL_PERIOD=4,SINK_STALL_READY=1) .dut.u_fifo  File: /get/work/krishna.vardhan/git_trees/mtp_pcie_axi/pcie_axi_dma_latency/design/rtl/axis_fifo.sv Line: 165
Warning: [axis_fifo] FIFO full (depth=64) — upstream back-pressured at t=52615000
Time: 52615 ns  Iteration: 0  Process: /tb_pcie_axi_dma(TB_SCENARIO=2,FIFO_DEPTH=64,BATCH_COUNT=4,BATCH_TIMEOUT=64,SINK_STALL_EN=1'b1,SINK_STALL_PERIOD=4,SINK_STALL_READY=1)/dut/u_fifo/Always163_9  Scope: \tb_pcie_axi_dma(TB_SCENARIO=2,FIFO_DEPTH=64,BATCH_COUNT=4,BATCH_TIMEOUT=64,SINK_STALL_EN=1'b1,SINK_STALL_PERIOD=4,SINK_STALL_READY=1) .dut.u_fifo  File: /get/work/krishna.vardhan/git_trees/mtp_pcie_axi/pcie_axi_dma_latency/design/rtl/axis_fifo.sv Line: 165
Warning: [axis_fifo] FIFO full (depth=64) — upstream back-pressured at t=52635000
Time: 52635 ns  Iteration: 0  Process: /tb_pcie_axi_dma(TB_SCENARIO=2,FIFO_DEPTH=64,BATCH_COUNT=4,BATCH_TIMEOUT=64,SINK_STALL_EN=1'b1,SINK_STALL_PERIOD=4,SINK_STALL_READY=1)/dut/u_fifo/Always163_9  Scope: \tb_pcie_axi_dma(TB_SCENARIO=2,FIFO_DEPTH=64,BATCH_COUNT=4,BATCH_TIMEOUT=64,SINK_STALL_EN=1'b1,SINK_STALL_PERIOD=4,SINK_STALL_READY=1) .dut.u_fifo  File: /get/work/krishna.vardhan/git_trees/mtp_pcie_axi/pcie_axi_dma_latency/design/rtl/axis_fifo.sv Line: 165
Warning: [axis_fifo] FIFO full (depth=64) — upstream back-pressured at t=52645000
Time: 52645 ns  Iteration: 0  Process: /tb_pcie_axi_dma(TB_SCENARIO=2,FIFO_DEPTH=64,BATCH_COUNT=4,BATCH_TIMEOUT=64,SINK_STALL_EN=1'b1,SINK_STALL_PERIOD=4,SINK_STALL_READY=1)/dut/u_fifo/Always163_9  Scope: \tb_pcie_axi_dma(TB_SCENARIO=2,FIFO_DEPTH=64,BATCH_COUNT=4,BATCH_TIMEOUT=64,SINK_STALL_EN=1'b1,SINK_STALL_PERIOD=4,SINK_STALL_READY=1) .dut.u_fifo  File: /get/work/krishna.vardhan/git_trees/mtp_pcie_axi/pcie_axi_dma_latency/design/rtl/axis_fifo.sv Line: 165
Warning: [axis_fifo] FIFO full (depth=64) — upstream back-pressured at t=52655000
Time: 52655 ns  Iteration: 0  Process: /tb_pcie_axi_dma(TB_SCENARIO=2,FIFO_DEPTH=64,BATCH_COUNT=4,BATCH_TIMEOUT=64,SINK_STALL_EN=1'b1,SINK_STALL_PERIOD=4,SINK_STALL_READY=1)/dut/u_fifo/Always163_9  Scope: \tb_pcie_axi_dma(TB_SCENARIO=2,FIFO_DEPTH=64,BATCH_COUNT=4,BATCH_TIMEOUT=64,SINK_STALL_EN=1'b1,SINK_STALL_PERIOD=4,SINK_STALL_READY=1) .dut.u_fifo  File: /get/work/krishna.vardhan/git_trees/mtp_pcie_axi/pcie_axi_dma_latency/design/rtl/axis_fifo.sv Line: 165
Warning: [axis_fifo] FIFO full (depth=64) — upstream back-pressured at t=52675000
Time: 52675 ns  Iteration: 0  Process: /tb_pcie_axi_dma(TB_SCENARIO=2,FIFO_DEPTH=64,BATCH_COUNT=4,BATCH_TIMEOUT=64,SINK_STALL_EN=1'b1,SINK_STALL_PERIOD=4,SINK_STALL_READY=1)/dut/u_fifo/Always163_9  Scope: \tb_pcie_axi_dma(TB_SCENARIO=2,FIFO_DEPTH=64,BATCH_COUNT=4,BATCH_TIMEOUT=64,SINK_STALL_EN=1'b1,SINK_STALL_PERIOD=4,SINK_STALL_READY=1) .dut.u_fifo  File: /get/work/krishna.vardhan/git_trees/mtp_pcie_axi/pcie_axi_dma_latency/design/rtl/axis_fifo.sv Line: 165
Warning: [axis_fifo] FIFO full (depth=64) — upstream back-pressured at t=52685000
Time: 52685 ns  Iteration: 0  Process: /tb_pcie_axi_dma(TB_SCENARIO=2,FIFO_DEPTH=64,BATCH_COUNT=4,BATCH_TIMEOUT=64,SINK_STALL_EN=1'b1,SINK_STALL_PERIOD=4,SINK_STALL_READY=1)/dut/u_fifo/Always163_9  Scope: \tb_pcie_axi_dma(TB_SCENARIO=2,FIFO_DEPTH=64,BATCH_COUNT=4,BATCH_TIMEOUT=64,SINK_STALL_EN=1'b1,SINK_STALL_PERIOD=4,SINK_STALL_READY=1) .dut.u_fifo  File: /get/work/krishna.vardhan/git_trees/mtp_pcie_axi/pcie_axi_dma_latency/design/rtl/axis_fifo.sv Line: 165
Warning: [axis_fifo] FIFO full (depth=64) — upstream back-pressured at t=52695000
Time: 52695 ns  Iteration: 0  Process: /tb_pcie_axi_dma(TB_SCENARIO=2,FIFO_DEPTH=64,BATCH_COUNT=4,BATCH_TIMEOUT=64,SINK_STALL_EN=1'b1,SINK_STALL_PERIOD=4,SINK_STALL_READY=1)/dut/u_fifo/Always163_9  Scope: \tb_pcie_axi_dma(TB_SCENARIO=2,FIFO_DEPTH=64,BATCH_COUNT=4,BATCH_TIMEOUT=64,SINK_STALL_EN=1'b1,SINK_STALL_PERIOD=4,SINK_STALL_READY=1) .dut.u_fifo  File: /get/work/krishna.vardhan/git_trees/mtp_pcie_axi/pcie_axi_dma_latency/design/rtl/axis_fifo.sv Line: 165
Warning: [axis_fifo] FIFO full (depth=64) — upstream back-pressured at t=52715000
Time: 52715 ns  Iteration: 0  Process: /tb_pcie_axi_dma(TB_SCENARIO=2,FIFO_DEPTH=64,BATCH_COUNT=4,BATCH_TIMEOUT=64,SINK_STALL_EN=1'b1,SINK_STALL_PERIOD=4,SINK_STALL_READY=1)/dut/u_fifo/Always163_9  Scope: \tb_pcie_axi_dma(TB_SCENARIO=2,FIFO_DEPTH=64,BATCH_COUNT=4,BATCH_TIMEOUT=64,SINK_STALL_EN=1'b1,SINK_STALL_PERIOD=4,SINK_STALL_READY=1) .dut.u_fifo  File: /get/work/krishna.vardhan/git_trees/mtp_pcie_axi/pcie_axi_dma_latency/design/rtl/axis_fifo.sv Line: 165
Warning: [axis_fifo] FIFO full (depth=64) — upstream back-pressured at t=52725000
Time: 52725 ns  Iteration: 0  Process: /tb_pcie_axi_dma(TB_SCENARIO=2,FIFO_DEPTH=64,BATCH_COUNT=4,BATCH_TIMEOUT=64,SINK_STALL_EN=1'b1,SINK_STALL_PERIOD=4,SINK_STALL_READY=1)/dut/u_fifo/Always163_9  Scope: \tb_pcie_axi_dma(TB_SCENARIO=2,FIFO_DEPTH=64,BATCH_COUNT=4,BATCH_TIMEOUT=64,SINK_STALL_EN=1'b1,SINK_STALL_PERIOD=4,SINK_STALL_READY=1) .dut.u_fifo  File: /get/work/krishna.vardhan/git_trees/mtp_pcie_axi/pcie_axi_dma_latency/design/rtl/axis_fifo.sv Line: 165
Warning: [axis_fifo] FIFO full (depth=64) — upstream back-pressured at t=52735000
Time: 52735 ns  Iteration: 0  Process: /tb_pcie_axi_dma(TB_SCENARIO=2,FIFO_DEPTH=64,BATCH_COUNT=4,BATCH_TIMEOUT=64,SINK_STALL_EN=1'b1,SINK_STALL_PERIOD=4,SINK_STALL_READY=1)/dut/u_fifo/Always163_9  Scope: \tb_pcie_axi_dma(TB_SCENARIO=2,FIFO_DEPTH=64,BATCH_COUNT=4,BATCH_TIMEOUT=64,SINK_STALL_EN=1'b1,SINK_STALL_PERIOD=4,SINK_STALL_READY=1) .dut.u_fifo  File: /get/work/krishna.vardhan/git_trees/mtp_pcie_axi/pcie_axi_dma_latency/design/rtl/axis_fifo.sv Line: 165
Warning: [axis_fifo] FIFO full (depth=64) — upstream back-pressured at t=52755000
Time: 52755 ns  Iteration: 0  Process: /tb_pcie_axi_dma(TB_SCENARIO=2,FIFO_DEPTH=64,BATCH_COUNT=4,BATCH_TIMEOUT=64,SINK_STALL_EN=1'b1,SINK_STALL_PERIOD=4,SINK_STALL_READY=1)/dut/u_fifo/Always163_9  Scope: \tb_pcie_axi_dma(TB_SCENARIO=2,FIFO_DEPTH=64,BATCH_COUNT=4,BATCH_TIMEOUT=64,SINK_STALL_EN=1'b1,SINK_STALL_PERIOD=4,SINK_STALL_READY=1) .dut.u_fifo  File: /get/work/krishna.vardhan/git_trees/mtp_pcie_axi/pcie_axi_dma_latency/design/rtl/axis_fifo.sv Line: 165
Warning: [axis_fifo] FIFO full (depth=64) — upstream back-pressured at t=52765000
Time: 52765 ns  Iteration: 0  Process: /tb_pcie_axi_dma(TB_SCENARIO=2,FIFO_DEPTH=64,BATCH_COUNT=4,BATCH_TIMEOUT=64,SINK_STALL_EN=1'b1,SINK_STALL_PERIOD=4,SINK_STALL_READY=1)/dut/u_fifo/Always163_9  Scope: \tb_pcie_axi_dma(TB_SCENARIO=2,FIFO_DEPTH=64,BATCH_COUNT=4,BATCH_TIMEOUT=64,SINK_STALL_EN=1'b1,SINK_STALL_PERIOD=4,SINK_STALL_READY=1) .dut.u_fifo  File: /get/work/krishna.vardhan/git_trees/mtp_pcie_axi/pcie_axi_dma_latency/design/rtl/axis_fifo.sv Line: 165
Warning: [axis_fifo] FIFO full (depth=64) — upstream back-pressured at t=52775000
Time: 52775 ns  Iteration: 0  Process: /tb_pcie_axi_dma(TB_SCENARIO=2,FIFO_DEPTH=64,BATCH_COUNT=4,BATCH_TIMEOUT=64,SINK_STALL_EN=1'b1,SINK_STALL_PERIOD=4,SINK_STALL_READY=1)/dut/u_fifo/Always163_9  Scope: \tb_pcie_axi_dma(TB_SCENARIO=2,FIFO_DEPTH=64,BATCH_COUNT=4,BATCH_TIMEOUT=64,SINK_STALL_EN=1'b1,SINK_STALL_PERIOD=4,SINK_STALL_READY=1) .dut.u_fifo  File: /get/work/krishna.vardhan/git_trees/mtp_pcie_axi/pcie_axi_dma_latency/design/rtl/axis_fifo.sv Line: 165
Warning: [axis_fifo] FIFO full (depth=64) — upstream back-pressured at t=52795000
Time: 52795 ns  Iteration: 0  Process: /tb_pcie_axi_dma(TB_SCENARIO=2,FIFO_DEPTH=64,BATCH_COUNT=4,BATCH_TIMEOUT=64,SINK_STALL_EN=1'b1,SINK_STALL_PERIOD=4,SINK_STALL_READY=1)/dut/u_fifo/Always163_9  Scope: \tb_pcie_axi_dma(TB_SCENARIO=2,FIFO_DEPTH=64,BATCH_COUNT=4,BATCH_TIMEOUT=64,SINK_STALL_EN=1'b1,SINK_STALL_PERIOD=4,SINK_STALL_READY=1) .dut.u_fifo  File: /get/work/krishna.vardhan/git_trees/mtp_pcie_axi/pcie_axi_dma_latency/design/rtl/axis_fifo.sv Line: 165
Warning: [axis_fifo] FIFO full (depth=64) — upstream back-pressured at t=52805000
Time: 52805 ns  Iteration: 0  Process: /tb_pcie_axi_dma(TB_SCENARIO=2,FIFO_DEPTH=64,BATCH_COUNT=4,BATCH_TIMEOUT=64,SINK_STALL_EN=1'b1,SINK_STALL_PERIOD=4,SINK_STALL_READY=1)/dut/u_fifo/Always163_9  Scope: \tb_pcie_axi_dma(TB_SCENARIO=2,FIFO_DEPTH=64,BATCH_COUNT=4,BATCH_TIMEOUT=64,SINK_STALL_EN=1'b1,SINK_STALL_PERIOD=4,SINK_STALL_READY=1) .dut.u_fifo  File: /get/work/krishna.vardhan/git_trees/mtp_pcie_axi/pcie_axi_dma_latency/design/rtl/axis_fifo.sv Line: 165
Warning: [axis_fifo] FIFO full (depth=64) — upstream back-pressured at t=52815000
Time: 52815 ns  Iteration: 0  Process: /tb_pcie_axi_dma(TB_SCENARIO=2,FIFO_DEPTH=64,BATCH_COUNT=4,BATCH_TIMEOUT=64,SINK_STALL_EN=1'b1,SINK_STALL_PERIOD=4,SINK_STALL_READY=1)/dut/u_fifo/Always163_9  Scope: \tb_pcie_axi_dma(TB_SCENARIO=2,FIFO_DEPTH=64,BATCH_COUNT=4,BATCH_TIMEOUT=64,SINK_STALL_EN=1'b1,SINK_STALL_PERIOD=4,SINK_STALL_READY=1) .dut.u_fifo  File: /get/work/krishna.vardhan/git_trees/mtp_pcie_axi/pcie_axi_dma_latency/design/rtl/axis_fifo.sv Line: 165
Warning: [axis_fifo] FIFO full (depth=64) — upstream back-pressured at t=52835000
Time: 52835 ns  Iteration: 0  Process: /tb_pcie_axi_dma(TB_SCENARIO=2,FIFO_DEPTH=64,BATCH_COUNT=4,BATCH_TIMEOUT=64,SINK_STALL_EN=1'b1,SINK_STALL_PERIOD=4,SINK_STALL_READY=1)/dut/u_fifo/Always163_9  Scope: \tb_pcie_axi_dma(TB_SCENARIO=2,FIFO_DEPTH=64,BATCH_COUNT=4,BATCH_TIMEOUT=64,SINK_STALL_EN=1'b1,SINK_STALL_PERIOD=4,SINK_STALL_READY=1) .dut.u_fifo  File: /get/work/krishna.vardhan/git_trees/mtp_pcie_axi/pcie_axi_dma_latency/design/rtl/axis_fifo.sv Line: 165
Warning: [axis_fifo] FIFO full (depth=64) — upstream back-pressured at t=52845000
Time: 52845 ns  Iteration: 0  Process: /tb_pcie_axi_dma(TB_SCENARIO=2,FIFO_DEPTH=64,BATCH_COUNT=4,BATCH_TIMEOUT=64,SINK_STALL_EN=1'b1,SINK_STALL_PERIOD=4,SINK_STALL_READY=1)/dut/u_fifo/Always163_9  Scope: \tb_pcie_axi_dma(TB_SCENARIO=2,FIFO_DEPTH=64,BATCH_COUNT=4,BATCH_TIMEOUT=64,SINK_STALL_EN=1'b1,SINK_STALL_PERIOD=4,SINK_STALL_READY=1) .dut.u_fifo  File: /get/work/krishna.vardhan/git_trees/mtp_pcie_axi/pcie_axi_dma_latency/design/rtl/axis_fifo.sv Line: 165
Warning: [axis_fifo] FIFO full (depth=64) — upstream back-pressured at t=52855000
Time: 52855 ns  Iteration: 0  Process: /tb_pcie_axi_dma(TB_SCENARIO=2,FIFO_DEPTH=64,BATCH_COUNT=4,BATCH_TIMEOUT=64,SINK_STALL_EN=1'b1,SINK_STALL_PERIOD=4,SINK_STALL_READY=1)/dut/u_fifo/Always163_9  Scope: \tb_pcie_axi_dma(TB_SCENARIO=2,FIFO_DEPTH=64,BATCH_COUNT=4,BATCH_TIMEOUT=64,SINK_STALL_EN=1'b1,SINK_STALL_PERIOD=4,SINK_STALL_READY=1) .dut.u_fifo  File: /get/work/krishna.vardhan/git_trees/mtp_pcie_axi/pcie_axi_dma_latency/design/rtl/axis_fifo.sv Line: 165
Warning: [axis_fifo] FIFO full (depth=64) — upstream back-pressured at t=52875000
Time: 52875 ns  Iteration: 0  Process: /tb_pcie_axi_dma(TB_SCENARIO=2,FIFO_DEPTH=64,BATCH_COUNT=4,BATCH_TIMEOUT=64,SINK_STALL_EN=1'b1,SINK_STALL_PERIOD=4,SINK_STALL_READY=1)/dut/u_fifo/Always163_9  Scope: \tb_pcie_axi_dma(TB_SCENARIO=2,FIFO_DEPTH=64,BATCH_COUNT=4,BATCH_TIMEOUT=64,SINK_STALL_EN=1'b1,SINK_STALL_PERIOD=4,SINK_STALL_READY=1) .dut.u_fifo  File: /get/work/krishna.vardhan/git_trees/mtp_pcie_axi/pcie_axi_dma_latency/design/rtl/axis_fifo.sv Line: 165
Warning: [axis_fifo] FIFO full (depth=64) — upstream back-pressured at t=52885000
Time: 52885 ns  Iteration: 0  Process: /tb_pcie_axi_dma(TB_SCENARIO=2,FIFO_DEPTH=64,BATCH_COUNT=4,BATCH_TIMEOUT=64,SINK_STALL_EN=1'b1,SINK_STALL_PERIOD=4,SINK_STALL_READY=1)/dut/u_fifo/Always163_9  Scope: \tb_pcie_axi_dma(TB_SCENARIO=2,FIFO_DEPTH=64,BATCH_COUNT=4,BATCH_TIMEOUT=64,SINK_STALL_EN=1'b1,SINK_STALL_PERIOD=4,SINK_STALL_READY=1) .dut.u_fifo  File: /get/work/krishna.vardhan/git_trees/mtp_pcie_axi/pcie_axi_dma_latency/design/rtl/axis_fifo.sv Line: 165
Warning: [axis_fifo] FIFO full (depth=64) — upstream back-pressured at t=52895000
Time: 52895 ns  Iteration: 0  Process: /tb_pcie_axi_dma(TB_SCENARIO=2,FIFO_DEPTH=64,BATCH_COUNT=4,BATCH_TIMEOUT=64,SINK_STALL_EN=1'b1,SINK_STALL_PERIOD=4,SINK_STALL_READY=1)/dut/u_fifo/Always163_9  Scope: \tb_pcie_axi_dma(TB_SCENARIO=2,FIFO_DEPTH=64,BATCH_COUNT=4,BATCH_TIMEOUT=64,SINK_STALL_EN=1'b1,SINK_STALL_PERIOD=4,SINK_STALL_READY=1) .dut.u_fifo  File: /get/work/krishna.vardhan/git_trees/mtp_pcie_axi/pcie_axi_dma_latency/design/rtl/axis_fifo.sv Line: 165
Warning: [axis_fifo] FIFO full (depth=64) — upstream back-pressured at t=52915000
Time: 52915 ns  Iteration: 0  Process: /tb_pcie_axi_dma(TB_SCENARIO=2,FIFO_DEPTH=64,BATCH_COUNT=4,BATCH_TIMEOUT=64,SINK_STALL_EN=1'b1,SINK_STALL_PERIOD=4,SINK_STALL_READY=1)/dut/u_fifo/Always163_9  Scope: \tb_pcie_axi_dma(TB_SCENARIO=2,FIFO_DEPTH=64,BATCH_COUNT=4,BATCH_TIMEOUT=64,SINK_STALL_EN=1'b1,SINK_STALL_PERIOD=4,SINK_STALL_READY=1) .dut.u_fifo  File: /get/work/krishna.vardhan/git_trees/mtp_pcie_axi/pcie_axi_dma_latency/design/rtl/axis_fifo.sv Line: 165
Warning: [axis_fifo] FIFO full (depth=64) — upstream back-pressured at t=52925000
Time: 52925 ns  Iteration: 0  Process: /tb_pcie_axi_dma(TB_SCENARIO=2,FIFO_DEPTH=64,BATCH_COUNT=4,BATCH_TIMEOUT=64,SINK_STALL_EN=1'b1,SINK_STALL_PERIOD=4,SINK_STALL_READY=1)/dut/u_fifo/Always163_9  Scope: \tb_pcie_axi_dma(TB_SCENARIO=2,FIFO_DEPTH=64,BATCH_COUNT=4,BATCH_TIMEOUT=64,SINK_STALL_EN=1'b1,SINK_STALL_PERIOD=4,SINK_STALL_READY=1) .dut.u_fifo  File: /get/work/krishna.vardhan/git_trees/mtp_pcie_axi/pcie_axi_dma_latency/design/rtl/axis_fifo.sv Line: 165
Warning: [axis_fifo] FIFO full (depth=64) — upstream back-pressured at t=52935000
Time: 52935 ns  Iteration: 0  Process: /tb_pcie_axi_dma(TB_SCENARIO=2,FIFO_DEPTH=64,BATCH_COUNT=4,BATCH_TIMEOUT=64,SINK_STALL_EN=1'b1,SINK_STALL_PERIOD=4,SINK_STALL_READY=1)/dut/u_fifo/Always163_9  Scope: \tb_pcie_axi_dma(TB_SCENARIO=2,FIFO_DEPTH=64,BATCH_COUNT=4,BATCH_TIMEOUT=64,SINK_STALL_EN=1'b1,SINK_STALL_PERIOD=4,SINK_STALL_READY=1) .dut.u_fifo  File: /get/work/krishna.vardhan/git_trees/mtp_pcie_axi/pcie_axi_dma_latency/design/rtl/axis_fifo.sv Line: 165
Warning: [axis_fifo] FIFO full (depth=64) — upstream back-pressured at t=52955000
Time: 52955 ns  Iteration: 0  Process: /tb_pcie_axi_dma(TB_SCENARIO=2,FIFO_DEPTH=64,BATCH_COUNT=4,BATCH_TIMEOUT=64,SINK_STALL_EN=1'b1,SINK_STALL_PERIOD=4,SINK_STALL_READY=1)/dut/u_fifo/Always163_9  Scope: \tb_pcie_axi_dma(TB_SCENARIO=2,FIFO_DEPTH=64,BATCH_COUNT=4,BATCH_TIMEOUT=64,SINK_STALL_EN=1'b1,SINK_STALL_PERIOD=4,SINK_STALL_READY=1) .dut.u_fifo  File: /get/work/krishna.vardhan/git_trees/mtp_pcie_axi/pcie_axi_dma_latency/design/rtl/axis_fifo.sv Line: 165
Warning: [axis_fifo] FIFO full (depth=64) — upstream back-pressured at t=52965000
Time: 52965 ns  Iteration: 0  Process: /tb_pcie_axi_dma(TB_SCENARIO=2,FIFO_DEPTH=64,BATCH_COUNT=4,BATCH_TIMEOUT=64,SINK_STALL_EN=1'b1,SINK_STALL_PERIOD=4,SINK_STALL_READY=1)/dut/u_fifo/Always163_9  Scope: \tb_pcie_axi_dma(TB_SCENARIO=2,FIFO_DEPTH=64,BATCH_COUNT=4,BATCH_TIMEOUT=64,SINK_STALL_EN=1'b1,SINK_STALL_PERIOD=4,SINK_STALL_READY=1) .dut.u_fifo  File: /get/work/krishna.vardhan/git_trees/mtp_pcie_axi/pcie_axi_dma_latency/design/rtl/axis_fifo.sv Line: 165
Warning: [axis_fifo] FIFO full (depth=64) — upstream back-pressured at t=52975000
Time: 52975 ns  Iteration: 0  Process: /tb_pcie_axi_dma(TB_SCENARIO=2,FIFO_DEPTH=64,BATCH_COUNT=4,BATCH_TIMEOUT=64,SINK_STALL_EN=1'b1,SINK_STALL_PERIOD=4,SINK_STALL_READY=1)/dut/u_fifo/Always163_9  Scope: \tb_pcie_axi_dma(TB_SCENARIO=2,FIFO_DEPTH=64,BATCH_COUNT=4,BATCH_TIMEOUT=64,SINK_STALL_EN=1'b1,SINK_STALL_PERIOD=4,SINK_STALL_READY=1) .dut.u_fifo  File: /get/work/krishna.vardhan/git_trees/mtp_pcie_axi/pcie_axi_dma_latency/design/rtl/axis_fifo.sv Line: 165
Warning: [axis_fifo] FIFO full (depth=64) — upstream back-pressured at t=52995000
Time: 52995 ns  Iteration: 0  Process: /tb_pcie_axi_dma(TB_SCENARIO=2,FIFO_DEPTH=64,BATCH_COUNT=4,BATCH_TIMEOUT=64,SINK_STALL_EN=1'b1,SINK_STALL_PERIOD=4,SINK_STALL_READY=1)/dut/u_fifo/Always163_9  Scope: \tb_pcie_axi_dma(TB_SCENARIO=2,FIFO_DEPTH=64,BATCH_COUNT=4,BATCH_TIMEOUT=64,SINK_STALL_EN=1'b1,SINK_STALL_PERIOD=4,SINK_STALL_READY=1) .dut.u_fifo  File: /get/work/krishna.vardhan/git_trees/mtp_pcie_axi/pcie_axi_dma_latency/design/rtl/axis_fifo.sv Line: 165
Warning: [axis_fifo] FIFO full (depth=64) — upstream back-pressured at t=53005000
Time: 53005 ns  Iteration: 0  Process: /tb_pcie_axi_dma(TB_SCENARIO=2,FIFO_DEPTH=64,BATCH_COUNT=4,BATCH_TIMEOUT=64,SINK_STALL_EN=1'b1,SINK_STALL_PERIOD=4,SINK_STALL_READY=1)/dut/u_fifo/Always163_9  Scope: \tb_pcie_axi_dma(TB_SCENARIO=2,FIFO_DEPTH=64,BATCH_COUNT=4,BATCH_TIMEOUT=64,SINK_STALL_EN=1'b1,SINK_STALL_PERIOD=4,SINK_STALL_READY=1) .dut.u_fifo  File: /get/work/krishna.vardhan/git_trees/mtp_pcie_axi/pcie_axi_dma_latency/design/rtl/axis_fifo.sv Line: 165
Warning: [axis_fifo] FIFO full (depth=64) — upstream back-pressured at t=53015000
Time: 53015 ns  Iteration: 0  Process: /tb_pcie_axi_dma(TB_SCENARIO=2,FIFO_DEPTH=64,BATCH_COUNT=4,BATCH_TIMEOUT=64,SINK_STALL_EN=1'b1,SINK_STALL_PERIOD=4,SINK_STALL_READY=1)/dut/u_fifo/Always163_9  Scope: \tb_pcie_axi_dma(TB_SCENARIO=2,FIFO_DEPTH=64,BATCH_COUNT=4,BATCH_TIMEOUT=64,SINK_STALL_EN=1'b1,SINK_STALL_PERIOD=4,SINK_STALL_READY=1) .dut.u_fifo  File: /get/work/krishna.vardhan/git_trees/mtp_pcie_axi/pcie_axi_dma_latency/design/rtl/axis_fifo.sv Line: 165
Warning: [axis_fifo] FIFO full (depth=64) — upstream back-pressured at t=53035000
Time: 53035 ns  Iteration: 0  Process: /tb_pcie_axi_dma(TB_SCENARIO=2,FIFO_DEPTH=64,BATCH_COUNT=4,BATCH_TIMEOUT=64,SINK_STALL_EN=1'b1,SINK_STALL_PERIOD=4,SINK_STALL_READY=1)/dut/u_fifo/Always163_9  Scope: \tb_pcie_axi_dma(TB_SCENARIO=2,FIFO_DEPTH=64,BATCH_COUNT=4,BATCH_TIMEOUT=64,SINK_STALL_EN=1'b1,SINK_STALL_PERIOD=4,SINK_STALL_READY=1) .dut.u_fifo  File: /get/work/krishna.vardhan/git_trees/mtp_pcie_axi/pcie_axi_dma_latency/design/rtl/axis_fifo.sv Line: 165
Warning: [axis_fifo] FIFO full (depth=64) — upstream back-pressured at t=53045000
Time: 53045 ns  Iteration: 0  Process: /tb_pcie_axi_dma(TB_SCENARIO=2,FIFO_DEPTH=64,BATCH_COUNT=4,BATCH_TIMEOUT=64,SINK_STALL_EN=1'b1,SINK_STALL_PERIOD=4,SINK_STALL_READY=1)/dut/u_fifo/Always163_9  Scope: \tb_pcie_axi_dma(TB_SCENARIO=2,FIFO_DEPTH=64,BATCH_COUNT=4,BATCH_TIMEOUT=64,SINK_STALL_EN=1'b1,SINK_STALL_PERIOD=4,SINK_STALL_READY=1) .dut.u_fifo  File: /get/work/krishna.vardhan/git_trees/mtp_pcie_axi/pcie_axi_dma_latency/design/rtl/axis_fifo.sv Line: 165
Warning: [axis_fifo] FIFO full (depth=64) — upstream back-pressured at t=53055000
Time: 53055 ns  Iteration: 0  Process: /tb_pcie_axi_dma(TB_SCENARIO=2,FIFO_DEPTH=64,BATCH_COUNT=4,BATCH_TIMEOUT=64,SINK_STALL_EN=1'b1,SINK_STALL_PERIOD=4,SINK_STALL_READY=1)/dut/u_fifo/Always163_9  Scope: \tb_pcie_axi_dma(TB_SCENARIO=2,FIFO_DEPTH=64,BATCH_COUNT=4,BATCH_TIMEOUT=64,SINK_STALL_EN=1'b1,SINK_STALL_PERIOD=4,SINK_STALL_READY=1) .dut.u_fifo  File: /get/work/krishna.vardhan/git_trees/mtp_pcie_axi/pcie_axi_dma_latency/design/rtl/axis_fifo.sv Line: 165
Warning: [axis_fifo] FIFO full (depth=64) — upstream back-pressured at t=53075000
Time: 53075 ns  Iteration: 0  Process: /tb_pcie_axi_dma(TB_SCENARIO=2,FIFO_DEPTH=64,BATCH_COUNT=4,BATCH_TIMEOUT=64,SINK_STALL_EN=1'b1,SINK_STALL_PERIOD=4,SINK_STALL_READY=1)/dut/u_fifo/Always163_9  Scope: \tb_pcie_axi_dma(TB_SCENARIO=2,FIFO_DEPTH=64,BATCH_COUNT=4,BATCH_TIMEOUT=64,SINK_STALL_EN=1'b1,SINK_STALL_PERIOD=4,SINK_STALL_READY=1) .dut.u_fifo  File: /get/work/krishna.vardhan/git_trees/mtp_pcie_axi/pcie_axi_dma_latency/design/rtl/axis_fifo.sv Line: 165
Warning: [axis_fifo] FIFO full (depth=64) — upstream back-pressured at t=53085000
Time: 53085 ns  Iteration: 0  Process: /tb_pcie_axi_dma(TB_SCENARIO=2,FIFO_DEPTH=64,BATCH_COUNT=4,BATCH_TIMEOUT=64,SINK_STALL_EN=1'b1,SINK_STALL_PERIOD=4,SINK_STALL_READY=1)/dut/u_fifo/Always163_9  Scope: \tb_pcie_axi_dma(TB_SCENARIO=2,FIFO_DEPTH=64,BATCH_COUNT=4,BATCH_TIMEOUT=64,SINK_STALL_EN=1'b1,SINK_STALL_PERIOD=4,SINK_STALL_READY=1) .dut.u_fifo  File: /get/work/krishna.vardhan/git_trees/mtp_pcie_axi/pcie_axi_dma_latency/design/rtl/axis_fifo.sv Line: 165
Warning: [axis_fifo] FIFO full (depth=64) — upstream back-pressured at t=53095000
Time: 53095 ns  Iteration: 0  Process: /tb_pcie_axi_dma(TB_SCENARIO=2,FIFO_DEPTH=64,BATCH_COUNT=4,BATCH_TIMEOUT=64,SINK_STALL_EN=1'b1,SINK_STALL_PERIOD=4,SINK_STALL_READY=1)/dut/u_fifo/Always163_9  Scope: \tb_pcie_axi_dma(TB_SCENARIO=2,FIFO_DEPTH=64,BATCH_COUNT=4,BATCH_TIMEOUT=64,SINK_STALL_EN=1'b1,SINK_STALL_PERIOD=4,SINK_STALL_READY=1) .dut.u_fifo  File: /get/work/krishna.vardhan/git_trees/mtp_pcie_axi/pcie_axi_dma_latency/design/rtl/axis_fifo.sv Line: 165
Warning: [axis_fifo] FIFO full (depth=64) — upstream back-pressured at t=53115000
Time: 53115 ns  Iteration: 0  Process: /tb_pcie_axi_dma(TB_SCENARIO=2,FIFO_DEPTH=64,BATCH_COUNT=4,BATCH_TIMEOUT=64,SINK_STALL_EN=1'b1,SINK_STALL_PERIOD=4,SINK_STALL_READY=1)/dut/u_fifo/Always163_9  Scope: \tb_pcie_axi_dma(TB_SCENARIO=2,FIFO_DEPTH=64,BATCH_COUNT=4,BATCH_TIMEOUT=64,SINK_STALL_EN=1'b1,SINK_STALL_PERIOD=4,SINK_STALL_READY=1) .dut.u_fifo  File: /get/work/krishna.vardhan/git_trees/mtp_pcie_axi/pcie_axi_dma_latency/design/rtl/axis_fifo.sv Line: 165
Warning: [axis_fifo] FIFO full (depth=64) — upstream back-pressured at t=53125000
Time: 53125 ns  Iteration: 0  Process: /tb_pcie_axi_dma(TB_SCENARIO=2,FIFO_DEPTH=64,BATCH_COUNT=4,BATCH_TIMEOUT=64,SINK_STALL_EN=1'b1,SINK_STALL_PERIOD=4,SINK_STALL_READY=1)/dut/u_fifo/Always163_9  Scope: \tb_pcie_axi_dma(TB_SCENARIO=2,FIFO_DEPTH=64,BATCH_COUNT=4,BATCH_TIMEOUT=64,SINK_STALL_EN=1'b1,SINK_STALL_PERIOD=4,SINK_STALL_READY=1) .dut.u_fifo  File: /get/work/krishna.vardhan/git_trees/mtp_pcie_axi/pcie_axi_dma_latency/design/rtl/axis_fifo.sv Line: 165
Warning: [axis_fifo] FIFO full (depth=64) — upstream back-pressured at t=53135000
Time: 53135 ns  Iteration: 0  Process: /tb_pcie_axi_dma(TB_SCENARIO=2,FIFO_DEPTH=64,BATCH_COUNT=4,BATCH_TIMEOUT=64,SINK_STALL_EN=1'b1,SINK_STALL_PERIOD=4,SINK_STALL_READY=1)/dut/u_fifo/Always163_9  Scope: \tb_pcie_axi_dma(TB_SCENARIO=2,FIFO_DEPTH=64,BATCH_COUNT=4,BATCH_TIMEOUT=64,SINK_STALL_EN=1'b1,SINK_STALL_PERIOD=4,SINK_STALL_READY=1) .dut.u_fifo  File: /get/work/krishna.vardhan/git_trees/mtp_pcie_axi/pcie_axi_dma_latency/design/rtl/axis_fifo.sv Line: 165
Warning: [axis_fifo] FIFO full (depth=64) — upstream back-pressured at t=53155000
Time: 53155 ns  Iteration: 0  Process: /tb_pcie_axi_dma(TB_SCENARIO=2,FIFO_DEPTH=64,BATCH_COUNT=4,BATCH_TIMEOUT=64,SINK_STALL_EN=1'b1,SINK_STALL_PERIOD=4,SINK_STALL_READY=1)/dut/u_fifo/Always163_9  Scope: \tb_pcie_axi_dma(TB_SCENARIO=2,FIFO_DEPTH=64,BATCH_COUNT=4,BATCH_TIMEOUT=64,SINK_STALL_EN=1'b1,SINK_STALL_PERIOD=4,SINK_STALL_READY=1) .dut.u_fifo  File: /get/work/krishna.vardhan/git_trees/mtp_pcie_axi/pcie_axi_dma_latency/design/rtl/axis_fifo.sv Line: 165
Warning: [axis_fifo] FIFO full (depth=64) — upstream back-pressured at t=53165000
Time: 53165 ns  Iteration: 0  Process: /tb_pcie_axi_dma(TB_SCENARIO=2,FIFO_DEPTH=64,BATCH_COUNT=4,BATCH_TIMEOUT=64,SINK_STALL_EN=1'b1,SINK_STALL_PERIOD=4,SINK_STALL_READY=1)/dut/u_fifo/Always163_9  Scope: \tb_pcie_axi_dma(TB_SCENARIO=2,FIFO_DEPTH=64,BATCH_COUNT=4,BATCH_TIMEOUT=64,SINK_STALL_EN=1'b1,SINK_STALL_PERIOD=4,SINK_STALL_READY=1) .dut.u_fifo  File: /get/work/krishna.vardhan/git_trees/mtp_pcie_axi/pcie_axi_dma_latency/design/rtl/axis_fifo.sv Line: 165
Warning: [axis_fifo] FIFO full (depth=64) — upstream back-pressured at t=53175000
Time: 53175 ns  Iteration: 0  Process: /tb_pcie_axi_dma(TB_SCENARIO=2,FIFO_DEPTH=64,BATCH_COUNT=4,BATCH_TIMEOUT=64,SINK_STALL_EN=1'b1,SINK_STALL_PERIOD=4,SINK_STALL_READY=1)/dut/u_fifo/Always163_9  Scope: \tb_pcie_axi_dma(TB_SCENARIO=2,FIFO_DEPTH=64,BATCH_COUNT=4,BATCH_TIMEOUT=64,SINK_STALL_EN=1'b1,SINK_STALL_PERIOD=4,SINK_STALL_READY=1) .dut.u_fifo  File: /get/work/krishna.vardhan/git_trees/mtp_pcie_axi/pcie_axi_dma_latency/design/rtl/axis_fifo.sv Line: 165
Warning: [axis_fifo] FIFO full (depth=64) — upstream back-pressured at t=53195000
Time: 53195 ns  Iteration: 0  Process: /tb_pcie_axi_dma(TB_SCENARIO=2,FIFO_DEPTH=64,BATCH_COUNT=4,BATCH_TIMEOUT=64,SINK_STALL_EN=1'b1,SINK_STALL_PERIOD=4,SINK_STALL_READY=1)/dut/u_fifo/Always163_9  Scope: \tb_pcie_axi_dma(TB_SCENARIO=2,FIFO_DEPTH=64,BATCH_COUNT=4,BATCH_TIMEOUT=64,SINK_STALL_EN=1'b1,SINK_STALL_PERIOD=4,SINK_STALL_READY=1) .dut.u_fifo  File: /get/work/krishna.vardhan/git_trees/mtp_pcie_axi/pcie_axi_dma_latency/design/rtl/axis_fifo.sv Line: 165
Warning: [axis_fifo] FIFO full (depth=64) — upstream back-pressured at t=53205000
Time: 53205 ns  Iteration: 0  Process: /tb_pcie_axi_dma(TB_SCENARIO=2,FIFO_DEPTH=64,BATCH_COUNT=4,BATCH_TIMEOUT=64,SINK_STALL_EN=1'b1,SINK_STALL_PERIOD=4,SINK_STALL_READY=1)/dut/u_fifo/Always163_9  Scope: \tb_pcie_axi_dma(TB_SCENARIO=2,FIFO_DEPTH=64,BATCH_COUNT=4,BATCH_TIMEOUT=64,SINK_STALL_EN=1'b1,SINK_STALL_PERIOD=4,SINK_STALL_READY=1) .dut.u_fifo  File: /get/work/krishna.vardhan/git_trees/mtp_pcie_axi/pcie_axi_dma_latency/design/rtl/axis_fifo.sv Line: 165
Warning: [axis_fifo] FIFO full (depth=64) — upstream back-pressured at t=53215000
Time: 53215 ns  Iteration: 0  Process: /tb_pcie_axi_dma(TB_SCENARIO=2,FIFO_DEPTH=64,BATCH_COUNT=4,BATCH_TIMEOUT=64,SINK_STALL_EN=1'b1,SINK_STALL_PERIOD=4,SINK_STALL_READY=1)/dut/u_fifo/Always163_9  Scope: \tb_pcie_axi_dma(TB_SCENARIO=2,FIFO_DEPTH=64,BATCH_COUNT=4,BATCH_TIMEOUT=64,SINK_STALL_EN=1'b1,SINK_STALL_PERIOD=4,SINK_STALL_READY=1) .dut.u_fifo  File: /get/work/krishna.vardhan/git_trees/mtp_pcie_axi/pcie_axi_dma_latency/design/rtl/axis_fifo.sv Line: 165
Warning: [axis_fifo] FIFO full (depth=64) — upstream back-pressured at t=53235000
Time: 53235 ns  Iteration: 0  Process: /tb_pcie_axi_dma(TB_SCENARIO=2,FIFO_DEPTH=64,BATCH_COUNT=4,BATCH_TIMEOUT=64,SINK_STALL_EN=1'b1,SINK_STALL_PERIOD=4,SINK_STALL_READY=1)/dut/u_fifo/Always163_9  Scope: \tb_pcie_axi_dma(TB_SCENARIO=2,FIFO_DEPTH=64,BATCH_COUNT=4,BATCH_TIMEOUT=64,SINK_STALL_EN=1'b1,SINK_STALL_PERIOD=4,SINK_STALL_READY=1) .dut.u_fifo  File: /get/work/krishna.vardhan/git_trees/mtp_pcie_axi/pcie_axi_dma_latency/design/rtl/axis_fifo.sv Line: 165
Warning: [axis_fifo] FIFO full (depth=64) — upstream back-pressured at t=53245000
Time: 53245 ns  Iteration: 0  Process: /tb_pcie_axi_dma(TB_SCENARIO=2,FIFO_DEPTH=64,BATCH_COUNT=4,BATCH_TIMEOUT=64,SINK_STALL_EN=1'b1,SINK_STALL_PERIOD=4,SINK_STALL_READY=1)/dut/u_fifo/Always163_9  Scope: \tb_pcie_axi_dma(TB_SCENARIO=2,FIFO_DEPTH=64,BATCH_COUNT=4,BATCH_TIMEOUT=64,SINK_STALL_EN=1'b1,SINK_STALL_PERIOD=4,SINK_STALL_READY=1) .dut.u_fifo  File: /get/work/krishna.vardhan/git_trees/mtp_pcie_axi/pcie_axi_dma_latency/design/rtl/axis_fifo.sv Line: 165
Warning: [axis_fifo] FIFO full (depth=64) — upstream back-pressured at t=53255000
Time: 53255 ns  Iteration: 0  Process: /tb_pcie_axi_dma(TB_SCENARIO=2,FIFO_DEPTH=64,BATCH_COUNT=4,BATCH_TIMEOUT=64,SINK_STALL_EN=1'b1,SINK_STALL_PERIOD=4,SINK_STALL_READY=1)/dut/u_fifo/Always163_9  Scope: \tb_pcie_axi_dma(TB_SCENARIO=2,FIFO_DEPTH=64,BATCH_COUNT=4,BATCH_TIMEOUT=64,SINK_STALL_EN=1'b1,SINK_STALL_PERIOD=4,SINK_STALL_READY=1) .dut.u_fifo  File: /get/work/krishna.vardhan/git_trees/mtp_pcie_axi/pcie_axi_dma_latency/design/rtl/axis_fifo.sv Line: 165
Warning: [axis_fifo] FIFO full (depth=64) — upstream back-pressured at t=53275000
Time: 53275 ns  Iteration: 0  Process: /tb_pcie_axi_dma(TB_SCENARIO=2,FIFO_DEPTH=64,BATCH_COUNT=4,BATCH_TIMEOUT=64,SINK_STALL_EN=1'b1,SINK_STALL_PERIOD=4,SINK_STALL_READY=1)/dut/u_fifo/Always163_9  Scope: \tb_pcie_axi_dma(TB_SCENARIO=2,FIFO_DEPTH=64,BATCH_COUNT=4,BATCH_TIMEOUT=64,SINK_STALL_EN=1'b1,SINK_STALL_PERIOD=4,SINK_STALL_READY=1) .dut.u_fifo  File: /get/work/krishna.vardhan/git_trees/mtp_pcie_axi/pcie_axi_dma_latency/design/rtl/axis_fifo.sv Line: 165
Warning: [axis_fifo] FIFO full (depth=64) — upstream back-pressured at t=53285000
Time: 53285 ns  Iteration: 0  Process: /tb_pcie_axi_dma(TB_SCENARIO=2,FIFO_DEPTH=64,BATCH_COUNT=4,BATCH_TIMEOUT=64,SINK_STALL_EN=1'b1,SINK_STALL_PERIOD=4,SINK_STALL_READY=1)/dut/u_fifo/Always163_9  Scope: \tb_pcie_axi_dma(TB_SCENARIO=2,FIFO_DEPTH=64,BATCH_COUNT=4,BATCH_TIMEOUT=64,SINK_STALL_EN=1'b1,SINK_STALL_PERIOD=4,SINK_STALL_READY=1) .dut.u_fifo  File: /get/work/krishna.vardhan/git_trees/mtp_pcie_axi/pcie_axi_dma_latency/design/rtl/axis_fifo.sv Line: 165
Warning: [axis_fifo] FIFO full (depth=64) — upstream back-pressured at t=53295000
Time: 53295 ns  Iteration: 0  Process: /tb_pcie_axi_dma(TB_SCENARIO=2,FIFO_DEPTH=64,BATCH_COUNT=4,BATCH_TIMEOUT=64,SINK_STALL_EN=1'b1,SINK_STALL_PERIOD=4,SINK_STALL_READY=1)/dut/u_fifo/Always163_9  Scope: \tb_pcie_axi_dma(TB_SCENARIO=2,FIFO_DEPTH=64,BATCH_COUNT=4,BATCH_TIMEOUT=64,SINK_STALL_EN=1'b1,SINK_STALL_PERIOD=4,SINK_STALL_READY=1) .dut.u_fifo  File: /get/work/krishna.vardhan/git_trees/mtp_pcie_axi/pcie_axi_dma_latency/design/rtl/axis_fifo.sv Line: 165
Warning: [axis_fifo] FIFO full (depth=64) — upstream back-pressured at t=53315000
Time: 53315 ns  Iteration: 0  Process: /tb_pcie_axi_dma(TB_SCENARIO=2,FIFO_DEPTH=64,BATCH_COUNT=4,BATCH_TIMEOUT=64,SINK_STALL_EN=1'b1,SINK_STALL_PERIOD=4,SINK_STALL_READY=1)/dut/u_fifo/Always163_9  Scope: \tb_pcie_axi_dma(TB_SCENARIO=2,FIFO_DEPTH=64,BATCH_COUNT=4,BATCH_TIMEOUT=64,SINK_STALL_EN=1'b1,SINK_STALL_PERIOD=4,SINK_STALL_READY=1) .dut.u_fifo  File: /get/work/krishna.vardhan/git_trees/mtp_pcie_axi/pcie_axi_dma_latency/design/rtl/axis_fifo.sv Line: 165
Warning: [axis_fifo] FIFO full (depth=64) — upstream back-pressured at t=53325000
Time: 53325 ns  Iteration: 0  Process: /tb_pcie_axi_dma(TB_SCENARIO=2,FIFO_DEPTH=64,BATCH_COUNT=4,BATCH_TIMEOUT=64,SINK_STALL_EN=1'b1,SINK_STALL_PERIOD=4,SINK_STALL_READY=1)/dut/u_fifo/Always163_9  Scope: \tb_pcie_axi_dma(TB_SCENARIO=2,FIFO_DEPTH=64,BATCH_COUNT=4,BATCH_TIMEOUT=64,SINK_STALL_EN=1'b1,SINK_STALL_PERIOD=4,SINK_STALL_READY=1) .dut.u_fifo  File: /get/work/krishna.vardhan/git_trees/mtp_pcie_axi/pcie_axi_dma_latency/design/rtl/axis_fifo.sv Line: 165
Warning: [axis_fifo] FIFO full (depth=64) — upstream back-pressured at t=53335000
Time: 53335 ns  Iteration: 0  Process: /tb_pcie_axi_dma(TB_SCENARIO=2,FIFO_DEPTH=64,BATCH_COUNT=4,BATCH_TIMEOUT=64,SINK_STALL_EN=1'b1,SINK_STALL_PERIOD=4,SINK_STALL_READY=1)/dut/u_fifo/Always163_9  Scope: \tb_pcie_axi_dma(TB_SCENARIO=2,FIFO_DEPTH=64,BATCH_COUNT=4,BATCH_TIMEOUT=64,SINK_STALL_EN=1'b1,SINK_STALL_PERIOD=4,SINK_STALL_READY=1) .dut.u_fifo  File: /get/work/krishna.vardhan/git_trees/mtp_pcie_axi/pcie_axi_dma_latency/design/rtl/axis_fifo.sv Line: 165
Warning: [axis_fifo] FIFO full (depth=64) — upstream back-pressured at t=53355000
Time: 53355 ns  Iteration: 0  Process: /tb_pcie_axi_dma(TB_SCENARIO=2,FIFO_DEPTH=64,BATCH_COUNT=4,BATCH_TIMEOUT=64,SINK_STALL_EN=1'b1,SINK_STALL_PERIOD=4,SINK_STALL_READY=1)/dut/u_fifo/Always163_9  Scope: \tb_pcie_axi_dma(TB_SCENARIO=2,FIFO_DEPTH=64,BATCH_COUNT=4,BATCH_TIMEOUT=64,SINK_STALL_EN=1'b1,SINK_STALL_PERIOD=4,SINK_STALL_READY=1) .dut.u_fifo  File: /get/work/krishna.vardhan/git_trees/mtp_pcie_axi/pcie_axi_dma_latency/design/rtl/axis_fifo.sv Line: 165
Warning: [axis_fifo] FIFO full (depth=64) — upstream back-pressured at t=53365000
Time: 53365 ns  Iteration: 0  Process: /tb_pcie_axi_dma(TB_SCENARIO=2,FIFO_DEPTH=64,BATCH_COUNT=4,BATCH_TIMEOUT=64,SINK_STALL_EN=1'b1,SINK_STALL_PERIOD=4,SINK_STALL_READY=1)/dut/u_fifo/Always163_9  Scope: \tb_pcie_axi_dma(TB_SCENARIO=2,FIFO_DEPTH=64,BATCH_COUNT=4,BATCH_TIMEOUT=64,SINK_STALL_EN=1'b1,SINK_STALL_PERIOD=4,SINK_STALL_READY=1) .dut.u_fifo  File: /get/work/krishna.vardhan/git_trees/mtp_pcie_axi/pcie_axi_dma_latency/design/rtl/axis_fifo.sv Line: 165
Warning: [axis_fifo] FIFO full (depth=64) — upstream back-pressured at t=53375000
Time: 53375 ns  Iteration: 0  Process: /tb_pcie_axi_dma(TB_SCENARIO=2,FIFO_DEPTH=64,BATCH_COUNT=4,BATCH_TIMEOUT=64,SINK_STALL_EN=1'b1,SINK_STALL_PERIOD=4,SINK_STALL_READY=1)/dut/u_fifo/Always163_9  Scope: \tb_pcie_axi_dma(TB_SCENARIO=2,FIFO_DEPTH=64,BATCH_COUNT=4,BATCH_TIMEOUT=64,SINK_STALL_EN=1'b1,SINK_STALL_PERIOD=4,SINK_STALL_READY=1) .dut.u_fifo  File: /get/work/krishna.vardhan/git_trees/mtp_pcie_axi/pcie_axi_dma_latency/design/rtl/axis_fifo.sv Line: 165
Warning: [axis_fifo] FIFO full (depth=64) — upstream back-pressured at t=53395000
Time: 53395 ns  Iteration: 0  Process: /tb_pcie_axi_dma(TB_SCENARIO=2,FIFO_DEPTH=64,BATCH_COUNT=4,BATCH_TIMEOUT=64,SINK_STALL_EN=1'b1,SINK_STALL_PERIOD=4,SINK_STALL_READY=1)/dut/u_fifo/Always163_9  Scope: \tb_pcie_axi_dma(TB_SCENARIO=2,FIFO_DEPTH=64,BATCH_COUNT=4,BATCH_TIMEOUT=64,SINK_STALL_EN=1'b1,SINK_STALL_PERIOD=4,SINK_STALL_READY=1) .dut.u_fifo  File: /get/work/krishna.vardhan/git_trees/mtp_pcie_axi/pcie_axi_dma_latency/design/rtl/axis_fifo.sv Line: 165
Warning: [axis_fifo] FIFO full (depth=64) — upstream back-pressured at t=53405000
Time: 53405 ns  Iteration: 0  Process: /tb_pcie_axi_dma(TB_SCENARIO=2,FIFO_DEPTH=64,BATCH_COUNT=4,BATCH_TIMEOUT=64,SINK_STALL_EN=1'b1,SINK_STALL_PERIOD=4,SINK_STALL_READY=1)/dut/u_fifo/Always163_9  Scope: \tb_pcie_axi_dma(TB_SCENARIO=2,FIFO_DEPTH=64,BATCH_COUNT=4,BATCH_TIMEOUT=64,SINK_STALL_EN=1'b1,SINK_STALL_PERIOD=4,SINK_STALL_READY=1) .dut.u_fifo  File: /get/work/krishna.vardhan/git_trees/mtp_pcie_axi/pcie_axi_dma_latency/design/rtl/axis_fifo.sv Line: 165
Warning: [axis_fifo] FIFO full (depth=64) — upstream back-pressured at t=53415000
Time: 53415 ns  Iteration: 0  Process: /tb_pcie_axi_dma(TB_SCENARIO=2,FIFO_DEPTH=64,BATCH_COUNT=4,BATCH_TIMEOUT=64,SINK_STALL_EN=1'b1,SINK_STALL_PERIOD=4,SINK_STALL_READY=1)/dut/u_fifo/Always163_9  Scope: \tb_pcie_axi_dma(TB_SCENARIO=2,FIFO_DEPTH=64,BATCH_COUNT=4,BATCH_TIMEOUT=64,SINK_STALL_EN=1'b1,SINK_STALL_PERIOD=4,SINK_STALL_READY=1) .dut.u_fifo  File: /get/work/krishna.vardhan/git_trees/mtp_pcie_axi/pcie_axi_dma_latency/design/rtl/axis_fifo.sv Line: 165
Warning: [axis_fifo] FIFO full (depth=64) — upstream back-pressured at t=53435000
Time: 53435 ns  Iteration: 0  Process: /tb_pcie_axi_dma(TB_SCENARIO=2,FIFO_DEPTH=64,BATCH_COUNT=4,BATCH_TIMEOUT=64,SINK_STALL_EN=1'b1,SINK_STALL_PERIOD=4,SINK_STALL_READY=1)/dut/u_fifo/Always163_9  Scope: \tb_pcie_axi_dma(TB_SCENARIO=2,FIFO_DEPTH=64,BATCH_COUNT=4,BATCH_TIMEOUT=64,SINK_STALL_EN=1'b1,SINK_STALL_PERIOD=4,SINK_STALL_READY=1) .dut.u_fifo  File: /get/work/krishna.vardhan/git_trees/mtp_pcie_axi/pcie_axi_dma_latency/design/rtl/axis_fifo.sv Line: 165
Warning: [axis_fifo] FIFO full (depth=64) — upstream back-pressured at t=53445000
Time: 53445 ns  Iteration: 0  Process: /tb_pcie_axi_dma(TB_SCENARIO=2,FIFO_DEPTH=64,BATCH_COUNT=4,BATCH_TIMEOUT=64,SINK_STALL_EN=1'b1,SINK_STALL_PERIOD=4,SINK_STALL_READY=1)/dut/u_fifo/Always163_9  Scope: \tb_pcie_axi_dma(TB_SCENARIO=2,FIFO_DEPTH=64,BATCH_COUNT=4,BATCH_TIMEOUT=64,SINK_STALL_EN=1'b1,SINK_STALL_PERIOD=4,SINK_STALL_READY=1) .dut.u_fifo  File: /get/work/krishna.vardhan/git_trees/mtp_pcie_axi/pcie_axi_dma_latency/design/rtl/axis_fifo.sv Line: 165
Warning: [axis_fifo] FIFO full (depth=64) — upstream back-pressured at t=53455000
Time: 53455 ns  Iteration: 0  Process: /tb_pcie_axi_dma(TB_SCENARIO=2,FIFO_DEPTH=64,BATCH_COUNT=4,BATCH_TIMEOUT=64,SINK_STALL_EN=1'b1,SINK_STALL_PERIOD=4,SINK_STALL_READY=1)/dut/u_fifo/Always163_9  Scope: \tb_pcie_axi_dma(TB_SCENARIO=2,FIFO_DEPTH=64,BATCH_COUNT=4,BATCH_TIMEOUT=64,SINK_STALL_EN=1'b1,SINK_STALL_PERIOD=4,SINK_STALL_READY=1) .dut.u_fifo  File: /get/work/krishna.vardhan/git_trees/mtp_pcie_axi/pcie_axi_dma_latency/design/rtl/axis_fifo.sv Line: 165
Warning: [axis_fifo] FIFO full (depth=64) — upstream back-pressured at t=53475000
Time: 53475 ns  Iteration: 0  Process: /tb_pcie_axi_dma(TB_SCENARIO=2,FIFO_DEPTH=64,BATCH_COUNT=4,BATCH_TIMEOUT=64,SINK_STALL_EN=1'b1,SINK_STALL_PERIOD=4,SINK_STALL_READY=1)/dut/u_fifo/Always163_9  Scope: \tb_pcie_axi_dma(TB_SCENARIO=2,FIFO_DEPTH=64,BATCH_COUNT=4,BATCH_TIMEOUT=64,SINK_STALL_EN=1'b1,SINK_STALL_PERIOD=4,SINK_STALL_READY=1) .dut.u_fifo  File: /get/work/krishna.vardhan/git_trees/mtp_pcie_axi/pcie_axi_dma_latency/design/rtl/axis_fifo.sv Line: 165
Warning: [axis_fifo] FIFO full (depth=64) — upstream back-pressured at t=53485000
Time: 53485 ns  Iteration: 0  Process: /tb_pcie_axi_dma(TB_SCENARIO=2,FIFO_DEPTH=64,BATCH_COUNT=4,BATCH_TIMEOUT=64,SINK_STALL_EN=1'b1,SINK_STALL_PERIOD=4,SINK_STALL_READY=1)/dut/u_fifo/Always163_9  Scope: \tb_pcie_axi_dma(TB_SCENARIO=2,FIFO_DEPTH=64,BATCH_COUNT=4,BATCH_TIMEOUT=64,SINK_STALL_EN=1'b1,SINK_STALL_PERIOD=4,SINK_STALL_READY=1) .dut.u_fifo  File: /get/work/krishna.vardhan/git_trees/mtp_pcie_axi/pcie_axi_dma_latency/design/rtl/axis_fifo.sv Line: 165
Warning: [axis_fifo] FIFO full (depth=64) — upstream back-pressured at t=53495000
Time: 53495 ns  Iteration: 0  Process: /tb_pcie_axi_dma(TB_SCENARIO=2,FIFO_DEPTH=64,BATCH_COUNT=4,BATCH_TIMEOUT=64,SINK_STALL_EN=1'b1,SINK_STALL_PERIOD=4,SINK_STALL_READY=1)/dut/u_fifo/Always163_9  Scope: \tb_pcie_axi_dma(TB_SCENARIO=2,FIFO_DEPTH=64,BATCH_COUNT=4,BATCH_TIMEOUT=64,SINK_STALL_EN=1'b1,SINK_STALL_PERIOD=4,SINK_STALL_READY=1) .dut.u_fifo  File: /get/work/krishna.vardhan/git_trees/mtp_pcie_axi/pcie_axi_dma_latency/design/rtl/axis_fifo.sv Line: 165
Warning: [axis_fifo] FIFO full (depth=64) — upstream back-pressured at t=53515000
Time: 53515 ns  Iteration: 0  Process: /tb_pcie_axi_dma(TB_SCENARIO=2,FIFO_DEPTH=64,BATCH_COUNT=4,BATCH_TIMEOUT=64,SINK_STALL_EN=1'b1,SINK_STALL_PERIOD=4,SINK_STALL_READY=1)/dut/u_fifo/Always163_9  Scope: \tb_pcie_axi_dma(TB_SCENARIO=2,FIFO_DEPTH=64,BATCH_COUNT=4,BATCH_TIMEOUT=64,SINK_STALL_EN=1'b1,SINK_STALL_PERIOD=4,SINK_STALL_READY=1) .dut.u_fifo  File: /get/work/krishna.vardhan/git_trees/mtp_pcie_axi/pcie_axi_dma_latency/design/rtl/axis_fifo.sv Line: 165
Warning: [axis_fifo] FIFO full (depth=64) — upstream back-pressured at t=53525000
Time: 53525 ns  Iteration: 0  Process: /tb_pcie_axi_dma(TB_SCENARIO=2,FIFO_DEPTH=64,BATCH_COUNT=4,BATCH_TIMEOUT=64,SINK_STALL_EN=1'b1,SINK_STALL_PERIOD=4,SINK_STALL_READY=1)/dut/u_fifo/Always163_9  Scope: \tb_pcie_axi_dma(TB_SCENARIO=2,FIFO_DEPTH=64,BATCH_COUNT=4,BATCH_TIMEOUT=64,SINK_STALL_EN=1'b1,SINK_STALL_PERIOD=4,SINK_STALL_READY=1) .dut.u_fifo  File: /get/work/krishna.vardhan/git_trees/mtp_pcie_axi/pcie_axi_dma_latency/design/rtl/axis_fifo.sv Line: 165
Warning: [axis_fifo] FIFO full (depth=64) — upstream back-pressured at t=53535000
Time: 53535 ns  Iteration: 0  Process: /tb_pcie_axi_dma(TB_SCENARIO=2,FIFO_DEPTH=64,BATCH_COUNT=4,BATCH_TIMEOUT=64,SINK_STALL_EN=1'b1,SINK_STALL_PERIOD=4,SINK_STALL_READY=1)/dut/u_fifo/Always163_9  Scope: \tb_pcie_axi_dma(TB_SCENARIO=2,FIFO_DEPTH=64,BATCH_COUNT=4,BATCH_TIMEOUT=64,SINK_STALL_EN=1'b1,SINK_STALL_PERIOD=4,SINK_STALL_READY=1) .dut.u_fifo  File: /get/work/krishna.vardhan/git_trees/mtp_pcie_axi/pcie_axi_dma_latency/design/rtl/axis_fifo.sv Line: 165
Warning: [axis_fifo] FIFO full (depth=64) — upstream back-pressured at t=53555000
Time: 53555 ns  Iteration: 0  Process: /tb_pcie_axi_dma(TB_SCENARIO=2,FIFO_DEPTH=64,BATCH_COUNT=4,BATCH_TIMEOUT=64,SINK_STALL_EN=1'b1,SINK_STALL_PERIOD=4,SINK_STALL_READY=1)/dut/u_fifo/Always163_9  Scope: \tb_pcie_axi_dma(TB_SCENARIO=2,FIFO_DEPTH=64,BATCH_COUNT=4,BATCH_TIMEOUT=64,SINK_STALL_EN=1'b1,SINK_STALL_PERIOD=4,SINK_STALL_READY=1) .dut.u_fifo  File: /get/work/krishna.vardhan/git_trees/mtp_pcie_axi/pcie_axi_dma_latency/design/rtl/axis_fifo.sv Line: 165
Warning: [axis_fifo] FIFO full (depth=64) — upstream back-pressured at t=53565000
Time: 53565 ns  Iteration: 0  Process: /tb_pcie_axi_dma(TB_SCENARIO=2,FIFO_DEPTH=64,BATCH_COUNT=4,BATCH_TIMEOUT=64,SINK_STALL_EN=1'b1,SINK_STALL_PERIOD=4,SINK_STALL_READY=1)/dut/u_fifo/Always163_9  Scope: \tb_pcie_axi_dma(TB_SCENARIO=2,FIFO_DEPTH=64,BATCH_COUNT=4,BATCH_TIMEOUT=64,SINK_STALL_EN=1'b1,SINK_STALL_PERIOD=4,SINK_STALL_READY=1) .dut.u_fifo  File: /get/work/krishna.vardhan/git_trees/mtp_pcie_axi/pcie_axi_dma_latency/design/rtl/axis_fifo.sv Line: 165
Warning: [axis_fifo] FIFO full (depth=64) — upstream back-pressured at t=53575000
Time: 53575 ns  Iteration: 0  Process: /tb_pcie_axi_dma(TB_SCENARIO=2,FIFO_DEPTH=64,BATCH_COUNT=4,BATCH_TIMEOUT=64,SINK_STALL_EN=1'b1,SINK_STALL_PERIOD=4,SINK_STALL_READY=1)/dut/u_fifo/Always163_9  Scope: \tb_pcie_axi_dma(TB_SCENARIO=2,FIFO_DEPTH=64,BATCH_COUNT=4,BATCH_TIMEOUT=64,SINK_STALL_EN=1'b1,SINK_STALL_PERIOD=4,SINK_STALL_READY=1) .dut.u_fifo  File: /get/work/krishna.vardhan/git_trees/mtp_pcie_axi/pcie_axi_dma_latency/design/rtl/axis_fifo.sv Line: 165
Warning: [axis_fifo] FIFO full (depth=64) — upstream back-pressured at t=53595000
Time: 53595 ns  Iteration: 0  Process: /tb_pcie_axi_dma(TB_SCENARIO=2,FIFO_DEPTH=64,BATCH_COUNT=4,BATCH_TIMEOUT=64,SINK_STALL_EN=1'b1,SINK_STALL_PERIOD=4,SINK_STALL_READY=1)/dut/u_fifo/Always163_9  Scope: \tb_pcie_axi_dma(TB_SCENARIO=2,FIFO_DEPTH=64,BATCH_COUNT=4,BATCH_TIMEOUT=64,SINK_STALL_EN=1'b1,SINK_STALL_PERIOD=4,SINK_STALL_READY=1) .dut.u_fifo  File: /get/work/krishna.vardhan/git_trees/mtp_pcie_axi/pcie_axi_dma_latency/design/rtl/axis_fifo.sv Line: 165
Warning: [axis_fifo] FIFO full (depth=64) — upstream back-pressured at t=53605000
Time: 53605 ns  Iteration: 0  Process: /tb_pcie_axi_dma(TB_SCENARIO=2,FIFO_DEPTH=64,BATCH_COUNT=4,BATCH_TIMEOUT=64,SINK_STALL_EN=1'b1,SINK_STALL_PERIOD=4,SINK_STALL_READY=1)/dut/u_fifo/Always163_9  Scope: \tb_pcie_axi_dma(TB_SCENARIO=2,FIFO_DEPTH=64,BATCH_COUNT=4,BATCH_TIMEOUT=64,SINK_STALL_EN=1'b1,SINK_STALL_PERIOD=4,SINK_STALL_READY=1) .dut.u_fifo  File: /get/work/krishna.vardhan/git_trees/mtp_pcie_axi/pcie_axi_dma_latency/design/rtl/axis_fifo.sv Line: 165
Warning: [axis_fifo] FIFO full (depth=64) — upstream back-pressured at t=53615000
Time: 53615 ns  Iteration: 0  Process: /tb_pcie_axi_dma(TB_SCENARIO=2,FIFO_DEPTH=64,BATCH_COUNT=4,BATCH_TIMEOUT=64,SINK_STALL_EN=1'b1,SINK_STALL_PERIOD=4,SINK_STALL_READY=1)/dut/u_fifo/Always163_9  Scope: \tb_pcie_axi_dma(TB_SCENARIO=2,FIFO_DEPTH=64,BATCH_COUNT=4,BATCH_TIMEOUT=64,SINK_STALL_EN=1'b1,SINK_STALL_PERIOD=4,SINK_STALL_READY=1) .dut.u_fifo  File: /get/work/krishna.vardhan/git_trees/mtp_pcie_axi/pcie_axi_dma_latency/design/rtl/axis_fifo.sv Line: 165
Warning: [axis_fifo] FIFO full (depth=64) — upstream back-pressured at t=53635000
Time: 53635 ns  Iteration: 0  Process: /tb_pcie_axi_dma(TB_SCENARIO=2,FIFO_DEPTH=64,BATCH_COUNT=4,BATCH_TIMEOUT=64,SINK_STALL_EN=1'b1,SINK_STALL_PERIOD=4,SINK_STALL_READY=1)/dut/u_fifo/Always163_9  Scope: \tb_pcie_axi_dma(TB_SCENARIO=2,FIFO_DEPTH=64,BATCH_COUNT=4,BATCH_TIMEOUT=64,SINK_STALL_EN=1'b1,SINK_STALL_PERIOD=4,SINK_STALL_READY=1) .dut.u_fifo  File: /get/work/krishna.vardhan/git_trees/mtp_pcie_axi/pcie_axi_dma_latency/design/rtl/axis_fifo.sv Line: 165
Warning: [axis_fifo] FIFO full (depth=64) — upstream back-pressured at t=53645000
Time: 53645 ns  Iteration: 0  Process: /tb_pcie_axi_dma(TB_SCENARIO=2,FIFO_DEPTH=64,BATCH_COUNT=4,BATCH_TIMEOUT=64,SINK_STALL_EN=1'b1,SINK_STALL_PERIOD=4,SINK_STALL_READY=1)/dut/u_fifo/Always163_9  Scope: \tb_pcie_axi_dma(TB_SCENARIO=2,FIFO_DEPTH=64,BATCH_COUNT=4,BATCH_TIMEOUT=64,SINK_STALL_EN=1'b1,SINK_STALL_PERIOD=4,SINK_STALL_READY=1) .dut.u_fifo  File: /get/work/krishna.vardhan/git_trees/mtp_pcie_axi/pcie_axi_dma_latency/design/rtl/axis_fifo.sv Line: 165
Warning: [axis_fifo] FIFO full (depth=64) — upstream back-pressured at t=53655000
Time: 53655 ns  Iteration: 0  Process: /tb_pcie_axi_dma(TB_SCENARIO=2,FIFO_DEPTH=64,BATCH_COUNT=4,BATCH_TIMEOUT=64,SINK_STALL_EN=1'b1,SINK_STALL_PERIOD=4,SINK_STALL_READY=1)/dut/u_fifo/Always163_9  Scope: \tb_pcie_axi_dma(TB_SCENARIO=2,FIFO_DEPTH=64,BATCH_COUNT=4,BATCH_TIMEOUT=64,SINK_STALL_EN=1'b1,SINK_STALL_PERIOD=4,SINK_STALL_READY=1) .dut.u_fifo  File: /get/work/krishna.vardhan/git_trees/mtp_pcie_axi/pcie_axi_dma_latency/design/rtl/axis_fifo.sv Line: 165
Warning: [axis_fifo] FIFO full (depth=64) — upstream back-pressured at t=53675000
Time: 53675 ns  Iteration: 0  Process: /tb_pcie_axi_dma(TB_SCENARIO=2,FIFO_DEPTH=64,BATCH_COUNT=4,BATCH_TIMEOUT=64,SINK_STALL_EN=1'b1,SINK_STALL_PERIOD=4,SINK_STALL_READY=1)/dut/u_fifo/Always163_9  Scope: \tb_pcie_axi_dma(TB_SCENARIO=2,FIFO_DEPTH=64,BATCH_COUNT=4,BATCH_TIMEOUT=64,SINK_STALL_EN=1'b1,SINK_STALL_PERIOD=4,SINK_STALL_READY=1) .dut.u_fifo  File: /get/work/krishna.vardhan/git_trees/mtp_pcie_axi/pcie_axi_dma_latency/design/rtl/axis_fifo.sv Line: 165
Warning: [axis_fifo] FIFO full (depth=64) — upstream back-pressured at t=53685000
Time: 53685 ns  Iteration: 0  Process: /tb_pcie_axi_dma(TB_SCENARIO=2,FIFO_DEPTH=64,BATCH_COUNT=4,BATCH_TIMEOUT=64,SINK_STALL_EN=1'b1,SINK_STALL_PERIOD=4,SINK_STALL_READY=1)/dut/u_fifo/Always163_9  Scope: \tb_pcie_axi_dma(TB_SCENARIO=2,FIFO_DEPTH=64,BATCH_COUNT=4,BATCH_TIMEOUT=64,SINK_STALL_EN=1'b1,SINK_STALL_PERIOD=4,SINK_STALL_READY=1) .dut.u_fifo  File: /get/work/krishna.vardhan/git_trees/mtp_pcie_axi/pcie_axi_dma_latency/design/rtl/axis_fifo.sv Line: 165
Warning: [axis_fifo] FIFO full (depth=64) — upstream back-pressured at t=53695000
Time: 53695 ns  Iteration: 0  Process: /tb_pcie_axi_dma(TB_SCENARIO=2,FIFO_DEPTH=64,BATCH_COUNT=4,BATCH_TIMEOUT=64,SINK_STALL_EN=1'b1,SINK_STALL_PERIOD=4,SINK_STALL_READY=1)/dut/u_fifo/Always163_9  Scope: \tb_pcie_axi_dma(TB_SCENARIO=2,FIFO_DEPTH=64,BATCH_COUNT=4,BATCH_TIMEOUT=64,SINK_STALL_EN=1'b1,SINK_STALL_PERIOD=4,SINK_STALL_READY=1) .dut.u_fifo  File: /get/work/krishna.vardhan/git_trees/mtp_pcie_axi/pcie_axi_dma_latency/design/rtl/axis_fifo.sv Line: 165
Warning: [axis_fifo] FIFO full (depth=64) — upstream back-pressured at t=53715000
Time: 53715 ns  Iteration: 0  Process: /tb_pcie_axi_dma(TB_SCENARIO=2,FIFO_DEPTH=64,BATCH_COUNT=4,BATCH_TIMEOUT=64,SINK_STALL_EN=1'b1,SINK_STALL_PERIOD=4,SINK_STALL_READY=1)/dut/u_fifo/Always163_9  Scope: \tb_pcie_axi_dma(TB_SCENARIO=2,FIFO_DEPTH=64,BATCH_COUNT=4,BATCH_TIMEOUT=64,SINK_STALL_EN=1'b1,SINK_STALL_PERIOD=4,SINK_STALL_READY=1) .dut.u_fifo  File: /get/work/krishna.vardhan/git_trees/mtp_pcie_axi/pcie_axi_dma_latency/design/rtl/axis_fifo.sv Line: 165
Warning: [axis_fifo] FIFO full (depth=64) — upstream back-pressured at t=53725000
Time: 53725 ns  Iteration: 0  Process: /tb_pcie_axi_dma(TB_SCENARIO=2,FIFO_DEPTH=64,BATCH_COUNT=4,BATCH_TIMEOUT=64,SINK_STALL_EN=1'b1,SINK_STALL_PERIOD=4,SINK_STALL_READY=1)/dut/u_fifo/Always163_9  Scope: \tb_pcie_axi_dma(TB_SCENARIO=2,FIFO_DEPTH=64,BATCH_COUNT=4,BATCH_TIMEOUT=64,SINK_STALL_EN=1'b1,SINK_STALL_PERIOD=4,SINK_STALL_READY=1) .dut.u_fifo  File: /get/work/krishna.vardhan/git_trees/mtp_pcie_axi/pcie_axi_dma_latency/design/rtl/axis_fifo.sv Line: 165
Warning: [axis_fifo] FIFO full (depth=64) — upstream back-pressured at t=53735000
Time: 53735 ns  Iteration: 0  Process: /tb_pcie_axi_dma(TB_SCENARIO=2,FIFO_DEPTH=64,BATCH_COUNT=4,BATCH_TIMEOUT=64,SINK_STALL_EN=1'b1,SINK_STALL_PERIOD=4,SINK_STALL_READY=1)/dut/u_fifo/Always163_9  Scope: \tb_pcie_axi_dma(TB_SCENARIO=2,FIFO_DEPTH=64,BATCH_COUNT=4,BATCH_TIMEOUT=64,SINK_STALL_EN=1'b1,SINK_STALL_PERIOD=4,SINK_STALL_READY=1) .dut.u_fifo  File: /get/work/krishna.vardhan/git_trees/mtp_pcie_axi/pcie_axi_dma_latency/design/rtl/axis_fifo.sv Line: 165
Warning: [axis_fifo] FIFO full (depth=64) — upstream back-pressured at t=53755000
Time: 53755 ns  Iteration: 0  Process: /tb_pcie_axi_dma(TB_SCENARIO=2,FIFO_DEPTH=64,BATCH_COUNT=4,BATCH_TIMEOUT=64,SINK_STALL_EN=1'b1,SINK_STALL_PERIOD=4,SINK_STALL_READY=1)/dut/u_fifo/Always163_9  Scope: \tb_pcie_axi_dma(TB_SCENARIO=2,FIFO_DEPTH=64,BATCH_COUNT=4,BATCH_TIMEOUT=64,SINK_STALL_EN=1'b1,SINK_STALL_PERIOD=4,SINK_STALL_READY=1) .dut.u_fifo  File: /get/work/krishna.vardhan/git_trees/mtp_pcie_axi/pcie_axi_dma_latency/design/rtl/axis_fifo.sv Line: 165
Warning: [axis_fifo] FIFO full (depth=64) — upstream back-pressured at t=53765000
Time: 53765 ns  Iteration: 0  Process: /tb_pcie_axi_dma(TB_SCENARIO=2,FIFO_DEPTH=64,BATCH_COUNT=4,BATCH_TIMEOUT=64,SINK_STALL_EN=1'b1,SINK_STALL_PERIOD=4,SINK_STALL_READY=1)/dut/u_fifo/Always163_9  Scope: \tb_pcie_axi_dma(TB_SCENARIO=2,FIFO_DEPTH=64,BATCH_COUNT=4,BATCH_TIMEOUT=64,SINK_STALL_EN=1'b1,SINK_STALL_PERIOD=4,SINK_STALL_READY=1) .dut.u_fifo  File: /get/work/krishna.vardhan/git_trees/mtp_pcie_axi/pcie_axi_dma_latency/design/rtl/axis_fifo.sv Line: 165
Warning: [axis_fifo] FIFO full (depth=64) — upstream back-pressured at t=53775000
Time: 53775 ns  Iteration: 0  Process: /tb_pcie_axi_dma(TB_SCENARIO=2,FIFO_DEPTH=64,BATCH_COUNT=4,BATCH_TIMEOUT=64,SINK_STALL_EN=1'b1,SINK_STALL_PERIOD=4,SINK_STALL_READY=1)/dut/u_fifo/Always163_9  Scope: \tb_pcie_axi_dma(TB_SCENARIO=2,FIFO_DEPTH=64,BATCH_COUNT=4,BATCH_TIMEOUT=64,SINK_STALL_EN=1'b1,SINK_STALL_PERIOD=4,SINK_STALL_READY=1) .dut.u_fifo  File: /get/work/krishna.vardhan/git_trees/mtp_pcie_axi/pcie_axi_dma_latency/design/rtl/axis_fifo.sv Line: 165
Warning: [axis_fifo] FIFO full (depth=64) — upstream back-pressured at t=53795000
Time: 53795 ns  Iteration: 0  Process: /tb_pcie_axi_dma(TB_SCENARIO=2,FIFO_DEPTH=64,BATCH_COUNT=4,BATCH_TIMEOUT=64,SINK_STALL_EN=1'b1,SINK_STALL_PERIOD=4,SINK_STALL_READY=1)/dut/u_fifo/Always163_9  Scope: \tb_pcie_axi_dma(TB_SCENARIO=2,FIFO_DEPTH=64,BATCH_COUNT=4,BATCH_TIMEOUT=64,SINK_STALL_EN=1'b1,SINK_STALL_PERIOD=4,SINK_STALL_READY=1) .dut.u_fifo  File: /get/work/krishna.vardhan/git_trees/mtp_pcie_axi/pcie_axi_dma_latency/design/rtl/axis_fifo.sv Line: 165
Warning: [axis_fifo] FIFO full (depth=64) — upstream back-pressured at t=53805000
Time: 53805 ns  Iteration: 0  Process: /tb_pcie_axi_dma(TB_SCENARIO=2,FIFO_DEPTH=64,BATCH_COUNT=4,BATCH_TIMEOUT=64,SINK_STALL_EN=1'b1,SINK_STALL_PERIOD=4,SINK_STALL_READY=1)/dut/u_fifo/Always163_9  Scope: \tb_pcie_axi_dma(TB_SCENARIO=2,FIFO_DEPTH=64,BATCH_COUNT=4,BATCH_TIMEOUT=64,SINK_STALL_EN=1'b1,SINK_STALL_PERIOD=4,SINK_STALL_READY=1) .dut.u_fifo  File: /get/work/krishna.vardhan/git_trees/mtp_pcie_axi/pcie_axi_dma_latency/design/rtl/axis_fifo.sv Line: 165
Warning: [axis_fifo] FIFO full (depth=64) — upstream back-pressured at t=53815000
Time: 53815 ns  Iteration: 0  Process: /tb_pcie_axi_dma(TB_SCENARIO=2,FIFO_DEPTH=64,BATCH_COUNT=4,BATCH_TIMEOUT=64,SINK_STALL_EN=1'b1,SINK_STALL_PERIOD=4,SINK_STALL_READY=1)/dut/u_fifo/Always163_9  Scope: \tb_pcie_axi_dma(TB_SCENARIO=2,FIFO_DEPTH=64,BATCH_COUNT=4,BATCH_TIMEOUT=64,SINK_STALL_EN=1'b1,SINK_STALL_PERIOD=4,SINK_STALL_READY=1) .dut.u_fifo  File: /get/work/krishna.vardhan/git_trees/mtp_pcie_axi/pcie_axi_dma_latency/design/rtl/axis_fifo.sv Line: 165
Warning: [axis_fifo] FIFO full (depth=64) — upstream back-pressured at t=53835000
Time: 53835 ns  Iteration: 0  Process: /tb_pcie_axi_dma(TB_SCENARIO=2,FIFO_DEPTH=64,BATCH_COUNT=4,BATCH_TIMEOUT=64,SINK_STALL_EN=1'b1,SINK_STALL_PERIOD=4,SINK_STALL_READY=1)/dut/u_fifo/Always163_9  Scope: \tb_pcie_axi_dma(TB_SCENARIO=2,FIFO_DEPTH=64,BATCH_COUNT=4,BATCH_TIMEOUT=64,SINK_STALL_EN=1'b1,SINK_STALL_PERIOD=4,SINK_STALL_READY=1) .dut.u_fifo  File: /get/work/krishna.vardhan/git_trees/mtp_pcie_axi/pcie_axi_dma_latency/design/rtl/axis_fifo.sv Line: 165
Warning: [axis_fifo] FIFO full (depth=64) — upstream back-pressured at t=53845000
Time: 53845 ns  Iteration: 0  Process: /tb_pcie_axi_dma(TB_SCENARIO=2,FIFO_DEPTH=64,BATCH_COUNT=4,BATCH_TIMEOUT=64,SINK_STALL_EN=1'b1,SINK_STALL_PERIOD=4,SINK_STALL_READY=1)/dut/u_fifo/Always163_9  Scope: \tb_pcie_axi_dma(TB_SCENARIO=2,FIFO_DEPTH=64,BATCH_COUNT=4,BATCH_TIMEOUT=64,SINK_STALL_EN=1'b1,SINK_STALL_PERIOD=4,SINK_STALL_READY=1) .dut.u_fifo  File: /get/work/krishna.vardhan/git_trees/mtp_pcie_axi/pcie_axi_dma_latency/design/rtl/axis_fifo.sv Line: 165
Warning: [axis_fifo] FIFO full (depth=64) — upstream back-pressured at t=53855000
Time: 53855 ns  Iteration: 0  Process: /tb_pcie_axi_dma(TB_SCENARIO=2,FIFO_DEPTH=64,BATCH_COUNT=4,BATCH_TIMEOUT=64,SINK_STALL_EN=1'b1,SINK_STALL_PERIOD=4,SINK_STALL_READY=1)/dut/u_fifo/Always163_9  Scope: \tb_pcie_axi_dma(TB_SCENARIO=2,FIFO_DEPTH=64,BATCH_COUNT=4,BATCH_TIMEOUT=64,SINK_STALL_EN=1'b1,SINK_STALL_PERIOD=4,SINK_STALL_READY=1) .dut.u_fifo  File: /get/work/krishna.vardhan/git_trees/mtp_pcie_axi/pcie_axi_dma_latency/design/rtl/axis_fifo.sv Line: 165
Warning: [axis_fifo] FIFO full (depth=64) — upstream back-pressured at t=53875000
Time: 53875 ns  Iteration: 0  Process: /tb_pcie_axi_dma(TB_SCENARIO=2,FIFO_DEPTH=64,BATCH_COUNT=4,BATCH_TIMEOUT=64,SINK_STALL_EN=1'b1,SINK_STALL_PERIOD=4,SINK_STALL_READY=1)/dut/u_fifo/Always163_9  Scope: \tb_pcie_axi_dma(TB_SCENARIO=2,FIFO_DEPTH=64,BATCH_COUNT=4,BATCH_TIMEOUT=64,SINK_STALL_EN=1'b1,SINK_STALL_PERIOD=4,SINK_STALL_READY=1) .dut.u_fifo  File: /get/work/krishna.vardhan/git_trees/mtp_pcie_axi/pcie_axi_dma_latency/design/rtl/axis_fifo.sv Line: 165
Warning: [axis_fifo] FIFO full (depth=64) — upstream back-pressured at t=53885000
Time: 53885 ns  Iteration: 0  Process: /tb_pcie_axi_dma(TB_SCENARIO=2,FIFO_DEPTH=64,BATCH_COUNT=4,BATCH_TIMEOUT=64,SINK_STALL_EN=1'b1,SINK_STALL_PERIOD=4,SINK_STALL_READY=1)/dut/u_fifo/Always163_9  Scope: \tb_pcie_axi_dma(TB_SCENARIO=2,FIFO_DEPTH=64,BATCH_COUNT=4,BATCH_TIMEOUT=64,SINK_STALL_EN=1'b1,SINK_STALL_PERIOD=4,SINK_STALL_READY=1) .dut.u_fifo  File: /get/work/krishna.vardhan/git_trees/mtp_pcie_axi/pcie_axi_dma_latency/design/rtl/axis_fifo.sv Line: 165
Warning: [axis_fifo] FIFO full (depth=64) — upstream back-pressured at t=53895000
Time: 53895 ns  Iteration: 0  Process: /tb_pcie_axi_dma(TB_SCENARIO=2,FIFO_DEPTH=64,BATCH_COUNT=4,BATCH_TIMEOUT=64,SINK_STALL_EN=1'b1,SINK_STALL_PERIOD=4,SINK_STALL_READY=1)/dut/u_fifo/Always163_9  Scope: \tb_pcie_axi_dma(TB_SCENARIO=2,FIFO_DEPTH=64,BATCH_COUNT=4,BATCH_TIMEOUT=64,SINK_STALL_EN=1'b1,SINK_STALL_PERIOD=4,SINK_STALL_READY=1) .dut.u_fifo  File: /get/work/krishna.vardhan/git_trees/mtp_pcie_axi/pcie_axi_dma_latency/design/rtl/axis_fifo.sv Line: 165
Warning: [axis_fifo] FIFO full (depth=64) — upstream back-pressured at t=53915000
Time: 53915 ns  Iteration: 0  Process: /tb_pcie_axi_dma(TB_SCENARIO=2,FIFO_DEPTH=64,BATCH_COUNT=4,BATCH_TIMEOUT=64,SINK_STALL_EN=1'b1,SINK_STALL_PERIOD=4,SINK_STALL_READY=1)/dut/u_fifo/Always163_9  Scope: \tb_pcie_axi_dma(TB_SCENARIO=2,FIFO_DEPTH=64,BATCH_COUNT=4,BATCH_TIMEOUT=64,SINK_STALL_EN=1'b1,SINK_STALL_PERIOD=4,SINK_STALL_READY=1) .dut.u_fifo  File: /get/work/krishna.vardhan/git_trees/mtp_pcie_axi/pcie_axi_dma_latency/design/rtl/axis_fifo.sv Line: 165
Warning: [axis_fifo] FIFO full (depth=64) — upstream back-pressured at t=53925000
Time: 53925 ns  Iteration: 0  Process: /tb_pcie_axi_dma(TB_SCENARIO=2,FIFO_DEPTH=64,BATCH_COUNT=4,BATCH_TIMEOUT=64,SINK_STALL_EN=1'b1,SINK_STALL_PERIOD=4,SINK_STALL_READY=1)/dut/u_fifo/Always163_9  Scope: \tb_pcie_axi_dma(TB_SCENARIO=2,FIFO_DEPTH=64,BATCH_COUNT=4,BATCH_TIMEOUT=64,SINK_STALL_EN=1'b1,SINK_STALL_PERIOD=4,SINK_STALL_READY=1) .dut.u_fifo  File: /get/work/krishna.vardhan/git_trees/mtp_pcie_axi/pcie_axi_dma_latency/design/rtl/axis_fifo.sv Line: 165
Warning: [axis_fifo] FIFO full (depth=64) — upstream back-pressured at t=53935000
Time: 53935 ns  Iteration: 0  Process: /tb_pcie_axi_dma(TB_SCENARIO=2,FIFO_DEPTH=64,BATCH_COUNT=4,BATCH_TIMEOUT=64,SINK_STALL_EN=1'b1,SINK_STALL_PERIOD=4,SINK_STALL_READY=1)/dut/u_fifo/Always163_9  Scope: \tb_pcie_axi_dma(TB_SCENARIO=2,FIFO_DEPTH=64,BATCH_COUNT=4,BATCH_TIMEOUT=64,SINK_STALL_EN=1'b1,SINK_STALL_PERIOD=4,SINK_STALL_READY=1) .dut.u_fifo  File: /get/work/krishna.vardhan/git_trees/mtp_pcie_axi/pcie_axi_dma_latency/design/rtl/axis_fifo.sv Line: 165
Warning: [axis_fifo] FIFO full (depth=64) — upstream back-pressured at t=53955000
Time: 53955 ns  Iteration: 0  Process: /tb_pcie_axi_dma(TB_SCENARIO=2,FIFO_DEPTH=64,BATCH_COUNT=4,BATCH_TIMEOUT=64,SINK_STALL_EN=1'b1,SINK_STALL_PERIOD=4,SINK_STALL_READY=1)/dut/u_fifo/Always163_9  Scope: \tb_pcie_axi_dma(TB_SCENARIO=2,FIFO_DEPTH=64,BATCH_COUNT=4,BATCH_TIMEOUT=64,SINK_STALL_EN=1'b1,SINK_STALL_PERIOD=4,SINK_STALL_READY=1) .dut.u_fifo  File: /get/work/krishna.vardhan/git_trees/mtp_pcie_axi/pcie_axi_dma_latency/design/rtl/axis_fifo.sv Line: 165
Warning: [axis_fifo] FIFO full (depth=64) — upstream back-pressured at t=53965000
Time: 53965 ns  Iteration: 0  Process: /tb_pcie_axi_dma(TB_SCENARIO=2,FIFO_DEPTH=64,BATCH_COUNT=4,BATCH_TIMEOUT=64,SINK_STALL_EN=1'b1,SINK_STALL_PERIOD=4,SINK_STALL_READY=1)/dut/u_fifo/Always163_9  Scope: \tb_pcie_axi_dma(TB_SCENARIO=2,FIFO_DEPTH=64,BATCH_COUNT=4,BATCH_TIMEOUT=64,SINK_STALL_EN=1'b1,SINK_STALL_PERIOD=4,SINK_STALL_READY=1) .dut.u_fifo  File: /get/work/krishna.vardhan/git_trees/mtp_pcie_axi/pcie_axi_dma_latency/design/rtl/axis_fifo.sv Line: 165
Warning: [axis_fifo] FIFO full (depth=64) — upstream back-pressured at t=53975000
Time: 53975 ns  Iteration: 0  Process: /tb_pcie_axi_dma(TB_SCENARIO=2,FIFO_DEPTH=64,BATCH_COUNT=4,BATCH_TIMEOUT=64,SINK_STALL_EN=1'b1,SINK_STALL_PERIOD=4,SINK_STALL_READY=1)/dut/u_fifo/Always163_9  Scope: \tb_pcie_axi_dma(TB_SCENARIO=2,FIFO_DEPTH=64,BATCH_COUNT=4,BATCH_TIMEOUT=64,SINK_STALL_EN=1'b1,SINK_STALL_PERIOD=4,SINK_STALL_READY=1) .dut.u_fifo  File: /get/work/krishna.vardhan/git_trees/mtp_pcie_axi/pcie_axi_dma_latency/design/rtl/axis_fifo.sv Line: 165
Warning: [axis_fifo] FIFO full (depth=64) — upstream back-pressured at t=53995000
Time: 53995 ns  Iteration: 0  Process: /tb_pcie_axi_dma(TB_SCENARIO=2,FIFO_DEPTH=64,BATCH_COUNT=4,BATCH_TIMEOUT=64,SINK_STALL_EN=1'b1,SINK_STALL_PERIOD=4,SINK_STALL_READY=1)/dut/u_fifo/Always163_9  Scope: \tb_pcie_axi_dma(TB_SCENARIO=2,FIFO_DEPTH=64,BATCH_COUNT=4,BATCH_TIMEOUT=64,SINK_STALL_EN=1'b1,SINK_STALL_PERIOD=4,SINK_STALL_READY=1) .dut.u_fifo  File: /get/work/krishna.vardhan/git_trees/mtp_pcie_axi/pcie_axi_dma_latency/design/rtl/axis_fifo.sv Line: 165
Warning: [axis_fifo] FIFO full (depth=64) — upstream back-pressured at t=54005000
Time: 54005 ns  Iteration: 0  Process: /tb_pcie_axi_dma(TB_SCENARIO=2,FIFO_DEPTH=64,BATCH_COUNT=4,BATCH_TIMEOUT=64,SINK_STALL_EN=1'b1,SINK_STALL_PERIOD=4,SINK_STALL_READY=1)/dut/u_fifo/Always163_9  Scope: \tb_pcie_axi_dma(TB_SCENARIO=2,FIFO_DEPTH=64,BATCH_COUNT=4,BATCH_TIMEOUT=64,SINK_STALL_EN=1'b1,SINK_STALL_PERIOD=4,SINK_STALL_READY=1) .dut.u_fifo  File: /get/work/krishna.vardhan/git_trees/mtp_pcie_axi/pcie_axi_dma_latency/design/rtl/axis_fifo.sv Line: 165
Warning: [axis_fifo] FIFO full (depth=64) — upstream back-pressured at t=54015000
Time: 54015 ns  Iteration: 0  Process: /tb_pcie_axi_dma(TB_SCENARIO=2,FIFO_DEPTH=64,BATCH_COUNT=4,BATCH_TIMEOUT=64,SINK_STALL_EN=1'b1,SINK_STALL_PERIOD=4,SINK_STALL_READY=1)/dut/u_fifo/Always163_9  Scope: \tb_pcie_axi_dma(TB_SCENARIO=2,FIFO_DEPTH=64,BATCH_COUNT=4,BATCH_TIMEOUT=64,SINK_STALL_EN=1'b1,SINK_STALL_PERIOD=4,SINK_STALL_READY=1) .dut.u_fifo  File: /get/work/krishna.vardhan/git_trees/mtp_pcie_axi/pcie_axi_dma_latency/design/rtl/axis_fifo.sv Line: 165
Warning: [axis_fifo] FIFO full (depth=64) — upstream back-pressured at t=54035000
Time: 54035 ns  Iteration: 0  Process: /tb_pcie_axi_dma(TB_SCENARIO=2,FIFO_DEPTH=64,BATCH_COUNT=4,BATCH_TIMEOUT=64,SINK_STALL_EN=1'b1,SINK_STALL_PERIOD=4,SINK_STALL_READY=1)/dut/u_fifo/Always163_9  Scope: \tb_pcie_axi_dma(TB_SCENARIO=2,FIFO_DEPTH=64,BATCH_COUNT=4,BATCH_TIMEOUT=64,SINK_STALL_EN=1'b1,SINK_STALL_PERIOD=4,SINK_STALL_READY=1) .dut.u_fifo  File: /get/work/krishna.vardhan/git_trees/mtp_pcie_axi/pcie_axi_dma_latency/design/rtl/axis_fifo.sv Line: 165
Warning: [axis_fifo] FIFO full (depth=64) — upstream back-pressured at t=54045000
Time: 54045 ns  Iteration: 0  Process: /tb_pcie_axi_dma(TB_SCENARIO=2,FIFO_DEPTH=64,BATCH_COUNT=4,BATCH_TIMEOUT=64,SINK_STALL_EN=1'b1,SINK_STALL_PERIOD=4,SINK_STALL_READY=1)/dut/u_fifo/Always163_9  Scope: \tb_pcie_axi_dma(TB_SCENARIO=2,FIFO_DEPTH=64,BATCH_COUNT=4,BATCH_TIMEOUT=64,SINK_STALL_EN=1'b1,SINK_STALL_PERIOD=4,SINK_STALL_READY=1) .dut.u_fifo  File: /get/work/krishna.vardhan/git_trees/mtp_pcie_axi/pcie_axi_dma_latency/design/rtl/axis_fifo.sv Line: 165
Warning: [axis_fifo] FIFO full (depth=64) — upstream back-pressured at t=54055000
Time: 54055 ns  Iteration: 0  Process: /tb_pcie_axi_dma(TB_SCENARIO=2,FIFO_DEPTH=64,BATCH_COUNT=4,BATCH_TIMEOUT=64,SINK_STALL_EN=1'b1,SINK_STALL_PERIOD=4,SINK_STALL_READY=1)/dut/u_fifo/Always163_9  Scope: \tb_pcie_axi_dma(TB_SCENARIO=2,FIFO_DEPTH=64,BATCH_COUNT=4,BATCH_TIMEOUT=64,SINK_STALL_EN=1'b1,SINK_STALL_PERIOD=4,SINK_STALL_READY=1) .dut.u_fifo  File: /get/work/krishna.vardhan/git_trees/mtp_pcie_axi/pcie_axi_dma_latency/design/rtl/axis_fifo.sv Line: 165
Warning: [axis_fifo] FIFO full (depth=64) — upstream back-pressured at t=54075000
Time: 54075 ns  Iteration: 0  Process: /tb_pcie_axi_dma(TB_SCENARIO=2,FIFO_DEPTH=64,BATCH_COUNT=4,BATCH_TIMEOUT=64,SINK_STALL_EN=1'b1,SINK_STALL_PERIOD=4,SINK_STALL_READY=1)/dut/u_fifo/Always163_9  Scope: \tb_pcie_axi_dma(TB_SCENARIO=2,FIFO_DEPTH=64,BATCH_COUNT=4,BATCH_TIMEOUT=64,SINK_STALL_EN=1'b1,SINK_STALL_PERIOD=4,SINK_STALL_READY=1) .dut.u_fifo  File: /get/work/krishna.vardhan/git_trees/mtp_pcie_axi/pcie_axi_dma_latency/design/rtl/axis_fifo.sv Line: 165
Warning: [axis_fifo] FIFO full (depth=64) — upstream back-pressured at t=54085000
Time: 54085 ns  Iteration: 0  Process: /tb_pcie_axi_dma(TB_SCENARIO=2,FIFO_DEPTH=64,BATCH_COUNT=4,BATCH_TIMEOUT=64,SINK_STALL_EN=1'b1,SINK_STALL_PERIOD=4,SINK_STALL_READY=1)/dut/u_fifo/Always163_9  Scope: \tb_pcie_axi_dma(TB_SCENARIO=2,FIFO_DEPTH=64,BATCH_COUNT=4,BATCH_TIMEOUT=64,SINK_STALL_EN=1'b1,SINK_STALL_PERIOD=4,SINK_STALL_READY=1) .dut.u_fifo  File: /get/work/krishna.vardhan/git_trees/mtp_pcie_axi/pcie_axi_dma_latency/design/rtl/axis_fifo.sv Line: 165
Warning: [axis_fifo] FIFO full (depth=64) — upstream back-pressured at t=54095000
Time: 54095 ns  Iteration: 0  Process: /tb_pcie_axi_dma(TB_SCENARIO=2,FIFO_DEPTH=64,BATCH_COUNT=4,BATCH_TIMEOUT=64,SINK_STALL_EN=1'b1,SINK_STALL_PERIOD=4,SINK_STALL_READY=1)/dut/u_fifo/Always163_9  Scope: \tb_pcie_axi_dma(TB_SCENARIO=2,FIFO_DEPTH=64,BATCH_COUNT=4,BATCH_TIMEOUT=64,SINK_STALL_EN=1'b1,SINK_STALL_PERIOD=4,SINK_STALL_READY=1) .dut.u_fifo  File: /get/work/krishna.vardhan/git_trees/mtp_pcie_axi/pcie_axi_dma_latency/design/rtl/axis_fifo.sv Line: 165
Warning: [axis_fifo] FIFO full (depth=64) — upstream back-pressured at t=54115000
Time: 54115 ns  Iteration: 0  Process: /tb_pcie_axi_dma(TB_SCENARIO=2,FIFO_DEPTH=64,BATCH_COUNT=4,BATCH_TIMEOUT=64,SINK_STALL_EN=1'b1,SINK_STALL_PERIOD=4,SINK_STALL_READY=1)/dut/u_fifo/Always163_9  Scope: \tb_pcie_axi_dma(TB_SCENARIO=2,FIFO_DEPTH=64,BATCH_COUNT=4,BATCH_TIMEOUT=64,SINK_STALL_EN=1'b1,SINK_STALL_PERIOD=4,SINK_STALL_READY=1) .dut.u_fifo  File: /get/work/krishna.vardhan/git_trees/mtp_pcie_axi/pcie_axi_dma_latency/design/rtl/axis_fifo.sv Line: 165
Warning: [axis_fifo] FIFO full (depth=64) — upstream back-pressured at t=54125000
Time: 54125 ns  Iteration: 0  Process: /tb_pcie_axi_dma(TB_SCENARIO=2,FIFO_DEPTH=64,BATCH_COUNT=4,BATCH_TIMEOUT=64,SINK_STALL_EN=1'b1,SINK_STALL_PERIOD=4,SINK_STALL_READY=1)/dut/u_fifo/Always163_9  Scope: \tb_pcie_axi_dma(TB_SCENARIO=2,FIFO_DEPTH=64,BATCH_COUNT=4,BATCH_TIMEOUT=64,SINK_STALL_EN=1'b1,SINK_STALL_PERIOD=4,SINK_STALL_READY=1) .dut.u_fifo  File: /get/work/krishna.vardhan/git_trees/mtp_pcie_axi/pcie_axi_dma_latency/design/rtl/axis_fifo.sv Line: 165
Warning: [axis_fifo] FIFO full (depth=64) — upstream back-pressured at t=54135000
Time: 54135 ns  Iteration: 0  Process: /tb_pcie_axi_dma(TB_SCENARIO=2,FIFO_DEPTH=64,BATCH_COUNT=4,BATCH_TIMEOUT=64,SINK_STALL_EN=1'b1,SINK_STALL_PERIOD=4,SINK_STALL_READY=1)/dut/u_fifo/Always163_9  Scope: \tb_pcie_axi_dma(TB_SCENARIO=2,FIFO_DEPTH=64,BATCH_COUNT=4,BATCH_TIMEOUT=64,SINK_STALL_EN=1'b1,SINK_STALL_PERIOD=4,SINK_STALL_READY=1) .dut.u_fifo  File: /get/work/krishna.vardhan/git_trees/mtp_pcie_axi/pcie_axi_dma_latency/design/rtl/axis_fifo.sv Line: 165
Warning: [axis_fifo] FIFO full (depth=64) — upstream back-pressured at t=54155000
Time: 54155 ns  Iteration: 0  Process: /tb_pcie_axi_dma(TB_SCENARIO=2,FIFO_DEPTH=64,BATCH_COUNT=4,BATCH_TIMEOUT=64,SINK_STALL_EN=1'b1,SINK_STALL_PERIOD=4,SINK_STALL_READY=1)/dut/u_fifo/Always163_9  Scope: \tb_pcie_axi_dma(TB_SCENARIO=2,FIFO_DEPTH=64,BATCH_COUNT=4,BATCH_TIMEOUT=64,SINK_STALL_EN=1'b1,SINK_STALL_PERIOD=4,SINK_STALL_READY=1) .dut.u_fifo  File: /get/work/krishna.vardhan/git_trees/mtp_pcie_axi/pcie_axi_dma_latency/design/rtl/axis_fifo.sv Line: 165
Warning: [axis_fifo] FIFO full (depth=64) — upstream back-pressured at t=54165000
Time: 54165 ns  Iteration: 0  Process: /tb_pcie_axi_dma(TB_SCENARIO=2,FIFO_DEPTH=64,BATCH_COUNT=4,BATCH_TIMEOUT=64,SINK_STALL_EN=1'b1,SINK_STALL_PERIOD=4,SINK_STALL_READY=1)/dut/u_fifo/Always163_9  Scope: \tb_pcie_axi_dma(TB_SCENARIO=2,FIFO_DEPTH=64,BATCH_COUNT=4,BATCH_TIMEOUT=64,SINK_STALL_EN=1'b1,SINK_STALL_PERIOD=4,SINK_STALL_READY=1) .dut.u_fifo  File: /get/work/krishna.vardhan/git_trees/mtp_pcie_axi/pcie_axi_dma_latency/design/rtl/axis_fifo.sv Line: 165
Warning: [axis_fifo] FIFO full (depth=64) — upstream back-pressured at t=54175000
Time: 54175 ns  Iteration: 0  Process: /tb_pcie_axi_dma(TB_SCENARIO=2,FIFO_DEPTH=64,BATCH_COUNT=4,BATCH_TIMEOUT=64,SINK_STALL_EN=1'b1,SINK_STALL_PERIOD=4,SINK_STALL_READY=1)/dut/u_fifo/Always163_9  Scope: \tb_pcie_axi_dma(TB_SCENARIO=2,FIFO_DEPTH=64,BATCH_COUNT=4,BATCH_TIMEOUT=64,SINK_STALL_EN=1'b1,SINK_STALL_PERIOD=4,SINK_STALL_READY=1) .dut.u_fifo  File: /get/work/krishna.vardhan/git_trees/mtp_pcie_axi/pcie_axi_dma_latency/design/rtl/axis_fifo.sv Line: 165
Warning: [axis_fifo] FIFO full (depth=64) — upstream back-pressured at t=54195000
Time: 54195 ns  Iteration: 0  Process: /tb_pcie_axi_dma(TB_SCENARIO=2,FIFO_DEPTH=64,BATCH_COUNT=4,BATCH_TIMEOUT=64,SINK_STALL_EN=1'b1,SINK_STALL_PERIOD=4,SINK_STALL_READY=1)/dut/u_fifo/Always163_9  Scope: \tb_pcie_axi_dma(TB_SCENARIO=2,FIFO_DEPTH=64,BATCH_COUNT=4,BATCH_TIMEOUT=64,SINK_STALL_EN=1'b1,SINK_STALL_PERIOD=4,SINK_STALL_READY=1) .dut.u_fifo  File: /get/work/krishna.vardhan/git_trees/mtp_pcie_axi/pcie_axi_dma_latency/design/rtl/axis_fifo.sv Line: 165
Warning: [axis_fifo] FIFO full (depth=64) — upstream back-pressured at t=54205000
Time: 54205 ns  Iteration: 0  Process: /tb_pcie_axi_dma(TB_SCENARIO=2,FIFO_DEPTH=64,BATCH_COUNT=4,BATCH_TIMEOUT=64,SINK_STALL_EN=1'b1,SINK_STALL_PERIOD=4,SINK_STALL_READY=1)/dut/u_fifo/Always163_9  Scope: \tb_pcie_axi_dma(TB_SCENARIO=2,FIFO_DEPTH=64,BATCH_COUNT=4,BATCH_TIMEOUT=64,SINK_STALL_EN=1'b1,SINK_STALL_PERIOD=4,SINK_STALL_READY=1) .dut.u_fifo  File: /get/work/krishna.vardhan/git_trees/mtp_pcie_axi/pcie_axi_dma_latency/design/rtl/axis_fifo.sv Line: 165
Warning: [axis_fifo] FIFO full (depth=64) — upstream back-pressured at t=54215000
Time: 54215 ns  Iteration: 0  Process: /tb_pcie_axi_dma(TB_SCENARIO=2,FIFO_DEPTH=64,BATCH_COUNT=4,BATCH_TIMEOUT=64,SINK_STALL_EN=1'b1,SINK_STALL_PERIOD=4,SINK_STALL_READY=1)/dut/u_fifo/Always163_9  Scope: \tb_pcie_axi_dma(TB_SCENARIO=2,FIFO_DEPTH=64,BATCH_COUNT=4,BATCH_TIMEOUT=64,SINK_STALL_EN=1'b1,SINK_STALL_PERIOD=4,SINK_STALL_READY=1) .dut.u_fifo  File: /get/work/krishna.vardhan/git_trees/mtp_pcie_axi/pcie_axi_dma_latency/design/rtl/axis_fifo.sv Line: 165
Warning: [axis_fifo] FIFO full (depth=64) — upstream back-pressured at t=54235000
Time: 54235 ns  Iteration: 0  Process: /tb_pcie_axi_dma(TB_SCENARIO=2,FIFO_DEPTH=64,BATCH_COUNT=4,BATCH_TIMEOUT=64,SINK_STALL_EN=1'b1,SINK_STALL_PERIOD=4,SINK_STALL_READY=1)/dut/u_fifo/Always163_9  Scope: \tb_pcie_axi_dma(TB_SCENARIO=2,FIFO_DEPTH=64,BATCH_COUNT=4,BATCH_TIMEOUT=64,SINK_STALL_EN=1'b1,SINK_STALL_PERIOD=4,SINK_STALL_READY=1) .dut.u_fifo  File: /get/work/krishna.vardhan/git_trees/mtp_pcie_axi/pcie_axi_dma_latency/design/rtl/axis_fifo.sv Line: 165
Warning: [axis_fifo] FIFO full (depth=64) — upstream back-pressured at t=54245000
Time: 54245 ns  Iteration: 0  Process: /tb_pcie_axi_dma(TB_SCENARIO=2,FIFO_DEPTH=64,BATCH_COUNT=4,BATCH_TIMEOUT=64,SINK_STALL_EN=1'b1,SINK_STALL_PERIOD=4,SINK_STALL_READY=1)/dut/u_fifo/Always163_9  Scope: \tb_pcie_axi_dma(TB_SCENARIO=2,FIFO_DEPTH=64,BATCH_COUNT=4,BATCH_TIMEOUT=64,SINK_STALL_EN=1'b1,SINK_STALL_PERIOD=4,SINK_STALL_READY=1) .dut.u_fifo  File: /get/work/krishna.vardhan/git_trees/mtp_pcie_axi/pcie_axi_dma_latency/design/rtl/axis_fifo.sv Line: 165
Warning: [axis_fifo] FIFO full (depth=64) — upstream back-pressured at t=54255000
Time: 54255 ns  Iteration: 0  Process: /tb_pcie_axi_dma(TB_SCENARIO=2,FIFO_DEPTH=64,BATCH_COUNT=4,BATCH_TIMEOUT=64,SINK_STALL_EN=1'b1,SINK_STALL_PERIOD=4,SINK_STALL_READY=1)/dut/u_fifo/Always163_9  Scope: \tb_pcie_axi_dma(TB_SCENARIO=2,FIFO_DEPTH=64,BATCH_COUNT=4,BATCH_TIMEOUT=64,SINK_STALL_EN=1'b1,SINK_STALL_PERIOD=4,SINK_STALL_READY=1) .dut.u_fifo  File: /get/work/krishna.vardhan/git_trees/mtp_pcie_axi/pcie_axi_dma_latency/design/rtl/axis_fifo.sv Line: 165
Warning: [axis_fifo] FIFO full (depth=64) — upstream back-pressured at t=54275000
Time: 54275 ns  Iteration: 0  Process: /tb_pcie_axi_dma(TB_SCENARIO=2,FIFO_DEPTH=64,BATCH_COUNT=4,BATCH_TIMEOUT=64,SINK_STALL_EN=1'b1,SINK_STALL_PERIOD=4,SINK_STALL_READY=1)/dut/u_fifo/Always163_9  Scope: \tb_pcie_axi_dma(TB_SCENARIO=2,FIFO_DEPTH=64,BATCH_COUNT=4,BATCH_TIMEOUT=64,SINK_STALL_EN=1'b1,SINK_STALL_PERIOD=4,SINK_STALL_READY=1) .dut.u_fifo  File: /get/work/krishna.vardhan/git_trees/mtp_pcie_axi/pcie_axi_dma_latency/design/rtl/axis_fifo.sv Line: 165
Warning: [axis_fifo] FIFO full (depth=64) — upstream back-pressured at t=54285000
Time: 54285 ns  Iteration: 0  Process: /tb_pcie_axi_dma(TB_SCENARIO=2,FIFO_DEPTH=64,BATCH_COUNT=4,BATCH_TIMEOUT=64,SINK_STALL_EN=1'b1,SINK_STALL_PERIOD=4,SINK_STALL_READY=1)/dut/u_fifo/Always163_9  Scope: \tb_pcie_axi_dma(TB_SCENARIO=2,FIFO_DEPTH=64,BATCH_COUNT=4,BATCH_TIMEOUT=64,SINK_STALL_EN=1'b1,SINK_STALL_PERIOD=4,SINK_STALL_READY=1) .dut.u_fifo  File: /get/work/krishna.vardhan/git_trees/mtp_pcie_axi/pcie_axi_dma_latency/design/rtl/axis_fifo.sv Line: 165
Warning: [axis_fifo] FIFO full (depth=64) — upstream back-pressured at t=54295000
Time: 54295 ns  Iteration: 0  Process: /tb_pcie_axi_dma(TB_SCENARIO=2,FIFO_DEPTH=64,BATCH_COUNT=4,BATCH_TIMEOUT=64,SINK_STALL_EN=1'b1,SINK_STALL_PERIOD=4,SINK_STALL_READY=1)/dut/u_fifo/Always163_9  Scope: \tb_pcie_axi_dma(TB_SCENARIO=2,FIFO_DEPTH=64,BATCH_COUNT=4,BATCH_TIMEOUT=64,SINK_STALL_EN=1'b1,SINK_STALL_PERIOD=4,SINK_STALL_READY=1) .dut.u_fifo  File: /get/work/krishna.vardhan/git_trees/mtp_pcie_axi/pcie_axi_dma_latency/design/rtl/axis_fifo.sv Line: 165
Warning: [axis_fifo] FIFO full (depth=64) — upstream back-pressured at t=54315000
Time: 54315 ns  Iteration: 0  Process: /tb_pcie_axi_dma(TB_SCENARIO=2,FIFO_DEPTH=64,BATCH_COUNT=4,BATCH_TIMEOUT=64,SINK_STALL_EN=1'b1,SINK_STALL_PERIOD=4,SINK_STALL_READY=1)/dut/u_fifo/Always163_9  Scope: \tb_pcie_axi_dma(TB_SCENARIO=2,FIFO_DEPTH=64,BATCH_COUNT=4,BATCH_TIMEOUT=64,SINK_STALL_EN=1'b1,SINK_STALL_PERIOD=4,SINK_STALL_READY=1) .dut.u_fifo  File: /get/work/krishna.vardhan/git_trees/mtp_pcie_axi/pcie_axi_dma_latency/design/rtl/axis_fifo.sv Line: 165
Warning: [axis_fifo] FIFO full (depth=64) — upstream back-pressured at t=54325000
Time: 54325 ns  Iteration: 0  Process: /tb_pcie_axi_dma(TB_SCENARIO=2,FIFO_DEPTH=64,BATCH_COUNT=4,BATCH_TIMEOUT=64,SINK_STALL_EN=1'b1,SINK_STALL_PERIOD=4,SINK_STALL_READY=1)/dut/u_fifo/Always163_9  Scope: \tb_pcie_axi_dma(TB_SCENARIO=2,FIFO_DEPTH=64,BATCH_COUNT=4,BATCH_TIMEOUT=64,SINK_STALL_EN=1'b1,SINK_STALL_PERIOD=4,SINK_STALL_READY=1) .dut.u_fifo  File: /get/work/krishna.vardhan/git_trees/mtp_pcie_axi/pcie_axi_dma_latency/design/rtl/axis_fifo.sv Line: 165
Warning: [axis_fifo] FIFO full (depth=64) — upstream back-pressured at t=54335000
Time: 54335 ns  Iteration: 0  Process: /tb_pcie_axi_dma(TB_SCENARIO=2,FIFO_DEPTH=64,BATCH_COUNT=4,BATCH_TIMEOUT=64,SINK_STALL_EN=1'b1,SINK_STALL_PERIOD=4,SINK_STALL_READY=1)/dut/u_fifo/Always163_9  Scope: \tb_pcie_axi_dma(TB_SCENARIO=2,FIFO_DEPTH=64,BATCH_COUNT=4,BATCH_TIMEOUT=64,SINK_STALL_EN=1'b1,SINK_STALL_PERIOD=4,SINK_STALL_READY=1) .dut.u_fifo  File: /get/work/krishna.vardhan/git_trees/mtp_pcie_axi/pcie_axi_dma_latency/design/rtl/axis_fifo.sv Line: 165
Warning: [axis_fifo] FIFO full (depth=64) — upstream back-pressured at t=54355000
Time: 54355 ns  Iteration: 0  Process: /tb_pcie_axi_dma(TB_SCENARIO=2,FIFO_DEPTH=64,BATCH_COUNT=4,BATCH_TIMEOUT=64,SINK_STALL_EN=1'b1,SINK_STALL_PERIOD=4,SINK_STALL_READY=1)/dut/u_fifo/Always163_9  Scope: \tb_pcie_axi_dma(TB_SCENARIO=2,FIFO_DEPTH=64,BATCH_COUNT=4,BATCH_TIMEOUT=64,SINK_STALL_EN=1'b1,SINK_STALL_PERIOD=4,SINK_STALL_READY=1) .dut.u_fifo  File: /get/work/krishna.vardhan/git_trees/mtp_pcie_axi/pcie_axi_dma_latency/design/rtl/axis_fifo.sv Line: 165
Warning: [axis_fifo] FIFO full (depth=64) — upstream back-pressured at t=54365000
Time: 54365 ns  Iteration: 0  Process: /tb_pcie_axi_dma(TB_SCENARIO=2,FIFO_DEPTH=64,BATCH_COUNT=4,BATCH_TIMEOUT=64,SINK_STALL_EN=1'b1,SINK_STALL_PERIOD=4,SINK_STALL_READY=1)/dut/u_fifo/Always163_9  Scope: \tb_pcie_axi_dma(TB_SCENARIO=2,FIFO_DEPTH=64,BATCH_COUNT=4,BATCH_TIMEOUT=64,SINK_STALL_EN=1'b1,SINK_STALL_PERIOD=4,SINK_STALL_READY=1) .dut.u_fifo  File: /get/work/krishna.vardhan/git_trees/mtp_pcie_axi/pcie_axi_dma_latency/design/rtl/axis_fifo.sv Line: 165
Warning: [axis_fifo] FIFO full (depth=64) — upstream back-pressured at t=54375000
Time: 54375 ns  Iteration: 0  Process: /tb_pcie_axi_dma(TB_SCENARIO=2,FIFO_DEPTH=64,BATCH_COUNT=4,BATCH_TIMEOUT=64,SINK_STALL_EN=1'b1,SINK_STALL_PERIOD=4,SINK_STALL_READY=1)/dut/u_fifo/Always163_9  Scope: \tb_pcie_axi_dma(TB_SCENARIO=2,FIFO_DEPTH=64,BATCH_COUNT=4,BATCH_TIMEOUT=64,SINK_STALL_EN=1'b1,SINK_STALL_PERIOD=4,SINK_STALL_READY=1) .dut.u_fifo  File: /get/work/krishna.vardhan/git_trees/mtp_pcie_axi/pcie_axi_dma_latency/design/rtl/axis_fifo.sv Line: 165
Warning: [axis_fifo] FIFO full (depth=64) — upstream back-pressured at t=54395000
Time: 54395 ns  Iteration: 0  Process: /tb_pcie_axi_dma(TB_SCENARIO=2,FIFO_DEPTH=64,BATCH_COUNT=4,BATCH_TIMEOUT=64,SINK_STALL_EN=1'b1,SINK_STALL_PERIOD=4,SINK_STALL_READY=1)/dut/u_fifo/Always163_9  Scope: \tb_pcie_axi_dma(TB_SCENARIO=2,FIFO_DEPTH=64,BATCH_COUNT=4,BATCH_TIMEOUT=64,SINK_STALL_EN=1'b1,SINK_STALL_PERIOD=4,SINK_STALL_READY=1) .dut.u_fifo  File: /get/work/krishna.vardhan/git_trees/mtp_pcie_axi/pcie_axi_dma_latency/design/rtl/axis_fifo.sv Line: 165
Warning: [axis_fifo] FIFO full (depth=64) — upstream back-pressured at t=54405000
Time: 54405 ns  Iteration: 0  Process: /tb_pcie_axi_dma(TB_SCENARIO=2,FIFO_DEPTH=64,BATCH_COUNT=4,BATCH_TIMEOUT=64,SINK_STALL_EN=1'b1,SINK_STALL_PERIOD=4,SINK_STALL_READY=1)/dut/u_fifo/Always163_9  Scope: \tb_pcie_axi_dma(TB_SCENARIO=2,FIFO_DEPTH=64,BATCH_COUNT=4,BATCH_TIMEOUT=64,SINK_STALL_EN=1'b1,SINK_STALL_PERIOD=4,SINK_STALL_READY=1) .dut.u_fifo  File: /get/work/krishna.vardhan/git_trees/mtp_pcie_axi/pcie_axi_dma_latency/design/rtl/axis_fifo.sv Line: 165
Warning: [axis_fifo] FIFO full (depth=64) — upstream back-pressured at t=54415000
Time: 54415 ns  Iteration: 0  Process: /tb_pcie_axi_dma(TB_SCENARIO=2,FIFO_DEPTH=64,BATCH_COUNT=4,BATCH_TIMEOUT=64,SINK_STALL_EN=1'b1,SINK_STALL_PERIOD=4,SINK_STALL_READY=1)/dut/u_fifo/Always163_9  Scope: \tb_pcie_axi_dma(TB_SCENARIO=2,FIFO_DEPTH=64,BATCH_COUNT=4,BATCH_TIMEOUT=64,SINK_STALL_EN=1'b1,SINK_STALL_PERIOD=4,SINK_STALL_READY=1) .dut.u_fifo  File: /get/work/krishna.vardhan/git_trees/mtp_pcie_axi/pcie_axi_dma_latency/design/rtl/axis_fifo.sv Line: 165
Warning: [axis_fifo] FIFO full (depth=64) — upstream back-pressured at t=54435000
Time: 54435 ns  Iteration: 0  Process: /tb_pcie_axi_dma(TB_SCENARIO=2,FIFO_DEPTH=64,BATCH_COUNT=4,BATCH_TIMEOUT=64,SINK_STALL_EN=1'b1,SINK_STALL_PERIOD=4,SINK_STALL_READY=1)/dut/u_fifo/Always163_9  Scope: \tb_pcie_axi_dma(TB_SCENARIO=2,FIFO_DEPTH=64,BATCH_COUNT=4,BATCH_TIMEOUT=64,SINK_STALL_EN=1'b1,SINK_STALL_PERIOD=4,SINK_STALL_READY=1) .dut.u_fifo  File: /get/work/krishna.vardhan/git_trees/mtp_pcie_axi/pcie_axi_dma_latency/design/rtl/axis_fifo.sv Line: 165
Warning: [axis_fifo] FIFO full (depth=64) — upstream back-pressured at t=54445000
Time: 54445 ns  Iteration: 0  Process: /tb_pcie_axi_dma(TB_SCENARIO=2,FIFO_DEPTH=64,BATCH_COUNT=4,BATCH_TIMEOUT=64,SINK_STALL_EN=1'b1,SINK_STALL_PERIOD=4,SINK_STALL_READY=1)/dut/u_fifo/Always163_9  Scope: \tb_pcie_axi_dma(TB_SCENARIO=2,FIFO_DEPTH=64,BATCH_COUNT=4,BATCH_TIMEOUT=64,SINK_STALL_EN=1'b1,SINK_STALL_PERIOD=4,SINK_STALL_READY=1) .dut.u_fifo  File: /get/work/krishna.vardhan/git_trees/mtp_pcie_axi/pcie_axi_dma_latency/design/rtl/axis_fifo.sv Line: 165
Warning: [axis_fifo] FIFO full (depth=64) — upstream back-pressured at t=54455000
Time: 54455 ns  Iteration: 0  Process: /tb_pcie_axi_dma(TB_SCENARIO=2,FIFO_DEPTH=64,BATCH_COUNT=4,BATCH_TIMEOUT=64,SINK_STALL_EN=1'b1,SINK_STALL_PERIOD=4,SINK_STALL_READY=1)/dut/u_fifo/Always163_9  Scope: \tb_pcie_axi_dma(TB_SCENARIO=2,FIFO_DEPTH=64,BATCH_COUNT=4,BATCH_TIMEOUT=64,SINK_STALL_EN=1'b1,SINK_STALL_PERIOD=4,SINK_STALL_READY=1) .dut.u_fifo  File: /get/work/krishna.vardhan/git_trees/mtp_pcie_axi/pcie_axi_dma_latency/design/rtl/axis_fifo.sv Line: 165
Warning: [axis_fifo] FIFO full (depth=64) — upstream back-pressured at t=54475000
Time: 54475 ns  Iteration: 0  Process: /tb_pcie_axi_dma(TB_SCENARIO=2,FIFO_DEPTH=64,BATCH_COUNT=4,BATCH_TIMEOUT=64,SINK_STALL_EN=1'b1,SINK_STALL_PERIOD=4,SINK_STALL_READY=1)/dut/u_fifo/Always163_9  Scope: \tb_pcie_axi_dma(TB_SCENARIO=2,FIFO_DEPTH=64,BATCH_COUNT=4,BATCH_TIMEOUT=64,SINK_STALL_EN=1'b1,SINK_STALL_PERIOD=4,SINK_STALL_READY=1) .dut.u_fifo  File: /get/work/krishna.vardhan/git_trees/mtp_pcie_axi/pcie_axi_dma_latency/design/rtl/axis_fifo.sv Line: 165
Warning: [axis_fifo] FIFO full (depth=64) — upstream back-pressured at t=54485000
Time: 54485 ns  Iteration: 0  Process: /tb_pcie_axi_dma(TB_SCENARIO=2,FIFO_DEPTH=64,BATCH_COUNT=4,BATCH_TIMEOUT=64,SINK_STALL_EN=1'b1,SINK_STALL_PERIOD=4,SINK_STALL_READY=1)/dut/u_fifo/Always163_9  Scope: \tb_pcie_axi_dma(TB_SCENARIO=2,FIFO_DEPTH=64,BATCH_COUNT=4,BATCH_TIMEOUT=64,SINK_STALL_EN=1'b1,SINK_STALL_PERIOD=4,SINK_STALL_READY=1) .dut.u_fifo  File: /get/work/krishna.vardhan/git_trees/mtp_pcie_axi/pcie_axi_dma_latency/design/rtl/axis_fifo.sv Line: 165
Warning: [axis_fifo] FIFO full (depth=64) — upstream back-pressured at t=54495000
Time: 54495 ns  Iteration: 0  Process: /tb_pcie_axi_dma(TB_SCENARIO=2,FIFO_DEPTH=64,BATCH_COUNT=4,BATCH_TIMEOUT=64,SINK_STALL_EN=1'b1,SINK_STALL_PERIOD=4,SINK_STALL_READY=1)/dut/u_fifo/Always163_9  Scope: \tb_pcie_axi_dma(TB_SCENARIO=2,FIFO_DEPTH=64,BATCH_COUNT=4,BATCH_TIMEOUT=64,SINK_STALL_EN=1'b1,SINK_STALL_PERIOD=4,SINK_STALL_READY=1) .dut.u_fifo  File: /get/work/krishna.vardhan/git_trees/mtp_pcie_axi/pcie_axi_dma_latency/design/rtl/axis_fifo.sv Line: 165
Warning: [axis_fifo] FIFO full (depth=64) — upstream back-pressured at t=54515000
Time: 54515 ns  Iteration: 0  Process: /tb_pcie_axi_dma(TB_SCENARIO=2,FIFO_DEPTH=64,BATCH_COUNT=4,BATCH_TIMEOUT=64,SINK_STALL_EN=1'b1,SINK_STALL_PERIOD=4,SINK_STALL_READY=1)/dut/u_fifo/Always163_9  Scope: \tb_pcie_axi_dma(TB_SCENARIO=2,FIFO_DEPTH=64,BATCH_COUNT=4,BATCH_TIMEOUT=64,SINK_STALL_EN=1'b1,SINK_STALL_PERIOD=4,SINK_STALL_READY=1) .dut.u_fifo  File: /get/work/krishna.vardhan/git_trees/mtp_pcie_axi/pcie_axi_dma_latency/design/rtl/axis_fifo.sv Line: 165
Warning: [axis_fifo] FIFO full (depth=64) — upstream back-pressured at t=54525000
Time: 54525 ns  Iteration: 0  Process: /tb_pcie_axi_dma(TB_SCENARIO=2,FIFO_DEPTH=64,BATCH_COUNT=4,BATCH_TIMEOUT=64,SINK_STALL_EN=1'b1,SINK_STALL_PERIOD=4,SINK_STALL_READY=1)/dut/u_fifo/Always163_9  Scope: \tb_pcie_axi_dma(TB_SCENARIO=2,FIFO_DEPTH=64,BATCH_COUNT=4,BATCH_TIMEOUT=64,SINK_STALL_EN=1'b1,SINK_STALL_PERIOD=4,SINK_STALL_READY=1) .dut.u_fifo  File: /get/work/krishna.vardhan/git_trees/mtp_pcie_axi/pcie_axi_dma_latency/design/rtl/axis_fifo.sv Line: 165
Warning: [axis_fifo] FIFO full (depth=64) — upstream back-pressured at t=54535000
Time: 54535 ns  Iteration: 0  Process: /tb_pcie_axi_dma(TB_SCENARIO=2,FIFO_DEPTH=64,BATCH_COUNT=4,BATCH_TIMEOUT=64,SINK_STALL_EN=1'b1,SINK_STALL_PERIOD=4,SINK_STALL_READY=1)/dut/u_fifo/Always163_9  Scope: \tb_pcie_axi_dma(TB_SCENARIO=2,FIFO_DEPTH=64,BATCH_COUNT=4,BATCH_TIMEOUT=64,SINK_STALL_EN=1'b1,SINK_STALL_PERIOD=4,SINK_STALL_READY=1) .dut.u_fifo  File: /get/work/krishna.vardhan/git_trees/mtp_pcie_axi/pcie_axi_dma_latency/design/rtl/axis_fifo.sv Line: 165
Warning: [axis_fifo] FIFO full (depth=64) — upstream back-pressured at t=54555000
Time: 54555 ns  Iteration: 0  Process: /tb_pcie_axi_dma(TB_SCENARIO=2,FIFO_DEPTH=64,BATCH_COUNT=4,BATCH_TIMEOUT=64,SINK_STALL_EN=1'b1,SINK_STALL_PERIOD=4,SINK_STALL_READY=1)/dut/u_fifo/Always163_9  Scope: \tb_pcie_axi_dma(TB_SCENARIO=2,FIFO_DEPTH=64,BATCH_COUNT=4,BATCH_TIMEOUT=64,SINK_STALL_EN=1'b1,SINK_STALL_PERIOD=4,SINK_STALL_READY=1) .dut.u_fifo  File: /get/work/krishna.vardhan/git_trees/mtp_pcie_axi/pcie_axi_dma_latency/design/rtl/axis_fifo.sv Line: 165
Warning: [axis_fifo] FIFO full (depth=64) — upstream back-pressured at t=54565000
Time: 54565 ns  Iteration: 0  Process: /tb_pcie_axi_dma(TB_SCENARIO=2,FIFO_DEPTH=64,BATCH_COUNT=4,BATCH_TIMEOUT=64,SINK_STALL_EN=1'b1,SINK_STALL_PERIOD=4,SINK_STALL_READY=1)/dut/u_fifo/Always163_9  Scope: \tb_pcie_axi_dma(TB_SCENARIO=2,FIFO_DEPTH=64,BATCH_COUNT=4,BATCH_TIMEOUT=64,SINK_STALL_EN=1'b1,SINK_STALL_PERIOD=4,SINK_STALL_READY=1) .dut.u_fifo  File: /get/work/krishna.vardhan/git_trees/mtp_pcie_axi/pcie_axi_dma_latency/design/rtl/axis_fifo.sv Line: 165
Warning: [axis_fifo] FIFO full (depth=64) — upstream back-pressured at t=54575000
Time: 54575 ns  Iteration: 0  Process: /tb_pcie_axi_dma(TB_SCENARIO=2,FIFO_DEPTH=64,BATCH_COUNT=4,BATCH_TIMEOUT=64,SINK_STALL_EN=1'b1,SINK_STALL_PERIOD=4,SINK_STALL_READY=1)/dut/u_fifo/Always163_9  Scope: \tb_pcie_axi_dma(TB_SCENARIO=2,FIFO_DEPTH=64,BATCH_COUNT=4,BATCH_TIMEOUT=64,SINK_STALL_EN=1'b1,SINK_STALL_PERIOD=4,SINK_STALL_READY=1) .dut.u_fifo  File: /get/work/krishna.vardhan/git_trees/mtp_pcie_axi/pcie_axi_dma_latency/design/rtl/axis_fifo.sv Line: 165
Warning: [axis_fifo] FIFO full (depth=64) — upstream back-pressured at t=54595000
Time: 54595 ns  Iteration: 0  Process: /tb_pcie_axi_dma(TB_SCENARIO=2,FIFO_DEPTH=64,BATCH_COUNT=4,BATCH_TIMEOUT=64,SINK_STALL_EN=1'b1,SINK_STALL_PERIOD=4,SINK_STALL_READY=1)/dut/u_fifo/Always163_9  Scope: \tb_pcie_axi_dma(TB_SCENARIO=2,FIFO_DEPTH=64,BATCH_COUNT=4,BATCH_TIMEOUT=64,SINK_STALL_EN=1'b1,SINK_STALL_PERIOD=4,SINK_STALL_READY=1) .dut.u_fifo  File: /get/work/krishna.vardhan/git_trees/mtp_pcie_axi/pcie_axi_dma_latency/design/rtl/axis_fifo.sv Line: 165
Warning: [axis_fifo] FIFO full (depth=64) — upstream back-pressured at t=54605000
Time: 54605 ns  Iteration: 0  Process: /tb_pcie_axi_dma(TB_SCENARIO=2,FIFO_DEPTH=64,BATCH_COUNT=4,BATCH_TIMEOUT=64,SINK_STALL_EN=1'b1,SINK_STALL_PERIOD=4,SINK_STALL_READY=1)/dut/u_fifo/Always163_9  Scope: \tb_pcie_axi_dma(TB_SCENARIO=2,FIFO_DEPTH=64,BATCH_COUNT=4,BATCH_TIMEOUT=64,SINK_STALL_EN=1'b1,SINK_STALL_PERIOD=4,SINK_STALL_READY=1) .dut.u_fifo  File: /get/work/krishna.vardhan/git_trees/mtp_pcie_axi/pcie_axi_dma_latency/design/rtl/axis_fifo.sv Line: 165
Warning: [axis_fifo] FIFO full (depth=64) — upstream back-pressured at t=54615000
Time: 54615 ns  Iteration: 0  Process: /tb_pcie_axi_dma(TB_SCENARIO=2,FIFO_DEPTH=64,BATCH_COUNT=4,BATCH_TIMEOUT=64,SINK_STALL_EN=1'b1,SINK_STALL_PERIOD=4,SINK_STALL_READY=1)/dut/u_fifo/Always163_9  Scope: \tb_pcie_axi_dma(TB_SCENARIO=2,FIFO_DEPTH=64,BATCH_COUNT=4,BATCH_TIMEOUT=64,SINK_STALL_EN=1'b1,SINK_STALL_PERIOD=4,SINK_STALL_READY=1) .dut.u_fifo  File: /get/work/krishna.vardhan/git_trees/mtp_pcie_axi/pcie_axi_dma_latency/design/rtl/axis_fifo.sv Line: 165
Warning: [axis_fifo] FIFO full (depth=64) — upstream back-pressured at t=54635000
Time: 54635 ns  Iteration: 0  Process: /tb_pcie_axi_dma(TB_SCENARIO=2,FIFO_DEPTH=64,BATCH_COUNT=4,BATCH_TIMEOUT=64,SINK_STALL_EN=1'b1,SINK_STALL_PERIOD=4,SINK_STALL_READY=1)/dut/u_fifo/Always163_9  Scope: \tb_pcie_axi_dma(TB_SCENARIO=2,FIFO_DEPTH=64,BATCH_COUNT=4,BATCH_TIMEOUT=64,SINK_STALL_EN=1'b1,SINK_STALL_PERIOD=4,SINK_STALL_READY=1) .dut.u_fifo  File: /get/work/krishna.vardhan/git_trees/mtp_pcie_axi/pcie_axi_dma_latency/design/rtl/axis_fifo.sv Line: 165
Warning: [axis_fifo] FIFO full (depth=64) — upstream back-pressured at t=54645000
Time: 54645 ns  Iteration: 0  Process: /tb_pcie_axi_dma(TB_SCENARIO=2,FIFO_DEPTH=64,BATCH_COUNT=4,BATCH_TIMEOUT=64,SINK_STALL_EN=1'b1,SINK_STALL_PERIOD=4,SINK_STALL_READY=1)/dut/u_fifo/Always163_9  Scope: \tb_pcie_axi_dma(TB_SCENARIO=2,FIFO_DEPTH=64,BATCH_COUNT=4,BATCH_TIMEOUT=64,SINK_STALL_EN=1'b1,SINK_STALL_PERIOD=4,SINK_STALL_READY=1) .dut.u_fifo  File: /get/work/krishna.vardhan/git_trees/mtp_pcie_axi/pcie_axi_dma_latency/design/rtl/axis_fifo.sv Line: 165
Warning: [axis_fifo] FIFO full (depth=64) — upstream back-pressured at t=54655000
Time: 54655 ns  Iteration: 0  Process: /tb_pcie_axi_dma(TB_SCENARIO=2,FIFO_DEPTH=64,BATCH_COUNT=4,BATCH_TIMEOUT=64,SINK_STALL_EN=1'b1,SINK_STALL_PERIOD=4,SINK_STALL_READY=1)/dut/u_fifo/Always163_9  Scope: \tb_pcie_axi_dma(TB_SCENARIO=2,FIFO_DEPTH=64,BATCH_COUNT=4,BATCH_TIMEOUT=64,SINK_STALL_EN=1'b1,SINK_STALL_PERIOD=4,SINK_STALL_READY=1) .dut.u_fifo  File: /get/work/krishna.vardhan/git_trees/mtp_pcie_axi/pcie_axi_dma_latency/design/rtl/axis_fifo.sv Line: 165
Warning: [axis_fifo] FIFO full (depth=64) — upstream back-pressured at t=54675000
Time: 54675 ns  Iteration: 0  Process: /tb_pcie_axi_dma(TB_SCENARIO=2,FIFO_DEPTH=64,BATCH_COUNT=4,BATCH_TIMEOUT=64,SINK_STALL_EN=1'b1,SINK_STALL_PERIOD=4,SINK_STALL_READY=1)/dut/u_fifo/Always163_9  Scope: \tb_pcie_axi_dma(TB_SCENARIO=2,FIFO_DEPTH=64,BATCH_COUNT=4,BATCH_TIMEOUT=64,SINK_STALL_EN=1'b1,SINK_STALL_PERIOD=4,SINK_STALL_READY=1) .dut.u_fifo  File: /get/work/krishna.vardhan/git_trees/mtp_pcie_axi/pcie_axi_dma_latency/design/rtl/axis_fifo.sv Line: 165
Warning: [axis_fifo] FIFO full (depth=64) — upstream back-pressured at t=54685000
Time: 54685 ns  Iteration: 0  Process: /tb_pcie_axi_dma(TB_SCENARIO=2,FIFO_DEPTH=64,BATCH_COUNT=4,BATCH_TIMEOUT=64,SINK_STALL_EN=1'b1,SINK_STALL_PERIOD=4,SINK_STALL_READY=1)/dut/u_fifo/Always163_9  Scope: \tb_pcie_axi_dma(TB_SCENARIO=2,FIFO_DEPTH=64,BATCH_COUNT=4,BATCH_TIMEOUT=64,SINK_STALL_EN=1'b1,SINK_STALL_PERIOD=4,SINK_STALL_READY=1) .dut.u_fifo  File: /get/work/krishna.vardhan/git_trees/mtp_pcie_axi/pcie_axi_dma_latency/design/rtl/axis_fifo.sv Line: 165
Warning: [axis_fifo] FIFO full (depth=64) — upstream back-pressured at t=54695000
Time: 54695 ns  Iteration: 0  Process: /tb_pcie_axi_dma(TB_SCENARIO=2,FIFO_DEPTH=64,BATCH_COUNT=4,BATCH_TIMEOUT=64,SINK_STALL_EN=1'b1,SINK_STALL_PERIOD=4,SINK_STALL_READY=1)/dut/u_fifo/Always163_9  Scope: \tb_pcie_axi_dma(TB_SCENARIO=2,FIFO_DEPTH=64,BATCH_COUNT=4,BATCH_TIMEOUT=64,SINK_STALL_EN=1'b1,SINK_STALL_PERIOD=4,SINK_STALL_READY=1) .dut.u_fifo  File: /get/work/krishna.vardhan/git_trees/mtp_pcie_axi/pcie_axi_dma_latency/design/rtl/axis_fifo.sv Line: 165
Warning: [axis_fifo] FIFO full (depth=64) — upstream back-pressured at t=54715000
Time: 54715 ns  Iteration: 0  Process: /tb_pcie_axi_dma(TB_SCENARIO=2,FIFO_DEPTH=64,BATCH_COUNT=4,BATCH_TIMEOUT=64,SINK_STALL_EN=1'b1,SINK_STALL_PERIOD=4,SINK_STALL_READY=1)/dut/u_fifo/Always163_9  Scope: \tb_pcie_axi_dma(TB_SCENARIO=2,FIFO_DEPTH=64,BATCH_COUNT=4,BATCH_TIMEOUT=64,SINK_STALL_EN=1'b1,SINK_STALL_PERIOD=4,SINK_STALL_READY=1) .dut.u_fifo  File: /get/work/krishna.vardhan/git_trees/mtp_pcie_axi/pcie_axi_dma_latency/design/rtl/axis_fifo.sv Line: 165
Warning: [axis_fifo] FIFO full (depth=64) — upstream back-pressured at t=54725000
Time: 54725 ns  Iteration: 0  Process: /tb_pcie_axi_dma(TB_SCENARIO=2,FIFO_DEPTH=64,BATCH_COUNT=4,BATCH_TIMEOUT=64,SINK_STALL_EN=1'b1,SINK_STALL_PERIOD=4,SINK_STALL_READY=1)/dut/u_fifo/Always163_9  Scope: \tb_pcie_axi_dma(TB_SCENARIO=2,FIFO_DEPTH=64,BATCH_COUNT=4,BATCH_TIMEOUT=64,SINK_STALL_EN=1'b1,SINK_STALL_PERIOD=4,SINK_STALL_READY=1) .dut.u_fifo  File: /get/work/krishna.vardhan/git_trees/mtp_pcie_axi/pcie_axi_dma_latency/design/rtl/axis_fifo.sv Line: 165
Warning: [axis_fifo] FIFO full (depth=64) — upstream back-pressured at t=54735000
Time: 54735 ns  Iteration: 0  Process: /tb_pcie_axi_dma(TB_SCENARIO=2,FIFO_DEPTH=64,BATCH_COUNT=4,BATCH_TIMEOUT=64,SINK_STALL_EN=1'b1,SINK_STALL_PERIOD=4,SINK_STALL_READY=1)/dut/u_fifo/Always163_9  Scope: \tb_pcie_axi_dma(TB_SCENARIO=2,FIFO_DEPTH=64,BATCH_COUNT=4,BATCH_TIMEOUT=64,SINK_STALL_EN=1'b1,SINK_STALL_PERIOD=4,SINK_STALL_READY=1) .dut.u_fifo  File: /get/work/krishna.vardhan/git_trees/mtp_pcie_axi/pcie_axi_dma_latency/design/rtl/axis_fifo.sv Line: 165
Warning: [axis_fifo] FIFO full (depth=64) — upstream back-pressured at t=54755000
Time: 54755 ns  Iteration: 0  Process: /tb_pcie_axi_dma(TB_SCENARIO=2,FIFO_DEPTH=64,BATCH_COUNT=4,BATCH_TIMEOUT=64,SINK_STALL_EN=1'b1,SINK_STALL_PERIOD=4,SINK_STALL_READY=1)/dut/u_fifo/Always163_9  Scope: \tb_pcie_axi_dma(TB_SCENARIO=2,FIFO_DEPTH=64,BATCH_COUNT=4,BATCH_TIMEOUT=64,SINK_STALL_EN=1'b1,SINK_STALL_PERIOD=4,SINK_STALL_READY=1) .dut.u_fifo  File: /get/work/krishna.vardhan/git_trees/mtp_pcie_axi/pcie_axi_dma_latency/design/rtl/axis_fifo.sv Line: 165
Warning: [axis_fifo] FIFO full (depth=64) — upstream back-pressured at t=54765000
Time: 54765 ns  Iteration: 0  Process: /tb_pcie_axi_dma(TB_SCENARIO=2,FIFO_DEPTH=64,BATCH_COUNT=4,BATCH_TIMEOUT=64,SINK_STALL_EN=1'b1,SINK_STALL_PERIOD=4,SINK_STALL_READY=1)/dut/u_fifo/Always163_9  Scope: \tb_pcie_axi_dma(TB_SCENARIO=2,FIFO_DEPTH=64,BATCH_COUNT=4,BATCH_TIMEOUT=64,SINK_STALL_EN=1'b1,SINK_STALL_PERIOD=4,SINK_STALL_READY=1) .dut.u_fifo  File: /get/work/krishna.vardhan/git_trees/mtp_pcie_axi/pcie_axi_dma_latency/design/rtl/axis_fifo.sv Line: 165
Warning: [axis_fifo] FIFO full (depth=64) — upstream back-pressured at t=54775000
Time: 54775 ns  Iteration: 0  Process: /tb_pcie_axi_dma(TB_SCENARIO=2,FIFO_DEPTH=64,BATCH_COUNT=4,BATCH_TIMEOUT=64,SINK_STALL_EN=1'b1,SINK_STALL_PERIOD=4,SINK_STALL_READY=1)/dut/u_fifo/Always163_9  Scope: \tb_pcie_axi_dma(TB_SCENARIO=2,FIFO_DEPTH=64,BATCH_COUNT=4,BATCH_TIMEOUT=64,SINK_STALL_EN=1'b1,SINK_STALL_PERIOD=4,SINK_STALL_READY=1) .dut.u_fifo  File: /get/work/krishna.vardhan/git_trees/mtp_pcie_axi/pcie_axi_dma_latency/design/rtl/axis_fifo.sv Line: 165
Warning: [axis_fifo] FIFO full (depth=64) — upstream back-pressured at t=54795000
Time: 54795 ns  Iteration: 0  Process: /tb_pcie_axi_dma(TB_SCENARIO=2,FIFO_DEPTH=64,BATCH_COUNT=4,BATCH_TIMEOUT=64,SINK_STALL_EN=1'b1,SINK_STALL_PERIOD=4,SINK_STALL_READY=1)/dut/u_fifo/Always163_9  Scope: \tb_pcie_axi_dma(TB_SCENARIO=2,FIFO_DEPTH=64,BATCH_COUNT=4,BATCH_TIMEOUT=64,SINK_STALL_EN=1'b1,SINK_STALL_PERIOD=4,SINK_STALL_READY=1) .dut.u_fifo  File: /get/work/krishna.vardhan/git_trees/mtp_pcie_axi/pcie_axi_dma_latency/design/rtl/axis_fifo.sv Line: 165
Warning: [axis_fifo] FIFO full (depth=64) — upstream back-pressured at t=54805000
Time: 54805 ns  Iteration: 0  Process: /tb_pcie_axi_dma(TB_SCENARIO=2,FIFO_DEPTH=64,BATCH_COUNT=4,BATCH_TIMEOUT=64,SINK_STALL_EN=1'b1,SINK_STALL_PERIOD=4,SINK_STALL_READY=1)/dut/u_fifo/Always163_9  Scope: \tb_pcie_axi_dma(TB_SCENARIO=2,FIFO_DEPTH=64,BATCH_COUNT=4,BATCH_TIMEOUT=64,SINK_STALL_EN=1'b1,SINK_STALL_PERIOD=4,SINK_STALL_READY=1) .dut.u_fifo  File: /get/work/krishna.vardhan/git_trees/mtp_pcie_axi/pcie_axi_dma_latency/design/rtl/axis_fifo.sv Line: 165
Warning: [axis_fifo] FIFO full (depth=64) — upstream back-pressured at t=54815000
Time: 54815 ns  Iteration: 0  Process: /tb_pcie_axi_dma(TB_SCENARIO=2,FIFO_DEPTH=64,BATCH_COUNT=4,BATCH_TIMEOUT=64,SINK_STALL_EN=1'b1,SINK_STALL_PERIOD=4,SINK_STALL_READY=1)/dut/u_fifo/Always163_9  Scope: \tb_pcie_axi_dma(TB_SCENARIO=2,FIFO_DEPTH=64,BATCH_COUNT=4,BATCH_TIMEOUT=64,SINK_STALL_EN=1'b1,SINK_STALL_PERIOD=4,SINK_STALL_READY=1) .dut.u_fifo  File: /get/work/krishna.vardhan/git_trees/mtp_pcie_axi/pcie_axi_dma_latency/design/rtl/axis_fifo.sv Line: 165
Warning: [axis_fifo] FIFO full (depth=64) — upstream back-pressured at t=54835000
Time: 54835 ns  Iteration: 0  Process: /tb_pcie_axi_dma(TB_SCENARIO=2,FIFO_DEPTH=64,BATCH_COUNT=4,BATCH_TIMEOUT=64,SINK_STALL_EN=1'b1,SINK_STALL_PERIOD=4,SINK_STALL_READY=1)/dut/u_fifo/Always163_9  Scope: \tb_pcie_axi_dma(TB_SCENARIO=2,FIFO_DEPTH=64,BATCH_COUNT=4,BATCH_TIMEOUT=64,SINK_STALL_EN=1'b1,SINK_STALL_PERIOD=4,SINK_STALL_READY=1) .dut.u_fifo  File: /get/work/krishna.vardhan/git_trees/mtp_pcie_axi/pcie_axi_dma_latency/design/rtl/axis_fifo.sv Line: 165
Warning: [axis_fifo] FIFO full (depth=64) — upstream back-pressured at t=54845000
Time: 54845 ns  Iteration: 0  Process: /tb_pcie_axi_dma(TB_SCENARIO=2,FIFO_DEPTH=64,BATCH_COUNT=4,BATCH_TIMEOUT=64,SINK_STALL_EN=1'b1,SINK_STALL_PERIOD=4,SINK_STALL_READY=1)/dut/u_fifo/Always163_9  Scope: \tb_pcie_axi_dma(TB_SCENARIO=2,FIFO_DEPTH=64,BATCH_COUNT=4,BATCH_TIMEOUT=64,SINK_STALL_EN=1'b1,SINK_STALL_PERIOD=4,SINK_STALL_READY=1) .dut.u_fifo  File: /get/work/krishna.vardhan/git_trees/mtp_pcie_axi/pcie_axi_dma_latency/design/rtl/axis_fifo.sv Line: 165
Warning: [axis_fifo] FIFO full (depth=64) — upstream back-pressured at t=54855000
Time: 54855 ns  Iteration: 0  Process: /tb_pcie_axi_dma(TB_SCENARIO=2,FIFO_DEPTH=64,BATCH_COUNT=4,BATCH_TIMEOUT=64,SINK_STALL_EN=1'b1,SINK_STALL_PERIOD=4,SINK_STALL_READY=1)/dut/u_fifo/Always163_9  Scope: \tb_pcie_axi_dma(TB_SCENARIO=2,FIFO_DEPTH=64,BATCH_COUNT=4,BATCH_TIMEOUT=64,SINK_STALL_EN=1'b1,SINK_STALL_PERIOD=4,SINK_STALL_READY=1) .dut.u_fifo  File: /get/work/krishna.vardhan/git_trees/mtp_pcie_axi/pcie_axi_dma_latency/design/rtl/axis_fifo.sv Line: 165
Warning: [axis_fifo] FIFO full (depth=64) — upstream back-pressured at t=54875000
Time: 54875 ns  Iteration: 0  Process: /tb_pcie_axi_dma(TB_SCENARIO=2,FIFO_DEPTH=64,BATCH_COUNT=4,BATCH_TIMEOUT=64,SINK_STALL_EN=1'b1,SINK_STALL_PERIOD=4,SINK_STALL_READY=1)/dut/u_fifo/Always163_9  Scope: \tb_pcie_axi_dma(TB_SCENARIO=2,FIFO_DEPTH=64,BATCH_COUNT=4,BATCH_TIMEOUT=64,SINK_STALL_EN=1'b1,SINK_STALL_PERIOD=4,SINK_STALL_READY=1) .dut.u_fifo  File: /get/work/krishna.vardhan/git_trees/mtp_pcie_axi/pcie_axi_dma_latency/design/rtl/axis_fifo.sv Line: 165
Warning: [axis_fifo] FIFO full (depth=64) — upstream back-pressured at t=54885000
Time: 54885 ns  Iteration: 0  Process: /tb_pcie_axi_dma(TB_SCENARIO=2,FIFO_DEPTH=64,BATCH_COUNT=4,BATCH_TIMEOUT=64,SINK_STALL_EN=1'b1,SINK_STALL_PERIOD=4,SINK_STALL_READY=1)/dut/u_fifo/Always163_9  Scope: \tb_pcie_axi_dma(TB_SCENARIO=2,FIFO_DEPTH=64,BATCH_COUNT=4,BATCH_TIMEOUT=64,SINK_STALL_EN=1'b1,SINK_STALL_PERIOD=4,SINK_STALL_READY=1) .dut.u_fifo  File: /get/work/krishna.vardhan/git_trees/mtp_pcie_axi/pcie_axi_dma_latency/design/rtl/axis_fifo.sv Line: 165
Warning: [axis_fifo] FIFO full (depth=64) — upstream back-pressured at t=54895000
Time: 54895 ns  Iteration: 0  Process: /tb_pcie_axi_dma(TB_SCENARIO=2,FIFO_DEPTH=64,BATCH_COUNT=4,BATCH_TIMEOUT=64,SINK_STALL_EN=1'b1,SINK_STALL_PERIOD=4,SINK_STALL_READY=1)/dut/u_fifo/Always163_9  Scope: \tb_pcie_axi_dma(TB_SCENARIO=2,FIFO_DEPTH=64,BATCH_COUNT=4,BATCH_TIMEOUT=64,SINK_STALL_EN=1'b1,SINK_STALL_PERIOD=4,SINK_STALL_READY=1) .dut.u_fifo  File: /get/work/krishna.vardhan/git_trees/mtp_pcie_axi/pcie_axi_dma_latency/design/rtl/axis_fifo.sv Line: 165
Warning: [axis_fifo] FIFO full (depth=64) — upstream back-pressured at t=54915000
Time: 54915 ns  Iteration: 0  Process: /tb_pcie_axi_dma(TB_SCENARIO=2,FIFO_DEPTH=64,BATCH_COUNT=4,BATCH_TIMEOUT=64,SINK_STALL_EN=1'b1,SINK_STALL_PERIOD=4,SINK_STALL_READY=1)/dut/u_fifo/Always163_9  Scope: \tb_pcie_axi_dma(TB_SCENARIO=2,FIFO_DEPTH=64,BATCH_COUNT=4,BATCH_TIMEOUT=64,SINK_STALL_EN=1'b1,SINK_STALL_PERIOD=4,SINK_STALL_READY=1) .dut.u_fifo  File: /get/work/krishna.vardhan/git_trees/mtp_pcie_axi/pcie_axi_dma_latency/design/rtl/axis_fifo.sv Line: 165
Warning: [axis_fifo] FIFO full (depth=64) — upstream back-pressured at t=54925000
Time: 54925 ns  Iteration: 0  Process: /tb_pcie_axi_dma(TB_SCENARIO=2,FIFO_DEPTH=64,BATCH_COUNT=4,BATCH_TIMEOUT=64,SINK_STALL_EN=1'b1,SINK_STALL_PERIOD=4,SINK_STALL_READY=1)/dut/u_fifo/Always163_9  Scope: \tb_pcie_axi_dma(TB_SCENARIO=2,FIFO_DEPTH=64,BATCH_COUNT=4,BATCH_TIMEOUT=64,SINK_STALL_EN=1'b1,SINK_STALL_PERIOD=4,SINK_STALL_READY=1) .dut.u_fifo  File: /get/work/krishna.vardhan/git_trees/mtp_pcie_axi/pcie_axi_dma_latency/design/rtl/axis_fifo.sv Line: 165
Warning: [axis_fifo] FIFO full (depth=64) — upstream back-pressured at t=54935000
Time: 54935 ns  Iteration: 0  Process: /tb_pcie_axi_dma(TB_SCENARIO=2,FIFO_DEPTH=64,BATCH_COUNT=4,BATCH_TIMEOUT=64,SINK_STALL_EN=1'b1,SINK_STALL_PERIOD=4,SINK_STALL_READY=1)/dut/u_fifo/Always163_9  Scope: \tb_pcie_axi_dma(TB_SCENARIO=2,FIFO_DEPTH=64,BATCH_COUNT=4,BATCH_TIMEOUT=64,SINK_STALL_EN=1'b1,SINK_STALL_PERIOD=4,SINK_STALL_READY=1) .dut.u_fifo  File: /get/work/krishna.vardhan/git_trees/mtp_pcie_axi/pcie_axi_dma_latency/design/rtl/axis_fifo.sv Line: 165
Warning: [axis_fifo] FIFO full (depth=64) — upstream back-pressured at t=54955000
Time: 54955 ns  Iteration: 0  Process: /tb_pcie_axi_dma(TB_SCENARIO=2,FIFO_DEPTH=64,BATCH_COUNT=4,BATCH_TIMEOUT=64,SINK_STALL_EN=1'b1,SINK_STALL_PERIOD=4,SINK_STALL_READY=1)/dut/u_fifo/Always163_9  Scope: \tb_pcie_axi_dma(TB_SCENARIO=2,FIFO_DEPTH=64,BATCH_COUNT=4,BATCH_TIMEOUT=64,SINK_STALL_EN=1'b1,SINK_STALL_PERIOD=4,SINK_STALL_READY=1) .dut.u_fifo  File: /get/work/krishna.vardhan/git_trees/mtp_pcie_axi/pcie_axi_dma_latency/design/rtl/axis_fifo.sv Line: 165
Warning: [axis_fifo] FIFO full (depth=64) — upstream back-pressured at t=54965000
Time: 54965 ns  Iteration: 0  Process: /tb_pcie_axi_dma(TB_SCENARIO=2,FIFO_DEPTH=64,BATCH_COUNT=4,BATCH_TIMEOUT=64,SINK_STALL_EN=1'b1,SINK_STALL_PERIOD=4,SINK_STALL_READY=1)/dut/u_fifo/Always163_9  Scope: \tb_pcie_axi_dma(TB_SCENARIO=2,FIFO_DEPTH=64,BATCH_COUNT=4,BATCH_TIMEOUT=64,SINK_STALL_EN=1'b1,SINK_STALL_PERIOD=4,SINK_STALL_READY=1) .dut.u_fifo  File: /get/work/krishna.vardhan/git_trees/mtp_pcie_axi/pcie_axi_dma_latency/design/rtl/axis_fifo.sv Line: 165
Warning: [axis_fifo] FIFO full (depth=64) — upstream back-pressured at t=54975000
Time: 54975 ns  Iteration: 0  Process: /tb_pcie_axi_dma(TB_SCENARIO=2,FIFO_DEPTH=64,BATCH_COUNT=4,BATCH_TIMEOUT=64,SINK_STALL_EN=1'b1,SINK_STALL_PERIOD=4,SINK_STALL_READY=1)/dut/u_fifo/Always163_9  Scope: \tb_pcie_axi_dma(TB_SCENARIO=2,FIFO_DEPTH=64,BATCH_COUNT=4,BATCH_TIMEOUT=64,SINK_STALL_EN=1'b1,SINK_STALL_PERIOD=4,SINK_STALL_READY=1) .dut.u_fifo  File: /get/work/krishna.vardhan/git_trees/mtp_pcie_axi/pcie_axi_dma_latency/design/rtl/axis_fifo.sv Line: 165
Warning: [axis_fifo] FIFO full (depth=64) — upstream back-pressured at t=54995000
Time: 54995 ns  Iteration: 0  Process: /tb_pcie_axi_dma(TB_SCENARIO=2,FIFO_DEPTH=64,BATCH_COUNT=4,BATCH_TIMEOUT=64,SINK_STALL_EN=1'b1,SINK_STALL_PERIOD=4,SINK_STALL_READY=1)/dut/u_fifo/Always163_9  Scope: \tb_pcie_axi_dma(TB_SCENARIO=2,FIFO_DEPTH=64,BATCH_COUNT=4,BATCH_TIMEOUT=64,SINK_STALL_EN=1'b1,SINK_STALL_PERIOD=4,SINK_STALL_READY=1) .dut.u_fifo  File: /get/work/krishna.vardhan/git_trees/mtp_pcie_axi/pcie_axi_dma_latency/design/rtl/axis_fifo.sv Line: 165
Warning: [axis_fifo] FIFO full (depth=64) — upstream back-pressured at t=55005000
Time: 55005 ns  Iteration: 0  Process: /tb_pcie_axi_dma(TB_SCENARIO=2,FIFO_DEPTH=64,BATCH_COUNT=4,BATCH_TIMEOUT=64,SINK_STALL_EN=1'b1,SINK_STALL_PERIOD=4,SINK_STALL_READY=1)/dut/u_fifo/Always163_9  Scope: \tb_pcie_axi_dma(TB_SCENARIO=2,FIFO_DEPTH=64,BATCH_COUNT=4,BATCH_TIMEOUT=64,SINK_STALL_EN=1'b1,SINK_STALL_PERIOD=4,SINK_STALL_READY=1) .dut.u_fifo  File: /get/work/krishna.vardhan/git_trees/mtp_pcie_axi/pcie_axi_dma_latency/design/rtl/axis_fifo.sv Line: 165
Warning: [axis_fifo] FIFO full (depth=64) — upstream back-pressured at t=55015000
Time: 55015 ns  Iteration: 0  Process: /tb_pcie_axi_dma(TB_SCENARIO=2,FIFO_DEPTH=64,BATCH_COUNT=4,BATCH_TIMEOUT=64,SINK_STALL_EN=1'b1,SINK_STALL_PERIOD=4,SINK_STALL_READY=1)/dut/u_fifo/Always163_9  Scope: \tb_pcie_axi_dma(TB_SCENARIO=2,FIFO_DEPTH=64,BATCH_COUNT=4,BATCH_TIMEOUT=64,SINK_STALL_EN=1'b1,SINK_STALL_PERIOD=4,SINK_STALL_READY=1) .dut.u_fifo  File: /get/work/krishna.vardhan/git_trees/mtp_pcie_axi/pcie_axi_dma_latency/design/rtl/axis_fifo.sv Line: 165
Warning: [axis_fifo] FIFO full (depth=64) — upstream back-pressured at t=55035000
Time: 55035 ns  Iteration: 0  Process: /tb_pcie_axi_dma(TB_SCENARIO=2,FIFO_DEPTH=64,BATCH_COUNT=4,BATCH_TIMEOUT=64,SINK_STALL_EN=1'b1,SINK_STALL_PERIOD=4,SINK_STALL_READY=1)/dut/u_fifo/Always163_9  Scope: \tb_pcie_axi_dma(TB_SCENARIO=2,FIFO_DEPTH=64,BATCH_COUNT=4,BATCH_TIMEOUT=64,SINK_STALL_EN=1'b1,SINK_STALL_PERIOD=4,SINK_STALL_READY=1) .dut.u_fifo  File: /get/work/krishna.vardhan/git_trees/mtp_pcie_axi/pcie_axi_dma_latency/design/rtl/axis_fifo.sv Line: 165
Warning: [axis_fifo] FIFO full (depth=64) — upstream back-pressured at t=55045000
Time: 55045 ns  Iteration: 0  Process: /tb_pcie_axi_dma(TB_SCENARIO=2,FIFO_DEPTH=64,BATCH_COUNT=4,BATCH_TIMEOUT=64,SINK_STALL_EN=1'b1,SINK_STALL_PERIOD=4,SINK_STALL_READY=1)/dut/u_fifo/Always163_9  Scope: \tb_pcie_axi_dma(TB_SCENARIO=2,FIFO_DEPTH=64,BATCH_COUNT=4,BATCH_TIMEOUT=64,SINK_STALL_EN=1'b1,SINK_STALL_PERIOD=4,SINK_STALL_READY=1) .dut.u_fifo  File: /get/work/krishna.vardhan/git_trees/mtp_pcie_axi/pcie_axi_dma_latency/design/rtl/axis_fifo.sv Line: 165
Warning: [axis_fifo] FIFO full (depth=64) — upstream back-pressured at t=55055000
Time: 55055 ns  Iteration: 0  Process: /tb_pcie_axi_dma(TB_SCENARIO=2,FIFO_DEPTH=64,BATCH_COUNT=4,BATCH_TIMEOUT=64,SINK_STALL_EN=1'b1,SINK_STALL_PERIOD=4,SINK_STALL_READY=1)/dut/u_fifo/Always163_9  Scope: \tb_pcie_axi_dma(TB_SCENARIO=2,FIFO_DEPTH=64,BATCH_COUNT=4,BATCH_TIMEOUT=64,SINK_STALL_EN=1'b1,SINK_STALL_PERIOD=4,SINK_STALL_READY=1) .dut.u_fifo  File: /get/work/krishna.vardhan/git_trees/mtp_pcie_axi/pcie_axi_dma_latency/design/rtl/axis_fifo.sv Line: 165
Warning: [axis_fifo] FIFO full (depth=64) — upstream back-pressured at t=55075000
Time: 55075 ns  Iteration: 0  Process: /tb_pcie_axi_dma(TB_SCENARIO=2,FIFO_DEPTH=64,BATCH_COUNT=4,BATCH_TIMEOUT=64,SINK_STALL_EN=1'b1,SINK_STALL_PERIOD=4,SINK_STALL_READY=1)/dut/u_fifo/Always163_9  Scope: \tb_pcie_axi_dma(TB_SCENARIO=2,FIFO_DEPTH=64,BATCH_COUNT=4,BATCH_TIMEOUT=64,SINK_STALL_EN=1'b1,SINK_STALL_PERIOD=4,SINK_STALL_READY=1) .dut.u_fifo  File: /get/work/krishna.vardhan/git_trees/mtp_pcie_axi/pcie_axi_dma_latency/design/rtl/axis_fifo.sv Line: 165
Warning: [axis_fifo] FIFO full (depth=64) — upstream back-pressured at t=55085000
Time: 55085 ns  Iteration: 0  Process: /tb_pcie_axi_dma(TB_SCENARIO=2,FIFO_DEPTH=64,BATCH_COUNT=4,BATCH_TIMEOUT=64,SINK_STALL_EN=1'b1,SINK_STALL_PERIOD=4,SINK_STALL_READY=1)/dut/u_fifo/Always163_9  Scope: \tb_pcie_axi_dma(TB_SCENARIO=2,FIFO_DEPTH=64,BATCH_COUNT=4,BATCH_TIMEOUT=64,SINK_STALL_EN=1'b1,SINK_STALL_PERIOD=4,SINK_STALL_READY=1) .dut.u_fifo  File: /get/work/krishna.vardhan/git_trees/mtp_pcie_axi/pcie_axi_dma_latency/design/rtl/axis_fifo.sv Line: 165
Warning: [axis_fifo] FIFO full (depth=64) — upstream back-pressured at t=55095000
Time: 55095 ns  Iteration: 0  Process: /tb_pcie_axi_dma(TB_SCENARIO=2,FIFO_DEPTH=64,BATCH_COUNT=4,BATCH_TIMEOUT=64,SINK_STALL_EN=1'b1,SINK_STALL_PERIOD=4,SINK_STALL_READY=1)/dut/u_fifo/Always163_9  Scope: \tb_pcie_axi_dma(TB_SCENARIO=2,FIFO_DEPTH=64,BATCH_COUNT=4,BATCH_TIMEOUT=64,SINK_STALL_EN=1'b1,SINK_STALL_PERIOD=4,SINK_STALL_READY=1) .dut.u_fifo  File: /get/work/krishna.vardhan/git_trees/mtp_pcie_axi/pcie_axi_dma_latency/design/rtl/axis_fifo.sv Line: 165
Warning: [axis_fifo] FIFO full (depth=64) — upstream back-pressured at t=55115000
Time: 55115 ns  Iteration: 0  Process: /tb_pcie_axi_dma(TB_SCENARIO=2,FIFO_DEPTH=64,BATCH_COUNT=4,BATCH_TIMEOUT=64,SINK_STALL_EN=1'b1,SINK_STALL_PERIOD=4,SINK_STALL_READY=1)/dut/u_fifo/Always163_9  Scope: \tb_pcie_axi_dma(TB_SCENARIO=2,FIFO_DEPTH=64,BATCH_COUNT=4,BATCH_TIMEOUT=64,SINK_STALL_EN=1'b1,SINK_STALL_PERIOD=4,SINK_STALL_READY=1) .dut.u_fifo  File: /get/work/krishna.vardhan/git_trees/mtp_pcie_axi/pcie_axi_dma_latency/design/rtl/axis_fifo.sv Line: 165
Warning: [axis_fifo] FIFO full (depth=64) — upstream back-pressured at t=55125000
Time: 55125 ns  Iteration: 0  Process: /tb_pcie_axi_dma(TB_SCENARIO=2,FIFO_DEPTH=64,BATCH_COUNT=4,BATCH_TIMEOUT=64,SINK_STALL_EN=1'b1,SINK_STALL_PERIOD=4,SINK_STALL_READY=1)/dut/u_fifo/Always163_9  Scope: \tb_pcie_axi_dma(TB_SCENARIO=2,FIFO_DEPTH=64,BATCH_COUNT=4,BATCH_TIMEOUT=64,SINK_STALL_EN=1'b1,SINK_STALL_PERIOD=4,SINK_STALL_READY=1) .dut.u_fifo  File: /get/work/krishna.vardhan/git_trees/mtp_pcie_axi/pcie_axi_dma_latency/design/rtl/axis_fifo.sv Line: 165
Warning: [axis_fifo] FIFO full (depth=64) — upstream back-pressured at t=55135000
Time: 55135 ns  Iteration: 0  Process: /tb_pcie_axi_dma(TB_SCENARIO=2,FIFO_DEPTH=64,BATCH_COUNT=4,BATCH_TIMEOUT=64,SINK_STALL_EN=1'b1,SINK_STALL_PERIOD=4,SINK_STALL_READY=1)/dut/u_fifo/Always163_9  Scope: \tb_pcie_axi_dma(TB_SCENARIO=2,FIFO_DEPTH=64,BATCH_COUNT=4,BATCH_TIMEOUT=64,SINK_STALL_EN=1'b1,SINK_STALL_PERIOD=4,SINK_STALL_READY=1) .dut.u_fifo  File: /get/work/krishna.vardhan/git_trees/mtp_pcie_axi/pcie_axi_dma_latency/design/rtl/axis_fifo.sv Line: 165
Warning: [axis_fifo] FIFO full (depth=64) — upstream back-pressured at t=55155000
Time: 55155 ns  Iteration: 0  Process: /tb_pcie_axi_dma(TB_SCENARIO=2,FIFO_DEPTH=64,BATCH_COUNT=4,BATCH_TIMEOUT=64,SINK_STALL_EN=1'b1,SINK_STALL_PERIOD=4,SINK_STALL_READY=1)/dut/u_fifo/Always163_9  Scope: \tb_pcie_axi_dma(TB_SCENARIO=2,FIFO_DEPTH=64,BATCH_COUNT=4,BATCH_TIMEOUT=64,SINK_STALL_EN=1'b1,SINK_STALL_PERIOD=4,SINK_STALL_READY=1) .dut.u_fifo  File: /get/work/krishna.vardhan/git_trees/mtp_pcie_axi/pcie_axi_dma_latency/design/rtl/axis_fifo.sv Line: 165
Warning: [axis_fifo] FIFO full (depth=64) — upstream back-pressured at t=55165000
Time: 55165 ns  Iteration: 0  Process: /tb_pcie_axi_dma(TB_SCENARIO=2,FIFO_DEPTH=64,BATCH_COUNT=4,BATCH_TIMEOUT=64,SINK_STALL_EN=1'b1,SINK_STALL_PERIOD=4,SINK_STALL_READY=1)/dut/u_fifo/Always163_9  Scope: \tb_pcie_axi_dma(TB_SCENARIO=2,FIFO_DEPTH=64,BATCH_COUNT=4,BATCH_TIMEOUT=64,SINK_STALL_EN=1'b1,SINK_STALL_PERIOD=4,SINK_STALL_READY=1) .dut.u_fifo  File: /get/work/krishna.vardhan/git_trees/mtp_pcie_axi/pcie_axi_dma_latency/design/rtl/axis_fifo.sv Line: 165
Warning: [axis_fifo] FIFO full (depth=64) — upstream back-pressured at t=55175000
Time: 55175 ns  Iteration: 0  Process: /tb_pcie_axi_dma(TB_SCENARIO=2,FIFO_DEPTH=64,BATCH_COUNT=4,BATCH_TIMEOUT=64,SINK_STALL_EN=1'b1,SINK_STALL_PERIOD=4,SINK_STALL_READY=1)/dut/u_fifo/Always163_9  Scope: \tb_pcie_axi_dma(TB_SCENARIO=2,FIFO_DEPTH=64,BATCH_COUNT=4,BATCH_TIMEOUT=64,SINK_STALL_EN=1'b1,SINK_STALL_PERIOD=4,SINK_STALL_READY=1) .dut.u_fifo  File: /get/work/krishna.vardhan/git_trees/mtp_pcie_axi/pcie_axi_dma_latency/design/rtl/axis_fifo.sv Line: 165
Warning: [axis_fifo] FIFO full (depth=64) — upstream back-pressured at t=55195000
Time: 55195 ns  Iteration: 0  Process: /tb_pcie_axi_dma(TB_SCENARIO=2,FIFO_DEPTH=64,BATCH_COUNT=4,BATCH_TIMEOUT=64,SINK_STALL_EN=1'b1,SINK_STALL_PERIOD=4,SINK_STALL_READY=1)/dut/u_fifo/Always163_9  Scope: \tb_pcie_axi_dma(TB_SCENARIO=2,FIFO_DEPTH=64,BATCH_COUNT=4,BATCH_TIMEOUT=64,SINK_STALL_EN=1'b1,SINK_STALL_PERIOD=4,SINK_STALL_READY=1) .dut.u_fifo  File: /get/work/krishna.vardhan/git_trees/mtp_pcie_axi/pcie_axi_dma_latency/design/rtl/axis_fifo.sv Line: 165
Warning: [axis_fifo] FIFO full (depth=64) — upstream back-pressured at t=55205000
Time: 55205 ns  Iteration: 0  Process: /tb_pcie_axi_dma(TB_SCENARIO=2,FIFO_DEPTH=64,BATCH_COUNT=4,BATCH_TIMEOUT=64,SINK_STALL_EN=1'b1,SINK_STALL_PERIOD=4,SINK_STALL_READY=1)/dut/u_fifo/Always163_9  Scope: \tb_pcie_axi_dma(TB_SCENARIO=2,FIFO_DEPTH=64,BATCH_COUNT=4,BATCH_TIMEOUT=64,SINK_STALL_EN=1'b1,SINK_STALL_PERIOD=4,SINK_STALL_READY=1) .dut.u_fifo  File: /get/work/krishna.vardhan/git_trees/mtp_pcie_axi/pcie_axi_dma_latency/design/rtl/axis_fifo.sv Line: 165
Warning: [axis_fifo] FIFO full (depth=64) — upstream back-pressured at t=55215000
Time: 55215 ns  Iteration: 0  Process: /tb_pcie_axi_dma(TB_SCENARIO=2,FIFO_DEPTH=64,BATCH_COUNT=4,BATCH_TIMEOUT=64,SINK_STALL_EN=1'b1,SINK_STALL_PERIOD=4,SINK_STALL_READY=1)/dut/u_fifo/Always163_9  Scope: \tb_pcie_axi_dma(TB_SCENARIO=2,FIFO_DEPTH=64,BATCH_COUNT=4,BATCH_TIMEOUT=64,SINK_STALL_EN=1'b1,SINK_STALL_PERIOD=4,SINK_STALL_READY=1) .dut.u_fifo  File: /get/work/krishna.vardhan/git_trees/mtp_pcie_axi/pcie_axi_dma_latency/design/rtl/axis_fifo.sv Line: 165
Warning: [axis_fifo] FIFO full (depth=64) — upstream back-pressured at t=55235000
Time: 55235 ns  Iteration: 0  Process: /tb_pcie_axi_dma(TB_SCENARIO=2,FIFO_DEPTH=64,BATCH_COUNT=4,BATCH_TIMEOUT=64,SINK_STALL_EN=1'b1,SINK_STALL_PERIOD=4,SINK_STALL_READY=1)/dut/u_fifo/Always163_9  Scope: \tb_pcie_axi_dma(TB_SCENARIO=2,FIFO_DEPTH=64,BATCH_COUNT=4,BATCH_TIMEOUT=64,SINK_STALL_EN=1'b1,SINK_STALL_PERIOD=4,SINK_STALL_READY=1) .dut.u_fifo  File: /get/work/krishna.vardhan/git_trees/mtp_pcie_axi/pcie_axi_dma_latency/design/rtl/axis_fifo.sv Line: 165
Warning: [axis_fifo] FIFO full (depth=64) — upstream back-pressured at t=55245000
Time: 55245 ns  Iteration: 0  Process: /tb_pcie_axi_dma(TB_SCENARIO=2,FIFO_DEPTH=64,BATCH_COUNT=4,BATCH_TIMEOUT=64,SINK_STALL_EN=1'b1,SINK_STALL_PERIOD=4,SINK_STALL_READY=1)/dut/u_fifo/Always163_9  Scope: \tb_pcie_axi_dma(TB_SCENARIO=2,FIFO_DEPTH=64,BATCH_COUNT=4,BATCH_TIMEOUT=64,SINK_STALL_EN=1'b1,SINK_STALL_PERIOD=4,SINK_STALL_READY=1) .dut.u_fifo  File: /get/work/krishna.vardhan/git_trees/mtp_pcie_axi/pcie_axi_dma_latency/design/rtl/axis_fifo.sv Line: 165
Warning: [axis_fifo] FIFO full (depth=64) — upstream back-pressured at t=55255000
Time: 55255 ns  Iteration: 0  Process: /tb_pcie_axi_dma(TB_SCENARIO=2,FIFO_DEPTH=64,BATCH_COUNT=4,BATCH_TIMEOUT=64,SINK_STALL_EN=1'b1,SINK_STALL_PERIOD=4,SINK_STALL_READY=1)/dut/u_fifo/Always163_9  Scope: \tb_pcie_axi_dma(TB_SCENARIO=2,FIFO_DEPTH=64,BATCH_COUNT=4,BATCH_TIMEOUT=64,SINK_STALL_EN=1'b1,SINK_STALL_PERIOD=4,SINK_STALL_READY=1) .dut.u_fifo  File: /get/work/krishna.vardhan/git_trees/mtp_pcie_axi/pcie_axi_dma_latency/design/rtl/axis_fifo.sv Line: 165
Warning: [axis_fifo] FIFO full (depth=64) — upstream back-pressured at t=55275000
Time: 55275 ns  Iteration: 0  Process: /tb_pcie_axi_dma(TB_SCENARIO=2,FIFO_DEPTH=64,BATCH_COUNT=4,BATCH_TIMEOUT=64,SINK_STALL_EN=1'b1,SINK_STALL_PERIOD=4,SINK_STALL_READY=1)/dut/u_fifo/Always163_9  Scope: \tb_pcie_axi_dma(TB_SCENARIO=2,FIFO_DEPTH=64,BATCH_COUNT=4,BATCH_TIMEOUT=64,SINK_STALL_EN=1'b1,SINK_STALL_PERIOD=4,SINK_STALL_READY=1) .dut.u_fifo  File: /get/work/krishna.vardhan/git_trees/mtp_pcie_axi/pcie_axi_dma_latency/design/rtl/axis_fifo.sv Line: 165
Warning: [axis_fifo] FIFO full (depth=64) — upstream back-pressured at t=55285000
Time: 55285 ns  Iteration: 0  Process: /tb_pcie_axi_dma(TB_SCENARIO=2,FIFO_DEPTH=64,BATCH_COUNT=4,BATCH_TIMEOUT=64,SINK_STALL_EN=1'b1,SINK_STALL_PERIOD=4,SINK_STALL_READY=1)/dut/u_fifo/Always163_9  Scope: \tb_pcie_axi_dma(TB_SCENARIO=2,FIFO_DEPTH=64,BATCH_COUNT=4,BATCH_TIMEOUT=64,SINK_STALL_EN=1'b1,SINK_STALL_PERIOD=4,SINK_STALL_READY=1) .dut.u_fifo  File: /get/work/krishna.vardhan/git_trees/mtp_pcie_axi/pcie_axi_dma_latency/design/rtl/axis_fifo.sv Line: 165
Warning: [axis_fifo] FIFO full (depth=64) — upstream back-pressured at t=55295000
Time: 55295 ns  Iteration: 0  Process: /tb_pcie_axi_dma(TB_SCENARIO=2,FIFO_DEPTH=64,BATCH_COUNT=4,BATCH_TIMEOUT=64,SINK_STALL_EN=1'b1,SINK_STALL_PERIOD=4,SINK_STALL_READY=1)/dut/u_fifo/Always163_9  Scope: \tb_pcie_axi_dma(TB_SCENARIO=2,FIFO_DEPTH=64,BATCH_COUNT=4,BATCH_TIMEOUT=64,SINK_STALL_EN=1'b1,SINK_STALL_PERIOD=4,SINK_STALL_READY=1) .dut.u_fifo  File: /get/work/krishna.vardhan/git_trees/mtp_pcie_axi/pcie_axi_dma_latency/design/rtl/axis_fifo.sv Line: 165
Warning: [axis_fifo] FIFO full (depth=64) — upstream back-pressured at t=55315000
Time: 55315 ns  Iteration: 0  Process: /tb_pcie_axi_dma(TB_SCENARIO=2,FIFO_DEPTH=64,BATCH_COUNT=4,BATCH_TIMEOUT=64,SINK_STALL_EN=1'b1,SINK_STALL_PERIOD=4,SINK_STALL_READY=1)/dut/u_fifo/Always163_9  Scope: \tb_pcie_axi_dma(TB_SCENARIO=2,FIFO_DEPTH=64,BATCH_COUNT=4,BATCH_TIMEOUT=64,SINK_STALL_EN=1'b1,SINK_STALL_PERIOD=4,SINK_STALL_READY=1) .dut.u_fifo  File: /get/work/krishna.vardhan/git_trees/mtp_pcie_axi/pcie_axi_dma_latency/design/rtl/axis_fifo.sv Line: 165
Warning: [axis_fifo] FIFO full (depth=64) — upstream back-pressured at t=55325000
Time: 55325 ns  Iteration: 0  Process: /tb_pcie_axi_dma(TB_SCENARIO=2,FIFO_DEPTH=64,BATCH_COUNT=4,BATCH_TIMEOUT=64,SINK_STALL_EN=1'b1,SINK_STALL_PERIOD=4,SINK_STALL_READY=1)/dut/u_fifo/Always163_9  Scope: \tb_pcie_axi_dma(TB_SCENARIO=2,FIFO_DEPTH=64,BATCH_COUNT=4,BATCH_TIMEOUT=64,SINK_STALL_EN=1'b1,SINK_STALL_PERIOD=4,SINK_STALL_READY=1) .dut.u_fifo  File: /get/work/krishna.vardhan/git_trees/mtp_pcie_axi/pcie_axi_dma_latency/design/rtl/axis_fifo.sv Line: 165
Warning: [axis_fifo] FIFO full (depth=64) — upstream back-pressured at t=55335000
Time: 55335 ns  Iteration: 0  Process: /tb_pcie_axi_dma(TB_SCENARIO=2,FIFO_DEPTH=64,BATCH_COUNT=4,BATCH_TIMEOUT=64,SINK_STALL_EN=1'b1,SINK_STALL_PERIOD=4,SINK_STALL_READY=1)/dut/u_fifo/Always163_9  Scope: \tb_pcie_axi_dma(TB_SCENARIO=2,FIFO_DEPTH=64,BATCH_COUNT=4,BATCH_TIMEOUT=64,SINK_STALL_EN=1'b1,SINK_STALL_PERIOD=4,SINK_STALL_READY=1) .dut.u_fifo  File: /get/work/krishna.vardhan/git_trees/mtp_pcie_axi/pcie_axi_dma_latency/design/rtl/axis_fifo.sv Line: 165
Warning: [axis_fifo] FIFO full (depth=64) — upstream back-pressured at t=55355000
Time: 55355 ns  Iteration: 0  Process: /tb_pcie_axi_dma(TB_SCENARIO=2,FIFO_DEPTH=64,BATCH_COUNT=4,BATCH_TIMEOUT=64,SINK_STALL_EN=1'b1,SINK_STALL_PERIOD=4,SINK_STALL_READY=1)/dut/u_fifo/Always163_9  Scope: \tb_pcie_axi_dma(TB_SCENARIO=2,FIFO_DEPTH=64,BATCH_COUNT=4,BATCH_TIMEOUT=64,SINK_STALL_EN=1'b1,SINK_STALL_PERIOD=4,SINK_STALL_READY=1) .dut.u_fifo  File: /get/work/krishna.vardhan/git_trees/mtp_pcie_axi/pcie_axi_dma_latency/design/rtl/axis_fifo.sv Line: 165
Warning: [axis_fifo] FIFO full (depth=64) — upstream back-pressured at t=55365000
Time: 55365 ns  Iteration: 0  Process: /tb_pcie_axi_dma(TB_SCENARIO=2,FIFO_DEPTH=64,BATCH_COUNT=4,BATCH_TIMEOUT=64,SINK_STALL_EN=1'b1,SINK_STALL_PERIOD=4,SINK_STALL_READY=1)/dut/u_fifo/Always163_9  Scope: \tb_pcie_axi_dma(TB_SCENARIO=2,FIFO_DEPTH=64,BATCH_COUNT=4,BATCH_TIMEOUT=64,SINK_STALL_EN=1'b1,SINK_STALL_PERIOD=4,SINK_STALL_READY=1) .dut.u_fifo  File: /get/work/krishna.vardhan/git_trees/mtp_pcie_axi/pcie_axi_dma_latency/design/rtl/axis_fifo.sv Line: 165
Warning: [axis_fifo] FIFO full (depth=64) — upstream back-pressured at t=55375000
Time: 55375 ns  Iteration: 0  Process: /tb_pcie_axi_dma(TB_SCENARIO=2,FIFO_DEPTH=64,BATCH_COUNT=4,BATCH_TIMEOUT=64,SINK_STALL_EN=1'b1,SINK_STALL_PERIOD=4,SINK_STALL_READY=1)/dut/u_fifo/Always163_9  Scope: \tb_pcie_axi_dma(TB_SCENARIO=2,FIFO_DEPTH=64,BATCH_COUNT=4,BATCH_TIMEOUT=64,SINK_STALL_EN=1'b1,SINK_STALL_PERIOD=4,SINK_STALL_READY=1) .dut.u_fifo  File: /get/work/krishna.vardhan/git_trees/mtp_pcie_axi/pcie_axi_dma_latency/design/rtl/axis_fifo.sv Line: 165
Warning: [axis_fifo] FIFO full (depth=64) — upstream back-pressured at t=55395000
Time: 55395 ns  Iteration: 0  Process: /tb_pcie_axi_dma(TB_SCENARIO=2,FIFO_DEPTH=64,BATCH_COUNT=4,BATCH_TIMEOUT=64,SINK_STALL_EN=1'b1,SINK_STALL_PERIOD=4,SINK_STALL_READY=1)/dut/u_fifo/Always163_9  Scope: \tb_pcie_axi_dma(TB_SCENARIO=2,FIFO_DEPTH=64,BATCH_COUNT=4,BATCH_TIMEOUT=64,SINK_STALL_EN=1'b1,SINK_STALL_PERIOD=4,SINK_STALL_READY=1) .dut.u_fifo  File: /get/work/krishna.vardhan/git_trees/mtp_pcie_axi/pcie_axi_dma_latency/design/rtl/axis_fifo.sv Line: 165
Warning: [axis_fifo] FIFO full (depth=64) — upstream back-pressured at t=55405000
Time: 55405 ns  Iteration: 0  Process: /tb_pcie_axi_dma(TB_SCENARIO=2,FIFO_DEPTH=64,BATCH_COUNT=4,BATCH_TIMEOUT=64,SINK_STALL_EN=1'b1,SINK_STALL_PERIOD=4,SINK_STALL_READY=1)/dut/u_fifo/Always163_9  Scope: \tb_pcie_axi_dma(TB_SCENARIO=2,FIFO_DEPTH=64,BATCH_COUNT=4,BATCH_TIMEOUT=64,SINK_STALL_EN=1'b1,SINK_STALL_PERIOD=4,SINK_STALL_READY=1) .dut.u_fifo  File: /get/work/krishna.vardhan/git_trees/mtp_pcie_axi/pcie_axi_dma_latency/design/rtl/axis_fifo.sv Line: 165
Warning: [axis_fifo] FIFO full (depth=64) — upstream back-pressured at t=55415000
Time: 55415 ns  Iteration: 0  Process: /tb_pcie_axi_dma(TB_SCENARIO=2,FIFO_DEPTH=64,BATCH_COUNT=4,BATCH_TIMEOUT=64,SINK_STALL_EN=1'b1,SINK_STALL_PERIOD=4,SINK_STALL_READY=1)/dut/u_fifo/Always163_9  Scope: \tb_pcie_axi_dma(TB_SCENARIO=2,FIFO_DEPTH=64,BATCH_COUNT=4,BATCH_TIMEOUT=64,SINK_STALL_EN=1'b1,SINK_STALL_PERIOD=4,SINK_STALL_READY=1) .dut.u_fifo  File: /get/work/krishna.vardhan/git_trees/mtp_pcie_axi/pcie_axi_dma_latency/design/rtl/axis_fifo.sv Line: 165
Warning: [axis_fifo] FIFO full (depth=64) — upstream back-pressured at t=55435000
Time: 55435 ns  Iteration: 0  Process: /tb_pcie_axi_dma(TB_SCENARIO=2,FIFO_DEPTH=64,BATCH_COUNT=4,BATCH_TIMEOUT=64,SINK_STALL_EN=1'b1,SINK_STALL_PERIOD=4,SINK_STALL_READY=1)/dut/u_fifo/Always163_9  Scope: \tb_pcie_axi_dma(TB_SCENARIO=2,FIFO_DEPTH=64,BATCH_COUNT=4,BATCH_TIMEOUT=64,SINK_STALL_EN=1'b1,SINK_STALL_PERIOD=4,SINK_STALL_READY=1) .dut.u_fifo  File: /get/work/krishna.vardhan/git_trees/mtp_pcie_axi/pcie_axi_dma_latency/design/rtl/axis_fifo.sv Line: 165
Warning: [axis_fifo] FIFO full (depth=64) — upstream back-pressured at t=55445000
Time: 55445 ns  Iteration: 0  Process: /tb_pcie_axi_dma(TB_SCENARIO=2,FIFO_DEPTH=64,BATCH_COUNT=4,BATCH_TIMEOUT=64,SINK_STALL_EN=1'b1,SINK_STALL_PERIOD=4,SINK_STALL_READY=1)/dut/u_fifo/Always163_9  Scope: \tb_pcie_axi_dma(TB_SCENARIO=2,FIFO_DEPTH=64,BATCH_COUNT=4,BATCH_TIMEOUT=64,SINK_STALL_EN=1'b1,SINK_STALL_PERIOD=4,SINK_STALL_READY=1) .dut.u_fifo  File: /get/work/krishna.vardhan/git_trees/mtp_pcie_axi/pcie_axi_dma_latency/design/rtl/axis_fifo.sv Line: 165
Warning: [axis_fifo] FIFO full (depth=64) — upstream back-pressured at t=55455000
Time: 55455 ns  Iteration: 0  Process: /tb_pcie_axi_dma(TB_SCENARIO=2,FIFO_DEPTH=64,BATCH_COUNT=4,BATCH_TIMEOUT=64,SINK_STALL_EN=1'b1,SINK_STALL_PERIOD=4,SINK_STALL_READY=1)/dut/u_fifo/Always163_9  Scope: \tb_pcie_axi_dma(TB_SCENARIO=2,FIFO_DEPTH=64,BATCH_COUNT=4,BATCH_TIMEOUT=64,SINK_STALL_EN=1'b1,SINK_STALL_PERIOD=4,SINK_STALL_READY=1) .dut.u_fifo  File: /get/work/krishna.vardhan/git_trees/mtp_pcie_axi/pcie_axi_dma_latency/design/rtl/axis_fifo.sv Line: 165
Warning: [axis_fifo] FIFO full (depth=64) — upstream back-pressured at t=55475000
Time: 55475 ns  Iteration: 0  Process: /tb_pcie_axi_dma(TB_SCENARIO=2,FIFO_DEPTH=64,BATCH_COUNT=4,BATCH_TIMEOUT=64,SINK_STALL_EN=1'b1,SINK_STALL_PERIOD=4,SINK_STALL_READY=1)/dut/u_fifo/Always163_9  Scope: \tb_pcie_axi_dma(TB_SCENARIO=2,FIFO_DEPTH=64,BATCH_COUNT=4,BATCH_TIMEOUT=64,SINK_STALL_EN=1'b1,SINK_STALL_PERIOD=4,SINK_STALL_READY=1) .dut.u_fifo  File: /get/work/krishna.vardhan/git_trees/mtp_pcie_axi/pcie_axi_dma_latency/design/rtl/axis_fifo.sv Line: 165
Warning: [axis_fifo] FIFO full (depth=64) — upstream back-pressured at t=55485000
Time: 55485 ns  Iteration: 0  Process: /tb_pcie_axi_dma(TB_SCENARIO=2,FIFO_DEPTH=64,BATCH_COUNT=4,BATCH_TIMEOUT=64,SINK_STALL_EN=1'b1,SINK_STALL_PERIOD=4,SINK_STALL_READY=1)/dut/u_fifo/Always163_9  Scope: \tb_pcie_axi_dma(TB_SCENARIO=2,FIFO_DEPTH=64,BATCH_COUNT=4,BATCH_TIMEOUT=64,SINK_STALL_EN=1'b1,SINK_STALL_PERIOD=4,SINK_STALL_READY=1) .dut.u_fifo  File: /get/work/krishna.vardhan/git_trees/mtp_pcie_axi/pcie_axi_dma_latency/design/rtl/axis_fifo.sv Line: 165
Warning: [axis_fifo] FIFO full (depth=64) — upstream back-pressured at t=55495000
Time: 55495 ns  Iteration: 0  Process: /tb_pcie_axi_dma(TB_SCENARIO=2,FIFO_DEPTH=64,BATCH_COUNT=4,BATCH_TIMEOUT=64,SINK_STALL_EN=1'b1,SINK_STALL_PERIOD=4,SINK_STALL_READY=1)/dut/u_fifo/Always163_9  Scope: \tb_pcie_axi_dma(TB_SCENARIO=2,FIFO_DEPTH=64,BATCH_COUNT=4,BATCH_TIMEOUT=64,SINK_STALL_EN=1'b1,SINK_STALL_PERIOD=4,SINK_STALL_READY=1) .dut.u_fifo  File: /get/work/krishna.vardhan/git_trees/mtp_pcie_axi/pcie_axi_dma_latency/design/rtl/axis_fifo.sv Line: 165
Warning: [axis_fifo] FIFO full (depth=64) — upstream back-pressured at t=55515000
Time: 55515 ns  Iteration: 0  Process: /tb_pcie_axi_dma(TB_SCENARIO=2,FIFO_DEPTH=64,BATCH_COUNT=4,BATCH_TIMEOUT=64,SINK_STALL_EN=1'b1,SINK_STALL_PERIOD=4,SINK_STALL_READY=1)/dut/u_fifo/Always163_9  Scope: \tb_pcie_axi_dma(TB_SCENARIO=2,FIFO_DEPTH=64,BATCH_COUNT=4,BATCH_TIMEOUT=64,SINK_STALL_EN=1'b1,SINK_STALL_PERIOD=4,SINK_STALL_READY=1) .dut.u_fifo  File: /get/work/krishna.vardhan/git_trees/mtp_pcie_axi/pcie_axi_dma_latency/design/rtl/axis_fifo.sv Line: 165
Warning: [axis_fifo] FIFO full (depth=64) — upstream back-pressured at t=55525000
Time: 55525 ns  Iteration: 0  Process: /tb_pcie_axi_dma(TB_SCENARIO=2,FIFO_DEPTH=64,BATCH_COUNT=4,BATCH_TIMEOUT=64,SINK_STALL_EN=1'b1,SINK_STALL_PERIOD=4,SINK_STALL_READY=1)/dut/u_fifo/Always163_9  Scope: \tb_pcie_axi_dma(TB_SCENARIO=2,FIFO_DEPTH=64,BATCH_COUNT=4,BATCH_TIMEOUT=64,SINK_STALL_EN=1'b1,SINK_STALL_PERIOD=4,SINK_STALL_READY=1) .dut.u_fifo  File: /get/work/krishna.vardhan/git_trees/mtp_pcie_axi/pcie_axi_dma_latency/design/rtl/axis_fifo.sv Line: 165
Warning: [axis_fifo] FIFO full (depth=64) — upstream back-pressured at t=55535000
Time: 55535 ns  Iteration: 0  Process: /tb_pcie_axi_dma(TB_SCENARIO=2,FIFO_DEPTH=64,BATCH_COUNT=4,BATCH_TIMEOUT=64,SINK_STALL_EN=1'b1,SINK_STALL_PERIOD=4,SINK_STALL_READY=1)/dut/u_fifo/Always163_9  Scope: \tb_pcie_axi_dma(TB_SCENARIO=2,FIFO_DEPTH=64,BATCH_COUNT=4,BATCH_TIMEOUT=64,SINK_STALL_EN=1'b1,SINK_STALL_PERIOD=4,SINK_STALL_READY=1) .dut.u_fifo  File: /get/work/krishna.vardhan/git_trees/mtp_pcie_axi/pcie_axi_dma_latency/design/rtl/axis_fifo.sv Line: 165
Warning: [axis_fifo] FIFO full (depth=64) — upstream back-pressured at t=55555000
Time: 55555 ns  Iteration: 0  Process: /tb_pcie_axi_dma(TB_SCENARIO=2,FIFO_DEPTH=64,BATCH_COUNT=4,BATCH_TIMEOUT=64,SINK_STALL_EN=1'b1,SINK_STALL_PERIOD=4,SINK_STALL_READY=1)/dut/u_fifo/Always163_9  Scope: \tb_pcie_axi_dma(TB_SCENARIO=2,FIFO_DEPTH=64,BATCH_COUNT=4,BATCH_TIMEOUT=64,SINK_STALL_EN=1'b1,SINK_STALL_PERIOD=4,SINK_STALL_READY=1) .dut.u_fifo  File: /get/work/krishna.vardhan/git_trees/mtp_pcie_axi/pcie_axi_dma_latency/design/rtl/axis_fifo.sv Line: 165
Warning: [axis_fifo] FIFO full (depth=64) — upstream back-pressured at t=55565000
Time: 55565 ns  Iteration: 0  Process: /tb_pcie_axi_dma(TB_SCENARIO=2,FIFO_DEPTH=64,BATCH_COUNT=4,BATCH_TIMEOUT=64,SINK_STALL_EN=1'b1,SINK_STALL_PERIOD=4,SINK_STALL_READY=1)/dut/u_fifo/Always163_9  Scope: \tb_pcie_axi_dma(TB_SCENARIO=2,FIFO_DEPTH=64,BATCH_COUNT=4,BATCH_TIMEOUT=64,SINK_STALL_EN=1'b1,SINK_STALL_PERIOD=4,SINK_STALL_READY=1) .dut.u_fifo  File: /get/work/krishna.vardhan/git_trees/mtp_pcie_axi/pcie_axi_dma_latency/design/rtl/axis_fifo.sv Line: 165
Warning: [axis_fifo] FIFO full (depth=64) — upstream back-pressured at t=55575000
Time: 55575 ns  Iteration: 0  Process: /tb_pcie_axi_dma(TB_SCENARIO=2,FIFO_DEPTH=64,BATCH_COUNT=4,BATCH_TIMEOUT=64,SINK_STALL_EN=1'b1,SINK_STALL_PERIOD=4,SINK_STALL_READY=1)/dut/u_fifo/Always163_9  Scope: \tb_pcie_axi_dma(TB_SCENARIO=2,FIFO_DEPTH=64,BATCH_COUNT=4,BATCH_TIMEOUT=64,SINK_STALL_EN=1'b1,SINK_STALL_PERIOD=4,SINK_STALL_READY=1) .dut.u_fifo  File: /get/work/krishna.vardhan/git_trees/mtp_pcie_axi/pcie_axi_dma_latency/design/rtl/axis_fifo.sv Line: 165
Warning: [axis_fifo] FIFO full (depth=64) — upstream back-pressured at t=55595000
Time: 55595 ns  Iteration: 0  Process: /tb_pcie_axi_dma(TB_SCENARIO=2,FIFO_DEPTH=64,BATCH_COUNT=4,BATCH_TIMEOUT=64,SINK_STALL_EN=1'b1,SINK_STALL_PERIOD=4,SINK_STALL_READY=1)/dut/u_fifo/Always163_9  Scope: \tb_pcie_axi_dma(TB_SCENARIO=2,FIFO_DEPTH=64,BATCH_COUNT=4,BATCH_TIMEOUT=64,SINK_STALL_EN=1'b1,SINK_STALL_PERIOD=4,SINK_STALL_READY=1) .dut.u_fifo  File: /get/work/krishna.vardhan/git_trees/mtp_pcie_axi/pcie_axi_dma_latency/design/rtl/axis_fifo.sv Line: 165
Warning: [axis_fifo] FIFO full (depth=64) — upstream back-pressured at t=55605000
Time: 55605 ns  Iteration: 0  Process: /tb_pcie_axi_dma(TB_SCENARIO=2,FIFO_DEPTH=64,BATCH_COUNT=4,BATCH_TIMEOUT=64,SINK_STALL_EN=1'b1,SINK_STALL_PERIOD=4,SINK_STALL_READY=1)/dut/u_fifo/Always163_9  Scope: \tb_pcie_axi_dma(TB_SCENARIO=2,FIFO_DEPTH=64,BATCH_COUNT=4,BATCH_TIMEOUT=64,SINK_STALL_EN=1'b1,SINK_STALL_PERIOD=4,SINK_STALL_READY=1) .dut.u_fifo  File: /get/work/krishna.vardhan/git_trees/mtp_pcie_axi/pcie_axi_dma_latency/design/rtl/axis_fifo.sv Line: 165
Warning: [axis_fifo] FIFO full (depth=64) — upstream back-pressured at t=55615000
Time: 55615 ns  Iteration: 0  Process: /tb_pcie_axi_dma(TB_SCENARIO=2,FIFO_DEPTH=64,BATCH_COUNT=4,BATCH_TIMEOUT=64,SINK_STALL_EN=1'b1,SINK_STALL_PERIOD=4,SINK_STALL_READY=1)/dut/u_fifo/Always163_9  Scope: \tb_pcie_axi_dma(TB_SCENARIO=2,FIFO_DEPTH=64,BATCH_COUNT=4,BATCH_TIMEOUT=64,SINK_STALL_EN=1'b1,SINK_STALL_PERIOD=4,SINK_STALL_READY=1) .dut.u_fifo  File: /get/work/krishna.vardhan/git_trees/mtp_pcie_axi/pcie_axi_dma_latency/design/rtl/axis_fifo.sv Line: 165
Warning: [axis_fifo] FIFO full (depth=64) — upstream back-pressured at t=55635000
Time: 55635 ns  Iteration: 0  Process: /tb_pcie_axi_dma(TB_SCENARIO=2,FIFO_DEPTH=64,BATCH_COUNT=4,BATCH_TIMEOUT=64,SINK_STALL_EN=1'b1,SINK_STALL_PERIOD=4,SINK_STALL_READY=1)/dut/u_fifo/Always163_9  Scope: \tb_pcie_axi_dma(TB_SCENARIO=2,FIFO_DEPTH=64,BATCH_COUNT=4,BATCH_TIMEOUT=64,SINK_STALL_EN=1'b1,SINK_STALL_PERIOD=4,SINK_STALL_READY=1) .dut.u_fifo  File: /get/work/krishna.vardhan/git_trees/mtp_pcie_axi/pcie_axi_dma_latency/design/rtl/axis_fifo.sv Line: 165
Warning: [axis_fifo] FIFO full (depth=64) — upstream back-pressured at t=55645000
Time: 55645 ns  Iteration: 0  Process: /tb_pcie_axi_dma(TB_SCENARIO=2,FIFO_DEPTH=64,BATCH_COUNT=4,BATCH_TIMEOUT=64,SINK_STALL_EN=1'b1,SINK_STALL_PERIOD=4,SINK_STALL_READY=1)/dut/u_fifo/Always163_9  Scope: \tb_pcie_axi_dma(TB_SCENARIO=2,FIFO_DEPTH=64,BATCH_COUNT=4,BATCH_TIMEOUT=64,SINK_STALL_EN=1'b1,SINK_STALL_PERIOD=4,SINK_STALL_READY=1) .dut.u_fifo  File: /get/work/krishna.vardhan/git_trees/mtp_pcie_axi/pcie_axi_dma_latency/design/rtl/axis_fifo.sv Line: 165
Warning: [axis_fifo] FIFO full (depth=64) — upstream back-pressured at t=55655000
Time: 55655 ns  Iteration: 0  Process: /tb_pcie_axi_dma(TB_SCENARIO=2,FIFO_DEPTH=64,BATCH_COUNT=4,BATCH_TIMEOUT=64,SINK_STALL_EN=1'b1,SINK_STALL_PERIOD=4,SINK_STALL_READY=1)/dut/u_fifo/Always163_9  Scope: \tb_pcie_axi_dma(TB_SCENARIO=2,FIFO_DEPTH=64,BATCH_COUNT=4,BATCH_TIMEOUT=64,SINK_STALL_EN=1'b1,SINK_STALL_PERIOD=4,SINK_STALL_READY=1) .dut.u_fifo  File: /get/work/krishna.vardhan/git_trees/mtp_pcie_axi/pcie_axi_dma_latency/design/rtl/axis_fifo.sv Line: 165
Warning: [axis_fifo] FIFO full (depth=64) — upstream back-pressured at t=55675000
Time: 55675 ns  Iteration: 0  Process: /tb_pcie_axi_dma(TB_SCENARIO=2,FIFO_DEPTH=64,BATCH_COUNT=4,BATCH_TIMEOUT=64,SINK_STALL_EN=1'b1,SINK_STALL_PERIOD=4,SINK_STALL_READY=1)/dut/u_fifo/Always163_9  Scope: \tb_pcie_axi_dma(TB_SCENARIO=2,FIFO_DEPTH=64,BATCH_COUNT=4,BATCH_TIMEOUT=64,SINK_STALL_EN=1'b1,SINK_STALL_PERIOD=4,SINK_STALL_READY=1) .dut.u_fifo  File: /get/work/krishna.vardhan/git_trees/mtp_pcie_axi/pcie_axi_dma_latency/design/rtl/axis_fifo.sv Line: 165
Warning: [axis_fifo] FIFO full (depth=64) — upstream back-pressured at t=55685000
Time: 55685 ns  Iteration: 0  Process: /tb_pcie_axi_dma(TB_SCENARIO=2,FIFO_DEPTH=64,BATCH_COUNT=4,BATCH_TIMEOUT=64,SINK_STALL_EN=1'b1,SINK_STALL_PERIOD=4,SINK_STALL_READY=1)/dut/u_fifo/Always163_9  Scope: \tb_pcie_axi_dma(TB_SCENARIO=2,FIFO_DEPTH=64,BATCH_COUNT=4,BATCH_TIMEOUT=64,SINK_STALL_EN=1'b1,SINK_STALL_PERIOD=4,SINK_STALL_READY=1) .dut.u_fifo  File: /get/work/krishna.vardhan/git_trees/mtp_pcie_axi/pcie_axi_dma_latency/design/rtl/axis_fifo.sv Line: 165
Warning: [axis_fifo] FIFO full (depth=64) — upstream back-pressured at t=55695000
Time: 55695 ns  Iteration: 0  Process: /tb_pcie_axi_dma(TB_SCENARIO=2,FIFO_DEPTH=64,BATCH_COUNT=4,BATCH_TIMEOUT=64,SINK_STALL_EN=1'b1,SINK_STALL_PERIOD=4,SINK_STALL_READY=1)/dut/u_fifo/Always163_9  Scope: \tb_pcie_axi_dma(TB_SCENARIO=2,FIFO_DEPTH=64,BATCH_COUNT=4,BATCH_TIMEOUT=64,SINK_STALL_EN=1'b1,SINK_STALL_PERIOD=4,SINK_STALL_READY=1) .dut.u_fifo  File: /get/work/krishna.vardhan/git_trees/mtp_pcie_axi/pcie_axi_dma_latency/design/rtl/axis_fifo.sv Line: 165
Warning: [axis_fifo] FIFO full (depth=64) — upstream back-pressured at t=55715000
Time: 55715 ns  Iteration: 0  Process: /tb_pcie_axi_dma(TB_SCENARIO=2,FIFO_DEPTH=64,BATCH_COUNT=4,BATCH_TIMEOUT=64,SINK_STALL_EN=1'b1,SINK_STALL_PERIOD=4,SINK_STALL_READY=1)/dut/u_fifo/Always163_9  Scope: \tb_pcie_axi_dma(TB_SCENARIO=2,FIFO_DEPTH=64,BATCH_COUNT=4,BATCH_TIMEOUT=64,SINK_STALL_EN=1'b1,SINK_STALL_PERIOD=4,SINK_STALL_READY=1) .dut.u_fifo  File: /get/work/krishna.vardhan/git_trees/mtp_pcie_axi/pcie_axi_dma_latency/design/rtl/axis_fifo.sv Line: 165
Warning: [axis_fifo] FIFO full (depth=64) — upstream back-pressured at t=55725000
Time: 55725 ns  Iteration: 0  Process: /tb_pcie_axi_dma(TB_SCENARIO=2,FIFO_DEPTH=64,BATCH_COUNT=4,BATCH_TIMEOUT=64,SINK_STALL_EN=1'b1,SINK_STALL_PERIOD=4,SINK_STALL_READY=1)/dut/u_fifo/Always163_9  Scope: \tb_pcie_axi_dma(TB_SCENARIO=2,FIFO_DEPTH=64,BATCH_COUNT=4,BATCH_TIMEOUT=64,SINK_STALL_EN=1'b1,SINK_STALL_PERIOD=4,SINK_STALL_READY=1) .dut.u_fifo  File: /get/work/krishna.vardhan/git_trees/mtp_pcie_axi/pcie_axi_dma_latency/design/rtl/axis_fifo.sv Line: 165
Warning: [axis_fifo] FIFO full (depth=64) — upstream back-pressured at t=55735000
Time: 55735 ns  Iteration: 0  Process: /tb_pcie_axi_dma(TB_SCENARIO=2,FIFO_DEPTH=64,BATCH_COUNT=4,BATCH_TIMEOUT=64,SINK_STALL_EN=1'b1,SINK_STALL_PERIOD=4,SINK_STALL_READY=1)/dut/u_fifo/Always163_9  Scope: \tb_pcie_axi_dma(TB_SCENARIO=2,FIFO_DEPTH=64,BATCH_COUNT=4,BATCH_TIMEOUT=64,SINK_STALL_EN=1'b1,SINK_STALL_PERIOD=4,SINK_STALL_READY=1) .dut.u_fifo  File: /get/work/krishna.vardhan/git_trees/mtp_pcie_axi/pcie_axi_dma_latency/design/rtl/axis_fifo.sv Line: 165
Warning: [axis_fifo] FIFO full (depth=64) — upstream back-pressured at t=55755000
Time: 55755 ns  Iteration: 0  Process: /tb_pcie_axi_dma(TB_SCENARIO=2,FIFO_DEPTH=64,BATCH_COUNT=4,BATCH_TIMEOUT=64,SINK_STALL_EN=1'b1,SINK_STALL_PERIOD=4,SINK_STALL_READY=1)/dut/u_fifo/Always163_9  Scope: \tb_pcie_axi_dma(TB_SCENARIO=2,FIFO_DEPTH=64,BATCH_COUNT=4,BATCH_TIMEOUT=64,SINK_STALL_EN=1'b1,SINK_STALL_PERIOD=4,SINK_STALL_READY=1) .dut.u_fifo  File: /get/work/krishna.vardhan/git_trees/mtp_pcie_axi/pcie_axi_dma_latency/design/rtl/axis_fifo.sv Line: 165
Warning: [axis_fifo] FIFO full (depth=64) — upstream back-pressured at t=55765000
Time: 55765 ns  Iteration: 0  Process: /tb_pcie_axi_dma(TB_SCENARIO=2,FIFO_DEPTH=64,BATCH_COUNT=4,BATCH_TIMEOUT=64,SINK_STALL_EN=1'b1,SINK_STALL_PERIOD=4,SINK_STALL_READY=1)/dut/u_fifo/Always163_9  Scope: \tb_pcie_axi_dma(TB_SCENARIO=2,FIFO_DEPTH=64,BATCH_COUNT=4,BATCH_TIMEOUT=64,SINK_STALL_EN=1'b1,SINK_STALL_PERIOD=4,SINK_STALL_READY=1) .dut.u_fifo  File: /get/work/krishna.vardhan/git_trees/mtp_pcie_axi/pcie_axi_dma_latency/design/rtl/axis_fifo.sv Line: 165
Warning: [axis_fifo] FIFO full (depth=64) — upstream back-pressured at t=55775000
Time: 55775 ns  Iteration: 0  Process: /tb_pcie_axi_dma(TB_SCENARIO=2,FIFO_DEPTH=64,BATCH_COUNT=4,BATCH_TIMEOUT=64,SINK_STALL_EN=1'b1,SINK_STALL_PERIOD=4,SINK_STALL_READY=1)/dut/u_fifo/Always163_9  Scope: \tb_pcie_axi_dma(TB_SCENARIO=2,FIFO_DEPTH=64,BATCH_COUNT=4,BATCH_TIMEOUT=64,SINK_STALL_EN=1'b1,SINK_STALL_PERIOD=4,SINK_STALL_READY=1) .dut.u_fifo  File: /get/work/krishna.vardhan/git_trees/mtp_pcie_axi/pcie_axi_dma_latency/design/rtl/axis_fifo.sv Line: 165
Warning: [axis_fifo] FIFO full (depth=64) — upstream back-pressured at t=55795000
Time: 55795 ns  Iteration: 0  Process: /tb_pcie_axi_dma(TB_SCENARIO=2,FIFO_DEPTH=64,BATCH_COUNT=4,BATCH_TIMEOUT=64,SINK_STALL_EN=1'b1,SINK_STALL_PERIOD=4,SINK_STALL_READY=1)/dut/u_fifo/Always163_9  Scope: \tb_pcie_axi_dma(TB_SCENARIO=2,FIFO_DEPTH=64,BATCH_COUNT=4,BATCH_TIMEOUT=64,SINK_STALL_EN=1'b1,SINK_STALL_PERIOD=4,SINK_STALL_READY=1) .dut.u_fifo  File: /get/work/krishna.vardhan/git_trees/mtp_pcie_axi/pcie_axi_dma_latency/design/rtl/axis_fifo.sv Line: 165
Warning: [axis_fifo] FIFO full (depth=64) — upstream back-pressured at t=55805000
Time: 55805 ns  Iteration: 0  Process: /tb_pcie_axi_dma(TB_SCENARIO=2,FIFO_DEPTH=64,BATCH_COUNT=4,BATCH_TIMEOUT=64,SINK_STALL_EN=1'b1,SINK_STALL_PERIOD=4,SINK_STALL_READY=1)/dut/u_fifo/Always163_9  Scope: \tb_pcie_axi_dma(TB_SCENARIO=2,FIFO_DEPTH=64,BATCH_COUNT=4,BATCH_TIMEOUT=64,SINK_STALL_EN=1'b1,SINK_STALL_PERIOD=4,SINK_STALL_READY=1) .dut.u_fifo  File: /get/work/krishna.vardhan/git_trees/mtp_pcie_axi/pcie_axi_dma_latency/design/rtl/axis_fifo.sv Line: 165
Warning: [axis_fifo] FIFO full (depth=64) — upstream back-pressured at t=55815000
Time: 55815 ns  Iteration: 0  Process: /tb_pcie_axi_dma(TB_SCENARIO=2,FIFO_DEPTH=64,BATCH_COUNT=4,BATCH_TIMEOUT=64,SINK_STALL_EN=1'b1,SINK_STALL_PERIOD=4,SINK_STALL_READY=1)/dut/u_fifo/Always163_9  Scope: \tb_pcie_axi_dma(TB_SCENARIO=2,FIFO_DEPTH=64,BATCH_COUNT=4,BATCH_TIMEOUT=64,SINK_STALL_EN=1'b1,SINK_STALL_PERIOD=4,SINK_STALL_READY=1) .dut.u_fifo  File: /get/work/krishna.vardhan/git_trees/mtp_pcie_axi/pcie_axi_dma_latency/design/rtl/axis_fifo.sv Line: 165
Warning: [axis_fifo] FIFO full (depth=64) — upstream back-pressured at t=55835000
Time: 55835 ns  Iteration: 0  Process: /tb_pcie_axi_dma(TB_SCENARIO=2,FIFO_DEPTH=64,BATCH_COUNT=4,BATCH_TIMEOUT=64,SINK_STALL_EN=1'b1,SINK_STALL_PERIOD=4,SINK_STALL_READY=1)/dut/u_fifo/Always163_9  Scope: \tb_pcie_axi_dma(TB_SCENARIO=2,FIFO_DEPTH=64,BATCH_COUNT=4,BATCH_TIMEOUT=64,SINK_STALL_EN=1'b1,SINK_STALL_PERIOD=4,SINK_STALL_READY=1) .dut.u_fifo  File: /get/work/krishna.vardhan/git_trees/mtp_pcie_axi/pcie_axi_dma_latency/design/rtl/axis_fifo.sv Line: 165
Warning: [axis_fifo] FIFO full (depth=64) — upstream back-pressured at t=55845000
Time: 55845 ns  Iteration: 0  Process: /tb_pcie_axi_dma(TB_SCENARIO=2,FIFO_DEPTH=64,BATCH_COUNT=4,BATCH_TIMEOUT=64,SINK_STALL_EN=1'b1,SINK_STALL_PERIOD=4,SINK_STALL_READY=1)/dut/u_fifo/Always163_9  Scope: \tb_pcie_axi_dma(TB_SCENARIO=2,FIFO_DEPTH=64,BATCH_COUNT=4,BATCH_TIMEOUT=64,SINK_STALL_EN=1'b1,SINK_STALL_PERIOD=4,SINK_STALL_READY=1) .dut.u_fifo  File: /get/work/krishna.vardhan/git_trees/mtp_pcie_axi/pcie_axi_dma_latency/design/rtl/axis_fifo.sv Line: 165
Warning: [axis_fifo] FIFO full (depth=64) — upstream back-pressured at t=55855000
Time: 55855 ns  Iteration: 0  Process: /tb_pcie_axi_dma(TB_SCENARIO=2,FIFO_DEPTH=64,BATCH_COUNT=4,BATCH_TIMEOUT=64,SINK_STALL_EN=1'b1,SINK_STALL_PERIOD=4,SINK_STALL_READY=1)/dut/u_fifo/Always163_9  Scope: \tb_pcie_axi_dma(TB_SCENARIO=2,FIFO_DEPTH=64,BATCH_COUNT=4,BATCH_TIMEOUT=64,SINK_STALL_EN=1'b1,SINK_STALL_PERIOD=4,SINK_STALL_READY=1) .dut.u_fifo  File: /get/work/krishna.vardhan/git_trees/mtp_pcie_axi/pcie_axi_dma_latency/design/rtl/axis_fifo.sv Line: 165
Warning: [axis_fifo] FIFO full (depth=64) — upstream back-pressured at t=55875000
Time: 55875 ns  Iteration: 0  Process: /tb_pcie_axi_dma(TB_SCENARIO=2,FIFO_DEPTH=64,BATCH_COUNT=4,BATCH_TIMEOUT=64,SINK_STALL_EN=1'b1,SINK_STALL_PERIOD=4,SINK_STALL_READY=1)/dut/u_fifo/Always163_9  Scope: \tb_pcie_axi_dma(TB_SCENARIO=2,FIFO_DEPTH=64,BATCH_COUNT=4,BATCH_TIMEOUT=64,SINK_STALL_EN=1'b1,SINK_STALL_PERIOD=4,SINK_STALL_READY=1) .dut.u_fifo  File: /get/work/krishna.vardhan/git_trees/mtp_pcie_axi/pcie_axi_dma_latency/design/rtl/axis_fifo.sv Line: 165
Warning: [axis_fifo] FIFO full (depth=64) — upstream back-pressured at t=55885000
Time: 55885 ns  Iteration: 0  Process: /tb_pcie_axi_dma(TB_SCENARIO=2,FIFO_DEPTH=64,BATCH_COUNT=4,BATCH_TIMEOUT=64,SINK_STALL_EN=1'b1,SINK_STALL_PERIOD=4,SINK_STALL_READY=1)/dut/u_fifo/Always163_9  Scope: \tb_pcie_axi_dma(TB_SCENARIO=2,FIFO_DEPTH=64,BATCH_COUNT=4,BATCH_TIMEOUT=64,SINK_STALL_EN=1'b1,SINK_STALL_PERIOD=4,SINK_STALL_READY=1) .dut.u_fifo  File: /get/work/krishna.vardhan/git_trees/mtp_pcie_axi/pcie_axi_dma_latency/design/rtl/axis_fifo.sv Line: 165
Warning: [axis_fifo] FIFO full (depth=64) — upstream back-pressured at t=55895000
Time: 55895 ns  Iteration: 0  Process: /tb_pcie_axi_dma(TB_SCENARIO=2,FIFO_DEPTH=64,BATCH_COUNT=4,BATCH_TIMEOUT=64,SINK_STALL_EN=1'b1,SINK_STALL_PERIOD=4,SINK_STALL_READY=1)/dut/u_fifo/Always163_9  Scope: \tb_pcie_axi_dma(TB_SCENARIO=2,FIFO_DEPTH=64,BATCH_COUNT=4,BATCH_TIMEOUT=64,SINK_STALL_EN=1'b1,SINK_STALL_PERIOD=4,SINK_STALL_READY=1) .dut.u_fifo  File: /get/work/krishna.vardhan/git_trees/mtp_pcie_axi/pcie_axi_dma_latency/design/rtl/axis_fifo.sv Line: 165
Warning: [axis_fifo] FIFO full (depth=64) — upstream back-pressured at t=55915000
Time: 55915 ns  Iteration: 0  Process: /tb_pcie_axi_dma(TB_SCENARIO=2,FIFO_DEPTH=64,BATCH_COUNT=4,BATCH_TIMEOUT=64,SINK_STALL_EN=1'b1,SINK_STALL_PERIOD=4,SINK_STALL_READY=1)/dut/u_fifo/Always163_9  Scope: \tb_pcie_axi_dma(TB_SCENARIO=2,FIFO_DEPTH=64,BATCH_COUNT=4,BATCH_TIMEOUT=64,SINK_STALL_EN=1'b1,SINK_STALL_PERIOD=4,SINK_STALL_READY=1) .dut.u_fifo  File: /get/work/krishna.vardhan/git_trees/mtp_pcie_axi/pcie_axi_dma_latency/design/rtl/axis_fifo.sv Line: 165
Warning: [axis_fifo] FIFO full (depth=64) — upstream back-pressured at t=55925000
Time: 55925 ns  Iteration: 0  Process: /tb_pcie_axi_dma(TB_SCENARIO=2,FIFO_DEPTH=64,BATCH_COUNT=4,BATCH_TIMEOUT=64,SINK_STALL_EN=1'b1,SINK_STALL_PERIOD=4,SINK_STALL_READY=1)/dut/u_fifo/Always163_9  Scope: \tb_pcie_axi_dma(TB_SCENARIO=2,FIFO_DEPTH=64,BATCH_COUNT=4,BATCH_TIMEOUT=64,SINK_STALL_EN=1'b1,SINK_STALL_PERIOD=4,SINK_STALL_READY=1) .dut.u_fifo  File: /get/work/krishna.vardhan/git_trees/mtp_pcie_axi/pcie_axi_dma_latency/design/rtl/axis_fifo.sv Line: 165
Warning: [axis_fifo] FIFO full (depth=64) — upstream back-pressured at t=55935000
Time: 55935 ns  Iteration: 0  Process: /tb_pcie_axi_dma(TB_SCENARIO=2,FIFO_DEPTH=64,BATCH_COUNT=4,BATCH_TIMEOUT=64,SINK_STALL_EN=1'b1,SINK_STALL_PERIOD=4,SINK_STALL_READY=1)/dut/u_fifo/Always163_9  Scope: \tb_pcie_axi_dma(TB_SCENARIO=2,FIFO_DEPTH=64,BATCH_COUNT=4,BATCH_TIMEOUT=64,SINK_STALL_EN=1'b1,SINK_STALL_PERIOD=4,SINK_STALL_READY=1) .dut.u_fifo  File: /get/work/krishna.vardhan/git_trees/mtp_pcie_axi/pcie_axi_dma_latency/design/rtl/axis_fifo.sv Line: 165
Warning: [axis_fifo] FIFO full (depth=64) — upstream back-pressured at t=55955000
Time: 55955 ns  Iteration: 0  Process: /tb_pcie_axi_dma(TB_SCENARIO=2,FIFO_DEPTH=64,BATCH_COUNT=4,BATCH_TIMEOUT=64,SINK_STALL_EN=1'b1,SINK_STALL_PERIOD=4,SINK_STALL_READY=1)/dut/u_fifo/Always163_9  Scope: \tb_pcie_axi_dma(TB_SCENARIO=2,FIFO_DEPTH=64,BATCH_COUNT=4,BATCH_TIMEOUT=64,SINK_STALL_EN=1'b1,SINK_STALL_PERIOD=4,SINK_STALL_READY=1) .dut.u_fifo  File: /get/work/krishna.vardhan/git_trees/mtp_pcie_axi/pcie_axi_dma_latency/design/rtl/axis_fifo.sv Line: 165
Warning: [axis_fifo] FIFO full (depth=64) — upstream back-pressured at t=55965000
Time: 55965 ns  Iteration: 0  Process: /tb_pcie_axi_dma(TB_SCENARIO=2,FIFO_DEPTH=64,BATCH_COUNT=4,BATCH_TIMEOUT=64,SINK_STALL_EN=1'b1,SINK_STALL_PERIOD=4,SINK_STALL_READY=1)/dut/u_fifo/Always163_9  Scope: \tb_pcie_axi_dma(TB_SCENARIO=2,FIFO_DEPTH=64,BATCH_COUNT=4,BATCH_TIMEOUT=64,SINK_STALL_EN=1'b1,SINK_STALL_PERIOD=4,SINK_STALL_READY=1) .dut.u_fifo  File: /get/work/krishna.vardhan/git_trees/mtp_pcie_axi/pcie_axi_dma_latency/design/rtl/axis_fifo.sv Line: 165
Warning: [axis_fifo] FIFO full (depth=64) — upstream back-pressured at t=55975000
Time: 55975 ns  Iteration: 0  Process: /tb_pcie_axi_dma(TB_SCENARIO=2,FIFO_DEPTH=64,BATCH_COUNT=4,BATCH_TIMEOUT=64,SINK_STALL_EN=1'b1,SINK_STALL_PERIOD=4,SINK_STALL_READY=1)/dut/u_fifo/Always163_9  Scope: \tb_pcie_axi_dma(TB_SCENARIO=2,FIFO_DEPTH=64,BATCH_COUNT=4,BATCH_TIMEOUT=64,SINK_STALL_EN=1'b1,SINK_STALL_PERIOD=4,SINK_STALL_READY=1) .dut.u_fifo  File: /get/work/krishna.vardhan/git_trees/mtp_pcie_axi/pcie_axi_dma_latency/design/rtl/axis_fifo.sv Line: 165
Warning: [axis_fifo] FIFO full (depth=64) — upstream back-pressured at t=55995000
Time: 55995 ns  Iteration: 0  Process: /tb_pcie_axi_dma(TB_SCENARIO=2,FIFO_DEPTH=64,BATCH_COUNT=4,BATCH_TIMEOUT=64,SINK_STALL_EN=1'b1,SINK_STALL_PERIOD=4,SINK_STALL_READY=1)/dut/u_fifo/Always163_9  Scope: \tb_pcie_axi_dma(TB_SCENARIO=2,FIFO_DEPTH=64,BATCH_COUNT=4,BATCH_TIMEOUT=64,SINK_STALL_EN=1'b1,SINK_STALL_PERIOD=4,SINK_STALL_READY=1) .dut.u_fifo  File: /get/work/krishna.vardhan/git_trees/mtp_pcie_axi/pcie_axi_dma_latency/design/rtl/axis_fifo.sv Line: 165
Warning: [axis_fifo] FIFO full (depth=64) — upstream back-pressured at t=56005000
Time: 56005 ns  Iteration: 0  Process: /tb_pcie_axi_dma(TB_SCENARIO=2,FIFO_DEPTH=64,BATCH_COUNT=4,BATCH_TIMEOUT=64,SINK_STALL_EN=1'b1,SINK_STALL_PERIOD=4,SINK_STALL_READY=1)/dut/u_fifo/Always163_9  Scope: \tb_pcie_axi_dma(TB_SCENARIO=2,FIFO_DEPTH=64,BATCH_COUNT=4,BATCH_TIMEOUT=64,SINK_STALL_EN=1'b1,SINK_STALL_PERIOD=4,SINK_STALL_READY=1) .dut.u_fifo  File: /get/work/krishna.vardhan/git_trees/mtp_pcie_axi/pcie_axi_dma_latency/design/rtl/axis_fifo.sv Line: 165
Warning: [axis_fifo] FIFO full (depth=64) — upstream back-pressured at t=56015000
Time: 56015 ns  Iteration: 0  Process: /tb_pcie_axi_dma(TB_SCENARIO=2,FIFO_DEPTH=64,BATCH_COUNT=4,BATCH_TIMEOUT=64,SINK_STALL_EN=1'b1,SINK_STALL_PERIOD=4,SINK_STALL_READY=1)/dut/u_fifo/Always163_9  Scope: \tb_pcie_axi_dma(TB_SCENARIO=2,FIFO_DEPTH=64,BATCH_COUNT=4,BATCH_TIMEOUT=64,SINK_STALL_EN=1'b1,SINK_STALL_PERIOD=4,SINK_STALL_READY=1) .dut.u_fifo  File: /get/work/krishna.vardhan/git_trees/mtp_pcie_axi/pcie_axi_dma_latency/design/rtl/axis_fifo.sv Line: 165
Warning: [axis_fifo] FIFO full (depth=64) — upstream back-pressured at t=56035000
Time: 56035 ns  Iteration: 0  Process: /tb_pcie_axi_dma(TB_SCENARIO=2,FIFO_DEPTH=64,BATCH_COUNT=4,BATCH_TIMEOUT=64,SINK_STALL_EN=1'b1,SINK_STALL_PERIOD=4,SINK_STALL_READY=1)/dut/u_fifo/Always163_9  Scope: \tb_pcie_axi_dma(TB_SCENARIO=2,FIFO_DEPTH=64,BATCH_COUNT=4,BATCH_TIMEOUT=64,SINK_STALL_EN=1'b1,SINK_STALL_PERIOD=4,SINK_STALL_READY=1) .dut.u_fifo  File: /get/work/krishna.vardhan/git_trees/mtp_pcie_axi/pcie_axi_dma_latency/design/rtl/axis_fifo.sv Line: 165
Warning: [axis_fifo] FIFO full (depth=64) — upstream back-pressured at t=56045000
Time: 56045 ns  Iteration: 0  Process: /tb_pcie_axi_dma(TB_SCENARIO=2,FIFO_DEPTH=64,BATCH_COUNT=4,BATCH_TIMEOUT=64,SINK_STALL_EN=1'b1,SINK_STALL_PERIOD=4,SINK_STALL_READY=1)/dut/u_fifo/Always163_9  Scope: \tb_pcie_axi_dma(TB_SCENARIO=2,FIFO_DEPTH=64,BATCH_COUNT=4,BATCH_TIMEOUT=64,SINK_STALL_EN=1'b1,SINK_STALL_PERIOD=4,SINK_STALL_READY=1) .dut.u_fifo  File: /get/work/krishna.vardhan/git_trees/mtp_pcie_axi/pcie_axi_dma_latency/design/rtl/axis_fifo.sv Line: 165
Warning: [axis_fifo] FIFO full (depth=64) — upstream back-pressured at t=56055000
Time: 56055 ns  Iteration: 0  Process: /tb_pcie_axi_dma(TB_SCENARIO=2,FIFO_DEPTH=64,BATCH_COUNT=4,BATCH_TIMEOUT=64,SINK_STALL_EN=1'b1,SINK_STALL_PERIOD=4,SINK_STALL_READY=1)/dut/u_fifo/Always163_9  Scope: \tb_pcie_axi_dma(TB_SCENARIO=2,FIFO_DEPTH=64,BATCH_COUNT=4,BATCH_TIMEOUT=64,SINK_STALL_EN=1'b1,SINK_STALL_PERIOD=4,SINK_STALL_READY=1) .dut.u_fifo  File: /get/work/krishna.vardhan/git_trees/mtp_pcie_axi/pcie_axi_dma_latency/design/rtl/axis_fifo.sv Line: 165
Warning: [axis_fifo] FIFO full (depth=64) — upstream back-pressured at t=56075000
Time: 56075 ns  Iteration: 0  Process: /tb_pcie_axi_dma(TB_SCENARIO=2,FIFO_DEPTH=64,BATCH_COUNT=4,BATCH_TIMEOUT=64,SINK_STALL_EN=1'b1,SINK_STALL_PERIOD=4,SINK_STALL_READY=1)/dut/u_fifo/Always163_9  Scope: \tb_pcie_axi_dma(TB_SCENARIO=2,FIFO_DEPTH=64,BATCH_COUNT=4,BATCH_TIMEOUT=64,SINK_STALL_EN=1'b1,SINK_STALL_PERIOD=4,SINK_STALL_READY=1) .dut.u_fifo  File: /get/work/krishna.vardhan/git_trees/mtp_pcie_axi/pcie_axi_dma_latency/design/rtl/axis_fifo.sv Line: 165
Warning: [axis_fifo] FIFO full (depth=64) — upstream back-pressured at t=56085000
Time: 56085 ns  Iteration: 0  Process: /tb_pcie_axi_dma(TB_SCENARIO=2,FIFO_DEPTH=64,BATCH_COUNT=4,BATCH_TIMEOUT=64,SINK_STALL_EN=1'b1,SINK_STALL_PERIOD=4,SINK_STALL_READY=1)/dut/u_fifo/Always163_9  Scope: \tb_pcie_axi_dma(TB_SCENARIO=2,FIFO_DEPTH=64,BATCH_COUNT=4,BATCH_TIMEOUT=64,SINK_STALL_EN=1'b1,SINK_STALL_PERIOD=4,SINK_STALL_READY=1) .dut.u_fifo  File: /get/work/krishna.vardhan/git_trees/mtp_pcie_axi/pcie_axi_dma_latency/design/rtl/axis_fifo.sv Line: 165
Warning: [axis_fifo] FIFO full (depth=64) — upstream back-pressured at t=56095000
Time: 56095 ns  Iteration: 0  Process: /tb_pcie_axi_dma(TB_SCENARIO=2,FIFO_DEPTH=64,BATCH_COUNT=4,BATCH_TIMEOUT=64,SINK_STALL_EN=1'b1,SINK_STALL_PERIOD=4,SINK_STALL_READY=1)/dut/u_fifo/Always163_9  Scope: \tb_pcie_axi_dma(TB_SCENARIO=2,FIFO_DEPTH=64,BATCH_COUNT=4,BATCH_TIMEOUT=64,SINK_STALL_EN=1'b1,SINK_STALL_PERIOD=4,SINK_STALL_READY=1) .dut.u_fifo  File: /get/work/krishna.vardhan/git_trees/mtp_pcie_axi/pcie_axi_dma_latency/design/rtl/axis_fifo.sv Line: 165
Warning: [axis_fifo] FIFO full (depth=64) — upstream back-pressured at t=56115000
Time: 56115 ns  Iteration: 0  Process: /tb_pcie_axi_dma(TB_SCENARIO=2,FIFO_DEPTH=64,BATCH_COUNT=4,BATCH_TIMEOUT=64,SINK_STALL_EN=1'b1,SINK_STALL_PERIOD=4,SINK_STALL_READY=1)/dut/u_fifo/Always163_9  Scope: \tb_pcie_axi_dma(TB_SCENARIO=2,FIFO_DEPTH=64,BATCH_COUNT=4,BATCH_TIMEOUT=64,SINK_STALL_EN=1'b1,SINK_STALL_PERIOD=4,SINK_STALL_READY=1) .dut.u_fifo  File: /get/work/krishna.vardhan/git_trees/mtp_pcie_axi/pcie_axi_dma_latency/design/rtl/axis_fifo.sv Line: 165
Warning: [axis_fifo] FIFO full (depth=64) — upstream back-pressured at t=56125000
Time: 56125 ns  Iteration: 0  Process: /tb_pcie_axi_dma(TB_SCENARIO=2,FIFO_DEPTH=64,BATCH_COUNT=4,BATCH_TIMEOUT=64,SINK_STALL_EN=1'b1,SINK_STALL_PERIOD=4,SINK_STALL_READY=1)/dut/u_fifo/Always163_9  Scope: \tb_pcie_axi_dma(TB_SCENARIO=2,FIFO_DEPTH=64,BATCH_COUNT=4,BATCH_TIMEOUT=64,SINK_STALL_EN=1'b1,SINK_STALL_PERIOD=4,SINK_STALL_READY=1) .dut.u_fifo  File: /get/work/krishna.vardhan/git_trees/mtp_pcie_axi/pcie_axi_dma_latency/design/rtl/axis_fifo.sv Line: 165
Warning: [axis_fifo] FIFO full (depth=64) — upstream back-pressured at t=56135000
Time: 56135 ns  Iteration: 0  Process: /tb_pcie_axi_dma(TB_SCENARIO=2,FIFO_DEPTH=64,BATCH_COUNT=4,BATCH_TIMEOUT=64,SINK_STALL_EN=1'b1,SINK_STALL_PERIOD=4,SINK_STALL_READY=1)/dut/u_fifo/Always163_9  Scope: \tb_pcie_axi_dma(TB_SCENARIO=2,FIFO_DEPTH=64,BATCH_COUNT=4,BATCH_TIMEOUT=64,SINK_STALL_EN=1'b1,SINK_STALL_PERIOD=4,SINK_STALL_READY=1) .dut.u_fifo  File: /get/work/krishna.vardhan/git_trees/mtp_pcie_axi/pcie_axi_dma_latency/design/rtl/axis_fifo.sv Line: 165
Warning: [axis_fifo] FIFO full (depth=64) — upstream back-pressured at t=56155000
Time: 56155 ns  Iteration: 0  Process: /tb_pcie_axi_dma(TB_SCENARIO=2,FIFO_DEPTH=64,BATCH_COUNT=4,BATCH_TIMEOUT=64,SINK_STALL_EN=1'b1,SINK_STALL_PERIOD=4,SINK_STALL_READY=1)/dut/u_fifo/Always163_9  Scope: \tb_pcie_axi_dma(TB_SCENARIO=2,FIFO_DEPTH=64,BATCH_COUNT=4,BATCH_TIMEOUT=64,SINK_STALL_EN=1'b1,SINK_STALL_PERIOD=4,SINK_STALL_READY=1) .dut.u_fifo  File: /get/work/krishna.vardhan/git_trees/mtp_pcie_axi/pcie_axi_dma_latency/design/rtl/axis_fifo.sv Line: 165
Warning: [axis_fifo] FIFO full (depth=64) — upstream back-pressured at t=56165000
Time: 56165 ns  Iteration: 0  Process: /tb_pcie_axi_dma(TB_SCENARIO=2,FIFO_DEPTH=64,BATCH_COUNT=4,BATCH_TIMEOUT=64,SINK_STALL_EN=1'b1,SINK_STALL_PERIOD=4,SINK_STALL_READY=1)/dut/u_fifo/Always163_9  Scope: \tb_pcie_axi_dma(TB_SCENARIO=2,FIFO_DEPTH=64,BATCH_COUNT=4,BATCH_TIMEOUT=64,SINK_STALL_EN=1'b1,SINK_STALL_PERIOD=4,SINK_STALL_READY=1) .dut.u_fifo  File: /get/work/krishna.vardhan/git_trees/mtp_pcie_axi/pcie_axi_dma_latency/design/rtl/axis_fifo.sv Line: 165
Warning: [axis_fifo] FIFO full (depth=64) — upstream back-pressured at t=56175000
Time: 56175 ns  Iteration: 0  Process: /tb_pcie_axi_dma(TB_SCENARIO=2,FIFO_DEPTH=64,BATCH_COUNT=4,BATCH_TIMEOUT=64,SINK_STALL_EN=1'b1,SINK_STALL_PERIOD=4,SINK_STALL_READY=1)/dut/u_fifo/Always163_9  Scope: \tb_pcie_axi_dma(TB_SCENARIO=2,FIFO_DEPTH=64,BATCH_COUNT=4,BATCH_TIMEOUT=64,SINK_STALL_EN=1'b1,SINK_STALL_PERIOD=4,SINK_STALL_READY=1) .dut.u_fifo  File: /get/work/krishna.vardhan/git_trees/mtp_pcie_axi/pcie_axi_dma_latency/design/rtl/axis_fifo.sv Line: 165
Warning: [axis_fifo] FIFO full (depth=64) — upstream back-pressured at t=56195000
Time: 56195 ns  Iteration: 0  Process: /tb_pcie_axi_dma(TB_SCENARIO=2,FIFO_DEPTH=64,BATCH_COUNT=4,BATCH_TIMEOUT=64,SINK_STALL_EN=1'b1,SINK_STALL_PERIOD=4,SINK_STALL_READY=1)/dut/u_fifo/Always163_9  Scope: \tb_pcie_axi_dma(TB_SCENARIO=2,FIFO_DEPTH=64,BATCH_COUNT=4,BATCH_TIMEOUT=64,SINK_STALL_EN=1'b1,SINK_STALL_PERIOD=4,SINK_STALL_READY=1) .dut.u_fifo  File: /get/work/krishna.vardhan/git_trees/mtp_pcie_axi/pcie_axi_dma_latency/design/rtl/axis_fifo.sv Line: 165
Warning: [axis_fifo] FIFO full (depth=64) — upstream back-pressured at t=56205000
Time: 56205 ns  Iteration: 0  Process: /tb_pcie_axi_dma(TB_SCENARIO=2,FIFO_DEPTH=64,BATCH_COUNT=4,BATCH_TIMEOUT=64,SINK_STALL_EN=1'b1,SINK_STALL_PERIOD=4,SINK_STALL_READY=1)/dut/u_fifo/Always163_9  Scope: \tb_pcie_axi_dma(TB_SCENARIO=2,FIFO_DEPTH=64,BATCH_COUNT=4,BATCH_TIMEOUT=64,SINK_STALL_EN=1'b1,SINK_STALL_PERIOD=4,SINK_STALL_READY=1) .dut.u_fifo  File: /get/work/krishna.vardhan/git_trees/mtp_pcie_axi/pcie_axi_dma_latency/design/rtl/axis_fifo.sv Line: 165
Warning: [axis_fifo] FIFO full (depth=64) — upstream back-pressured at t=56215000
Time: 56215 ns  Iteration: 0  Process: /tb_pcie_axi_dma(TB_SCENARIO=2,FIFO_DEPTH=64,BATCH_COUNT=4,BATCH_TIMEOUT=64,SINK_STALL_EN=1'b1,SINK_STALL_PERIOD=4,SINK_STALL_READY=1)/dut/u_fifo/Always163_9  Scope: \tb_pcie_axi_dma(TB_SCENARIO=2,FIFO_DEPTH=64,BATCH_COUNT=4,BATCH_TIMEOUT=64,SINK_STALL_EN=1'b1,SINK_STALL_PERIOD=4,SINK_STALL_READY=1) .dut.u_fifo  File: /get/work/krishna.vardhan/git_trees/mtp_pcie_axi/pcie_axi_dma_latency/design/rtl/axis_fifo.sv Line: 165
Warning: [axis_fifo] FIFO full (depth=64) — upstream back-pressured at t=56235000
Time: 56235 ns  Iteration: 0  Process: /tb_pcie_axi_dma(TB_SCENARIO=2,FIFO_DEPTH=64,BATCH_COUNT=4,BATCH_TIMEOUT=64,SINK_STALL_EN=1'b1,SINK_STALL_PERIOD=4,SINK_STALL_READY=1)/dut/u_fifo/Always163_9  Scope: \tb_pcie_axi_dma(TB_SCENARIO=2,FIFO_DEPTH=64,BATCH_COUNT=4,BATCH_TIMEOUT=64,SINK_STALL_EN=1'b1,SINK_STALL_PERIOD=4,SINK_STALL_READY=1) .dut.u_fifo  File: /get/work/krishna.vardhan/git_trees/mtp_pcie_axi/pcie_axi_dma_latency/design/rtl/axis_fifo.sv Line: 165
Warning: [axis_fifo] FIFO full (depth=64) — upstream back-pressured at t=56245000
Time: 56245 ns  Iteration: 0  Process: /tb_pcie_axi_dma(TB_SCENARIO=2,FIFO_DEPTH=64,BATCH_COUNT=4,BATCH_TIMEOUT=64,SINK_STALL_EN=1'b1,SINK_STALL_PERIOD=4,SINK_STALL_READY=1)/dut/u_fifo/Always163_9  Scope: \tb_pcie_axi_dma(TB_SCENARIO=2,FIFO_DEPTH=64,BATCH_COUNT=4,BATCH_TIMEOUT=64,SINK_STALL_EN=1'b1,SINK_STALL_PERIOD=4,SINK_STALL_READY=1) .dut.u_fifo  File: /get/work/krishna.vardhan/git_trees/mtp_pcie_axi/pcie_axi_dma_latency/design/rtl/axis_fifo.sv Line: 165
Warning: [axis_fifo] FIFO full (depth=64) — upstream back-pressured at t=56255000
Time: 56255 ns  Iteration: 0  Process: /tb_pcie_axi_dma(TB_SCENARIO=2,FIFO_DEPTH=64,BATCH_COUNT=4,BATCH_TIMEOUT=64,SINK_STALL_EN=1'b1,SINK_STALL_PERIOD=4,SINK_STALL_READY=1)/dut/u_fifo/Always163_9  Scope: \tb_pcie_axi_dma(TB_SCENARIO=2,FIFO_DEPTH=64,BATCH_COUNT=4,BATCH_TIMEOUT=64,SINK_STALL_EN=1'b1,SINK_STALL_PERIOD=4,SINK_STALL_READY=1) .dut.u_fifo  File: /get/work/krishna.vardhan/git_trees/mtp_pcie_axi/pcie_axi_dma_latency/design/rtl/axis_fifo.sv Line: 165
Warning: [axis_fifo] FIFO full (depth=64) — upstream back-pressured at t=56275000
Time: 56275 ns  Iteration: 0  Process: /tb_pcie_axi_dma(TB_SCENARIO=2,FIFO_DEPTH=64,BATCH_COUNT=4,BATCH_TIMEOUT=64,SINK_STALL_EN=1'b1,SINK_STALL_PERIOD=4,SINK_STALL_READY=1)/dut/u_fifo/Always163_9  Scope: \tb_pcie_axi_dma(TB_SCENARIO=2,FIFO_DEPTH=64,BATCH_COUNT=4,BATCH_TIMEOUT=64,SINK_STALL_EN=1'b1,SINK_STALL_PERIOD=4,SINK_STALL_READY=1) .dut.u_fifo  File: /get/work/krishna.vardhan/git_trees/mtp_pcie_axi/pcie_axi_dma_latency/design/rtl/axis_fifo.sv Line: 165
Warning: [axis_fifo] FIFO full (depth=64) — upstream back-pressured at t=56285000
Time: 56285 ns  Iteration: 0  Process: /tb_pcie_axi_dma(TB_SCENARIO=2,FIFO_DEPTH=64,BATCH_COUNT=4,BATCH_TIMEOUT=64,SINK_STALL_EN=1'b1,SINK_STALL_PERIOD=4,SINK_STALL_READY=1)/dut/u_fifo/Always163_9  Scope: \tb_pcie_axi_dma(TB_SCENARIO=2,FIFO_DEPTH=64,BATCH_COUNT=4,BATCH_TIMEOUT=64,SINK_STALL_EN=1'b1,SINK_STALL_PERIOD=4,SINK_STALL_READY=1) .dut.u_fifo  File: /get/work/krishna.vardhan/git_trees/mtp_pcie_axi/pcie_axi_dma_latency/design/rtl/axis_fifo.sv Line: 165
Warning: [axis_fifo] FIFO full (depth=64) — upstream back-pressured at t=56295000
Time: 56295 ns  Iteration: 0  Process: /tb_pcie_axi_dma(TB_SCENARIO=2,FIFO_DEPTH=64,BATCH_COUNT=4,BATCH_TIMEOUT=64,SINK_STALL_EN=1'b1,SINK_STALL_PERIOD=4,SINK_STALL_READY=1)/dut/u_fifo/Always163_9  Scope: \tb_pcie_axi_dma(TB_SCENARIO=2,FIFO_DEPTH=64,BATCH_COUNT=4,BATCH_TIMEOUT=64,SINK_STALL_EN=1'b1,SINK_STALL_PERIOD=4,SINK_STALL_READY=1) .dut.u_fifo  File: /get/work/krishna.vardhan/git_trees/mtp_pcie_axi/pcie_axi_dma_latency/design/rtl/axis_fifo.sv Line: 165
Warning: [axis_fifo] FIFO full (depth=64) — upstream back-pressured at t=56315000
Time: 56315 ns  Iteration: 0  Process: /tb_pcie_axi_dma(TB_SCENARIO=2,FIFO_DEPTH=64,BATCH_COUNT=4,BATCH_TIMEOUT=64,SINK_STALL_EN=1'b1,SINK_STALL_PERIOD=4,SINK_STALL_READY=1)/dut/u_fifo/Always163_9  Scope: \tb_pcie_axi_dma(TB_SCENARIO=2,FIFO_DEPTH=64,BATCH_COUNT=4,BATCH_TIMEOUT=64,SINK_STALL_EN=1'b1,SINK_STALL_PERIOD=4,SINK_STALL_READY=1) .dut.u_fifo  File: /get/work/krishna.vardhan/git_trees/mtp_pcie_axi/pcie_axi_dma_latency/design/rtl/axis_fifo.sv Line: 165
Warning: [axis_fifo] FIFO full (depth=64) — upstream back-pressured at t=56325000
Time: 56325 ns  Iteration: 0  Process: /tb_pcie_axi_dma(TB_SCENARIO=2,FIFO_DEPTH=64,BATCH_COUNT=4,BATCH_TIMEOUT=64,SINK_STALL_EN=1'b1,SINK_STALL_PERIOD=4,SINK_STALL_READY=1)/dut/u_fifo/Always163_9  Scope: \tb_pcie_axi_dma(TB_SCENARIO=2,FIFO_DEPTH=64,BATCH_COUNT=4,BATCH_TIMEOUT=64,SINK_STALL_EN=1'b1,SINK_STALL_PERIOD=4,SINK_STALL_READY=1) .dut.u_fifo  File: /get/work/krishna.vardhan/git_trees/mtp_pcie_axi/pcie_axi_dma_latency/design/rtl/axis_fifo.sv Line: 165
Warning: [axis_fifo] FIFO full (depth=64) — upstream back-pressured at t=56335000
Time: 56335 ns  Iteration: 0  Process: /tb_pcie_axi_dma(TB_SCENARIO=2,FIFO_DEPTH=64,BATCH_COUNT=4,BATCH_TIMEOUT=64,SINK_STALL_EN=1'b1,SINK_STALL_PERIOD=4,SINK_STALL_READY=1)/dut/u_fifo/Always163_9  Scope: \tb_pcie_axi_dma(TB_SCENARIO=2,FIFO_DEPTH=64,BATCH_COUNT=4,BATCH_TIMEOUT=64,SINK_STALL_EN=1'b1,SINK_STALL_PERIOD=4,SINK_STALL_READY=1) .dut.u_fifo  File: /get/work/krishna.vardhan/git_trees/mtp_pcie_axi/pcie_axi_dma_latency/design/rtl/axis_fifo.sv Line: 165
Warning: [axis_fifo] FIFO full (depth=64) — upstream back-pressured at t=56355000
Time: 56355 ns  Iteration: 0  Process: /tb_pcie_axi_dma(TB_SCENARIO=2,FIFO_DEPTH=64,BATCH_COUNT=4,BATCH_TIMEOUT=64,SINK_STALL_EN=1'b1,SINK_STALL_PERIOD=4,SINK_STALL_READY=1)/dut/u_fifo/Always163_9  Scope: \tb_pcie_axi_dma(TB_SCENARIO=2,FIFO_DEPTH=64,BATCH_COUNT=4,BATCH_TIMEOUT=64,SINK_STALL_EN=1'b1,SINK_STALL_PERIOD=4,SINK_STALL_READY=1) .dut.u_fifo  File: /get/work/krishna.vardhan/git_trees/mtp_pcie_axi/pcie_axi_dma_latency/design/rtl/axis_fifo.sv Line: 165
Warning: [axis_fifo] FIFO full (depth=64) — upstream back-pressured at t=56365000
Time: 56365 ns  Iteration: 0  Process: /tb_pcie_axi_dma(TB_SCENARIO=2,FIFO_DEPTH=64,BATCH_COUNT=4,BATCH_TIMEOUT=64,SINK_STALL_EN=1'b1,SINK_STALL_PERIOD=4,SINK_STALL_READY=1)/dut/u_fifo/Always163_9  Scope: \tb_pcie_axi_dma(TB_SCENARIO=2,FIFO_DEPTH=64,BATCH_COUNT=4,BATCH_TIMEOUT=64,SINK_STALL_EN=1'b1,SINK_STALL_PERIOD=4,SINK_STALL_READY=1) .dut.u_fifo  File: /get/work/krishna.vardhan/git_trees/mtp_pcie_axi/pcie_axi_dma_latency/design/rtl/axis_fifo.sv Line: 165
Warning: [axis_fifo] FIFO full (depth=64) — upstream back-pressured at t=56375000
Time: 56375 ns  Iteration: 0  Process: /tb_pcie_axi_dma(TB_SCENARIO=2,FIFO_DEPTH=64,BATCH_COUNT=4,BATCH_TIMEOUT=64,SINK_STALL_EN=1'b1,SINK_STALL_PERIOD=4,SINK_STALL_READY=1)/dut/u_fifo/Always163_9  Scope: \tb_pcie_axi_dma(TB_SCENARIO=2,FIFO_DEPTH=64,BATCH_COUNT=4,BATCH_TIMEOUT=64,SINK_STALL_EN=1'b1,SINK_STALL_PERIOD=4,SINK_STALL_READY=1) .dut.u_fifo  File: /get/work/krishna.vardhan/git_trees/mtp_pcie_axi/pcie_axi_dma_latency/design/rtl/axis_fifo.sv Line: 165
Warning: [axis_fifo] FIFO full (depth=64) — upstream back-pressured at t=56395000
Time: 56395 ns  Iteration: 0  Process: /tb_pcie_axi_dma(TB_SCENARIO=2,FIFO_DEPTH=64,BATCH_COUNT=4,BATCH_TIMEOUT=64,SINK_STALL_EN=1'b1,SINK_STALL_PERIOD=4,SINK_STALL_READY=1)/dut/u_fifo/Always163_9  Scope: \tb_pcie_axi_dma(TB_SCENARIO=2,FIFO_DEPTH=64,BATCH_COUNT=4,BATCH_TIMEOUT=64,SINK_STALL_EN=1'b1,SINK_STALL_PERIOD=4,SINK_STALL_READY=1) .dut.u_fifo  File: /get/work/krishna.vardhan/git_trees/mtp_pcie_axi/pcie_axi_dma_latency/design/rtl/axis_fifo.sv Line: 165
Warning: [axis_fifo] FIFO full (depth=64) — upstream back-pressured at t=56405000
Time: 56405 ns  Iteration: 0  Process: /tb_pcie_axi_dma(TB_SCENARIO=2,FIFO_DEPTH=64,BATCH_COUNT=4,BATCH_TIMEOUT=64,SINK_STALL_EN=1'b1,SINK_STALL_PERIOD=4,SINK_STALL_READY=1)/dut/u_fifo/Always163_9  Scope: \tb_pcie_axi_dma(TB_SCENARIO=2,FIFO_DEPTH=64,BATCH_COUNT=4,BATCH_TIMEOUT=64,SINK_STALL_EN=1'b1,SINK_STALL_PERIOD=4,SINK_STALL_READY=1) .dut.u_fifo  File: /get/work/krishna.vardhan/git_trees/mtp_pcie_axi/pcie_axi_dma_latency/design/rtl/axis_fifo.sv Line: 165
Warning: [axis_fifo] FIFO full (depth=64) — upstream back-pressured at t=56415000
Time: 56415 ns  Iteration: 0  Process: /tb_pcie_axi_dma(TB_SCENARIO=2,FIFO_DEPTH=64,BATCH_COUNT=4,BATCH_TIMEOUT=64,SINK_STALL_EN=1'b1,SINK_STALL_PERIOD=4,SINK_STALL_READY=1)/dut/u_fifo/Always163_9  Scope: \tb_pcie_axi_dma(TB_SCENARIO=2,FIFO_DEPTH=64,BATCH_COUNT=4,BATCH_TIMEOUT=64,SINK_STALL_EN=1'b1,SINK_STALL_PERIOD=4,SINK_STALL_READY=1) .dut.u_fifo  File: /get/work/krishna.vardhan/git_trees/mtp_pcie_axi/pcie_axi_dma_latency/design/rtl/axis_fifo.sv Line: 165
Warning: [axis_fifo] FIFO full (depth=64) — upstream back-pressured at t=56435000
Time: 56435 ns  Iteration: 0  Process: /tb_pcie_axi_dma(TB_SCENARIO=2,FIFO_DEPTH=64,BATCH_COUNT=4,BATCH_TIMEOUT=64,SINK_STALL_EN=1'b1,SINK_STALL_PERIOD=4,SINK_STALL_READY=1)/dut/u_fifo/Always163_9  Scope: \tb_pcie_axi_dma(TB_SCENARIO=2,FIFO_DEPTH=64,BATCH_COUNT=4,BATCH_TIMEOUT=64,SINK_STALL_EN=1'b1,SINK_STALL_PERIOD=4,SINK_STALL_READY=1) .dut.u_fifo  File: /get/work/krishna.vardhan/git_trees/mtp_pcie_axi/pcie_axi_dma_latency/design/rtl/axis_fifo.sv Line: 165
Warning: [axis_fifo] FIFO full (depth=64) — upstream back-pressured at t=56445000
Time: 56445 ns  Iteration: 0  Process: /tb_pcie_axi_dma(TB_SCENARIO=2,FIFO_DEPTH=64,BATCH_COUNT=4,BATCH_TIMEOUT=64,SINK_STALL_EN=1'b1,SINK_STALL_PERIOD=4,SINK_STALL_READY=1)/dut/u_fifo/Always163_9  Scope: \tb_pcie_axi_dma(TB_SCENARIO=2,FIFO_DEPTH=64,BATCH_COUNT=4,BATCH_TIMEOUT=64,SINK_STALL_EN=1'b1,SINK_STALL_PERIOD=4,SINK_STALL_READY=1) .dut.u_fifo  File: /get/work/krishna.vardhan/git_trees/mtp_pcie_axi/pcie_axi_dma_latency/design/rtl/axis_fifo.sv Line: 165
Warning: [axis_fifo] FIFO full (depth=64) — upstream back-pressured at t=56455000
Time: 56455 ns  Iteration: 0  Process: /tb_pcie_axi_dma(TB_SCENARIO=2,FIFO_DEPTH=64,BATCH_COUNT=4,BATCH_TIMEOUT=64,SINK_STALL_EN=1'b1,SINK_STALL_PERIOD=4,SINK_STALL_READY=1)/dut/u_fifo/Always163_9  Scope: \tb_pcie_axi_dma(TB_SCENARIO=2,FIFO_DEPTH=64,BATCH_COUNT=4,BATCH_TIMEOUT=64,SINK_STALL_EN=1'b1,SINK_STALL_PERIOD=4,SINK_STALL_READY=1) .dut.u_fifo  File: /get/work/krishna.vardhan/git_trees/mtp_pcie_axi/pcie_axi_dma_latency/design/rtl/axis_fifo.sv Line: 165
Warning: [axis_fifo] FIFO full (depth=64) — upstream back-pressured at t=56475000
Time: 56475 ns  Iteration: 0  Process: /tb_pcie_axi_dma(TB_SCENARIO=2,FIFO_DEPTH=64,BATCH_COUNT=4,BATCH_TIMEOUT=64,SINK_STALL_EN=1'b1,SINK_STALL_PERIOD=4,SINK_STALL_READY=1)/dut/u_fifo/Always163_9  Scope: \tb_pcie_axi_dma(TB_SCENARIO=2,FIFO_DEPTH=64,BATCH_COUNT=4,BATCH_TIMEOUT=64,SINK_STALL_EN=1'b1,SINK_STALL_PERIOD=4,SINK_STALL_READY=1) .dut.u_fifo  File: /get/work/krishna.vardhan/git_trees/mtp_pcie_axi/pcie_axi_dma_latency/design/rtl/axis_fifo.sv Line: 165
Warning: [axis_fifo] FIFO full (depth=64) — upstream back-pressured at t=56485000
Time: 56485 ns  Iteration: 0  Process: /tb_pcie_axi_dma(TB_SCENARIO=2,FIFO_DEPTH=64,BATCH_COUNT=4,BATCH_TIMEOUT=64,SINK_STALL_EN=1'b1,SINK_STALL_PERIOD=4,SINK_STALL_READY=1)/dut/u_fifo/Always163_9  Scope: \tb_pcie_axi_dma(TB_SCENARIO=2,FIFO_DEPTH=64,BATCH_COUNT=4,BATCH_TIMEOUT=64,SINK_STALL_EN=1'b1,SINK_STALL_PERIOD=4,SINK_STALL_READY=1) .dut.u_fifo  File: /get/work/krishna.vardhan/git_trees/mtp_pcie_axi/pcie_axi_dma_latency/design/rtl/axis_fifo.sv Line: 165
Warning: [axis_fifo] FIFO full (depth=64) — upstream back-pressured at t=56495000
Time: 56495 ns  Iteration: 0  Process: /tb_pcie_axi_dma(TB_SCENARIO=2,FIFO_DEPTH=64,BATCH_COUNT=4,BATCH_TIMEOUT=64,SINK_STALL_EN=1'b1,SINK_STALL_PERIOD=4,SINK_STALL_READY=1)/dut/u_fifo/Always163_9  Scope: \tb_pcie_axi_dma(TB_SCENARIO=2,FIFO_DEPTH=64,BATCH_COUNT=4,BATCH_TIMEOUT=64,SINK_STALL_EN=1'b1,SINK_STALL_PERIOD=4,SINK_STALL_READY=1) .dut.u_fifo  File: /get/work/krishna.vardhan/git_trees/mtp_pcie_axi/pcie_axi_dma_latency/design/rtl/axis_fifo.sv Line: 165
Warning: [axis_fifo] FIFO full (depth=64) — upstream back-pressured at t=56515000
Time: 56515 ns  Iteration: 0  Process: /tb_pcie_axi_dma(TB_SCENARIO=2,FIFO_DEPTH=64,BATCH_COUNT=4,BATCH_TIMEOUT=64,SINK_STALL_EN=1'b1,SINK_STALL_PERIOD=4,SINK_STALL_READY=1)/dut/u_fifo/Always163_9  Scope: \tb_pcie_axi_dma(TB_SCENARIO=2,FIFO_DEPTH=64,BATCH_COUNT=4,BATCH_TIMEOUT=64,SINK_STALL_EN=1'b1,SINK_STALL_PERIOD=4,SINK_STALL_READY=1) .dut.u_fifo  File: /get/work/krishna.vardhan/git_trees/mtp_pcie_axi/pcie_axi_dma_latency/design/rtl/axis_fifo.sv Line: 165
Warning: [axis_fifo] FIFO full (depth=64) — upstream back-pressured at t=56525000
Time: 56525 ns  Iteration: 0  Process: /tb_pcie_axi_dma(TB_SCENARIO=2,FIFO_DEPTH=64,BATCH_COUNT=4,BATCH_TIMEOUT=64,SINK_STALL_EN=1'b1,SINK_STALL_PERIOD=4,SINK_STALL_READY=1)/dut/u_fifo/Always163_9  Scope: \tb_pcie_axi_dma(TB_SCENARIO=2,FIFO_DEPTH=64,BATCH_COUNT=4,BATCH_TIMEOUT=64,SINK_STALL_EN=1'b1,SINK_STALL_PERIOD=4,SINK_STALL_READY=1) .dut.u_fifo  File: /get/work/krishna.vardhan/git_trees/mtp_pcie_axi/pcie_axi_dma_latency/design/rtl/axis_fifo.sv Line: 165
Warning: [axis_fifo] FIFO full (depth=64) — upstream back-pressured at t=56535000
Time: 56535 ns  Iteration: 0  Process: /tb_pcie_axi_dma(TB_SCENARIO=2,FIFO_DEPTH=64,BATCH_COUNT=4,BATCH_TIMEOUT=64,SINK_STALL_EN=1'b1,SINK_STALL_PERIOD=4,SINK_STALL_READY=1)/dut/u_fifo/Always163_9  Scope: \tb_pcie_axi_dma(TB_SCENARIO=2,FIFO_DEPTH=64,BATCH_COUNT=4,BATCH_TIMEOUT=64,SINK_STALL_EN=1'b1,SINK_STALL_PERIOD=4,SINK_STALL_READY=1) .dut.u_fifo  File: /get/work/krishna.vardhan/git_trees/mtp_pcie_axi/pcie_axi_dma_latency/design/rtl/axis_fifo.sv Line: 165
Warning: [axis_fifo] FIFO full (depth=64) — upstream back-pressured at t=56555000
Time: 56555 ns  Iteration: 0  Process: /tb_pcie_axi_dma(TB_SCENARIO=2,FIFO_DEPTH=64,BATCH_COUNT=4,BATCH_TIMEOUT=64,SINK_STALL_EN=1'b1,SINK_STALL_PERIOD=4,SINK_STALL_READY=1)/dut/u_fifo/Always163_9  Scope: \tb_pcie_axi_dma(TB_SCENARIO=2,FIFO_DEPTH=64,BATCH_COUNT=4,BATCH_TIMEOUT=64,SINK_STALL_EN=1'b1,SINK_STALL_PERIOD=4,SINK_STALL_READY=1) .dut.u_fifo  File: /get/work/krishna.vardhan/git_trees/mtp_pcie_axi/pcie_axi_dma_latency/design/rtl/axis_fifo.sv Line: 165
Warning: [axis_fifo] FIFO full (depth=64) — upstream back-pressured at t=56565000
Time: 56565 ns  Iteration: 0  Process: /tb_pcie_axi_dma(TB_SCENARIO=2,FIFO_DEPTH=64,BATCH_COUNT=4,BATCH_TIMEOUT=64,SINK_STALL_EN=1'b1,SINK_STALL_PERIOD=4,SINK_STALL_READY=1)/dut/u_fifo/Always163_9  Scope: \tb_pcie_axi_dma(TB_SCENARIO=2,FIFO_DEPTH=64,BATCH_COUNT=4,BATCH_TIMEOUT=64,SINK_STALL_EN=1'b1,SINK_STALL_PERIOD=4,SINK_STALL_READY=1) .dut.u_fifo  File: /get/work/krishna.vardhan/git_trees/mtp_pcie_axi/pcie_axi_dma_latency/design/rtl/axis_fifo.sv Line: 165
Warning: [axis_fifo] FIFO full (depth=64) — upstream back-pressured at t=56575000
Time: 56575 ns  Iteration: 0  Process: /tb_pcie_axi_dma(TB_SCENARIO=2,FIFO_DEPTH=64,BATCH_COUNT=4,BATCH_TIMEOUT=64,SINK_STALL_EN=1'b1,SINK_STALL_PERIOD=4,SINK_STALL_READY=1)/dut/u_fifo/Always163_9  Scope: \tb_pcie_axi_dma(TB_SCENARIO=2,FIFO_DEPTH=64,BATCH_COUNT=4,BATCH_TIMEOUT=64,SINK_STALL_EN=1'b1,SINK_STALL_PERIOD=4,SINK_STALL_READY=1) .dut.u_fifo  File: /get/work/krishna.vardhan/git_trees/mtp_pcie_axi/pcie_axi_dma_latency/design/rtl/axis_fifo.sv Line: 165
Warning: [axis_fifo] FIFO full (depth=64) — upstream back-pressured at t=56595000
Time: 56595 ns  Iteration: 0  Process: /tb_pcie_axi_dma(TB_SCENARIO=2,FIFO_DEPTH=64,BATCH_COUNT=4,BATCH_TIMEOUT=64,SINK_STALL_EN=1'b1,SINK_STALL_PERIOD=4,SINK_STALL_READY=1)/dut/u_fifo/Always163_9  Scope: \tb_pcie_axi_dma(TB_SCENARIO=2,FIFO_DEPTH=64,BATCH_COUNT=4,BATCH_TIMEOUT=64,SINK_STALL_EN=1'b1,SINK_STALL_PERIOD=4,SINK_STALL_READY=1) .dut.u_fifo  File: /get/work/krishna.vardhan/git_trees/mtp_pcie_axi/pcie_axi_dma_latency/design/rtl/axis_fifo.sv Line: 165
Warning: [axis_fifo] FIFO full (depth=64) — upstream back-pressured at t=56605000
Time: 56605 ns  Iteration: 0  Process: /tb_pcie_axi_dma(TB_SCENARIO=2,FIFO_DEPTH=64,BATCH_COUNT=4,BATCH_TIMEOUT=64,SINK_STALL_EN=1'b1,SINK_STALL_PERIOD=4,SINK_STALL_READY=1)/dut/u_fifo/Always163_9  Scope: \tb_pcie_axi_dma(TB_SCENARIO=2,FIFO_DEPTH=64,BATCH_COUNT=4,BATCH_TIMEOUT=64,SINK_STALL_EN=1'b1,SINK_STALL_PERIOD=4,SINK_STALL_READY=1) .dut.u_fifo  File: /get/work/krishna.vardhan/git_trees/mtp_pcie_axi/pcie_axi_dma_latency/design/rtl/axis_fifo.sv Line: 165
Warning: [axis_fifo] FIFO full (depth=64) — upstream back-pressured at t=56615000
Time: 56615 ns  Iteration: 0  Process: /tb_pcie_axi_dma(TB_SCENARIO=2,FIFO_DEPTH=64,BATCH_COUNT=4,BATCH_TIMEOUT=64,SINK_STALL_EN=1'b1,SINK_STALL_PERIOD=4,SINK_STALL_READY=1)/dut/u_fifo/Always163_9  Scope: \tb_pcie_axi_dma(TB_SCENARIO=2,FIFO_DEPTH=64,BATCH_COUNT=4,BATCH_TIMEOUT=64,SINK_STALL_EN=1'b1,SINK_STALL_PERIOD=4,SINK_STALL_READY=1) .dut.u_fifo  File: /get/work/krishna.vardhan/git_trees/mtp_pcie_axi/pcie_axi_dma_latency/design/rtl/axis_fifo.sv Line: 165
Warning: [axis_fifo] FIFO full (depth=64) — upstream back-pressured at t=56635000
Time: 56635 ns  Iteration: 0  Process: /tb_pcie_axi_dma(TB_SCENARIO=2,FIFO_DEPTH=64,BATCH_COUNT=4,BATCH_TIMEOUT=64,SINK_STALL_EN=1'b1,SINK_STALL_PERIOD=4,SINK_STALL_READY=1)/dut/u_fifo/Always163_9  Scope: \tb_pcie_axi_dma(TB_SCENARIO=2,FIFO_DEPTH=64,BATCH_COUNT=4,BATCH_TIMEOUT=64,SINK_STALL_EN=1'b1,SINK_STALL_PERIOD=4,SINK_STALL_READY=1) .dut.u_fifo  File: /get/work/krishna.vardhan/git_trees/mtp_pcie_axi/pcie_axi_dma_latency/design/rtl/axis_fifo.sv Line: 165
Warning: [axis_fifo] FIFO full (depth=64) — upstream back-pressured at t=56645000
Time: 56645 ns  Iteration: 0  Process: /tb_pcie_axi_dma(TB_SCENARIO=2,FIFO_DEPTH=64,BATCH_COUNT=4,BATCH_TIMEOUT=64,SINK_STALL_EN=1'b1,SINK_STALL_PERIOD=4,SINK_STALL_READY=1)/dut/u_fifo/Always163_9  Scope: \tb_pcie_axi_dma(TB_SCENARIO=2,FIFO_DEPTH=64,BATCH_COUNT=4,BATCH_TIMEOUT=64,SINK_STALL_EN=1'b1,SINK_STALL_PERIOD=4,SINK_STALL_READY=1) .dut.u_fifo  File: /get/work/krishna.vardhan/git_trees/mtp_pcie_axi/pcie_axi_dma_latency/design/rtl/axis_fifo.sv Line: 165
Warning: [axis_fifo] FIFO full (depth=64) — upstream back-pressured at t=56655000
Time: 56655 ns  Iteration: 0  Process: /tb_pcie_axi_dma(TB_SCENARIO=2,FIFO_DEPTH=64,BATCH_COUNT=4,BATCH_TIMEOUT=64,SINK_STALL_EN=1'b1,SINK_STALL_PERIOD=4,SINK_STALL_READY=1)/dut/u_fifo/Always163_9  Scope: \tb_pcie_axi_dma(TB_SCENARIO=2,FIFO_DEPTH=64,BATCH_COUNT=4,BATCH_TIMEOUT=64,SINK_STALL_EN=1'b1,SINK_STALL_PERIOD=4,SINK_STALL_READY=1) .dut.u_fifo  File: /get/work/krishna.vardhan/git_trees/mtp_pcie_axi/pcie_axi_dma_latency/design/rtl/axis_fifo.sv Line: 165
Warning: [axis_fifo] FIFO full (depth=64) — upstream back-pressured at t=56675000
Time: 56675 ns  Iteration: 0  Process: /tb_pcie_axi_dma(TB_SCENARIO=2,FIFO_DEPTH=64,BATCH_COUNT=4,BATCH_TIMEOUT=64,SINK_STALL_EN=1'b1,SINK_STALL_PERIOD=4,SINK_STALL_READY=1)/dut/u_fifo/Always163_9  Scope: \tb_pcie_axi_dma(TB_SCENARIO=2,FIFO_DEPTH=64,BATCH_COUNT=4,BATCH_TIMEOUT=64,SINK_STALL_EN=1'b1,SINK_STALL_PERIOD=4,SINK_STALL_READY=1) .dut.u_fifo  File: /get/work/krishna.vardhan/git_trees/mtp_pcie_axi/pcie_axi_dma_latency/design/rtl/axis_fifo.sv Line: 165
Warning: [axis_fifo] FIFO full (depth=64) — upstream back-pressured at t=56685000
Time: 56685 ns  Iteration: 0  Process: /tb_pcie_axi_dma(TB_SCENARIO=2,FIFO_DEPTH=64,BATCH_COUNT=4,BATCH_TIMEOUT=64,SINK_STALL_EN=1'b1,SINK_STALL_PERIOD=4,SINK_STALL_READY=1)/dut/u_fifo/Always163_9  Scope: \tb_pcie_axi_dma(TB_SCENARIO=2,FIFO_DEPTH=64,BATCH_COUNT=4,BATCH_TIMEOUT=64,SINK_STALL_EN=1'b1,SINK_STALL_PERIOD=4,SINK_STALL_READY=1) .dut.u_fifo  File: /get/work/krishna.vardhan/git_trees/mtp_pcie_axi/pcie_axi_dma_latency/design/rtl/axis_fifo.sv Line: 165
Warning: [axis_fifo] FIFO full (depth=64) — upstream back-pressured at t=56695000
Time: 56695 ns  Iteration: 0  Process: /tb_pcie_axi_dma(TB_SCENARIO=2,FIFO_DEPTH=64,BATCH_COUNT=4,BATCH_TIMEOUT=64,SINK_STALL_EN=1'b1,SINK_STALL_PERIOD=4,SINK_STALL_READY=1)/dut/u_fifo/Always163_9  Scope: \tb_pcie_axi_dma(TB_SCENARIO=2,FIFO_DEPTH=64,BATCH_COUNT=4,BATCH_TIMEOUT=64,SINK_STALL_EN=1'b1,SINK_STALL_PERIOD=4,SINK_STALL_READY=1) .dut.u_fifo  File: /get/work/krishna.vardhan/git_trees/mtp_pcie_axi/pcie_axi_dma_latency/design/rtl/axis_fifo.sv Line: 165
Warning: [axis_fifo] FIFO full (depth=64) — upstream back-pressured at t=56715000
Time: 56715 ns  Iteration: 0  Process: /tb_pcie_axi_dma(TB_SCENARIO=2,FIFO_DEPTH=64,BATCH_COUNT=4,BATCH_TIMEOUT=64,SINK_STALL_EN=1'b1,SINK_STALL_PERIOD=4,SINK_STALL_READY=1)/dut/u_fifo/Always163_9  Scope: \tb_pcie_axi_dma(TB_SCENARIO=2,FIFO_DEPTH=64,BATCH_COUNT=4,BATCH_TIMEOUT=64,SINK_STALL_EN=1'b1,SINK_STALL_PERIOD=4,SINK_STALL_READY=1) .dut.u_fifo  File: /get/work/krishna.vardhan/git_trees/mtp_pcie_axi/pcie_axi_dma_latency/design/rtl/axis_fifo.sv Line: 165
Warning: [axis_fifo] FIFO full (depth=64) — upstream back-pressured at t=56725000
Time: 56725 ns  Iteration: 0  Process: /tb_pcie_axi_dma(TB_SCENARIO=2,FIFO_DEPTH=64,BATCH_COUNT=4,BATCH_TIMEOUT=64,SINK_STALL_EN=1'b1,SINK_STALL_PERIOD=4,SINK_STALL_READY=1)/dut/u_fifo/Always163_9  Scope: \tb_pcie_axi_dma(TB_SCENARIO=2,FIFO_DEPTH=64,BATCH_COUNT=4,BATCH_TIMEOUT=64,SINK_STALL_EN=1'b1,SINK_STALL_PERIOD=4,SINK_STALL_READY=1) .dut.u_fifo  File: /get/work/krishna.vardhan/git_trees/mtp_pcie_axi/pcie_axi_dma_latency/design/rtl/axis_fifo.sv Line: 165
Warning: [axis_fifo] FIFO full (depth=64) — upstream back-pressured at t=56735000
Time: 56735 ns  Iteration: 0  Process: /tb_pcie_axi_dma(TB_SCENARIO=2,FIFO_DEPTH=64,BATCH_COUNT=4,BATCH_TIMEOUT=64,SINK_STALL_EN=1'b1,SINK_STALL_PERIOD=4,SINK_STALL_READY=1)/dut/u_fifo/Always163_9  Scope: \tb_pcie_axi_dma(TB_SCENARIO=2,FIFO_DEPTH=64,BATCH_COUNT=4,BATCH_TIMEOUT=64,SINK_STALL_EN=1'b1,SINK_STALL_PERIOD=4,SINK_STALL_READY=1) .dut.u_fifo  File: /get/work/krishna.vardhan/git_trees/mtp_pcie_axi/pcie_axi_dma_latency/design/rtl/axis_fifo.sv Line: 165
Warning: [axis_fifo] FIFO full (depth=64) — upstream back-pressured at t=56755000
Time: 56755 ns  Iteration: 0  Process: /tb_pcie_axi_dma(TB_SCENARIO=2,FIFO_DEPTH=64,BATCH_COUNT=4,BATCH_TIMEOUT=64,SINK_STALL_EN=1'b1,SINK_STALL_PERIOD=4,SINK_STALL_READY=1)/dut/u_fifo/Always163_9  Scope: \tb_pcie_axi_dma(TB_SCENARIO=2,FIFO_DEPTH=64,BATCH_COUNT=4,BATCH_TIMEOUT=64,SINK_STALL_EN=1'b1,SINK_STALL_PERIOD=4,SINK_STALL_READY=1) .dut.u_fifo  File: /get/work/krishna.vardhan/git_trees/mtp_pcie_axi/pcie_axi_dma_latency/design/rtl/axis_fifo.sv Line: 165
Warning: [axis_fifo] FIFO full (depth=64) — upstream back-pressured at t=56765000
Time: 56765 ns  Iteration: 0  Process: /tb_pcie_axi_dma(TB_SCENARIO=2,FIFO_DEPTH=64,BATCH_COUNT=4,BATCH_TIMEOUT=64,SINK_STALL_EN=1'b1,SINK_STALL_PERIOD=4,SINK_STALL_READY=1)/dut/u_fifo/Always163_9  Scope: \tb_pcie_axi_dma(TB_SCENARIO=2,FIFO_DEPTH=64,BATCH_COUNT=4,BATCH_TIMEOUT=64,SINK_STALL_EN=1'b1,SINK_STALL_PERIOD=4,SINK_STALL_READY=1) .dut.u_fifo  File: /get/work/krishna.vardhan/git_trees/mtp_pcie_axi/pcie_axi_dma_latency/design/rtl/axis_fifo.sv Line: 165
Warning: [axis_fifo] FIFO full (depth=64) — upstream back-pressured at t=56775000
Time: 56775 ns  Iteration: 0  Process: /tb_pcie_axi_dma(TB_SCENARIO=2,FIFO_DEPTH=64,BATCH_COUNT=4,BATCH_TIMEOUT=64,SINK_STALL_EN=1'b1,SINK_STALL_PERIOD=4,SINK_STALL_READY=1)/dut/u_fifo/Always163_9  Scope: \tb_pcie_axi_dma(TB_SCENARIO=2,FIFO_DEPTH=64,BATCH_COUNT=4,BATCH_TIMEOUT=64,SINK_STALL_EN=1'b1,SINK_STALL_PERIOD=4,SINK_STALL_READY=1) .dut.u_fifo  File: /get/work/krishna.vardhan/git_trees/mtp_pcie_axi/pcie_axi_dma_latency/design/rtl/axis_fifo.sv Line: 165
Warning: [axis_fifo] FIFO full (depth=64) — upstream back-pressured at t=56795000
Time: 56795 ns  Iteration: 0  Process: /tb_pcie_axi_dma(TB_SCENARIO=2,FIFO_DEPTH=64,BATCH_COUNT=4,BATCH_TIMEOUT=64,SINK_STALL_EN=1'b1,SINK_STALL_PERIOD=4,SINK_STALL_READY=1)/dut/u_fifo/Always163_9  Scope: \tb_pcie_axi_dma(TB_SCENARIO=2,FIFO_DEPTH=64,BATCH_COUNT=4,BATCH_TIMEOUT=64,SINK_STALL_EN=1'b1,SINK_STALL_PERIOD=4,SINK_STALL_READY=1) .dut.u_fifo  File: /get/work/krishna.vardhan/git_trees/mtp_pcie_axi/pcie_axi_dma_latency/design/rtl/axis_fifo.sv Line: 165
Warning: [axis_fifo] FIFO full (depth=64) — upstream back-pressured at t=56805000
Time: 56805 ns  Iteration: 0  Process: /tb_pcie_axi_dma(TB_SCENARIO=2,FIFO_DEPTH=64,BATCH_COUNT=4,BATCH_TIMEOUT=64,SINK_STALL_EN=1'b1,SINK_STALL_PERIOD=4,SINK_STALL_READY=1)/dut/u_fifo/Always163_9  Scope: \tb_pcie_axi_dma(TB_SCENARIO=2,FIFO_DEPTH=64,BATCH_COUNT=4,BATCH_TIMEOUT=64,SINK_STALL_EN=1'b1,SINK_STALL_PERIOD=4,SINK_STALL_READY=1) .dut.u_fifo  File: /get/work/krishna.vardhan/git_trees/mtp_pcie_axi/pcie_axi_dma_latency/design/rtl/axis_fifo.sv Line: 165
Warning: [axis_fifo] FIFO full (depth=64) — upstream back-pressured at t=56815000
Time: 56815 ns  Iteration: 0  Process: /tb_pcie_axi_dma(TB_SCENARIO=2,FIFO_DEPTH=64,BATCH_COUNT=4,BATCH_TIMEOUT=64,SINK_STALL_EN=1'b1,SINK_STALL_PERIOD=4,SINK_STALL_READY=1)/dut/u_fifo/Always163_9  Scope: \tb_pcie_axi_dma(TB_SCENARIO=2,FIFO_DEPTH=64,BATCH_COUNT=4,BATCH_TIMEOUT=64,SINK_STALL_EN=1'b1,SINK_STALL_PERIOD=4,SINK_STALL_READY=1) .dut.u_fifo  File: /get/work/krishna.vardhan/git_trees/mtp_pcie_axi/pcie_axi_dma_latency/design/rtl/axis_fifo.sv Line: 165
Warning: [axis_fifo] FIFO full (depth=64) — upstream back-pressured at t=56835000
Time: 56835 ns  Iteration: 0  Process: /tb_pcie_axi_dma(TB_SCENARIO=2,FIFO_DEPTH=64,BATCH_COUNT=4,BATCH_TIMEOUT=64,SINK_STALL_EN=1'b1,SINK_STALL_PERIOD=4,SINK_STALL_READY=1)/dut/u_fifo/Always163_9  Scope: \tb_pcie_axi_dma(TB_SCENARIO=2,FIFO_DEPTH=64,BATCH_COUNT=4,BATCH_TIMEOUT=64,SINK_STALL_EN=1'b1,SINK_STALL_PERIOD=4,SINK_STALL_READY=1) .dut.u_fifo  File: /get/work/krishna.vardhan/git_trees/mtp_pcie_axi/pcie_axi_dma_latency/design/rtl/axis_fifo.sv Line: 165
Warning: [axis_fifo] FIFO full (depth=64) — upstream back-pressured at t=56845000
Time: 56845 ns  Iteration: 0  Process: /tb_pcie_axi_dma(TB_SCENARIO=2,FIFO_DEPTH=64,BATCH_COUNT=4,BATCH_TIMEOUT=64,SINK_STALL_EN=1'b1,SINK_STALL_PERIOD=4,SINK_STALL_READY=1)/dut/u_fifo/Always163_9  Scope: \tb_pcie_axi_dma(TB_SCENARIO=2,FIFO_DEPTH=64,BATCH_COUNT=4,BATCH_TIMEOUT=64,SINK_STALL_EN=1'b1,SINK_STALL_PERIOD=4,SINK_STALL_READY=1) .dut.u_fifo  File: /get/work/krishna.vardhan/git_trees/mtp_pcie_axi/pcie_axi_dma_latency/design/rtl/axis_fifo.sv Line: 165
Warning: [axis_fifo] FIFO full (depth=64) — upstream back-pressured at t=56855000
Time: 56855 ns  Iteration: 0  Process: /tb_pcie_axi_dma(TB_SCENARIO=2,FIFO_DEPTH=64,BATCH_COUNT=4,BATCH_TIMEOUT=64,SINK_STALL_EN=1'b1,SINK_STALL_PERIOD=4,SINK_STALL_READY=1)/dut/u_fifo/Always163_9  Scope: \tb_pcie_axi_dma(TB_SCENARIO=2,FIFO_DEPTH=64,BATCH_COUNT=4,BATCH_TIMEOUT=64,SINK_STALL_EN=1'b1,SINK_STALL_PERIOD=4,SINK_STALL_READY=1) .dut.u_fifo  File: /get/work/krishna.vardhan/git_trees/mtp_pcie_axi/pcie_axi_dma_latency/design/rtl/axis_fifo.sv Line: 165
Warning: [axis_fifo] FIFO full (depth=64) — upstream back-pressured at t=56875000
Time: 56875 ns  Iteration: 0  Process: /tb_pcie_axi_dma(TB_SCENARIO=2,FIFO_DEPTH=64,BATCH_COUNT=4,BATCH_TIMEOUT=64,SINK_STALL_EN=1'b1,SINK_STALL_PERIOD=4,SINK_STALL_READY=1)/dut/u_fifo/Always163_9  Scope: \tb_pcie_axi_dma(TB_SCENARIO=2,FIFO_DEPTH=64,BATCH_COUNT=4,BATCH_TIMEOUT=64,SINK_STALL_EN=1'b1,SINK_STALL_PERIOD=4,SINK_STALL_READY=1) .dut.u_fifo  File: /get/work/krishna.vardhan/git_trees/mtp_pcie_axi/pcie_axi_dma_latency/design/rtl/axis_fifo.sv Line: 165
Warning: [axis_fifo] FIFO full (depth=64) — upstream back-pressured at t=56885000
Time: 56885 ns  Iteration: 0  Process: /tb_pcie_axi_dma(TB_SCENARIO=2,FIFO_DEPTH=64,BATCH_COUNT=4,BATCH_TIMEOUT=64,SINK_STALL_EN=1'b1,SINK_STALL_PERIOD=4,SINK_STALL_READY=1)/dut/u_fifo/Always163_9  Scope: \tb_pcie_axi_dma(TB_SCENARIO=2,FIFO_DEPTH=64,BATCH_COUNT=4,BATCH_TIMEOUT=64,SINK_STALL_EN=1'b1,SINK_STALL_PERIOD=4,SINK_STALL_READY=1) .dut.u_fifo  File: /get/work/krishna.vardhan/git_trees/mtp_pcie_axi/pcie_axi_dma_latency/design/rtl/axis_fifo.sv Line: 165
Warning: [axis_fifo] FIFO full (depth=64) — upstream back-pressured at t=56895000
Time: 56895 ns  Iteration: 0  Process: /tb_pcie_axi_dma(TB_SCENARIO=2,FIFO_DEPTH=64,BATCH_COUNT=4,BATCH_TIMEOUT=64,SINK_STALL_EN=1'b1,SINK_STALL_PERIOD=4,SINK_STALL_READY=1)/dut/u_fifo/Always163_9  Scope: \tb_pcie_axi_dma(TB_SCENARIO=2,FIFO_DEPTH=64,BATCH_COUNT=4,BATCH_TIMEOUT=64,SINK_STALL_EN=1'b1,SINK_STALL_PERIOD=4,SINK_STALL_READY=1) .dut.u_fifo  File: /get/work/krishna.vardhan/git_trees/mtp_pcie_axi/pcie_axi_dma_latency/design/rtl/axis_fifo.sv Line: 165
Warning: [axis_fifo] FIFO full (depth=64) — upstream back-pressured at t=56915000
Time: 56915 ns  Iteration: 0  Process: /tb_pcie_axi_dma(TB_SCENARIO=2,FIFO_DEPTH=64,BATCH_COUNT=4,BATCH_TIMEOUT=64,SINK_STALL_EN=1'b1,SINK_STALL_PERIOD=4,SINK_STALL_READY=1)/dut/u_fifo/Always163_9  Scope: \tb_pcie_axi_dma(TB_SCENARIO=2,FIFO_DEPTH=64,BATCH_COUNT=4,BATCH_TIMEOUT=64,SINK_STALL_EN=1'b1,SINK_STALL_PERIOD=4,SINK_STALL_READY=1) .dut.u_fifo  File: /get/work/krishna.vardhan/git_trees/mtp_pcie_axi/pcie_axi_dma_latency/design/rtl/axis_fifo.sv Line: 165
Warning: [axis_fifo] FIFO full (depth=64) — upstream back-pressured at t=56925000
Time: 56925 ns  Iteration: 0  Process: /tb_pcie_axi_dma(TB_SCENARIO=2,FIFO_DEPTH=64,BATCH_COUNT=4,BATCH_TIMEOUT=64,SINK_STALL_EN=1'b1,SINK_STALL_PERIOD=4,SINK_STALL_READY=1)/dut/u_fifo/Always163_9  Scope: \tb_pcie_axi_dma(TB_SCENARIO=2,FIFO_DEPTH=64,BATCH_COUNT=4,BATCH_TIMEOUT=64,SINK_STALL_EN=1'b1,SINK_STALL_PERIOD=4,SINK_STALL_READY=1) .dut.u_fifo  File: /get/work/krishna.vardhan/git_trees/mtp_pcie_axi/pcie_axi_dma_latency/design/rtl/axis_fifo.sv Line: 165
Warning: [axis_fifo] FIFO full (depth=64) — upstream back-pressured at t=56935000
Time: 56935 ns  Iteration: 0  Process: /tb_pcie_axi_dma(TB_SCENARIO=2,FIFO_DEPTH=64,BATCH_COUNT=4,BATCH_TIMEOUT=64,SINK_STALL_EN=1'b1,SINK_STALL_PERIOD=4,SINK_STALL_READY=1)/dut/u_fifo/Always163_9  Scope: \tb_pcie_axi_dma(TB_SCENARIO=2,FIFO_DEPTH=64,BATCH_COUNT=4,BATCH_TIMEOUT=64,SINK_STALL_EN=1'b1,SINK_STALL_PERIOD=4,SINK_STALL_READY=1) .dut.u_fifo  File: /get/work/krishna.vardhan/git_trees/mtp_pcie_axi/pcie_axi_dma_latency/design/rtl/axis_fifo.sv Line: 165
Warning: [axis_fifo] FIFO full (depth=64) — upstream back-pressured at t=56955000
Time: 56955 ns  Iteration: 0  Process: /tb_pcie_axi_dma(TB_SCENARIO=2,FIFO_DEPTH=64,BATCH_COUNT=4,BATCH_TIMEOUT=64,SINK_STALL_EN=1'b1,SINK_STALL_PERIOD=4,SINK_STALL_READY=1)/dut/u_fifo/Always163_9  Scope: \tb_pcie_axi_dma(TB_SCENARIO=2,FIFO_DEPTH=64,BATCH_COUNT=4,BATCH_TIMEOUT=64,SINK_STALL_EN=1'b1,SINK_STALL_PERIOD=4,SINK_STALL_READY=1) .dut.u_fifo  File: /get/work/krishna.vardhan/git_trees/mtp_pcie_axi/pcie_axi_dma_latency/design/rtl/axis_fifo.sv Line: 165
Warning: [axis_fifo] FIFO full (depth=64) — upstream back-pressured at t=56965000
Time: 56965 ns  Iteration: 0  Process: /tb_pcie_axi_dma(TB_SCENARIO=2,FIFO_DEPTH=64,BATCH_COUNT=4,BATCH_TIMEOUT=64,SINK_STALL_EN=1'b1,SINK_STALL_PERIOD=4,SINK_STALL_READY=1)/dut/u_fifo/Always163_9  Scope: \tb_pcie_axi_dma(TB_SCENARIO=2,FIFO_DEPTH=64,BATCH_COUNT=4,BATCH_TIMEOUT=64,SINK_STALL_EN=1'b1,SINK_STALL_PERIOD=4,SINK_STALL_READY=1) .dut.u_fifo  File: /get/work/krishna.vardhan/git_trees/mtp_pcie_axi/pcie_axi_dma_latency/design/rtl/axis_fifo.sv Line: 165
Warning: [axis_fifo] FIFO full (depth=64) — upstream back-pressured at t=56975000
Time: 56975 ns  Iteration: 0  Process: /tb_pcie_axi_dma(TB_SCENARIO=2,FIFO_DEPTH=64,BATCH_COUNT=4,BATCH_TIMEOUT=64,SINK_STALL_EN=1'b1,SINK_STALL_PERIOD=4,SINK_STALL_READY=1)/dut/u_fifo/Always163_9  Scope: \tb_pcie_axi_dma(TB_SCENARIO=2,FIFO_DEPTH=64,BATCH_COUNT=4,BATCH_TIMEOUT=64,SINK_STALL_EN=1'b1,SINK_STALL_PERIOD=4,SINK_STALL_READY=1) .dut.u_fifo  File: /get/work/krishna.vardhan/git_trees/mtp_pcie_axi/pcie_axi_dma_latency/design/rtl/axis_fifo.sv Line: 165
Warning: [axis_fifo] FIFO full (depth=64) — upstream back-pressured at t=56995000
Time: 56995 ns  Iteration: 0  Process: /tb_pcie_axi_dma(TB_SCENARIO=2,FIFO_DEPTH=64,BATCH_COUNT=4,BATCH_TIMEOUT=64,SINK_STALL_EN=1'b1,SINK_STALL_PERIOD=4,SINK_STALL_READY=1)/dut/u_fifo/Always163_9  Scope: \tb_pcie_axi_dma(TB_SCENARIO=2,FIFO_DEPTH=64,BATCH_COUNT=4,BATCH_TIMEOUT=64,SINK_STALL_EN=1'b1,SINK_STALL_PERIOD=4,SINK_STALL_READY=1) .dut.u_fifo  File: /get/work/krishna.vardhan/git_trees/mtp_pcie_axi/pcie_axi_dma_latency/design/rtl/axis_fifo.sv Line: 165
Warning: [axis_fifo] FIFO full (depth=64) — upstream back-pressured at t=57005000
Time: 57005 ns  Iteration: 0  Process: /tb_pcie_axi_dma(TB_SCENARIO=2,FIFO_DEPTH=64,BATCH_COUNT=4,BATCH_TIMEOUT=64,SINK_STALL_EN=1'b1,SINK_STALL_PERIOD=4,SINK_STALL_READY=1)/dut/u_fifo/Always163_9  Scope: \tb_pcie_axi_dma(TB_SCENARIO=2,FIFO_DEPTH=64,BATCH_COUNT=4,BATCH_TIMEOUT=64,SINK_STALL_EN=1'b1,SINK_STALL_PERIOD=4,SINK_STALL_READY=1) .dut.u_fifo  File: /get/work/krishna.vardhan/git_trees/mtp_pcie_axi/pcie_axi_dma_latency/design/rtl/axis_fifo.sv Line: 165
Warning: [axis_fifo] FIFO full (depth=64) — upstream back-pressured at t=57015000
Time: 57015 ns  Iteration: 0  Process: /tb_pcie_axi_dma(TB_SCENARIO=2,FIFO_DEPTH=64,BATCH_COUNT=4,BATCH_TIMEOUT=64,SINK_STALL_EN=1'b1,SINK_STALL_PERIOD=4,SINK_STALL_READY=1)/dut/u_fifo/Always163_9  Scope: \tb_pcie_axi_dma(TB_SCENARIO=2,FIFO_DEPTH=64,BATCH_COUNT=4,BATCH_TIMEOUT=64,SINK_STALL_EN=1'b1,SINK_STALL_PERIOD=4,SINK_STALL_READY=1) .dut.u_fifo  File: /get/work/krishna.vardhan/git_trees/mtp_pcie_axi/pcie_axi_dma_latency/design/rtl/axis_fifo.sv Line: 165
Warning: [axis_fifo] FIFO full (depth=64) — upstream back-pressured at t=57035000
Time: 57035 ns  Iteration: 0  Process: /tb_pcie_axi_dma(TB_SCENARIO=2,FIFO_DEPTH=64,BATCH_COUNT=4,BATCH_TIMEOUT=64,SINK_STALL_EN=1'b1,SINK_STALL_PERIOD=4,SINK_STALL_READY=1)/dut/u_fifo/Always163_9  Scope: \tb_pcie_axi_dma(TB_SCENARIO=2,FIFO_DEPTH=64,BATCH_COUNT=4,BATCH_TIMEOUT=64,SINK_STALL_EN=1'b1,SINK_STALL_PERIOD=4,SINK_STALL_READY=1) .dut.u_fifo  File: /get/work/krishna.vardhan/git_trees/mtp_pcie_axi/pcie_axi_dma_latency/design/rtl/axis_fifo.sv Line: 165
Warning: [axis_fifo] FIFO full (depth=64) — upstream back-pressured at t=57045000
Time: 57045 ns  Iteration: 0  Process: /tb_pcie_axi_dma(TB_SCENARIO=2,FIFO_DEPTH=64,BATCH_COUNT=4,BATCH_TIMEOUT=64,SINK_STALL_EN=1'b1,SINK_STALL_PERIOD=4,SINK_STALL_READY=1)/dut/u_fifo/Always163_9  Scope: \tb_pcie_axi_dma(TB_SCENARIO=2,FIFO_DEPTH=64,BATCH_COUNT=4,BATCH_TIMEOUT=64,SINK_STALL_EN=1'b1,SINK_STALL_PERIOD=4,SINK_STALL_READY=1) .dut.u_fifo  File: /get/work/krishna.vardhan/git_trees/mtp_pcie_axi/pcie_axi_dma_latency/design/rtl/axis_fifo.sv Line: 165
Warning: [axis_fifo] FIFO full (depth=64) — upstream back-pressured at t=57055000
Time: 57055 ns  Iteration: 0  Process: /tb_pcie_axi_dma(TB_SCENARIO=2,FIFO_DEPTH=64,BATCH_COUNT=4,BATCH_TIMEOUT=64,SINK_STALL_EN=1'b1,SINK_STALL_PERIOD=4,SINK_STALL_READY=1)/dut/u_fifo/Always163_9  Scope: \tb_pcie_axi_dma(TB_SCENARIO=2,FIFO_DEPTH=64,BATCH_COUNT=4,BATCH_TIMEOUT=64,SINK_STALL_EN=1'b1,SINK_STALL_PERIOD=4,SINK_STALL_READY=1) .dut.u_fifo  File: /get/work/krishna.vardhan/git_trees/mtp_pcie_axi/pcie_axi_dma_latency/design/rtl/axis_fifo.sv Line: 165
Warning: [axis_fifo] FIFO full (depth=64) — upstream back-pressured at t=57075000
Time: 57075 ns  Iteration: 0  Process: /tb_pcie_axi_dma(TB_SCENARIO=2,FIFO_DEPTH=64,BATCH_COUNT=4,BATCH_TIMEOUT=64,SINK_STALL_EN=1'b1,SINK_STALL_PERIOD=4,SINK_STALL_READY=1)/dut/u_fifo/Always163_9  Scope: \tb_pcie_axi_dma(TB_SCENARIO=2,FIFO_DEPTH=64,BATCH_COUNT=4,BATCH_TIMEOUT=64,SINK_STALL_EN=1'b1,SINK_STALL_PERIOD=4,SINK_STALL_READY=1) .dut.u_fifo  File: /get/work/krishna.vardhan/git_trees/mtp_pcie_axi/pcie_axi_dma_latency/design/rtl/axis_fifo.sv Line: 165
Warning: [axis_fifo] FIFO full (depth=64) — upstream back-pressured at t=57085000
Time: 57085 ns  Iteration: 0  Process: /tb_pcie_axi_dma(TB_SCENARIO=2,FIFO_DEPTH=64,BATCH_COUNT=4,BATCH_TIMEOUT=64,SINK_STALL_EN=1'b1,SINK_STALL_PERIOD=4,SINK_STALL_READY=1)/dut/u_fifo/Always163_9  Scope: \tb_pcie_axi_dma(TB_SCENARIO=2,FIFO_DEPTH=64,BATCH_COUNT=4,BATCH_TIMEOUT=64,SINK_STALL_EN=1'b1,SINK_STALL_PERIOD=4,SINK_STALL_READY=1) .dut.u_fifo  File: /get/work/krishna.vardhan/git_trees/mtp_pcie_axi/pcie_axi_dma_latency/design/rtl/axis_fifo.sv Line: 165
Warning: [axis_fifo] FIFO full (depth=64) — upstream back-pressured at t=57095000
Time: 57095 ns  Iteration: 0  Process: /tb_pcie_axi_dma(TB_SCENARIO=2,FIFO_DEPTH=64,BATCH_COUNT=4,BATCH_TIMEOUT=64,SINK_STALL_EN=1'b1,SINK_STALL_PERIOD=4,SINK_STALL_READY=1)/dut/u_fifo/Always163_9  Scope: \tb_pcie_axi_dma(TB_SCENARIO=2,FIFO_DEPTH=64,BATCH_COUNT=4,BATCH_TIMEOUT=64,SINK_STALL_EN=1'b1,SINK_STALL_PERIOD=4,SINK_STALL_READY=1) .dut.u_fifo  File: /get/work/krishna.vardhan/git_trees/mtp_pcie_axi/pcie_axi_dma_latency/design/rtl/axis_fifo.sv Line: 165
Warning: [axis_fifo] FIFO full (depth=64) — upstream back-pressured at t=57115000
Time: 57115 ns  Iteration: 0  Process: /tb_pcie_axi_dma(TB_SCENARIO=2,FIFO_DEPTH=64,BATCH_COUNT=4,BATCH_TIMEOUT=64,SINK_STALL_EN=1'b1,SINK_STALL_PERIOD=4,SINK_STALL_READY=1)/dut/u_fifo/Always163_9  Scope: \tb_pcie_axi_dma(TB_SCENARIO=2,FIFO_DEPTH=64,BATCH_COUNT=4,BATCH_TIMEOUT=64,SINK_STALL_EN=1'b1,SINK_STALL_PERIOD=4,SINK_STALL_READY=1) .dut.u_fifo  File: /get/work/krishna.vardhan/git_trees/mtp_pcie_axi/pcie_axi_dma_latency/design/rtl/axis_fifo.sv Line: 165
Warning: [axis_fifo] FIFO full (depth=64) — upstream back-pressured at t=57125000
Time: 57125 ns  Iteration: 0  Process: /tb_pcie_axi_dma(TB_SCENARIO=2,FIFO_DEPTH=64,BATCH_COUNT=4,BATCH_TIMEOUT=64,SINK_STALL_EN=1'b1,SINK_STALL_PERIOD=4,SINK_STALL_READY=1)/dut/u_fifo/Always163_9  Scope: \tb_pcie_axi_dma(TB_SCENARIO=2,FIFO_DEPTH=64,BATCH_COUNT=4,BATCH_TIMEOUT=64,SINK_STALL_EN=1'b1,SINK_STALL_PERIOD=4,SINK_STALL_READY=1) .dut.u_fifo  File: /get/work/krishna.vardhan/git_trees/mtp_pcie_axi/pcie_axi_dma_latency/design/rtl/axis_fifo.sv Line: 165
Warning: [axis_fifo] FIFO full (depth=64) — upstream back-pressured at t=57135000
Time: 57135 ns  Iteration: 0  Process: /tb_pcie_axi_dma(TB_SCENARIO=2,FIFO_DEPTH=64,BATCH_COUNT=4,BATCH_TIMEOUT=64,SINK_STALL_EN=1'b1,SINK_STALL_PERIOD=4,SINK_STALL_READY=1)/dut/u_fifo/Always163_9  Scope: \tb_pcie_axi_dma(TB_SCENARIO=2,FIFO_DEPTH=64,BATCH_COUNT=4,BATCH_TIMEOUT=64,SINK_STALL_EN=1'b1,SINK_STALL_PERIOD=4,SINK_STALL_READY=1) .dut.u_fifo  File: /get/work/krishna.vardhan/git_trees/mtp_pcie_axi/pcie_axi_dma_latency/design/rtl/axis_fifo.sv Line: 165
Warning: [axis_fifo] FIFO full (depth=64) — upstream back-pressured at t=57155000
Time: 57155 ns  Iteration: 0  Process: /tb_pcie_axi_dma(TB_SCENARIO=2,FIFO_DEPTH=64,BATCH_COUNT=4,BATCH_TIMEOUT=64,SINK_STALL_EN=1'b1,SINK_STALL_PERIOD=4,SINK_STALL_READY=1)/dut/u_fifo/Always163_9  Scope: \tb_pcie_axi_dma(TB_SCENARIO=2,FIFO_DEPTH=64,BATCH_COUNT=4,BATCH_TIMEOUT=64,SINK_STALL_EN=1'b1,SINK_STALL_PERIOD=4,SINK_STALL_READY=1) .dut.u_fifo  File: /get/work/krishna.vardhan/git_trees/mtp_pcie_axi/pcie_axi_dma_latency/design/rtl/axis_fifo.sv Line: 165
Warning: [axis_fifo] FIFO full (depth=64) — upstream back-pressured at t=57165000
Time: 57165 ns  Iteration: 0  Process: /tb_pcie_axi_dma(TB_SCENARIO=2,FIFO_DEPTH=64,BATCH_COUNT=4,BATCH_TIMEOUT=64,SINK_STALL_EN=1'b1,SINK_STALL_PERIOD=4,SINK_STALL_READY=1)/dut/u_fifo/Always163_9  Scope: \tb_pcie_axi_dma(TB_SCENARIO=2,FIFO_DEPTH=64,BATCH_COUNT=4,BATCH_TIMEOUT=64,SINK_STALL_EN=1'b1,SINK_STALL_PERIOD=4,SINK_STALL_READY=1) .dut.u_fifo  File: /get/work/krishna.vardhan/git_trees/mtp_pcie_axi/pcie_axi_dma_latency/design/rtl/axis_fifo.sv Line: 165
Warning: [axis_fifo] FIFO full (depth=64) — upstream back-pressured at t=57175000
Time: 57175 ns  Iteration: 0  Process: /tb_pcie_axi_dma(TB_SCENARIO=2,FIFO_DEPTH=64,BATCH_COUNT=4,BATCH_TIMEOUT=64,SINK_STALL_EN=1'b1,SINK_STALL_PERIOD=4,SINK_STALL_READY=1)/dut/u_fifo/Always163_9  Scope: \tb_pcie_axi_dma(TB_SCENARIO=2,FIFO_DEPTH=64,BATCH_COUNT=4,BATCH_TIMEOUT=64,SINK_STALL_EN=1'b1,SINK_STALL_PERIOD=4,SINK_STALL_READY=1) .dut.u_fifo  File: /get/work/krishna.vardhan/git_trees/mtp_pcie_axi/pcie_axi_dma_latency/design/rtl/axis_fifo.sv Line: 165
Warning: [axis_fifo] FIFO full (depth=64) — upstream back-pressured at t=57195000
Time: 57195 ns  Iteration: 0  Process: /tb_pcie_axi_dma(TB_SCENARIO=2,FIFO_DEPTH=64,BATCH_COUNT=4,BATCH_TIMEOUT=64,SINK_STALL_EN=1'b1,SINK_STALL_PERIOD=4,SINK_STALL_READY=1)/dut/u_fifo/Always163_9  Scope: \tb_pcie_axi_dma(TB_SCENARIO=2,FIFO_DEPTH=64,BATCH_COUNT=4,BATCH_TIMEOUT=64,SINK_STALL_EN=1'b1,SINK_STALL_PERIOD=4,SINK_STALL_READY=1) .dut.u_fifo  File: /get/work/krishna.vardhan/git_trees/mtp_pcie_axi/pcie_axi_dma_latency/design/rtl/axis_fifo.sv Line: 165
Warning: [axis_fifo] FIFO full (depth=64) — upstream back-pressured at t=57205000
Time: 57205 ns  Iteration: 0  Process: /tb_pcie_axi_dma(TB_SCENARIO=2,FIFO_DEPTH=64,BATCH_COUNT=4,BATCH_TIMEOUT=64,SINK_STALL_EN=1'b1,SINK_STALL_PERIOD=4,SINK_STALL_READY=1)/dut/u_fifo/Always163_9  Scope: \tb_pcie_axi_dma(TB_SCENARIO=2,FIFO_DEPTH=64,BATCH_COUNT=4,BATCH_TIMEOUT=64,SINK_STALL_EN=1'b1,SINK_STALL_PERIOD=4,SINK_STALL_READY=1) .dut.u_fifo  File: /get/work/krishna.vardhan/git_trees/mtp_pcie_axi/pcie_axi_dma_latency/design/rtl/axis_fifo.sv Line: 165
Warning: [axis_fifo] FIFO full (depth=64) — upstream back-pressured at t=57215000
Time: 57215 ns  Iteration: 0  Process: /tb_pcie_axi_dma(TB_SCENARIO=2,FIFO_DEPTH=64,BATCH_COUNT=4,BATCH_TIMEOUT=64,SINK_STALL_EN=1'b1,SINK_STALL_PERIOD=4,SINK_STALL_READY=1)/dut/u_fifo/Always163_9  Scope: \tb_pcie_axi_dma(TB_SCENARIO=2,FIFO_DEPTH=64,BATCH_COUNT=4,BATCH_TIMEOUT=64,SINK_STALL_EN=1'b1,SINK_STALL_PERIOD=4,SINK_STALL_READY=1) .dut.u_fifo  File: /get/work/krishna.vardhan/git_trees/mtp_pcie_axi/pcie_axi_dma_latency/design/rtl/axis_fifo.sv Line: 165
Warning: [axis_fifo] FIFO full (depth=64) — upstream back-pressured at t=57235000
Time: 57235 ns  Iteration: 0  Process: /tb_pcie_axi_dma(TB_SCENARIO=2,FIFO_DEPTH=64,BATCH_COUNT=4,BATCH_TIMEOUT=64,SINK_STALL_EN=1'b1,SINK_STALL_PERIOD=4,SINK_STALL_READY=1)/dut/u_fifo/Always163_9  Scope: \tb_pcie_axi_dma(TB_SCENARIO=2,FIFO_DEPTH=64,BATCH_COUNT=4,BATCH_TIMEOUT=64,SINK_STALL_EN=1'b1,SINK_STALL_PERIOD=4,SINK_STALL_READY=1) .dut.u_fifo  File: /get/work/krishna.vardhan/git_trees/mtp_pcie_axi/pcie_axi_dma_latency/design/rtl/axis_fifo.sv Line: 165
Warning: [axis_fifo] FIFO full (depth=64) — upstream back-pressured at t=57245000
Time: 57245 ns  Iteration: 0  Process: /tb_pcie_axi_dma(TB_SCENARIO=2,FIFO_DEPTH=64,BATCH_COUNT=4,BATCH_TIMEOUT=64,SINK_STALL_EN=1'b1,SINK_STALL_PERIOD=4,SINK_STALL_READY=1)/dut/u_fifo/Always163_9  Scope: \tb_pcie_axi_dma(TB_SCENARIO=2,FIFO_DEPTH=64,BATCH_COUNT=4,BATCH_TIMEOUT=64,SINK_STALL_EN=1'b1,SINK_STALL_PERIOD=4,SINK_STALL_READY=1) .dut.u_fifo  File: /get/work/krishna.vardhan/git_trees/mtp_pcie_axi/pcie_axi_dma_latency/design/rtl/axis_fifo.sv Line: 165
Warning: [axis_fifo] FIFO full (depth=64) — upstream back-pressured at t=57255000
Time: 57255 ns  Iteration: 0  Process: /tb_pcie_axi_dma(TB_SCENARIO=2,FIFO_DEPTH=64,BATCH_COUNT=4,BATCH_TIMEOUT=64,SINK_STALL_EN=1'b1,SINK_STALL_PERIOD=4,SINK_STALL_READY=1)/dut/u_fifo/Always163_9  Scope: \tb_pcie_axi_dma(TB_SCENARIO=2,FIFO_DEPTH=64,BATCH_COUNT=4,BATCH_TIMEOUT=64,SINK_STALL_EN=1'b1,SINK_STALL_PERIOD=4,SINK_STALL_READY=1) .dut.u_fifo  File: /get/work/krishna.vardhan/git_trees/mtp_pcie_axi/pcie_axi_dma_latency/design/rtl/axis_fifo.sv Line: 165
Warning: [axis_fifo] FIFO full (depth=64) — upstream back-pressured at t=57275000
Time: 57275 ns  Iteration: 0  Process: /tb_pcie_axi_dma(TB_SCENARIO=2,FIFO_DEPTH=64,BATCH_COUNT=4,BATCH_TIMEOUT=64,SINK_STALL_EN=1'b1,SINK_STALL_PERIOD=4,SINK_STALL_READY=1)/dut/u_fifo/Always163_9  Scope: \tb_pcie_axi_dma(TB_SCENARIO=2,FIFO_DEPTH=64,BATCH_COUNT=4,BATCH_TIMEOUT=64,SINK_STALL_EN=1'b1,SINK_STALL_PERIOD=4,SINK_STALL_READY=1) .dut.u_fifo  File: /get/work/krishna.vardhan/git_trees/mtp_pcie_axi/pcie_axi_dma_latency/design/rtl/axis_fifo.sv Line: 165
Warning: [axis_fifo] FIFO full (depth=64) — upstream back-pressured at t=57285000
Time: 57285 ns  Iteration: 0  Process: /tb_pcie_axi_dma(TB_SCENARIO=2,FIFO_DEPTH=64,BATCH_COUNT=4,BATCH_TIMEOUT=64,SINK_STALL_EN=1'b1,SINK_STALL_PERIOD=4,SINK_STALL_READY=1)/dut/u_fifo/Always163_9  Scope: \tb_pcie_axi_dma(TB_SCENARIO=2,FIFO_DEPTH=64,BATCH_COUNT=4,BATCH_TIMEOUT=64,SINK_STALL_EN=1'b1,SINK_STALL_PERIOD=4,SINK_STALL_READY=1) .dut.u_fifo  File: /get/work/krishna.vardhan/git_trees/mtp_pcie_axi/pcie_axi_dma_latency/design/rtl/axis_fifo.sv Line: 165
Warning: [axis_fifo] FIFO full (depth=64) — upstream back-pressured at t=57295000
Time: 57295 ns  Iteration: 0  Process: /tb_pcie_axi_dma(TB_SCENARIO=2,FIFO_DEPTH=64,BATCH_COUNT=4,BATCH_TIMEOUT=64,SINK_STALL_EN=1'b1,SINK_STALL_PERIOD=4,SINK_STALL_READY=1)/dut/u_fifo/Always163_9  Scope: \tb_pcie_axi_dma(TB_SCENARIO=2,FIFO_DEPTH=64,BATCH_COUNT=4,BATCH_TIMEOUT=64,SINK_STALL_EN=1'b1,SINK_STALL_PERIOD=4,SINK_STALL_READY=1) .dut.u_fifo  File: /get/work/krishna.vardhan/git_trees/mtp_pcie_axi/pcie_axi_dma_latency/design/rtl/axis_fifo.sv Line: 165
Warning: [axis_fifo] FIFO full (depth=64) — upstream back-pressured at t=57315000
Time: 57315 ns  Iteration: 0  Process: /tb_pcie_axi_dma(TB_SCENARIO=2,FIFO_DEPTH=64,BATCH_COUNT=4,BATCH_TIMEOUT=64,SINK_STALL_EN=1'b1,SINK_STALL_PERIOD=4,SINK_STALL_READY=1)/dut/u_fifo/Always163_9  Scope: \tb_pcie_axi_dma(TB_SCENARIO=2,FIFO_DEPTH=64,BATCH_COUNT=4,BATCH_TIMEOUT=64,SINK_STALL_EN=1'b1,SINK_STALL_PERIOD=4,SINK_STALL_READY=1) .dut.u_fifo  File: /get/work/krishna.vardhan/git_trees/mtp_pcie_axi/pcie_axi_dma_latency/design/rtl/axis_fifo.sv Line: 165
Warning: [axis_fifo] FIFO full (depth=64) — upstream back-pressured at t=57325000
Time: 57325 ns  Iteration: 0  Process: /tb_pcie_axi_dma(TB_SCENARIO=2,FIFO_DEPTH=64,BATCH_COUNT=4,BATCH_TIMEOUT=64,SINK_STALL_EN=1'b1,SINK_STALL_PERIOD=4,SINK_STALL_READY=1)/dut/u_fifo/Always163_9  Scope: \tb_pcie_axi_dma(TB_SCENARIO=2,FIFO_DEPTH=64,BATCH_COUNT=4,BATCH_TIMEOUT=64,SINK_STALL_EN=1'b1,SINK_STALL_PERIOD=4,SINK_STALL_READY=1) .dut.u_fifo  File: /get/work/krishna.vardhan/git_trees/mtp_pcie_axi/pcie_axi_dma_latency/design/rtl/axis_fifo.sv Line: 165
Warning: [axis_fifo] FIFO full (depth=64) — upstream back-pressured at t=57335000
Time: 57335 ns  Iteration: 0  Process: /tb_pcie_axi_dma(TB_SCENARIO=2,FIFO_DEPTH=64,BATCH_COUNT=4,BATCH_TIMEOUT=64,SINK_STALL_EN=1'b1,SINK_STALL_PERIOD=4,SINK_STALL_READY=1)/dut/u_fifo/Always163_9  Scope: \tb_pcie_axi_dma(TB_SCENARIO=2,FIFO_DEPTH=64,BATCH_COUNT=4,BATCH_TIMEOUT=64,SINK_STALL_EN=1'b1,SINK_STALL_PERIOD=4,SINK_STALL_READY=1) .dut.u_fifo  File: /get/work/krishna.vardhan/git_trees/mtp_pcie_axi/pcie_axi_dma_latency/design/rtl/axis_fifo.sv Line: 165
Warning: [axis_fifo] FIFO full (depth=64) — upstream back-pressured at t=57355000
Time: 57355 ns  Iteration: 0  Process: /tb_pcie_axi_dma(TB_SCENARIO=2,FIFO_DEPTH=64,BATCH_COUNT=4,BATCH_TIMEOUT=64,SINK_STALL_EN=1'b1,SINK_STALL_PERIOD=4,SINK_STALL_READY=1)/dut/u_fifo/Always163_9  Scope: \tb_pcie_axi_dma(TB_SCENARIO=2,FIFO_DEPTH=64,BATCH_COUNT=4,BATCH_TIMEOUT=64,SINK_STALL_EN=1'b1,SINK_STALL_PERIOD=4,SINK_STALL_READY=1) .dut.u_fifo  File: /get/work/krishna.vardhan/git_trees/mtp_pcie_axi/pcie_axi_dma_latency/design/rtl/axis_fifo.sv Line: 165
Warning: [axis_fifo] FIFO full (depth=64) — upstream back-pressured at t=57365000
Time: 57365 ns  Iteration: 0  Process: /tb_pcie_axi_dma(TB_SCENARIO=2,FIFO_DEPTH=64,BATCH_COUNT=4,BATCH_TIMEOUT=64,SINK_STALL_EN=1'b1,SINK_STALL_PERIOD=4,SINK_STALL_READY=1)/dut/u_fifo/Always163_9  Scope: \tb_pcie_axi_dma(TB_SCENARIO=2,FIFO_DEPTH=64,BATCH_COUNT=4,BATCH_TIMEOUT=64,SINK_STALL_EN=1'b1,SINK_STALL_PERIOD=4,SINK_STALL_READY=1) .dut.u_fifo  File: /get/work/krishna.vardhan/git_trees/mtp_pcie_axi/pcie_axi_dma_latency/design/rtl/axis_fifo.sv Line: 165
Warning: [axis_fifo] FIFO full (depth=64) — upstream back-pressured at t=57375000
Time: 57375 ns  Iteration: 0  Process: /tb_pcie_axi_dma(TB_SCENARIO=2,FIFO_DEPTH=64,BATCH_COUNT=4,BATCH_TIMEOUT=64,SINK_STALL_EN=1'b1,SINK_STALL_PERIOD=4,SINK_STALL_READY=1)/dut/u_fifo/Always163_9  Scope: \tb_pcie_axi_dma(TB_SCENARIO=2,FIFO_DEPTH=64,BATCH_COUNT=4,BATCH_TIMEOUT=64,SINK_STALL_EN=1'b1,SINK_STALL_PERIOD=4,SINK_STALL_READY=1) .dut.u_fifo  File: /get/work/krishna.vardhan/git_trees/mtp_pcie_axi/pcie_axi_dma_latency/design/rtl/axis_fifo.sv Line: 165
Warning: [axis_fifo] FIFO full (depth=64) — upstream back-pressured at t=57395000
Time: 57395 ns  Iteration: 0  Process: /tb_pcie_axi_dma(TB_SCENARIO=2,FIFO_DEPTH=64,BATCH_COUNT=4,BATCH_TIMEOUT=64,SINK_STALL_EN=1'b1,SINK_STALL_PERIOD=4,SINK_STALL_READY=1)/dut/u_fifo/Always163_9  Scope: \tb_pcie_axi_dma(TB_SCENARIO=2,FIFO_DEPTH=64,BATCH_COUNT=4,BATCH_TIMEOUT=64,SINK_STALL_EN=1'b1,SINK_STALL_PERIOD=4,SINK_STALL_READY=1) .dut.u_fifo  File: /get/work/krishna.vardhan/git_trees/mtp_pcie_axi/pcie_axi_dma_latency/design/rtl/axis_fifo.sv Line: 165
Warning: [axis_fifo] FIFO full (depth=64) — upstream back-pressured at t=57405000
Time: 57405 ns  Iteration: 0  Process: /tb_pcie_axi_dma(TB_SCENARIO=2,FIFO_DEPTH=64,BATCH_COUNT=4,BATCH_TIMEOUT=64,SINK_STALL_EN=1'b1,SINK_STALL_PERIOD=4,SINK_STALL_READY=1)/dut/u_fifo/Always163_9  Scope: \tb_pcie_axi_dma(TB_SCENARIO=2,FIFO_DEPTH=64,BATCH_COUNT=4,BATCH_TIMEOUT=64,SINK_STALL_EN=1'b1,SINK_STALL_PERIOD=4,SINK_STALL_READY=1) .dut.u_fifo  File: /get/work/krishna.vardhan/git_trees/mtp_pcie_axi/pcie_axi_dma_latency/design/rtl/axis_fifo.sv Line: 165
Warning: [axis_fifo] FIFO full (depth=64) — upstream back-pressured at t=57415000
Time: 57415 ns  Iteration: 0  Process: /tb_pcie_axi_dma(TB_SCENARIO=2,FIFO_DEPTH=64,BATCH_COUNT=4,BATCH_TIMEOUT=64,SINK_STALL_EN=1'b1,SINK_STALL_PERIOD=4,SINK_STALL_READY=1)/dut/u_fifo/Always163_9  Scope: \tb_pcie_axi_dma(TB_SCENARIO=2,FIFO_DEPTH=64,BATCH_COUNT=4,BATCH_TIMEOUT=64,SINK_STALL_EN=1'b1,SINK_STALL_PERIOD=4,SINK_STALL_READY=1) .dut.u_fifo  File: /get/work/krishna.vardhan/git_trees/mtp_pcie_axi/pcie_axi_dma_latency/design/rtl/axis_fifo.sv Line: 165
Warning: [axis_fifo] FIFO full (depth=64) — upstream back-pressured at t=57435000
Time: 57435 ns  Iteration: 0  Process: /tb_pcie_axi_dma(TB_SCENARIO=2,FIFO_DEPTH=64,BATCH_COUNT=4,BATCH_TIMEOUT=64,SINK_STALL_EN=1'b1,SINK_STALL_PERIOD=4,SINK_STALL_READY=1)/dut/u_fifo/Always163_9  Scope: \tb_pcie_axi_dma(TB_SCENARIO=2,FIFO_DEPTH=64,BATCH_COUNT=4,BATCH_TIMEOUT=64,SINK_STALL_EN=1'b1,SINK_STALL_PERIOD=4,SINK_STALL_READY=1) .dut.u_fifo  File: /get/work/krishna.vardhan/git_trees/mtp_pcie_axi/pcie_axi_dma_latency/design/rtl/axis_fifo.sv Line: 165
Warning: [axis_fifo] FIFO full (depth=64) — upstream back-pressured at t=57445000
Time: 57445 ns  Iteration: 0  Process: /tb_pcie_axi_dma(TB_SCENARIO=2,FIFO_DEPTH=64,BATCH_COUNT=4,BATCH_TIMEOUT=64,SINK_STALL_EN=1'b1,SINK_STALL_PERIOD=4,SINK_STALL_READY=1)/dut/u_fifo/Always163_9  Scope: \tb_pcie_axi_dma(TB_SCENARIO=2,FIFO_DEPTH=64,BATCH_COUNT=4,BATCH_TIMEOUT=64,SINK_STALL_EN=1'b1,SINK_STALL_PERIOD=4,SINK_STALL_READY=1) .dut.u_fifo  File: /get/work/krishna.vardhan/git_trees/mtp_pcie_axi/pcie_axi_dma_latency/design/rtl/axis_fifo.sv Line: 165
Warning: [axis_fifo] FIFO full (depth=64) — upstream back-pressured at t=57455000
Time: 57455 ns  Iteration: 0  Process: /tb_pcie_axi_dma(TB_SCENARIO=2,FIFO_DEPTH=64,BATCH_COUNT=4,BATCH_TIMEOUT=64,SINK_STALL_EN=1'b1,SINK_STALL_PERIOD=4,SINK_STALL_READY=1)/dut/u_fifo/Always163_9  Scope: \tb_pcie_axi_dma(TB_SCENARIO=2,FIFO_DEPTH=64,BATCH_COUNT=4,BATCH_TIMEOUT=64,SINK_STALL_EN=1'b1,SINK_STALL_PERIOD=4,SINK_STALL_READY=1) .dut.u_fifo  File: /get/work/krishna.vardhan/git_trees/mtp_pcie_axi/pcie_axi_dma_latency/design/rtl/axis_fifo.sv Line: 165
Warning: [axis_fifo] FIFO full (depth=64) — upstream back-pressured at t=57475000
Time: 57475 ns  Iteration: 0  Process: /tb_pcie_axi_dma(TB_SCENARIO=2,FIFO_DEPTH=64,BATCH_COUNT=4,BATCH_TIMEOUT=64,SINK_STALL_EN=1'b1,SINK_STALL_PERIOD=4,SINK_STALL_READY=1)/dut/u_fifo/Always163_9  Scope: \tb_pcie_axi_dma(TB_SCENARIO=2,FIFO_DEPTH=64,BATCH_COUNT=4,BATCH_TIMEOUT=64,SINK_STALL_EN=1'b1,SINK_STALL_PERIOD=4,SINK_STALL_READY=1) .dut.u_fifo  File: /get/work/krishna.vardhan/git_trees/mtp_pcie_axi/pcie_axi_dma_latency/design/rtl/axis_fifo.sv Line: 165
Warning: [axis_fifo] FIFO full (depth=64) — upstream back-pressured at t=57485000
Time: 57485 ns  Iteration: 0  Process: /tb_pcie_axi_dma(TB_SCENARIO=2,FIFO_DEPTH=64,BATCH_COUNT=4,BATCH_TIMEOUT=64,SINK_STALL_EN=1'b1,SINK_STALL_PERIOD=4,SINK_STALL_READY=1)/dut/u_fifo/Always163_9  Scope: \tb_pcie_axi_dma(TB_SCENARIO=2,FIFO_DEPTH=64,BATCH_COUNT=4,BATCH_TIMEOUT=64,SINK_STALL_EN=1'b1,SINK_STALL_PERIOD=4,SINK_STALL_READY=1) .dut.u_fifo  File: /get/work/krishna.vardhan/git_trees/mtp_pcie_axi/pcie_axi_dma_latency/design/rtl/axis_fifo.sv Line: 165
Warning: [axis_fifo] FIFO full (depth=64) — upstream back-pressured at t=57495000
Time: 57495 ns  Iteration: 0  Process: /tb_pcie_axi_dma(TB_SCENARIO=2,FIFO_DEPTH=64,BATCH_COUNT=4,BATCH_TIMEOUT=64,SINK_STALL_EN=1'b1,SINK_STALL_PERIOD=4,SINK_STALL_READY=1)/dut/u_fifo/Always163_9  Scope: \tb_pcie_axi_dma(TB_SCENARIO=2,FIFO_DEPTH=64,BATCH_COUNT=4,BATCH_TIMEOUT=64,SINK_STALL_EN=1'b1,SINK_STALL_PERIOD=4,SINK_STALL_READY=1) .dut.u_fifo  File: /get/work/krishna.vardhan/git_trees/mtp_pcie_axi/pcie_axi_dma_latency/design/rtl/axis_fifo.sv Line: 165
Warning: [axis_fifo] FIFO full (depth=64) — upstream back-pressured at t=57515000
Time: 57515 ns  Iteration: 0  Process: /tb_pcie_axi_dma(TB_SCENARIO=2,FIFO_DEPTH=64,BATCH_COUNT=4,BATCH_TIMEOUT=64,SINK_STALL_EN=1'b1,SINK_STALL_PERIOD=4,SINK_STALL_READY=1)/dut/u_fifo/Always163_9  Scope: \tb_pcie_axi_dma(TB_SCENARIO=2,FIFO_DEPTH=64,BATCH_COUNT=4,BATCH_TIMEOUT=64,SINK_STALL_EN=1'b1,SINK_STALL_PERIOD=4,SINK_STALL_READY=1) .dut.u_fifo  File: /get/work/krishna.vardhan/git_trees/mtp_pcie_axi/pcie_axi_dma_latency/design/rtl/axis_fifo.sv Line: 165
Warning: [axis_fifo] FIFO full (depth=64) — upstream back-pressured at t=57525000
Time: 57525 ns  Iteration: 0  Process: /tb_pcie_axi_dma(TB_SCENARIO=2,FIFO_DEPTH=64,BATCH_COUNT=4,BATCH_TIMEOUT=64,SINK_STALL_EN=1'b1,SINK_STALL_PERIOD=4,SINK_STALL_READY=1)/dut/u_fifo/Always163_9  Scope: \tb_pcie_axi_dma(TB_SCENARIO=2,FIFO_DEPTH=64,BATCH_COUNT=4,BATCH_TIMEOUT=64,SINK_STALL_EN=1'b1,SINK_STALL_PERIOD=4,SINK_STALL_READY=1) .dut.u_fifo  File: /get/work/krishna.vardhan/git_trees/mtp_pcie_axi/pcie_axi_dma_latency/design/rtl/axis_fifo.sv Line: 165
Warning: [axis_fifo] FIFO full (depth=64) — upstream back-pressured at t=57535000
Time: 57535 ns  Iteration: 0  Process: /tb_pcie_axi_dma(TB_SCENARIO=2,FIFO_DEPTH=64,BATCH_COUNT=4,BATCH_TIMEOUT=64,SINK_STALL_EN=1'b1,SINK_STALL_PERIOD=4,SINK_STALL_READY=1)/dut/u_fifo/Always163_9  Scope: \tb_pcie_axi_dma(TB_SCENARIO=2,FIFO_DEPTH=64,BATCH_COUNT=4,BATCH_TIMEOUT=64,SINK_STALL_EN=1'b1,SINK_STALL_PERIOD=4,SINK_STALL_READY=1) .dut.u_fifo  File: /get/work/krishna.vardhan/git_trees/mtp_pcie_axi/pcie_axi_dma_latency/design/rtl/axis_fifo.sv Line: 165
Warning: [axis_fifo] FIFO full (depth=64) — upstream back-pressured at t=57555000
Time: 57555 ns  Iteration: 0  Process: /tb_pcie_axi_dma(TB_SCENARIO=2,FIFO_DEPTH=64,BATCH_COUNT=4,BATCH_TIMEOUT=64,SINK_STALL_EN=1'b1,SINK_STALL_PERIOD=4,SINK_STALL_READY=1)/dut/u_fifo/Always163_9  Scope: \tb_pcie_axi_dma(TB_SCENARIO=2,FIFO_DEPTH=64,BATCH_COUNT=4,BATCH_TIMEOUT=64,SINK_STALL_EN=1'b1,SINK_STALL_PERIOD=4,SINK_STALL_READY=1) .dut.u_fifo  File: /get/work/krishna.vardhan/git_trees/mtp_pcie_axi/pcie_axi_dma_latency/design/rtl/axis_fifo.sv Line: 165
Warning: [axis_fifo] FIFO full (depth=64) — upstream back-pressured at t=57565000
Time: 57565 ns  Iteration: 0  Process: /tb_pcie_axi_dma(TB_SCENARIO=2,FIFO_DEPTH=64,BATCH_COUNT=4,BATCH_TIMEOUT=64,SINK_STALL_EN=1'b1,SINK_STALL_PERIOD=4,SINK_STALL_READY=1)/dut/u_fifo/Always163_9  Scope: \tb_pcie_axi_dma(TB_SCENARIO=2,FIFO_DEPTH=64,BATCH_COUNT=4,BATCH_TIMEOUT=64,SINK_STALL_EN=1'b1,SINK_STALL_PERIOD=4,SINK_STALL_READY=1) .dut.u_fifo  File: /get/work/krishna.vardhan/git_trees/mtp_pcie_axi/pcie_axi_dma_latency/design/rtl/axis_fifo.sv Line: 165
Warning: [axis_fifo] FIFO full (depth=64) — upstream back-pressured at t=57575000
Time: 57575 ns  Iteration: 0  Process: /tb_pcie_axi_dma(TB_SCENARIO=2,FIFO_DEPTH=64,BATCH_COUNT=4,BATCH_TIMEOUT=64,SINK_STALL_EN=1'b1,SINK_STALL_PERIOD=4,SINK_STALL_READY=1)/dut/u_fifo/Always163_9  Scope: \tb_pcie_axi_dma(TB_SCENARIO=2,FIFO_DEPTH=64,BATCH_COUNT=4,BATCH_TIMEOUT=64,SINK_STALL_EN=1'b1,SINK_STALL_PERIOD=4,SINK_STALL_READY=1) .dut.u_fifo  File: /get/work/krishna.vardhan/git_trees/mtp_pcie_axi/pcie_axi_dma_latency/design/rtl/axis_fifo.sv Line: 165
Warning: [axis_fifo] FIFO full (depth=64) — upstream back-pressured at t=57595000
Time: 57595 ns  Iteration: 0  Process: /tb_pcie_axi_dma(TB_SCENARIO=2,FIFO_DEPTH=64,BATCH_COUNT=4,BATCH_TIMEOUT=64,SINK_STALL_EN=1'b1,SINK_STALL_PERIOD=4,SINK_STALL_READY=1)/dut/u_fifo/Always163_9  Scope: \tb_pcie_axi_dma(TB_SCENARIO=2,FIFO_DEPTH=64,BATCH_COUNT=4,BATCH_TIMEOUT=64,SINK_STALL_EN=1'b1,SINK_STALL_PERIOD=4,SINK_STALL_READY=1) .dut.u_fifo  File: /get/work/krishna.vardhan/git_trees/mtp_pcie_axi/pcie_axi_dma_latency/design/rtl/axis_fifo.sv Line: 165
Warning: [axis_fifo] FIFO full (depth=64) — upstream back-pressured at t=57605000
Time: 57605 ns  Iteration: 0  Process: /tb_pcie_axi_dma(TB_SCENARIO=2,FIFO_DEPTH=64,BATCH_COUNT=4,BATCH_TIMEOUT=64,SINK_STALL_EN=1'b1,SINK_STALL_PERIOD=4,SINK_STALL_READY=1)/dut/u_fifo/Always163_9  Scope: \tb_pcie_axi_dma(TB_SCENARIO=2,FIFO_DEPTH=64,BATCH_COUNT=4,BATCH_TIMEOUT=64,SINK_STALL_EN=1'b1,SINK_STALL_PERIOD=4,SINK_STALL_READY=1) .dut.u_fifo  File: /get/work/krishna.vardhan/git_trees/mtp_pcie_axi/pcie_axi_dma_latency/design/rtl/axis_fifo.sv Line: 165
Warning: [axis_fifo] FIFO full (depth=64) — upstream back-pressured at t=57615000
Time: 57615 ns  Iteration: 0  Process: /tb_pcie_axi_dma(TB_SCENARIO=2,FIFO_DEPTH=64,BATCH_COUNT=4,BATCH_TIMEOUT=64,SINK_STALL_EN=1'b1,SINK_STALL_PERIOD=4,SINK_STALL_READY=1)/dut/u_fifo/Always163_9  Scope: \tb_pcie_axi_dma(TB_SCENARIO=2,FIFO_DEPTH=64,BATCH_COUNT=4,BATCH_TIMEOUT=64,SINK_STALL_EN=1'b1,SINK_STALL_PERIOD=4,SINK_STALL_READY=1) .dut.u_fifo  File: /get/work/krishna.vardhan/git_trees/mtp_pcie_axi/pcie_axi_dma_latency/design/rtl/axis_fifo.sv Line: 165
Warning: [axis_fifo] FIFO full (depth=64) — upstream back-pressured at t=57635000
Time: 57635 ns  Iteration: 0  Process: /tb_pcie_axi_dma(TB_SCENARIO=2,FIFO_DEPTH=64,BATCH_COUNT=4,BATCH_TIMEOUT=64,SINK_STALL_EN=1'b1,SINK_STALL_PERIOD=4,SINK_STALL_READY=1)/dut/u_fifo/Always163_9  Scope: \tb_pcie_axi_dma(TB_SCENARIO=2,FIFO_DEPTH=64,BATCH_COUNT=4,BATCH_TIMEOUT=64,SINK_STALL_EN=1'b1,SINK_STALL_PERIOD=4,SINK_STALL_READY=1) .dut.u_fifo  File: /get/work/krishna.vardhan/git_trees/mtp_pcie_axi/pcie_axi_dma_latency/design/rtl/axis_fifo.sv Line: 165
Warning: [axis_fifo] FIFO full (depth=64) — upstream back-pressured at t=57645000
Time: 57645 ns  Iteration: 0  Process: /tb_pcie_axi_dma(TB_SCENARIO=2,FIFO_DEPTH=64,BATCH_COUNT=4,BATCH_TIMEOUT=64,SINK_STALL_EN=1'b1,SINK_STALL_PERIOD=4,SINK_STALL_READY=1)/dut/u_fifo/Always163_9  Scope: \tb_pcie_axi_dma(TB_SCENARIO=2,FIFO_DEPTH=64,BATCH_COUNT=4,BATCH_TIMEOUT=64,SINK_STALL_EN=1'b1,SINK_STALL_PERIOD=4,SINK_STALL_READY=1) .dut.u_fifo  File: /get/work/krishna.vardhan/git_trees/mtp_pcie_axi/pcie_axi_dma_latency/design/rtl/axis_fifo.sv Line: 165
Warning: [axis_fifo] FIFO full (depth=64) — upstream back-pressured at t=57655000
Time: 57655 ns  Iteration: 0  Process: /tb_pcie_axi_dma(TB_SCENARIO=2,FIFO_DEPTH=64,BATCH_COUNT=4,BATCH_TIMEOUT=64,SINK_STALL_EN=1'b1,SINK_STALL_PERIOD=4,SINK_STALL_READY=1)/dut/u_fifo/Always163_9  Scope: \tb_pcie_axi_dma(TB_SCENARIO=2,FIFO_DEPTH=64,BATCH_COUNT=4,BATCH_TIMEOUT=64,SINK_STALL_EN=1'b1,SINK_STALL_PERIOD=4,SINK_STALL_READY=1) .dut.u_fifo  File: /get/work/krishna.vardhan/git_trees/mtp_pcie_axi/pcie_axi_dma_latency/design/rtl/axis_fifo.sv Line: 165
Warning: [axis_fifo] FIFO full (depth=64) — upstream back-pressured at t=57675000
Time: 57675 ns  Iteration: 0  Process: /tb_pcie_axi_dma(TB_SCENARIO=2,FIFO_DEPTH=64,BATCH_COUNT=4,BATCH_TIMEOUT=64,SINK_STALL_EN=1'b1,SINK_STALL_PERIOD=4,SINK_STALL_READY=1)/dut/u_fifo/Always163_9  Scope: \tb_pcie_axi_dma(TB_SCENARIO=2,FIFO_DEPTH=64,BATCH_COUNT=4,BATCH_TIMEOUT=64,SINK_STALL_EN=1'b1,SINK_STALL_PERIOD=4,SINK_STALL_READY=1) .dut.u_fifo  File: /get/work/krishna.vardhan/git_trees/mtp_pcie_axi/pcie_axi_dma_latency/design/rtl/axis_fifo.sv Line: 165
Warning: [axis_fifo] FIFO full (depth=64) — upstream back-pressured at t=57685000
Time: 57685 ns  Iteration: 0  Process: /tb_pcie_axi_dma(TB_SCENARIO=2,FIFO_DEPTH=64,BATCH_COUNT=4,BATCH_TIMEOUT=64,SINK_STALL_EN=1'b1,SINK_STALL_PERIOD=4,SINK_STALL_READY=1)/dut/u_fifo/Always163_9  Scope: \tb_pcie_axi_dma(TB_SCENARIO=2,FIFO_DEPTH=64,BATCH_COUNT=4,BATCH_TIMEOUT=64,SINK_STALL_EN=1'b1,SINK_STALL_PERIOD=4,SINK_STALL_READY=1) .dut.u_fifo  File: /get/work/krishna.vardhan/git_trees/mtp_pcie_axi/pcie_axi_dma_latency/design/rtl/axis_fifo.sv Line: 165
Warning: [axis_fifo] FIFO full (depth=64) — upstream back-pressured at t=57695000
Time: 57695 ns  Iteration: 0  Process: /tb_pcie_axi_dma(TB_SCENARIO=2,FIFO_DEPTH=64,BATCH_COUNT=4,BATCH_TIMEOUT=64,SINK_STALL_EN=1'b1,SINK_STALL_PERIOD=4,SINK_STALL_READY=1)/dut/u_fifo/Always163_9  Scope: \tb_pcie_axi_dma(TB_SCENARIO=2,FIFO_DEPTH=64,BATCH_COUNT=4,BATCH_TIMEOUT=64,SINK_STALL_EN=1'b1,SINK_STALL_PERIOD=4,SINK_STALL_READY=1) .dut.u_fifo  File: /get/work/krishna.vardhan/git_trees/mtp_pcie_axi/pcie_axi_dma_latency/design/rtl/axis_fifo.sv Line: 165
Warning: [axis_fifo] FIFO full (depth=64) — upstream back-pressured at t=57715000
Time: 57715 ns  Iteration: 0  Process: /tb_pcie_axi_dma(TB_SCENARIO=2,FIFO_DEPTH=64,BATCH_COUNT=4,BATCH_TIMEOUT=64,SINK_STALL_EN=1'b1,SINK_STALL_PERIOD=4,SINK_STALL_READY=1)/dut/u_fifo/Always163_9  Scope: \tb_pcie_axi_dma(TB_SCENARIO=2,FIFO_DEPTH=64,BATCH_COUNT=4,BATCH_TIMEOUT=64,SINK_STALL_EN=1'b1,SINK_STALL_PERIOD=4,SINK_STALL_READY=1) .dut.u_fifo  File: /get/work/krishna.vardhan/git_trees/mtp_pcie_axi/pcie_axi_dma_latency/design/rtl/axis_fifo.sv Line: 165
Warning: [axis_fifo] FIFO full (depth=64) — upstream back-pressured at t=57725000
Time: 57725 ns  Iteration: 0  Process: /tb_pcie_axi_dma(TB_SCENARIO=2,FIFO_DEPTH=64,BATCH_COUNT=4,BATCH_TIMEOUT=64,SINK_STALL_EN=1'b1,SINK_STALL_PERIOD=4,SINK_STALL_READY=1)/dut/u_fifo/Always163_9  Scope: \tb_pcie_axi_dma(TB_SCENARIO=2,FIFO_DEPTH=64,BATCH_COUNT=4,BATCH_TIMEOUT=64,SINK_STALL_EN=1'b1,SINK_STALL_PERIOD=4,SINK_STALL_READY=1) .dut.u_fifo  File: /get/work/krishna.vardhan/git_trees/mtp_pcie_axi/pcie_axi_dma_latency/design/rtl/axis_fifo.sv Line: 165
Warning: [axis_fifo] FIFO full (depth=64) — upstream back-pressured at t=57735000
Time: 57735 ns  Iteration: 0  Process: /tb_pcie_axi_dma(TB_SCENARIO=2,FIFO_DEPTH=64,BATCH_COUNT=4,BATCH_TIMEOUT=64,SINK_STALL_EN=1'b1,SINK_STALL_PERIOD=4,SINK_STALL_READY=1)/dut/u_fifo/Always163_9  Scope: \tb_pcie_axi_dma(TB_SCENARIO=2,FIFO_DEPTH=64,BATCH_COUNT=4,BATCH_TIMEOUT=64,SINK_STALL_EN=1'b1,SINK_STALL_PERIOD=4,SINK_STALL_READY=1) .dut.u_fifo  File: /get/work/krishna.vardhan/git_trees/mtp_pcie_axi/pcie_axi_dma_latency/design/rtl/axis_fifo.sv Line: 165
Warning: [axis_fifo] FIFO full (depth=64) — upstream back-pressured at t=57755000
Time: 57755 ns  Iteration: 0  Process: /tb_pcie_axi_dma(TB_SCENARIO=2,FIFO_DEPTH=64,BATCH_COUNT=4,BATCH_TIMEOUT=64,SINK_STALL_EN=1'b1,SINK_STALL_PERIOD=4,SINK_STALL_READY=1)/dut/u_fifo/Always163_9  Scope: \tb_pcie_axi_dma(TB_SCENARIO=2,FIFO_DEPTH=64,BATCH_COUNT=4,BATCH_TIMEOUT=64,SINK_STALL_EN=1'b1,SINK_STALL_PERIOD=4,SINK_STALL_READY=1) .dut.u_fifo  File: /get/work/krishna.vardhan/git_trees/mtp_pcie_axi/pcie_axi_dma_latency/design/rtl/axis_fifo.sv Line: 165
Warning: [axis_fifo] FIFO full (depth=64) — upstream back-pressured at t=57765000
Time: 57765 ns  Iteration: 0  Process: /tb_pcie_axi_dma(TB_SCENARIO=2,FIFO_DEPTH=64,BATCH_COUNT=4,BATCH_TIMEOUT=64,SINK_STALL_EN=1'b1,SINK_STALL_PERIOD=4,SINK_STALL_READY=1)/dut/u_fifo/Always163_9  Scope: \tb_pcie_axi_dma(TB_SCENARIO=2,FIFO_DEPTH=64,BATCH_COUNT=4,BATCH_TIMEOUT=64,SINK_STALL_EN=1'b1,SINK_STALL_PERIOD=4,SINK_STALL_READY=1) .dut.u_fifo  File: /get/work/krishna.vardhan/git_trees/mtp_pcie_axi/pcie_axi_dma_latency/design/rtl/axis_fifo.sv Line: 165
Warning: [axis_fifo] FIFO full (depth=64) — upstream back-pressured at t=57775000
Time: 57775 ns  Iteration: 0  Process: /tb_pcie_axi_dma(TB_SCENARIO=2,FIFO_DEPTH=64,BATCH_COUNT=4,BATCH_TIMEOUT=64,SINK_STALL_EN=1'b1,SINK_STALL_PERIOD=4,SINK_STALL_READY=1)/dut/u_fifo/Always163_9  Scope: \tb_pcie_axi_dma(TB_SCENARIO=2,FIFO_DEPTH=64,BATCH_COUNT=4,BATCH_TIMEOUT=64,SINK_STALL_EN=1'b1,SINK_STALL_PERIOD=4,SINK_STALL_READY=1) .dut.u_fifo  File: /get/work/krishna.vardhan/git_trees/mtp_pcie_axi/pcie_axi_dma_latency/design/rtl/axis_fifo.sv Line: 165
Warning: [axis_fifo] FIFO full (depth=64) — upstream back-pressured at t=57795000
Time: 57795 ns  Iteration: 0  Process: /tb_pcie_axi_dma(TB_SCENARIO=2,FIFO_DEPTH=64,BATCH_COUNT=4,BATCH_TIMEOUT=64,SINK_STALL_EN=1'b1,SINK_STALL_PERIOD=4,SINK_STALL_READY=1)/dut/u_fifo/Always163_9  Scope: \tb_pcie_axi_dma(TB_SCENARIO=2,FIFO_DEPTH=64,BATCH_COUNT=4,BATCH_TIMEOUT=64,SINK_STALL_EN=1'b1,SINK_STALL_PERIOD=4,SINK_STALL_READY=1) .dut.u_fifo  File: /get/work/krishna.vardhan/git_trees/mtp_pcie_axi/pcie_axi_dma_latency/design/rtl/axis_fifo.sv Line: 165
Warning: [axis_fifo] FIFO full (depth=64) — upstream back-pressured at t=57805000
Time: 57805 ns  Iteration: 0  Process: /tb_pcie_axi_dma(TB_SCENARIO=2,FIFO_DEPTH=64,BATCH_COUNT=4,BATCH_TIMEOUT=64,SINK_STALL_EN=1'b1,SINK_STALL_PERIOD=4,SINK_STALL_READY=1)/dut/u_fifo/Always163_9  Scope: \tb_pcie_axi_dma(TB_SCENARIO=2,FIFO_DEPTH=64,BATCH_COUNT=4,BATCH_TIMEOUT=64,SINK_STALL_EN=1'b1,SINK_STALL_PERIOD=4,SINK_STALL_READY=1) .dut.u_fifo  File: /get/work/krishna.vardhan/git_trees/mtp_pcie_axi/pcie_axi_dma_latency/design/rtl/axis_fifo.sv Line: 165
Warning: [axis_fifo] FIFO full (depth=64) — upstream back-pressured at t=57815000
Time: 57815 ns  Iteration: 0  Process: /tb_pcie_axi_dma(TB_SCENARIO=2,FIFO_DEPTH=64,BATCH_COUNT=4,BATCH_TIMEOUT=64,SINK_STALL_EN=1'b1,SINK_STALL_PERIOD=4,SINK_STALL_READY=1)/dut/u_fifo/Always163_9  Scope: \tb_pcie_axi_dma(TB_SCENARIO=2,FIFO_DEPTH=64,BATCH_COUNT=4,BATCH_TIMEOUT=64,SINK_STALL_EN=1'b1,SINK_STALL_PERIOD=4,SINK_STALL_READY=1) .dut.u_fifo  File: /get/work/krishna.vardhan/git_trees/mtp_pcie_axi/pcie_axi_dma_latency/design/rtl/axis_fifo.sv Line: 165
Warning: [axis_fifo] FIFO full (depth=64) — upstream back-pressured at t=57835000
Time: 57835 ns  Iteration: 0  Process: /tb_pcie_axi_dma(TB_SCENARIO=2,FIFO_DEPTH=64,BATCH_COUNT=4,BATCH_TIMEOUT=64,SINK_STALL_EN=1'b1,SINK_STALL_PERIOD=4,SINK_STALL_READY=1)/dut/u_fifo/Always163_9  Scope: \tb_pcie_axi_dma(TB_SCENARIO=2,FIFO_DEPTH=64,BATCH_COUNT=4,BATCH_TIMEOUT=64,SINK_STALL_EN=1'b1,SINK_STALL_PERIOD=4,SINK_STALL_READY=1) .dut.u_fifo  File: /get/work/krishna.vardhan/git_trees/mtp_pcie_axi/pcie_axi_dma_latency/design/rtl/axis_fifo.sv Line: 165
Warning: [axis_fifo] FIFO full (depth=64) — upstream back-pressured at t=57845000
Time: 57845 ns  Iteration: 0  Process: /tb_pcie_axi_dma(TB_SCENARIO=2,FIFO_DEPTH=64,BATCH_COUNT=4,BATCH_TIMEOUT=64,SINK_STALL_EN=1'b1,SINK_STALL_PERIOD=4,SINK_STALL_READY=1)/dut/u_fifo/Always163_9  Scope: \tb_pcie_axi_dma(TB_SCENARIO=2,FIFO_DEPTH=64,BATCH_COUNT=4,BATCH_TIMEOUT=64,SINK_STALL_EN=1'b1,SINK_STALL_PERIOD=4,SINK_STALL_READY=1) .dut.u_fifo  File: /get/work/krishna.vardhan/git_trees/mtp_pcie_axi/pcie_axi_dma_latency/design/rtl/axis_fifo.sv Line: 165
Warning: [axis_fifo] FIFO full (depth=64) — upstream back-pressured at t=57855000
Time: 57855 ns  Iteration: 0  Process: /tb_pcie_axi_dma(TB_SCENARIO=2,FIFO_DEPTH=64,BATCH_COUNT=4,BATCH_TIMEOUT=64,SINK_STALL_EN=1'b1,SINK_STALL_PERIOD=4,SINK_STALL_READY=1)/dut/u_fifo/Always163_9  Scope: \tb_pcie_axi_dma(TB_SCENARIO=2,FIFO_DEPTH=64,BATCH_COUNT=4,BATCH_TIMEOUT=64,SINK_STALL_EN=1'b1,SINK_STALL_PERIOD=4,SINK_STALL_READY=1) .dut.u_fifo  File: /get/work/krishna.vardhan/git_trees/mtp_pcie_axi/pcie_axi_dma_latency/design/rtl/axis_fifo.sv Line: 165
Warning: [axis_fifo] FIFO full (depth=64) — upstream back-pressured at t=57875000
Time: 57875 ns  Iteration: 0  Process: /tb_pcie_axi_dma(TB_SCENARIO=2,FIFO_DEPTH=64,BATCH_COUNT=4,BATCH_TIMEOUT=64,SINK_STALL_EN=1'b1,SINK_STALL_PERIOD=4,SINK_STALL_READY=1)/dut/u_fifo/Always163_9  Scope: \tb_pcie_axi_dma(TB_SCENARIO=2,FIFO_DEPTH=64,BATCH_COUNT=4,BATCH_TIMEOUT=64,SINK_STALL_EN=1'b1,SINK_STALL_PERIOD=4,SINK_STALL_READY=1) .dut.u_fifo  File: /get/work/krishna.vardhan/git_trees/mtp_pcie_axi/pcie_axi_dma_latency/design/rtl/axis_fifo.sv Line: 165
Warning: [axis_fifo] FIFO full (depth=64) — upstream back-pressured at t=57885000
Time: 57885 ns  Iteration: 0  Process: /tb_pcie_axi_dma(TB_SCENARIO=2,FIFO_DEPTH=64,BATCH_COUNT=4,BATCH_TIMEOUT=64,SINK_STALL_EN=1'b1,SINK_STALL_PERIOD=4,SINK_STALL_READY=1)/dut/u_fifo/Always163_9  Scope: \tb_pcie_axi_dma(TB_SCENARIO=2,FIFO_DEPTH=64,BATCH_COUNT=4,BATCH_TIMEOUT=64,SINK_STALL_EN=1'b1,SINK_STALL_PERIOD=4,SINK_STALL_READY=1) .dut.u_fifo  File: /get/work/krishna.vardhan/git_trees/mtp_pcie_axi/pcie_axi_dma_latency/design/rtl/axis_fifo.sv Line: 165
Warning: [axis_fifo] FIFO full (depth=64) — upstream back-pressured at t=57895000
Time: 57895 ns  Iteration: 0  Process: /tb_pcie_axi_dma(TB_SCENARIO=2,FIFO_DEPTH=64,BATCH_COUNT=4,BATCH_TIMEOUT=64,SINK_STALL_EN=1'b1,SINK_STALL_PERIOD=4,SINK_STALL_READY=1)/dut/u_fifo/Always163_9  Scope: \tb_pcie_axi_dma(TB_SCENARIO=2,FIFO_DEPTH=64,BATCH_COUNT=4,BATCH_TIMEOUT=64,SINK_STALL_EN=1'b1,SINK_STALL_PERIOD=4,SINK_STALL_READY=1) .dut.u_fifo  File: /get/work/krishna.vardhan/git_trees/mtp_pcie_axi/pcie_axi_dma_latency/design/rtl/axis_fifo.sv Line: 165
Warning: [axis_fifo] FIFO full (depth=64) — upstream back-pressured at t=57915000
Time: 57915 ns  Iteration: 0  Process: /tb_pcie_axi_dma(TB_SCENARIO=2,FIFO_DEPTH=64,BATCH_COUNT=4,BATCH_TIMEOUT=64,SINK_STALL_EN=1'b1,SINK_STALL_PERIOD=4,SINK_STALL_READY=1)/dut/u_fifo/Always163_9  Scope: \tb_pcie_axi_dma(TB_SCENARIO=2,FIFO_DEPTH=64,BATCH_COUNT=4,BATCH_TIMEOUT=64,SINK_STALL_EN=1'b1,SINK_STALL_PERIOD=4,SINK_STALL_READY=1) .dut.u_fifo  File: /get/work/krishna.vardhan/git_trees/mtp_pcie_axi/pcie_axi_dma_latency/design/rtl/axis_fifo.sv Line: 165
Warning: [axis_fifo] FIFO full (depth=64) — upstream back-pressured at t=57925000
Time: 57925 ns  Iteration: 0  Process: /tb_pcie_axi_dma(TB_SCENARIO=2,FIFO_DEPTH=64,BATCH_COUNT=4,BATCH_TIMEOUT=64,SINK_STALL_EN=1'b1,SINK_STALL_PERIOD=4,SINK_STALL_READY=1)/dut/u_fifo/Always163_9  Scope: \tb_pcie_axi_dma(TB_SCENARIO=2,FIFO_DEPTH=64,BATCH_COUNT=4,BATCH_TIMEOUT=64,SINK_STALL_EN=1'b1,SINK_STALL_PERIOD=4,SINK_STALL_READY=1) .dut.u_fifo  File: /get/work/krishna.vardhan/git_trees/mtp_pcie_axi/pcie_axi_dma_latency/design/rtl/axis_fifo.sv Line: 165
Warning: [axis_fifo] FIFO full (depth=64) — upstream back-pressured at t=57935000
Time: 57935 ns  Iteration: 0  Process: /tb_pcie_axi_dma(TB_SCENARIO=2,FIFO_DEPTH=64,BATCH_COUNT=4,BATCH_TIMEOUT=64,SINK_STALL_EN=1'b1,SINK_STALL_PERIOD=4,SINK_STALL_READY=1)/dut/u_fifo/Always163_9  Scope: \tb_pcie_axi_dma(TB_SCENARIO=2,FIFO_DEPTH=64,BATCH_COUNT=4,BATCH_TIMEOUT=64,SINK_STALL_EN=1'b1,SINK_STALL_PERIOD=4,SINK_STALL_READY=1) .dut.u_fifo  File: /get/work/krishna.vardhan/git_trees/mtp_pcie_axi/pcie_axi_dma_latency/design/rtl/axis_fifo.sv Line: 165
Warning: [axis_fifo] FIFO full (depth=64) — upstream back-pressured at t=57955000
Time: 57955 ns  Iteration: 0  Process: /tb_pcie_axi_dma(TB_SCENARIO=2,FIFO_DEPTH=64,BATCH_COUNT=4,BATCH_TIMEOUT=64,SINK_STALL_EN=1'b1,SINK_STALL_PERIOD=4,SINK_STALL_READY=1)/dut/u_fifo/Always163_9  Scope: \tb_pcie_axi_dma(TB_SCENARIO=2,FIFO_DEPTH=64,BATCH_COUNT=4,BATCH_TIMEOUT=64,SINK_STALL_EN=1'b1,SINK_STALL_PERIOD=4,SINK_STALL_READY=1) .dut.u_fifo  File: /get/work/krishna.vardhan/git_trees/mtp_pcie_axi/pcie_axi_dma_latency/design/rtl/axis_fifo.sv Line: 165
Warning: [axis_fifo] FIFO full (depth=64) — upstream back-pressured at t=57965000
Time: 57965 ns  Iteration: 0  Process: /tb_pcie_axi_dma(TB_SCENARIO=2,FIFO_DEPTH=64,BATCH_COUNT=4,BATCH_TIMEOUT=64,SINK_STALL_EN=1'b1,SINK_STALL_PERIOD=4,SINK_STALL_READY=1)/dut/u_fifo/Always163_9  Scope: \tb_pcie_axi_dma(TB_SCENARIO=2,FIFO_DEPTH=64,BATCH_COUNT=4,BATCH_TIMEOUT=64,SINK_STALL_EN=1'b1,SINK_STALL_PERIOD=4,SINK_STALL_READY=1) .dut.u_fifo  File: /get/work/krishna.vardhan/git_trees/mtp_pcie_axi/pcie_axi_dma_latency/design/rtl/axis_fifo.sv Line: 165
Warning: [axis_fifo] FIFO full (depth=64) — upstream back-pressured at t=57975000
Time: 57975 ns  Iteration: 0  Process: /tb_pcie_axi_dma(TB_SCENARIO=2,FIFO_DEPTH=64,BATCH_COUNT=4,BATCH_TIMEOUT=64,SINK_STALL_EN=1'b1,SINK_STALL_PERIOD=4,SINK_STALL_READY=1)/dut/u_fifo/Always163_9  Scope: \tb_pcie_axi_dma(TB_SCENARIO=2,FIFO_DEPTH=64,BATCH_COUNT=4,BATCH_TIMEOUT=64,SINK_STALL_EN=1'b1,SINK_STALL_PERIOD=4,SINK_STALL_READY=1) .dut.u_fifo  File: /get/work/krishna.vardhan/git_trees/mtp_pcie_axi/pcie_axi_dma_latency/design/rtl/axis_fifo.sv Line: 165
Warning: [axis_fifo] FIFO full (depth=64) — upstream back-pressured at t=57995000
Time: 57995 ns  Iteration: 0  Process: /tb_pcie_axi_dma(TB_SCENARIO=2,FIFO_DEPTH=64,BATCH_COUNT=4,BATCH_TIMEOUT=64,SINK_STALL_EN=1'b1,SINK_STALL_PERIOD=4,SINK_STALL_READY=1)/dut/u_fifo/Always163_9  Scope: \tb_pcie_axi_dma(TB_SCENARIO=2,FIFO_DEPTH=64,BATCH_COUNT=4,BATCH_TIMEOUT=64,SINK_STALL_EN=1'b1,SINK_STALL_PERIOD=4,SINK_STALL_READY=1) .dut.u_fifo  File: /get/work/krishna.vardhan/git_trees/mtp_pcie_axi/pcie_axi_dma_latency/design/rtl/axis_fifo.sv Line: 165
Warning: [axis_fifo] FIFO full (depth=64) — upstream back-pressured at t=58005000
Time: 58005 ns  Iteration: 0  Process: /tb_pcie_axi_dma(TB_SCENARIO=2,FIFO_DEPTH=64,BATCH_COUNT=4,BATCH_TIMEOUT=64,SINK_STALL_EN=1'b1,SINK_STALL_PERIOD=4,SINK_STALL_READY=1)/dut/u_fifo/Always163_9  Scope: \tb_pcie_axi_dma(TB_SCENARIO=2,FIFO_DEPTH=64,BATCH_COUNT=4,BATCH_TIMEOUT=64,SINK_STALL_EN=1'b1,SINK_STALL_PERIOD=4,SINK_STALL_READY=1) .dut.u_fifo  File: /get/work/krishna.vardhan/git_trees/mtp_pcie_axi/pcie_axi_dma_latency/design/rtl/axis_fifo.sv Line: 165
Warning: [axis_fifo] FIFO full (depth=64) — upstream back-pressured at t=58015000
Time: 58015 ns  Iteration: 0  Process: /tb_pcie_axi_dma(TB_SCENARIO=2,FIFO_DEPTH=64,BATCH_COUNT=4,BATCH_TIMEOUT=64,SINK_STALL_EN=1'b1,SINK_STALL_PERIOD=4,SINK_STALL_READY=1)/dut/u_fifo/Always163_9  Scope: \tb_pcie_axi_dma(TB_SCENARIO=2,FIFO_DEPTH=64,BATCH_COUNT=4,BATCH_TIMEOUT=64,SINK_STALL_EN=1'b1,SINK_STALL_PERIOD=4,SINK_STALL_READY=1) .dut.u_fifo  File: /get/work/krishna.vardhan/git_trees/mtp_pcie_axi/pcie_axi_dma_latency/design/rtl/axis_fifo.sv Line: 165
Warning: [axis_fifo] FIFO full (depth=64) — upstream back-pressured at t=58035000
Time: 58035 ns  Iteration: 0  Process: /tb_pcie_axi_dma(TB_SCENARIO=2,FIFO_DEPTH=64,BATCH_COUNT=4,BATCH_TIMEOUT=64,SINK_STALL_EN=1'b1,SINK_STALL_PERIOD=4,SINK_STALL_READY=1)/dut/u_fifo/Always163_9  Scope: \tb_pcie_axi_dma(TB_SCENARIO=2,FIFO_DEPTH=64,BATCH_COUNT=4,BATCH_TIMEOUT=64,SINK_STALL_EN=1'b1,SINK_STALL_PERIOD=4,SINK_STALL_READY=1) .dut.u_fifo  File: /get/work/krishna.vardhan/git_trees/mtp_pcie_axi/pcie_axi_dma_latency/design/rtl/axis_fifo.sv Line: 165
Warning: [axis_fifo] FIFO full (depth=64) — upstream back-pressured at t=58045000
Time: 58045 ns  Iteration: 0  Process: /tb_pcie_axi_dma(TB_SCENARIO=2,FIFO_DEPTH=64,BATCH_COUNT=4,BATCH_TIMEOUT=64,SINK_STALL_EN=1'b1,SINK_STALL_PERIOD=4,SINK_STALL_READY=1)/dut/u_fifo/Always163_9  Scope: \tb_pcie_axi_dma(TB_SCENARIO=2,FIFO_DEPTH=64,BATCH_COUNT=4,BATCH_TIMEOUT=64,SINK_STALL_EN=1'b1,SINK_STALL_PERIOD=4,SINK_STALL_READY=1) .dut.u_fifo  File: /get/work/krishna.vardhan/git_trees/mtp_pcie_axi/pcie_axi_dma_latency/design/rtl/axis_fifo.sv Line: 165
Warning: [axis_fifo] FIFO full (depth=64) — upstream back-pressured at t=58055000
Time: 58055 ns  Iteration: 0  Process: /tb_pcie_axi_dma(TB_SCENARIO=2,FIFO_DEPTH=64,BATCH_COUNT=4,BATCH_TIMEOUT=64,SINK_STALL_EN=1'b1,SINK_STALL_PERIOD=4,SINK_STALL_READY=1)/dut/u_fifo/Always163_9  Scope: \tb_pcie_axi_dma(TB_SCENARIO=2,FIFO_DEPTH=64,BATCH_COUNT=4,BATCH_TIMEOUT=64,SINK_STALL_EN=1'b1,SINK_STALL_PERIOD=4,SINK_STALL_READY=1) .dut.u_fifo  File: /get/work/krishna.vardhan/git_trees/mtp_pcie_axi/pcie_axi_dma_latency/design/rtl/axis_fifo.sv Line: 165
Warning: [axis_fifo] FIFO full (depth=64) — upstream back-pressured at t=58075000
Time: 58075 ns  Iteration: 0  Process: /tb_pcie_axi_dma(TB_SCENARIO=2,FIFO_DEPTH=64,BATCH_COUNT=4,BATCH_TIMEOUT=64,SINK_STALL_EN=1'b1,SINK_STALL_PERIOD=4,SINK_STALL_READY=1)/dut/u_fifo/Always163_9  Scope: \tb_pcie_axi_dma(TB_SCENARIO=2,FIFO_DEPTH=64,BATCH_COUNT=4,BATCH_TIMEOUT=64,SINK_STALL_EN=1'b1,SINK_STALL_PERIOD=4,SINK_STALL_READY=1) .dut.u_fifo  File: /get/work/krishna.vardhan/git_trees/mtp_pcie_axi/pcie_axi_dma_latency/design/rtl/axis_fifo.sv Line: 165
Warning: [axis_fifo] FIFO full (depth=64) — upstream back-pressured at t=58085000
Time: 58085 ns  Iteration: 0  Process: /tb_pcie_axi_dma(TB_SCENARIO=2,FIFO_DEPTH=64,BATCH_COUNT=4,BATCH_TIMEOUT=64,SINK_STALL_EN=1'b1,SINK_STALL_PERIOD=4,SINK_STALL_READY=1)/dut/u_fifo/Always163_9  Scope: \tb_pcie_axi_dma(TB_SCENARIO=2,FIFO_DEPTH=64,BATCH_COUNT=4,BATCH_TIMEOUT=64,SINK_STALL_EN=1'b1,SINK_STALL_PERIOD=4,SINK_STALL_READY=1) .dut.u_fifo  File: /get/work/krishna.vardhan/git_trees/mtp_pcie_axi/pcie_axi_dma_latency/design/rtl/axis_fifo.sv Line: 165
Warning: [axis_fifo] FIFO full (depth=64) — upstream back-pressured at t=58095000
Time: 58095 ns  Iteration: 0  Process: /tb_pcie_axi_dma(TB_SCENARIO=2,FIFO_DEPTH=64,BATCH_COUNT=4,BATCH_TIMEOUT=64,SINK_STALL_EN=1'b1,SINK_STALL_PERIOD=4,SINK_STALL_READY=1)/dut/u_fifo/Always163_9  Scope: \tb_pcie_axi_dma(TB_SCENARIO=2,FIFO_DEPTH=64,BATCH_COUNT=4,BATCH_TIMEOUT=64,SINK_STALL_EN=1'b1,SINK_STALL_PERIOD=4,SINK_STALL_READY=1) .dut.u_fifo  File: /get/work/krishna.vardhan/git_trees/mtp_pcie_axi/pcie_axi_dma_latency/design/rtl/axis_fifo.sv Line: 165
Warning: [axis_fifo] FIFO full (depth=64) — upstream back-pressured at t=58115000
Time: 58115 ns  Iteration: 0  Process: /tb_pcie_axi_dma(TB_SCENARIO=2,FIFO_DEPTH=64,BATCH_COUNT=4,BATCH_TIMEOUT=64,SINK_STALL_EN=1'b1,SINK_STALL_PERIOD=4,SINK_STALL_READY=1)/dut/u_fifo/Always163_9  Scope: \tb_pcie_axi_dma(TB_SCENARIO=2,FIFO_DEPTH=64,BATCH_COUNT=4,BATCH_TIMEOUT=64,SINK_STALL_EN=1'b1,SINK_STALL_PERIOD=4,SINK_STALL_READY=1) .dut.u_fifo  File: /get/work/krishna.vardhan/git_trees/mtp_pcie_axi/pcie_axi_dma_latency/design/rtl/axis_fifo.sv Line: 165
Warning: [axis_fifo] FIFO full (depth=64) — upstream back-pressured at t=58125000
Time: 58125 ns  Iteration: 0  Process: /tb_pcie_axi_dma(TB_SCENARIO=2,FIFO_DEPTH=64,BATCH_COUNT=4,BATCH_TIMEOUT=64,SINK_STALL_EN=1'b1,SINK_STALL_PERIOD=4,SINK_STALL_READY=1)/dut/u_fifo/Always163_9  Scope: \tb_pcie_axi_dma(TB_SCENARIO=2,FIFO_DEPTH=64,BATCH_COUNT=4,BATCH_TIMEOUT=64,SINK_STALL_EN=1'b1,SINK_STALL_PERIOD=4,SINK_STALL_READY=1) .dut.u_fifo  File: /get/work/krishna.vardhan/git_trees/mtp_pcie_axi/pcie_axi_dma_latency/design/rtl/axis_fifo.sv Line: 165
Warning: [axis_fifo] FIFO full (depth=64) — upstream back-pressured at t=58135000
Time: 58135 ns  Iteration: 0  Process: /tb_pcie_axi_dma(TB_SCENARIO=2,FIFO_DEPTH=64,BATCH_COUNT=4,BATCH_TIMEOUT=64,SINK_STALL_EN=1'b1,SINK_STALL_PERIOD=4,SINK_STALL_READY=1)/dut/u_fifo/Always163_9  Scope: \tb_pcie_axi_dma(TB_SCENARIO=2,FIFO_DEPTH=64,BATCH_COUNT=4,BATCH_TIMEOUT=64,SINK_STALL_EN=1'b1,SINK_STALL_PERIOD=4,SINK_STALL_READY=1) .dut.u_fifo  File: /get/work/krishna.vardhan/git_trees/mtp_pcie_axi/pcie_axi_dma_latency/design/rtl/axis_fifo.sv Line: 165
Warning: [axis_fifo] FIFO full (depth=64) — upstream back-pressured at t=58155000
Time: 58155 ns  Iteration: 0  Process: /tb_pcie_axi_dma(TB_SCENARIO=2,FIFO_DEPTH=64,BATCH_COUNT=4,BATCH_TIMEOUT=64,SINK_STALL_EN=1'b1,SINK_STALL_PERIOD=4,SINK_STALL_READY=1)/dut/u_fifo/Always163_9  Scope: \tb_pcie_axi_dma(TB_SCENARIO=2,FIFO_DEPTH=64,BATCH_COUNT=4,BATCH_TIMEOUT=64,SINK_STALL_EN=1'b1,SINK_STALL_PERIOD=4,SINK_STALL_READY=1) .dut.u_fifo  File: /get/work/krishna.vardhan/git_trees/mtp_pcie_axi/pcie_axi_dma_latency/design/rtl/axis_fifo.sv Line: 165
Warning: [axis_fifo] FIFO full (depth=64) — upstream back-pressured at t=58165000
Time: 58165 ns  Iteration: 0  Process: /tb_pcie_axi_dma(TB_SCENARIO=2,FIFO_DEPTH=64,BATCH_COUNT=4,BATCH_TIMEOUT=64,SINK_STALL_EN=1'b1,SINK_STALL_PERIOD=4,SINK_STALL_READY=1)/dut/u_fifo/Always163_9  Scope: \tb_pcie_axi_dma(TB_SCENARIO=2,FIFO_DEPTH=64,BATCH_COUNT=4,BATCH_TIMEOUT=64,SINK_STALL_EN=1'b1,SINK_STALL_PERIOD=4,SINK_STALL_READY=1) .dut.u_fifo  File: /get/work/krishna.vardhan/git_trees/mtp_pcie_axi/pcie_axi_dma_latency/design/rtl/axis_fifo.sv Line: 165
Warning: [axis_fifo] FIFO full (depth=64) — upstream back-pressured at t=58175000
Time: 58175 ns  Iteration: 0  Process: /tb_pcie_axi_dma(TB_SCENARIO=2,FIFO_DEPTH=64,BATCH_COUNT=4,BATCH_TIMEOUT=64,SINK_STALL_EN=1'b1,SINK_STALL_PERIOD=4,SINK_STALL_READY=1)/dut/u_fifo/Always163_9  Scope: \tb_pcie_axi_dma(TB_SCENARIO=2,FIFO_DEPTH=64,BATCH_COUNT=4,BATCH_TIMEOUT=64,SINK_STALL_EN=1'b1,SINK_STALL_PERIOD=4,SINK_STALL_READY=1) .dut.u_fifo  File: /get/work/krishna.vardhan/git_trees/mtp_pcie_axi/pcie_axi_dma_latency/design/rtl/axis_fifo.sv Line: 165
Warning: [axis_fifo] FIFO full (depth=64) — upstream back-pressured at t=58195000
Time: 58195 ns  Iteration: 0  Process: /tb_pcie_axi_dma(TB_SCENARIO=2,FIFO_DEPTH=64,BATCH_COUNT=4,BATCH_TIMEOUT=64,SINK_STALL_EN=1'b1,SINK_STALL_PERIOD=4,SINK_STALL_READY=1)/dut/u_fifo/Always163_9  Scope: \tb_pcie_axi_dma(TB_SCENARIO=2,FIFO_DEPTH=64,BATCH_COUNT=4,BATCH_TIMEOUT=64,SINK_STALL_EN=1'b1,SINK_STALL_PERIOD=4,SINK_STALL_READY=1) .dut.u_fifo  File: /get/work/krishna.vardhan/git_trees/mtp_pcie_axi/pcie_axi_dma_latency/design/rtl/axis_fifo.sv Line: 165
Warning: [axis_fifo] FIFO full (depth=64) — upstream back-pressured at t=58205000
Time: 58205 ns  Iteration: 0  Process: /tb_pcie_axi_dma(TB_SCENARIO=2,FIFO_DEPTH=64,BATCH_COUNT=4,BATCH_TIMEOUT=64,SINK_STALL_EN=1'b1,SINK_STALL_PERIOD=4,SINK_STALL_READY=1)/dut/u_fifo/Always163_9  Scope: \tb_pcie_axi_dma(TB_SCENARIO=2,FIFO_DEPTH=64,BATCH_COUNT=4,BATCH_TIMEOUT=64,SINK_STALL_EN=1'b1,SINK_STALL_PERIOD=4,SINK_STALL_READY=1) .dut.u_fifo  File: /get/work/krishna.vardhan/git_trees/mtp_pcie_axi/pcie_axi_dma_latency/design/rtl/axis_fifo.sv Line: 165
Warning: [axis_fifo] FIFO full (depth=64) — upstream back-pressured at t=58215000
Time: 58215 ns  Iteration: 0  Process: /tb_pcie_axi_dma(TB_SCENARIO=2,FIFO_DEPTH=64,BATCH_COUNT=4,BATCH_TIMEOUT=64,SINK_STALL_EN=1'b1,SINK_STALL_PERIOD=4,SINK_STALL_READY=1)/dut/u_fifo/Always163_9  Scope: \tb_pcie_axi_dma(TB_SCENARIO=2,FIFO_DEPTH=64,BATCH_COUNT=4,BATCH_TIMEOUT=64,SINK_STALL_EN=1'b1,SINK_STALL_PERIOD=4,SINK_STALL_READY=1) .dut.u_fifo  File: /get/work/krishna.vardhan/git_trees/mtp_pcie_axi/pcie_axi_dma_latency/design/rtl/axis_fifo.sv Line: 165
Warning: [axis_fifo] FIFO full (depth=64) — upstream back-pressured at t=58235000
Time: 58235 ns  Iteration: 0  Process: /tb_pcie_axi_dma(TB_SCENARIO=2,FIFO_DEPTH=64,BATCH_COUNT=4,BATCH_TIMEOUT=64,SINK_STALL_EN=1'b1,SINK_STALL_PERIOD=4,SINK_STALL_READY=1)/dut/u_fifo/Always163_9  Scope: \tb_pcie_axi_dma(TB_SCENARIO=2,FIFO_DEPTH=64,BATCH_COUNT=4,BATCH_TIMEOUT=64,SINK_STALL_EN=1'b1,SINK_STALL_PERIOD=4,SINK_STALL_READY=1) .dut.u_fifo  File: /get/work/krishna.vardhan/git_trees/mtp_pcie_axi/pcie_axi_dma_latency/design/rtl/axis_fifo.sv Line: 165
Warning: [axis_fifo] FIFO full (depth=64) — upstream back-pressured at t=58245000
Time: 58245 ns  Iteration: 0  Process: /tb_pcie_axi_dma(TB_SCENARIO=2,FIFO_DEPTH=64,BATCH_COUNT=4,BATCH_TIMEOUT=64,SINK_STALL_EN=1'b1,SINK_STALL_PERIOD=4,SINK_STALL_READY=1)/dut/u_fifo/Always163_9  Scope: \tb_pcie_axi_dma(TB_SCENARIO=2,FIFO_DEPTH=64,BATCH_COUNT=4,BATCH_TIMEOUT=64,SINK_STALL_EN=1'b1,SINK_STALL_PERIOD=4,SINK_STALL_READY=1) .dut.u_fifo  File: /get/work/krishna.vardhan/git_trees/mtp_pcie_axi/pcie_axi_dma_latency/design/rtl/axis_fifo.sv Line: 165
Warning: [axis_fifo] FIFO full (depth=64) — upstream back-pressured at t=58255000
Time: 58255 ns  Iteration: 0  Process: /tb_pcie_axi_dma(TB_SCENARIO=2,FIFO_DEPTH=64,BATCH_COUNT=4,BATCH_TIMEOUT=64,SINK_STALL_EN=1'b1,SINK_STALL_PERIOD=4,SINK_STALL_READY=1)/dut/u_fifo/Always163_9  Scope: \tb_pcie_axi_dma(TB_SCENARIO=2,FIFO_DEPTH=64,BATCH_COUNT=4,BATCH_TIMEOUT=64,SINK_STALL_EN=1'b1,SINK_STALL_PERIOD=4,SINK_STALL_READY=1) .dut.u_fifo  File: /get/work/krishna.vardhan/git_trees/mtp_pcie_axi/pcie_axi_dma_latency/design/rtl/axis_fifo.sv Line: 165
Warning: [axis_fifo] FIFO full (depth=64) — upstream back-pressured at t=58275000
Time: 58275 ns  Iteration: 0  Process: /tb_pcie_axi_dma(TB_SCENARIO=2,FIFO_DEPTH=64,BATCH_COUNT=4,BATCH_TIMEOUT=64,SINK_STALL_EN=1'b1,SINK_STALL_PERIOD=4,SINK_STALL_READY=1)/dut/u_fifo/Always163_9  Scope: \tb_pcie_axi_dma(TB_SCENARIO=2,FIFO_DEPTH=64,BATCH_COUNT=4,BATCH_TIMEOUT=64,SINK_STALL_EN=1'b1,SINK_STALL_PERIOD=4,SINK_STALL_READY=1) .dut.u_fifo  File: /get/work/krishna.vardhan/git_trees/mtp_pcie_axi/pcie_axi_dma_latency/design/rtl/axis_fifo.sv Line: 165
Warning: [axis_fifo] FIFO full (depth=64) — upstream back-pressured at t=58285000
Time: 58285 ns  Iteration: 0  Process: /tb_pcie_axi_dma(TB_SCENARIO=2,FIFO_DEPTH=64,BATCH_COUNT=4,BATCH_TIMEOUT=64,SINK_STALL_EN=1'b1,SINK_STALL_PERIOD=4,SINK_STALL_READY=1)/dut/u_fifo/Always163_9  Scope: \tb_pcie_axi_dma(TB_SCENARIO=2,FIFO_DEPTH=64,BATCH_COUNT=4,BATCH_TIMEOUT=64,SINK_STALL_EN=1'b1,SINK_STALL_PERIOD=4,SINK_STALL_READY=1) .dut.u_fifo  File: /get/work/krishna.vardhan/git_trees/mtp_pcie_axi/pcie_axi_dma_latency/design/rtl/axis_fifo.sv Line: 165
Warning: [axis_fifo] FIFO full (depth=64) — upstream back-pressured at t=58295000
Time: 58295 ns  Iteration: 0  Process: /tb_pcie_axi_dma(TB_SCENARIO=2,FIFO_DEPTH=64,BATCH_COUNT=4,BATCH_TIMEOUT=64,SINK_STALL_EN=1'b1,SINK_STALL_PERIOD=4,SINK_STALL_READY=1)/dut/u_fifo/Always163_9  Scope: \tb_pcie_axi_dma(TB_SCENARIO=2,FIFO_DEPTH=64,BATCH_COUNT=4,BATCH_TIMEOUT=64,SINK_STALL_EN=1'b1,SINK_STALL_PERIOD=4,SINK_STALL_READY=1) .dut.u_fifo  File: /get/work/krishna.vardhan/git_trees/mtp_pcie_axi/pcie_axi_dma_latency/design/rtl/axis_fifo.sv Line: 165
Warning: [axis_fifo] FIFO full (depth=64) — upstream back-pressured at t=58315000
Time: 58315 ns  Iteration: 0  Process: /tb_pcie_axi_dma(TB_SCENARIO=2,FIFO_DEPTH=64,BATCH_COUNT=4,BATCH_TIMEOUT=64,SINK_STALL_EN=1'b1,SINK_STALL_PERIOD=4,SINK_STALL_READY=1)/dut/u_fifo/Always163_9  Scope: \tb_pcie_axi_dma(TB_SCENARIO=2,FIFO_DEPTH=64,BATCH_COUNT=4,BATCH_TIMEOUT=64,SINK_STALL_EN=1'b1,SINK_STALL_PERIOD=4,SINK_STALL_READY=1) .dut.u_fifo  File: /get/work/krishna.vardhan/git_trees/mtp_pcie_axi/pcie_axi_dma_latency/design/rtl/axis_fifo.sv Line: 165
Warning: [axis_fifo] FIFO full (depth=64) — upstream back-pressured at t=58325000
Time: 58325 ns  Iteration: 0  Process: /tb_pcie_axi_dma(TB_SCENARIO=2,FIFO_DEPTH=64,BATCH_COUNT=4,BATCH_TIMEOUT=64,SINK_STALL_EN=1'b1,SINK_STALL_PERIOD=4,SINK_STALL_READY=1)/dut/u_fifo/Always163_9  Scope: \tb_pcie_axi_dma(TB_SCENARIO=2,FIFO_DEPTH=64,BATCH_COUNT=4,BATCH_TIMEOUT=64,SINK_STALL_EN=1'b1,SINK_STALL_PERIOD=4,SINK_STALL_READY=1) .dut.u_fifo  File: /get/work/krishna.vardhan/git_trees/mtp_pcie_axi/pcie_axi_dma_latency/design/rtl/axis_fifo.sv Line: 165
Warning: [axis_fifo] FIFO full (depth=64) — upstream back-pressured at t=58335000
Time: 58335 ns  Iteration: 0  Process: /tb_pcie_axi_dma(TB_SCENARIO=2,FIFO_DEPTH=64,BATCH_COUNT=4,BATCH_TIMEOUT=64,SINK_STALL_EN=1'b1,SINK_STALL_PERIOD=4,SINK_STALL_READY=1)/dut/u_fifo/Always163_9  Scope: \tb_pcie_axi_dma(TB_SCENARIO=2,FIFO_DEPTH=64,BATCH_COUNT=4,BATCH_TIMEOUT=64,SINK_STALL_EN=1'b1,SINK_STALL_PERIOD=4,SINK_STALL_READY=1) .dut.u_fifo  File: /get/work/krishna.vardhan/git_trees/mtp_pcie_axi/pcie_axi_dma_latency/design/rtl/axis_fifo.sv Line: 165
Warning: [axis_fifo] FIFO full (depth=64) — upstream back-pressured at t=58355000
Time: 58355 ns  Iteration: 0  Process: /tb_pcie_axi_dma(TB_SCENARIO=2,FIFO_DEPTH=64,BATCH_COUNT=4,BATCH_TIMEOUT=64,SINK_STALL_EN=1'b1,SINK_STALL_PERIOD=4,SINK_STALL_READY=1)/dut/u_fifo/Always163_9  Scope: \tb_pcie_axi_dma(TB_SCENARIO=2,FIFO_DEPTH=64,BATCH_COUNT=4,BATCH_TIMEOUT=64,SINK_STALL_EN=1'b1,SINK_STALL_PERIOD=4,SINK_STALL_READY=1) .dut.u_fifo  File: /get/work/krishna.vardhan/git_trees/mtp_pcie_axi/pcie_axi_dma_latency/design/rtl/axis_fifo.sv Line: 165
Warning: [axis_fifo] FIFO full (depth=64) — upstream back-pressured at t=58365000
Time: 58365 ns  Iteration: 0  Process: /tb_pcie_axi_dma(TB_SCENARIO=2,FIFO_DEPTH=64,BATCH_COUNT=4,BATCH_TIMEOUT=64,SINK_STALL_EN=1'b1,SINK_STALL_PERIOD=4,SINK_STALL_READY=1)/dut/u_fifo/Always163_9  Scope: \tb_pcie_axi_dma(TB_SCENARIO=2,FIFO_DEPTH=64,BATCH_COUNT=4,BATCH_TIMEOUT=64,SINK_STALL_EN=1'b1,SINK_STALL_PERIOD=4,SINK_STALL_READY=1) .dut.u_fifo  File: /get/work/krishna.vardhan/git_trees/mtp_pcie_axi/pcie_axi_dma_latency/design/rtl/axis_fifo.sv Line: 165
Warning: [axis_fifo] FIFO full (depth=64) — upstream back-pressured at t=58375000
Time: 58375 ns  Iteration: 0  Process: /tb_pcie_axi_dma(TB_SCENARIO=2,FIFO_DEPTH=64,BATCH_COUNT=4,BATCH_TIMEOUT=64,SINK_STALL_EN=1'b1,SINK_STALL_PERIOD=4,SINK_STALL_READY=1)/dut/u_fifo/Always163_9  Scope: \tb_pcie_axi_dma(TB_SCENARIO=2,FIFO_DEPTH=64,BATCH_COUNT=4,BATCH_TIMEOUT=64,SINK_STALL_EN=1'b1,SINK_STALL_PERIOD=4,SINK_STALL_READY=1) .dut.u_fifo  File: /get/work/krishna.vardhan/git_trees/mtp_pcie_axi/pcie_axi_dma_latency/design/rtl/axis_fifo.sv Line: 165
Warning: [axis_fifo] FIFO full (depth=64) — upstream back-pressured at t=58395000
Time: 58395 ns  Iteration: 0  Process: /tb_pcie_axi_dma(TB_SCENARIO=2,FIFO_DEPTH=64,BATCH_COUNT=4,BATCH_TIMEOUT=64,SINK_STALL_EN=1'b1,SINK_STALL_PERIOD=4,SINK_STALL_READY=1)/dut/u_fifo/Always163_9  Scope: \tb_pcie_axi_dma(TB_SCENARIO=2,FIFO_DEPTH=64,BATCH_COUNT=4,BATCH_TIMEOUT=64,SINK_STALL_EN=1'b1,SINK_STALL_PERIOD=4,SINK_STALL_READY=1) .dut.u_fifo  File: /get/work/krishna.vardhan/git_trees/mtp_pcie_axi/pcie_axi_dma_latency/design/rtl/axis_fifo.sv Line: 165
Warning: [axis_fifo] FIFO full (depth=64) — upstream back-pressured at t=58405000
Time: 58405 ns  Iteration: 0  Process: /tb_pcie_axi_dma(TB_SCENARIO=2,FIFO_DEPTH=64,BATCH_COUNT=4,BATCH_TIMEOUT=64,SINK_STALL_EN=1'b1,SINK_STALL_PERIOD=4,SINK_STALL_READY=1)/dut/u_fifo/Always163_9  Scope: \tb_pcie_axi_dma(TB_SCENARIO=2,FIFO_DEPTH=64,BATCH_COUNT=4,BATCH_TIMEOUT=64,SINK_STALL_EN=1'b1,SINK_STALL_PERIOD=4,SINK_STALL_READY=1) .dut.u_fifo  File: /get/work/krishna.vardhan/git_trees/mtp_pcie_axi/pcie_axi_dma_latency/design/rtl/axis_fifo.sv Line: 165
Warning: [axis_fifo] FIFO full (depth=64) — upstream back-pressured at t=58415000
Time: 58415 ns  Iteration: 0  Process: /tb_pcie_axi_dma(TB_SCENARIO=2,FIFO_DEPTH=64,BATCH_COUNT=4,BATCH_TIMEOUT=64,SINK_STALL_EN=1'b1,SINK_STALL_PERIOD=4,SINK_STALL_READY=1)/dut/u_fifo/Always163_9  Scope: \tb_pcie_axi_dma(TB_SCENARIO=2,FIFO_DEPTH=64,BATCH_COUNT=4,BATCH_TIMEOUT=64,SINK_STALL_EN=1'b1,SINK_STALL_PERIOD=4,SINK_STALL_READY=1) .dut.u_fifo  File: /get/work/krishna.vardhan/git_trees/mtp_pcie_axi/pcie_axi_dma_latency/design/rtl/axis_fifo.sv Line: 165
Warning: [axis_fifo] FIFO full (depth=64) — upstream back-pressured at t=58435000
Time: 58435 ns  Iteration: 0  Process: /tb_pcie_axi_dma(TB_SCENARIO=2,FIFO_DEPTH=64,BATCH_COUNT=4,BATCH_TIMEOUT=64,SINK_STALL_EN=1'b1,SINK_STALL_PERIOD=4,SINK_STALL_READY=1)/dut/u_fifo/Always163_9  Scope: \tb_pcie_axi_dma(TB_SCENARIO=2,FIFO_DEPTH=64,BATCH_COUNT=4,BATCH_TIMEOUT=64,SINK_STALL_EN=1'b1,SINK_STALL_PERIOD=4,SINK_STALL_READY=1) .dut.u_fifo  File: /get/work/krishna.vardhan/git_trees/mtp_pcie_axi/pcie_axi_dma_latency/design/rtl/axis_fifo.sv Line: 165
Warning: [axis_fifo] FIFO full (depth=64) — upstream back-pressured at t=58445000
Time: 58445 ns  Iteration: 0  Process: /tb_pcie_axi_dma(TB_SCENARIO=2,FIFO_DEPTH=64,BATCH_COUNT=4,BATCH_TIMEOUT=64,SINK_STALL_EN=1'b1,SINK_STALL_PERIOD=4,SINK_STALL_READY=1)/dut/u_fifo/Always163_9  Scope: \tb_pcie_axi_dma(TB_SCENARIO=2,FIFO_DEPTH=64,BATCH_COUNT=4,BATCH_TIMEOUT=64,SINK_STALL_EN=1'b1,SINK_STALL_PERIOD=4,SINK_STALL_READY=1) .dut.u_fifo  File: /get/work/krishna.vardhan/git_trees/mtp_pcie_axi/pcie_axi_dma_latency/design/rtl/axis_fifo.sv Line: 165
Warning: [axis_fifo] FIFO full (depth=64) — upstream back-pressured at t=58455000
Time: 58455 ns  Iteration: 0  Process: /tb_pcie_axi_dma(TB_SCENARIO=2,FIFO_DEPTH=64,BATCH_COUNT=4,BATCH_TIMEOUT=64,SINK_STALL_EN=1'b1,SINK_STALL_PERIOD=4,SINK_STALL_READY=1)/dut/u_fifo/Always163_9  Scope: \tb_pcie_axi_dma(TB_SCENARIO=2,FIFO_DEPTH=64,BATCH_COUNT=4,BATCH_TIMEOUT=64,SINK_STALL_EN=1'b1,SINK_STALL_PERIOD=4,SINK_STALL_READY=1) .dut.u_fifo  File: /get/work/krishna.vardhan/git_trees/mtp_pcie_axi/pcie_axi_dma_latency/design/rtl/axis_fifo.sv Line: 165
Warning: [axis_fifo] FIFO full (depth=64) — upstream back-pressured at t=58475000
Time: 58475 ns  Iteration: 0  Process: /tb_pcie_axi_dma(TB_SCENARIO=2,FIFO_DEPTH=64,BATCH_COUNT=4,BATCH_TIMEOUT=64,SINK_STALL_EN=1'b1,SINK_STALL_PERIOD=4,SINK_STALL_READY=1)/dut/u_fifo/Always163_9  Scope: \tb_pcie_axi_dma(TB_SCENARIO=2,FIFO_DEPTH=64,BATCH_COUNT=4,BATCH_TIMEOUT=64,SINK_STALL_EN=1'b1,SINK_STALL_PERIOD=4,SINK_STALL_READY=1) .dut.u_fifo  File: /get/work/krishna.vardhan/git_trees/mtp_pcie_axi/pcie_axi_dma_latency/design/rtl/axis_fifo.sv Line: 165
Warning: [axis_fifo] FIFO full (depth=64) — upstream back-pressured at t=58485000
Time: 58485 ns  Iteration: 0  Process: /tb_pcie_axi_dma(TB_SCENARIO=2,FIFO_DEPTH=64,BATCH_COUNT=4,BATCH_TIMEOUT=64,SINK_STALL_EN=1'b1,SINK_STALL_PERIOD=4,SINK_STALL_READY=1)/dut/u_fifo/Always163_9  Scope: \tb_pcie_axi_dma(TB_SCENARIO=2,FIFO_DEPTH=64,BATCH_COUNT=4,BATCH_TIMEOUT=64,SINK_STALL_EN=1'b1,SINK_STALL_PERIOD=4,SINK_STALL_READY=1) .dut.u_fifo  File: /get/work/krishna.vardhan/git_trees/mtp_pcie_axi/pcie_axi_dma_latency/design/rtl/axis_fifo.sv Line: 165
Warning: [axis_fifo] FIFO full (depth=64) — upstream back-pressured at t=58495000
Time: 58495 ns  Iteration: 0  Process: /tb_pcie_axi_dma(TB_SCENARIO=2,FIFO_DEPTH=64,BATCH_COUNT=4,BATCH_TIMEOUT=64,SINK_STALL_EN=1'b1,SINK_STALL_PERIOD=4,SINK_STALL_READY=1)/dut/u_fifo/Always163_9  Scope: \tb_pcie_axi_dma(TB_SCENARIO=2,FIFO_DEPTH=64,BATCH_COUNT=4,BATCH_TIMEOUT=64,SINK_STALL_EN=1'b1,SINK_STALL_PERIOD=4,SINK_STALL_READY=1) .dut.u_fifo  File: /get/work/krishna.vardhan/git_trees/mtp_pcie_axi/pcie_axi_dma_latency/design/rtl/axis_fifo.sv Line: 165
Warning: [axis_fifo] FIFO full (depth=64) — upstream back-pressured at t=58515000
Time: 58515 ns  Iteration: 0  Process: /tb_pcie_axi_dma(TB_SCENARIO=2,FIFO_DEPTH=64,BATCH_COUNT=4,BATCH_TIMEOUT=64,SINK_STALL_EN=1'b1,SINK_STALL_PERIOD=4,SINK_STALL_READY=1)/dut/u_fifo/Always163_9  Scope: \tb_pcie_axi_dma(TB_SCENARIO=2,FIFO_DEPTH=64,BATCH_COUNT=4,BATCH_TIMEOUT=64,SINK_STALL_EN=1'b1,SINK_STALL_PERIOD=4,SINK_STALL_READY=1) .dut.u_fifo  File: /get/work/krishna.vardhan/git_trees/mtp_pcie_axi/pcie_axi_dma_latency/design/rtl/axis_fifo.sv Line: 165
Warning: [axis_fifo] FIFO full (depth=64) — upstream back-pressured at t=58525000
Time: 58525 ns  Iteration: 0  Process: /tb_pcie_axi_dma(TB_SCENARIO=2,FIFO_DEPTH=64,BATCH_COUNT=4,BATCH_TIMEOUT=64,SINK_STALL_EN=1'b1,SINK_STALL_PERIOD=4,SINK_STALL_READY=1)/dut/u_fifo/Always163_9  Scope: \tb_pcie_axi_dma(TB_SCENARIO=2,FIFO_DEPTH=64,BATCH_COUNT=4,BATCH_TIMEOUT=64,SINK_STALL_EN=1'b1,SINK_STALL_PERIOD=4,SINK_STALL_READY=1) .dut.u_fifo  File: /get/work/krishna.vardhan/git_trees/mtp_pcie_axi/pcie_axi_dma_latency/design/rtl/axis_fifo.sv Line: 165
Warning: [axis_fifo] FIFO full (depth=64) — upstream back-pressured at t=58535000
Time: 58535 ns  Iteration: 0  Process: /tb_pcie_axi_dma(TB_SCENARIO=2,FIFO_DEPTH=64,BATCH_COUNT=4,BATCH_TIMEOUT=64,SINK_STALL_EN=1'b1,SINK_STALL_PERIOD=4,SINK_STALL_READY=1)/dut/u_fifo/Always163_9  Scope: \tb_pcie_axi_dma(TB_SCENARIO=2,FIFO_DEPTH=64,BATCH_COUNT=4,BATCH_TIMEOUT=64,SINK_STALL_EN=1'b1,SINK_STALL_PERIOD=4,SINK_STALL_READY=1) .dut.u_fifo  File: /get/work/krishna.vardhan/git_trees/mtp_pcie_axi/pcie_axi_dma_latency/design/rtl/axis_fifo.sv Line: 165
Warning: [axis_fifo] FIFO full (depth=64) — upstream back-pressured at t=58555000
Time: 58555 ns  Iteration: 0  Process: /tb_pcie_axi_dma(TB_SCENARIO=2,FIFO_DEPTH=64,BATCH_COUNT=4,BATCH_TIMEOUT=64,SINK_STALL_EN=1'b1,SINK_STALL_PERIOD=4,SINK_STALL_READY=1)/dut/u_fifo/Always163_9  Scope: \tb_pcie_axi_dma(TB_SCENARIO=2,FIFO_DEPTH=64,BATCH_COUNT=4,BATCH_TIMEOUT=64,SINK_STALL_EN=1'b1,SINK_STALL_PERIOD=4,SINK_STALL_READY=1) .dut.u_fifo  File: /get/work/krishna.vardhan/git_trees/mtp_pcie_axi/pcie_axi_dma_latency/design/rtl/axis_fifo.sv Line: 165
Warning: [axis_fifo] FIFO full (depth=64) — upstream back-pressured at t=58565000
Time: 58565 ns  Iteration: 0  Process: /tb_pcie_axi_dma(TB_SCENARIO=2,FIFO_DEPTH=64,BATCH_COUNT=4,BATCH_TIMEOUT=64,SINK_STALL_EN=1'b1,SINK_STALL_PERIOD=4,SINK_STALL_READY=1)/dut/u_fifo/Always163_9  Scope: \tb_pcie_axi_dma(TB_SCENARIO=2,FIFO_DEPTH=64,BATCH_COUNT=4,BATCH_TIMEOUT=64,SINK_STALL_EN=1'b1,SINK_STALL_PERIOD=4,SINK_STALL_READY=1) .dut.u_fifo  File: /get/work/krishna.vardhan/git_trees/mtp_pcie_axi/pcie_axi_dma_latency/design/rtl/axis_fifo.sv Line: 165
Warning: [axis_fifo] FIFO full (depth=64) — upstream back-pressured at t=58575000
Time: 58575 ns  Iteration: 0  Process: /tb_pcie_axi_dma(TB_SCENARIO=2,FIFO_DEPTH=64,BATCH_COUNT=4,BATCH_TIMEOUT=64,SINK_STALL_EN=1'b1,SINK_STALL_PERIOD=4,SINK_STALL_READY=1)/dut/u_fifo/Always163_9  Scope: \tb_pcie_axi_dma(TB_SCENARIO=2,FIFO_DEPTH=64,BATCH_COUNT=4,BATCH_TIMEOUT=64,SINK_STALL_EN=1'b1,SINK_STALL_PERIOD=4,SINK_STALL_READY=1) .dut.u_fifo  File: /get/work/krishna.vardhan/git_trees/mtp_pcie_axi/pcie_axi_dma_latency/design/rtl/axis_fifo.sv Line: 165
Warning: [axis_fifo] FIFO full (depth=64) — upstream back-pressured at t=58595000
Time: 58595 ns  Iteration: 0  Process: /tb_pcie_axi_dma(TB_SCENARIO=2,FIFO_DEPTH=64,BATCH_COUNT=4,BATCH_TIMEOUT=64,SINK_STALL_EN=1'b1,SINK_STALL_PERIOD=4,SINK_STALL_READY=1)/dut/u_fifo/Always163_9  Scope: \tb_pcie_axi_dma(TB_SCENARIO=2,FIFO_DEPTH=64,BATCH_COUNT=4,BATCH_TIMEOUT=64,SINK_STALL_EN=1'b1,SINK_STALL_PERIOD=4,SINK_STALL_READY=1) .dut.u_fifo  File: /get/work/krishna.vardhan/git_trees/mtp_pcie_axi/pcie_axi_dma_latency/design/rtl/axis_fifo.sv Line: 165
Warning: [axis_fifo] FIFO full (depth=64) — upstream back-pressured at t=58605000
Time: 58605 ns  Iteration: 0  Process: /tb_pcie_axi_dma(TB_SCENARIO=2,FIFO_DEPTH=64,BATCH_COUNT=4,BATCH_TIMEOUT=64,SINK_STALL_EN=1'b1,SINK_STALL_PERIOD=4,SINK_STALL_READY=1)/dut/u_fifo/Always163_9  Scope: \tb_pcie_axi_dma(TB_SCENARIO=2,FIFO_DEPTH=64,BATCH_COUNT=4,BATCH_TIMEOUT=64,SINK_STALL_EN=1'b1,SINK_STALL_PERIOD=4,SINK_STALL_READY=1) .dut.u_fifo  File: /get/work/krishna.vardhan/git_trees/mtp_pcie_axi/pcie_axi_dma_latency/design/rtl/axis_fifo.sv Line: 165
Warning: [axis_fifo] FIFO full (depth=64) — upstream back-pressured at t=58615000
Time: 58615 ns  Iteration: 0  Process: /tb_pcie_axi_dma(TB_SCENARIO=2,FIFO_DEPTH=64,BATCH_COUNT=4,BATCH_TIMEOUT=64,SINK_STALL_EN=1'b1,SINK_STALL_PERIOD=4,SINK_STALL_READY=1)/dut/u_fifo/Always163_9  Scope: \tb_pcie_axi_dma(TB_SCENARIO=2,FIFO_DEPTH=64,BATCH_COUNT=4,BATCH_TIMEOUT=64,SINK_STALL_EN=1'b1,SINK_STALL_PERIOD=4,SINK_STALL_READY=1) .dut.u_fifo  File: /get/work/krishna.vardhan/git_trees/mtp_pcie_axi/pcie_axi_dma_latency/design/rtl/axis_fifo.sv Line: 165
Warning: [axis_fifo] FIFO full (depth=64) — upstream back-pressured at t=58635000
Time: 58635 ns  Iteration: 0  Process: /tb_pcie_axi_dma(TB_SCENARIO=2,FIFO_DEPTH=64,BATCH_COUNT=4,BATCH_TIMEOUT=64,SINK_STALL_EN=1'b1,SINK_STALL_PERIOD=4,SINK_STALL_READY=1)/dut/u_fifo/Always163_9  Scope: \tb_pcie_axi_dma(TB_SCENARIO=2,FIFO_DEPTH=64,BATCH_COUNT=4,BATCH_TIMEOUT=64,SINK_STALL_EN=1'b1,SINK_STALL_PERIOD=4,SINK_STALL_READY=1) .dut.u_fifo  File: /get/work/krishna.vardhan/git_trees/mtp_pcie_axi/pcie_axi_dma_latency/design/rtl/axis_fifo.sv Line: 165
Warning: [axis_fifo] FIFO full (depth=64) — upstream back-pressured at t=58645000
Time: 58645 ns  Iteration: 0  Process: /tb_pcie_axi_dma(TB_SCENARIO=2,FIFO_DEPTH=64,BATCH_COUNT=4,BATCH_TIMEOUT=64,SINK_STALL_EN=1'b1,SINK_STALL_PERIOD=4,SINK_STALL_READY=1)/dut/u_fifo/Always163_9  Scope: \tb_pcie_axi_dma(TB_SCENARIO=2,FIFO_DEPTH=64,BATCH_COUNT=4,BATCH_TIMEOUT=64,SINK_STALL_EN=1'b1,SINK_STALL_PERIOD=4,SINK_STALL_READY=1) .dut.u_fifo  File: /get/work/krishna.vardhan/git_trees/mtp_pcie_axi/pcie_axi_dma_latency/design/rtl/axis_fifo.sv Line: 165
Warning: [axis_fifo] FIFO full (depth=64) — upstream back-pressured at t=58655000
Time: 58655 ns  Iteration: 0  Process: /tb_pcie_axi_dma(TB_SCENARIO=2,FIFO_DEPTH=64,BATCH_COUNT=4,BATCH_TIMEOUT=64,SINK_STALL_EN=1'b1,SINK_STALL_PERIOD=4,SINK_STALL_READY=1)/dut/u_fifo/Always163_9  Scope: \tb_pcie_axi_dma(TB_SCENARIO=2,FIFO_DEPTH=64,BATCH_COUNT=4,BATCH_TIMEOUT=64,SINK_STALL_EN=1'b1,SINK_STALL_PERIOD=4,SINK_STALL_READY=1) .dut.u_fifo  File: /get/work/krishna.vardhan/git_trees/mtp_pcie_axi/pcie_axi_dma_latency/design/rtl/axis_fifo.sv Line: 165
Warning: [axis_fifo] FIFO full (depth=64) — upstream back-pressured at t=58675000
Time: 58675 ns  Iteration: 0  Process: /tb_pcie_axi_dma(TB_SCENARIO=2,FIFO_DEPTH=64,BATCH_COUNT=4,BATCH_TIMEOUT=64,SINK_STALL_EN=1'b1,SINK_STALL_PERIOD=4,SINK_STALL_READY=1)/dut/u_fifo/Always163_9  Scope: \tb_pcie_axi_dma(TB_SCENARIO=2,FIFO_DEPTH=64,BATCH_COUNT=4,BATCH_TIMEOUT=64,SINK_STALL_EN=1'b1,SINK_STALL_PERIOD=4,SINK_STALL_READY=1) .dut.u_fifo  File: /get/work/krishna.vardhan/git_trees/mtp_pcie_axi/pcie_axi_dma_latency/design/rtl/axis_fifo.sv Line: 165
Warning: [axis_fifo] FIFO full (depth=64) — upstream back-pressured at t=58685000
Time: 58685 ns  Iteration: 0  Process: /tb_pcie_axi_dma(TB_SCENARIO=2,FIFO_DEPTH=64,BATCH_COUNT=4,BATCH_TIMEOUT=64,SINK_STALL_EN=1'b1,SINK_STALL_PERIOD=4,SINK_STALL_READY=1)/dut/u_fifo/Always163_9  Scope: \tb_pcie_axi_dma(TB_SCENARIO=2,FIFO_DEPTH=64,BATCH_COUNT=4,BATCH_TIMEOUT=64,SINK_STALL_EN=1'b1,SINK_STALL_PERIOD=4,SINK_STALL_READY=1) .dut.u_fifo  File: /get/work/krishna.vardhan/git_trees/mtp_pcie_axi/pcie_axi_dma_latency/design/rtl/axis_fifo.sv Line: 165
Warning: [axis_fifo] FIFO full (depth=64) — upstream back-pressured at t=58695000
Time: 58695 ns  Iteration: 0  Process: /tb_pcie_axi_dma(TB_SCENARIO=2,FIFO_DEPTH=64,BATCH_COUNT=4,BATCH_TIMEOUT=64,SINK_STALL_EN=1'b1,SINK_STALL_PERIOD=4,SINK_STALL_READY=1)/dut/u_fifo/Always163_9  Scope: \tb_pcie_axi_dma(TB_SCENARIO=2,FIFO_DEPTH=64,BATCH_COUNT=4,BATCH_TIMEOUT=64,SINK_STALL_EN=1'b1,SINK_STALL_PERIOD=4,SINK_STALL_READY=1) .dut.u_fifo  File: /get/work/krishna.vardhan/git_trees/mtp_pcie_axi/pcie_axi_dma_latency/design/rtl/axis_fifo.sv Line: 165
Warning: [axis_fifo] FIFO full (depth=64) — upstream back-pressured at t=58715000
Time: 58715 ns  Iteration: 0  Process: /tb_pcie_axi_dma(TB_SCENARIO=2,FIFO_DEPTH=64,BATCH_COUNT=4,BATCH_TIMEOUT=64,SINK_STALL_EN=1'b1,SINK_STALL_PERIOD=4,SINK_STALL_READY=1)/dut/u_fifo/Always163_9  Scope: \tb_pcie_axi_dma(TB_SCENARIO=2,FIFO_DEPTH=64,BATCH_COUNT=4,BATCH_TIMEOUT=64,SINK_STALL_EN=1'b1,SINK_STALL_PERIOD=4,SINK_STALL_READY=1) .dut.u_fifo  File: /get/work/krishna.vardhan/git_trees/mtp_pcie_axi/pcie_axi_dma_latency/design/rtl/axis_fifo.sv Line: 165
Warning: [axis_fifo] FIFO full (depth=64) — upstream back-pressured at t=58725000
Time: 58725 ns  Iteration: 0  Process: /tb_pcie_axi_dma(TB_SCENARIO=2,FIFO_DEPTH=64,BATCH_COUNT=4,BATCH_TIMEOUT=64,SINK_STALL_EN=1'b1,SINK_STALL_PERIOD=4,SINK_STALL_READY=1)/dut/u_fifo/Always163_9  Scope: \tb_pcie_axi_dma(TB_SCENARIO=2,FIFO_DEPTH=64,BATCH_COUNT=4,BATCH_TIMEOUT=64,SINK_STALL_EN=1'b1,SINK_STALL_PERIOD=4,SINK_STALL_READY=1) .dut.u_fifo  File: /get/work/krishna.vardhan/git_trees/mtp_pcie_axi/pcie_axi_dma_latency/design/rtl/axis_fifo.sv Line: 165
Warning: [axis_fifo] FIFO full (depth=64) — upstream back-pressured at t=58735000
Time: 58735 ns  Iteration: 0  Process: /tb_pcie_axi_dma(TB_SCENARIO=2,FIFO_DEPTH=64,BATCH_COUNT=4,BATCH_TIMEOUT=64,SINK_STALL_EN=1'b1,SINK_STALL_PERIOD=4,SINK_STALL_READY=1)/dut/u_fifo/Always163_9  Scope: \tb_pcie_axi_dma(TB_SCENARIO=2,FIFO_DEPTH=64,BATCH_COUNT=4,BATCH_TIMEOUT=64,SINK_STALL_EN=1'b1,SINK_STALL_PERIOD=4,SINK_STALL_READY=1) .dut.u_fifo  File: /get/work/krishna.vardhan/git_trees/mtp_pcie_axi/pcie_axi_dma_latency/design/rtl/axis_fifo.sv Line: 165
Warning: [axis_fifo] FIFO full (depth=64) — upstream back-pressured at t=58755000
Time: 58755 ns  Iteration: 0  Process: /tb_pcie_axi_dma(TB_SCENARIO=2,FIFO_DEPTH=64,BATCH_COUNT=4,BATCH_TIMEOUT=64,SINK_STALL_EN=1'b1,SINK_STALL_PERIOD=4,SINK_STALL_READY=1)/dut/u_fifo/Always163_9  Scope: \tb_pcie_axi_dma(TB_SCENARIO=2,FIFO_DEPTH=64,BATCH_COUNT=4,BATCH_TIMEOUT=64,SINK_STALL_EN=1'b1,SINK_STALL_PERIOD=4,SINK_STALL_READY=1) .dut.u_fifo  File: /get/work/krishna.vardhan/git_trees/mtp_pcie_axi/pcie_axi_dma_latency/design/rtl/axis_fifo.sv Line: 165
Warning: [axis_fifo] FIFO full (depth=64) — upstream back-pressured at t=58765000
Time: 58765 ns  Iteration: 0  Process: /tb_pcie_axi_dma(TB_SCENARIO=2,FIFO_DEPTH=64,BATCH_COUNT=4,BATCH_TIMEOUT=64,SINK_STALL_EN=1'b1,SINK_STALL_PERIOD=4,SINK_STALL_READY=1)/dut/u_fifo/Always163_9  Scope: \tb_pcie_axi_dma(TB_SCENARIO=2,FIFO_DEPTH=64,BATCH_COUNT=4,BATCH_TIMEOUT=64,SINK_STALL_EN=1'b1,SINK_STALL_PERIOD=4,SINK_STALL_READY=1) .dut.u_fifo  File: /get/work/krishna.vardhan/git_trees/mtp_pcie_axi/pcie_axi_dma_latency/design/rtl/axis_fifo.sv Line: 165
Warning: [axis_fifo] FIFO full (depth=64) — upstream back-pressured at t=58775000
Time: 58775 ns  Iteration: 0  Process: /tb_pcie_axi_dma(TB_SCENARIO=2,FIFO_DEPTH=64,BATCH_COUNT=4,BATCH_TIMEOUT=64,SINK_STALL_EN=1'b1,SINK_STALL_PERIOD=4,SINK_STALL_READY=1)/dut/u_fifo/Always163_9  Scope: \tb_pcie_axi_dma(TB_SCENARIO=2,FIFO_DEPTH=64,BATCH_COUNT=4,BATCH_TIMEOUT=64,SINK_STALL_EN=1'b1,SINK_STALL_PERIOD=4,SINK_STALL_READY=1) .dut.u_fifo  File: /get/work/krishna.vardhan/git_trees/mtp_pcie_axi/pcie_axi_dma_latency/design/rtl/axis_fifo.sv Line: 165
Warning: [axis_fifo] FIFO full (depth=64) — upstream back-pressured at t=58795000
Time: 58795 ns  Iteration: 0  Process: /tb_pcie_axi_dma(TB_SCENARIO=2,FIFO_DEPTH=64,BATCH_COUNT=4,BATCH_TIMEOUT=64,SINK_STALL_EN=1'b1,SINK_STALL_PERIOD=4,SINK_STALL_READY=1)/dut/u_fifo/Always163_9  Scope: \tb_pcie_axi_dma(TB_SCENARIO=2,FIFO_DEPTH=64,BATCH_COUNT=4,BATCH_TIMEOUT=64,SINK_STALL_EN=1'b1,SINK_STALL_PERIOD=4,SINK_STALL_READY=1) .dut.u_fifo  File: /get/work/krishna.vardhan/git_trees/mtp_pcie_axi/pcie_axi_dma_latency/design/rtl/axis_fifo.sv Line: 165
Warning: [axis_fifo] FIFO full (depth=64) — upstream back-pressured at t=58805000
Time: 58805 ns  Iteration: 0  Process: /tb_pcie_axi_dma(TB_SCENARIO=2,FIFO_DEPTH=64,BATCH_COUNT=4,BATCH_TIMEOUT=64,SINK_STALL_EN=1'b1,SINK_STALL_PERIOD=4,SINK_STALL_READY=1)/dut/u_fifo/Always163_9  Scope: \tb_pcie_axi_dma(TB_SCENARIO=2,FIFO_DEPTH=64,BATCH_COUNT=4,BATCH_TIMEOUT=64,SINK_STALL_EN=1'b1,SINK_STALL_PERIOD=4,SINK_STALL_READY=1) .dut.u_fifo  File: /get/work/krishna.vardhan/git_trees/mtp_pcie_axi/pcie_axi_dma_latency/design/rtl/axis_fifo.sv Line: 165
Warning: [axis_fifo] FIFO full (depth=64) — upstream back-pressured at t=58815000
Time: 58815 ns  Iteration: 0  Process: /tb_pcie_axi_dma(TB_SCENARIO=2,FIFO_DEPTH=64,BATCH_COUNT=4,BATCH_TIMEOUT=64,SINK_STALL_EN=1'b1,SINK_STALL_PERIOD=4,SINK_STALL_READY=1)/dut/u_fifo/Always163_9  Scope: \tb_pcie_axi_dma(TB_SCENARIO=2,FIFO_DEPTH=64,BATCH_COUNT=4,BATCH_TIMEOUT=64,SINK_STALL_EN=1'b1,SINK_STALL_PERIOD=4,SINK_STALL_READY=1) .dut.u_fifo  File: /get/work/krishna.vardhan/git_trees/mtp_pcie_axi/pcie_axi_dma_latency/design/rtl/axis_fifo.sv Line: 165
Warning: [axis_fifo] FIFO full (depth=64) — upstream back-pressured at t=58835000
Time: 58835 ns  Iteration: 0  Process: /tb_pcie_axi_dma(TB_SCENARIO=2,FIFO_DEPTH=64,BATCH_COUNT=4,BATCH_TIMEOUT=64,SINK_STALL_EN=1'b1,SINK_STALL_PERIOD=4,SINK_STALL_READY=1)/dut/u_fifo/Always163_9  Scope: \tb_pcie_axi_dma(TB_SCENARIO=2,FIFO_DEPTH=64,BATCH_COUNT=4,BATCH_TIMEOUT=64,SINK_STALL_EN=1'b1,SINK_STALL_PERIOD=4,SINK_STALL_READY=1) .dut.u_fifo  File: /get/work/krishna.vardhan/git_trees/mtp_pcie_axi/pcie_axi_dma_latency/design/rtl/axis_fifo.sv Line: 165
Warning: [axis_fifo] FIFO full (depth=64) — upstream back-pressured at t=58845000
Time: 58845 ns  Iteration: 0  Process: /tb_pcie_axi_dma(TB_SCENARIO=2,FIFO_DEPTH=64,BATCH_COUNT=4,BATCH_TIMEOUT=64,SINK_STALL_EN=1'b1,SINK_STALL_PERIOD=4,SINK_STALL_READY=1)/dut/u_fifo/Always163_9  Scope: \tb_pcie_axi_dma(TB_SCENARIO=2,FIFO_DEPTH=64,BATCH_COUNT=4,BATCH_TIMEOUT=64,SINK_STALL_EN=1'b1,SINK_STALL_PERIOD=4,SINK_STALL_READY=1) .dut.u_fifo  File: /get/work/krishna.vardhan/git_trees/mtp_pcie_axi/pcie_axi_dma_latency/design/rtl/axis_fifo.sv Line: 165
Warning: [axis_fifo] FIFO full (depth=64) — upstream back-pressured at t=58855000
Time: 58855 ns  Iteration: 0  Process: /tb_pcie_axi_dma(TB_SCENARIO=2,FIFO_DEPTH=64,BATCH_COUNT=4,BATCH_TIMEOUT=64,SINK_STALL_EN=1'b1,SINK_STALL_PERIOD=4,SINK_STALL_READY=1)/dut/u_fifo/Always163_9  Scope: \tb_pcie_axi_dma(TB_SCENARIO=2,FIFO_DEPTH=64,BATCH_COUNT=4,BATCH_TIMEOUT=64,SINK_STALL_EN=1'b1,SINK_STALL_PERIOD=4,SINK_STALL_READY=1) .dut.u_fifo  File: /get/work/krishna.vardhan/git_trees/mtp_pcie_axi/pcie_axi_dma_latency/design/rtl/axis_fifo.sv Line: 165
Warning: [axis_fifo] FIFO full (depth=64) — upstream back-pressured at t=58875000
Time: 58875 ns  Iteration: 0  Process: /tb_pcie_axi_dma(TB_SCENARIO=2,FIFO_DEPTH=64,BATCH_COUNT=4,BATCH_TIMEOUT=64,SINK_STALL_EN=1'b1,SINK_STALL_PERIOD=4,SINK_STALL_READY=1)/dut/u_fifo/Always163_9  Scope: \tb_pcie_axi_dma(TB_SCENARIO=2,FIFO_DEPTH=64,BATCH_COUNT=4,BATCH_TIMEOUT=64,SINK_STALL_EN=1'b1,SINK_STALL_PERIOD=4,SINK_STALL_READY=1) .dut.u_fifo  File: /get/work/krishna.vardhan/git_trees/mtp_pcie_axi/pcie_axi_dma_latency/design/rtl/axis_fifo.sv Line: 165
Warning: [axis_fifo] FIFO full (depth=64) — upstream back-pressured at t=58885000
Time: 58885 ns  Iteration: 0  Process: /tb_pcie_axi_dma(TB_SCENARIO=2,FIFO_DEPTH=64,BATCH_COUNT=4,BATCH_TIMEOUT=64,SINK_STALL_EN=1'b1,SINK_STALL_PERIOD=4,SINK_STALL_READY=1)/dut/u_fifo/Always163_9  Scope: \tb_pcie_axi_dma(TB_SCENARIO=2,FIFO_DEPTH=64,BATCH_COUNT=4,BATCH_TIMEOUT=64,SINK_STALL_EN=1'b1,SINK_STALL_PERIOD=4,SINK_STALL_READY=1) .dut.u_fifo  File: /get/work/krishna.vardhan/git_trees/mtp_pcie_axi/pcie_axi_dma_latency/design/rtl/axis_fifo.sv Line: 165
Warning: [axis_fifo] FIFO full (depth=64) — upstream back-pressured at t=58895000
Time: 58895 ns  Iteration: 0  Process: /tb_pcie_axi_dma(TB_SCENARIO=2,FIFO_DEPTH=64,BATCH_COUNT=4,BATCH_TIMEOUT=64,SINK_STALL_EN=1'b1,SINK_STALL_PERIOD=4,SINK_STALL_READY=1)/dut/u_fifo/Always163_9  Scope: \tb_pcie_axi_dma(TB_SCENARIO=2,FIFO_DEPTH=64,BATCH_COUNT=4,BATCH_TIMEOUT=64,SINK_STALL_EN=1'b1,SINK_STALL_PERIOD=4,SINK_STALL_READY=1) .dut.u_fifo  File: /get/work/krishna.vardhan/git_trees/mtp_pcie_axi/pcie_axi_dma_latency/design/rtl/axis_fifo.sv Line: 165
Warning: [axis_fifo] FIFO full (depth=64) — upstream back-pressured at t=58915000
Time: 58915 ns  Iteration: 0  Process: /tb_pcie_axi_dma(TB_SCENARIO=2,FIFO_DEPTH=64,BATCH_COUNT=4,BATCH_TIMEOUT=64,SINK_STALL_EN=1'b1,SINK_STALL_PERIOD=4,SINK_STALL_READY=1)/dut/u_fifo/Always163_9  Scope: \tb_pcie_axi_dma(TB_SCENARIO=2,FIFO_DEPTH=64,BATCH_COUNT=4,BATCH_TIMEOUT=64,SINK_STALL_EN=1'b1,SINK_STALL_PERIOD=4,SINK_STALL_READY=1) .dut.u_fifo  File: /get/work/krishna.vardhan/git_trees/mtp_pcie_axi/pcie_axi_dma_latency/design/rtl/axis_fifo.sv Line: 165
Warning: [axis_fifo] FIFO full (depth=64) — upstream back-pressured at t=58925000
Time: 58925 ns  Iteration: 0  Process: /tb_pcie_axi_dma(TB_SCENARIO=2,FIFO_DEPTH=64,BATCH_COUNT=4,BATCH_TIMEOUT=64,SINK_STALL_EN=1'b1,SINK_STALL_PERIOD=4,SINK_STALL_READY=1)/dut/u_fifo/Always163_9  Scope: \tb_pcie_axi_dma(TB_SCENARIO=2,FIFO_DEPTH=64,BATCH_COUNT=4,BATCH_TIMEOUT=64,SINK_STALL_EN=1'b1,SINK_STALL_PERIOD=4,SINK_STALL_READY=1) .dut.u_fifo  File: /get/work/krishna.vardhan/git_trees/mtp_pcie_axi/pcie_axi_dma_latency/design/rtl/axis_fifo.sv Line: 165
Warning: [axis_fifo] FIFO full (depth=64) — upstream back-pressured at t=58935000
Time: 58935 ns  Iteration: 0  Process: /tb_pcie_axi_dma(TB_SCENARIO=2,FIFO_DEPTH=64,BATCH_COUNT=4,BATCH_TIMEOUT=64,SINK_STALL_EN=1'b1,SINK_STALL_PERIOD=4,SINK_STALL_READY=1)/dut/u_fifo/Always163_9  Scope: \tb_pcie_axi_dma(TB_SCENARIO=2,FIFO_DEPTH=64,BATCH_COUNT=4,BATCH_TIMEOUT=64,SINK_STALL_EN=1'b1,SINK_STALL_PERIOD=4,SINK_STALL_READY=1) .dut.u_fifo  File: /get/work/krishna.vardhan/git_trees/mtp_pcie_axi/pcie_axi_dma_latency/design/rtl/axis_fifo.sv Line: 165
Warning: [axis_fifo] FIFO full (depth=64) — upstream back-pressured at t=58955000
Time: 58955 ns  Iteration: 0  Process: /tb_pcie_axi_dma(TB_SCENARIO=2,FIFO_DEPTH=64,BATCH_COUNT=4,BATCH_TIMEOUT=64,SINK_STALL_EN=1'b1,SINK_STALL_PERIOD=4,SINK_STALL_READY=1)/dut/u_fifo/Always163_9  Scope: \tb_pcie_axi_dma(TB_SCENARIO=2,FIFO_DEPTH=64,BATCH_COUNT=4,BATCH_TIMEOUT=64,SINK_STALL_EN=1'b1,SINK_STALL_PERIOD=4,SINK_STALL_READY=1) .dut.u_fifo  File: /get/work/krishna.vardhan/git_trees/mtp_pcie_axi/pcie_axi_dma_latency/design/rtl/axis_fifo.sv Line: 165
Warning: [axis_fifo] FIFO full (depth=64) — upstream back-pressured at t=58965000
Time: 58965 ns  Iteration: 0  Process: /tb_pcie_axi_dma(TB_SCENARIO=2,FIFO_DEPTH=64,BATCH_COUNT=4,BATCH_TIMEOUT=64,SINK_STALL_EN=1'b1,SINK_STALL_PERIOD=4,SINK_STALL_READY=1)/dut/u_fifo/Always163_9  Scope: \tb_pcie_axi_dma(TB_SCENARIO=2,FIFO_DEPTH=64,BATCH_COUNT=4,BATCH_TIMEOUT=64,SINK_STALL_EN=1'b1,SINK_STALL_PERIOD=4,SINK_STALL_READY=1) .dut.u_fifo  File: /get/work/krishna.vardhan/git_trees/mtp_pcie_axi/pcie_axi_dma_latency/design/rtl/axis_fifo.sv Line: 165
Warning: [axis_fifo] FIFO full (depth=64) — upstream back-pressured at t=58975000
Time: 58975 ns  Iteration: 0  Process: /tb_pcie_axi_dma(TB_SCENARIO=2,FIFO_DEPTH=64,BATCH_COUNT=4,BATCH_TIMEOUT=64,SINK_STALL_EN=1'b1,SINK_STALL_PERIOD=4,SINK_STALL_READY=1)/dut/u_fifo/Always163_9  Scope: \tb_pcie_axi_dma(TB_SCENARIO=2,FIFO_DEPTH=64,BATCH_COUNT=4,BATCH_TIMEOUT=64,SINK_STALL_EN=1'b1,SINK_STALL_PERIOD=4,SINK_STALL_READY=1) .dut.u_fifo  File: /get/work/krishna.vardhan/git_trees/mtp_pcie_axi/pcie_axi_dma_latency/design/rtl/axis_fifo.sv Line: 165
Warning: [axis_fifo] FIFO full (depth=64) — upstream back-pressured at t=58995000
Time: 58995 ns  Iteration: 0  Process: /tb_pcie_axi_dma(TB_SCENARIO=2,FIFO_DEPTH=64,BATCH_COUNT=4,BATCH_TIMEOUT=64,SINK_STALL_EN=1'b1,SINK_STALL_PERIOD=4,SINK_STALL_READY=1)/dut/u_fifo/Always163_9  Scope: \tb_pcie_axi_dma(TB_SCENARIO=2,FIFO_DEPTH=64,BATCH_COUNT=4,BATCH_TIMEOUT=64,SINK_STALL_EN=1'b1,SINK_STALL_PERIOD=4,SINK_STALL_READY=1) .dut.u_fifo  File: /get/work/krishna.vardhan/git_trees/mtp_pcie_axi/pcie_axi_dma_latency/design/rtl/axis_fifo.sv Line: 165
Warning: [axis_fifo] FIFO full (depth=64) — upstream back-pressured at t=59005000
Time: 59005 ns  Iteration: 0  Process: /tb_pcie_axi_dma(TB_SCENARIO=2,FIFO_DEPTH=64,BATCH_COUNT=4,BATCH_TIMEOUT=64,SINK_STALL_EN=1'b1,SINK_STALL_PERIOD=4,SINK_STALL_READY=1)/dut/u_fifo/Always163_9  Scope: \tb_pcie_axi_dma(TB_SCENARIO=2,FIFO_DEPTH=64,BATCH_COUNT=4,BATCH_TIMEOUT=64,SINK_STALL_EN=1'b1,SINK_STALL_PERIOD=4,SINK_STALL_READY=1) .dut.u_fifo  File: /get/work/krishna.vardhan/git_trees/mtp_pcie_axi/pcie_axi_dma_latency/design/rtl/axis_fifo.sv Line: 165
Warning: [axis_fifo] FIFO full (depth=64) — upstream back-pressured at t=59015000
Time: 59015 ns  Iteration: 0  Process: /tb_pcie_axi_dma(TB_SCENARIO=2,FIFO_DEPTH=64,BATCH_COUNT=4,BATCH_TIMEOUT=64,SINK_STALL_EN=1'b1,SINK_STALL_PERIOD=4,SINK_STALL_READY=1)/dut/u_fifo/Always163_9  Scope: \tb_pcie_axi_dma(TB_SCENARIO=2,FIFO_DEPTH=64,BATCH_COUNT=4,BATCH_TIMEOUT=64,SINK_STALL_EN=1'b1,SINK_STALL_PERIOD=4,SINK_STALL_READY=1) .dut.u_fifo  File: /get/work/krishna.vardhan/git_trees/mtp_pcie_axi/pcie_axi_dma_latency/design/rtl/axis_fifo.sv Line: 165
Warning: [axis_fifo] FIFO full (depth=64) — upstream back-pressured at t=59035000
Time: 59035 ns  Iteration: 0  Process: /tb_pcie_axi_dma(TB_SCENARIO=2,FIFO_DEPTH=64,BATCH_COUNT=4,BATCH_TIMEOUT=64,SINK_STALL_EN=1'b1,SINK_STALL_PERIOD=4,SINK_STALL_READY=1)/dut/u_fifo/Always163_9  Scope: \tb_pcie_axi_dma(TB_SCENARIO=2,FIFO_DEPTH=64,BATCH_COUNT=4,BATCH_TIMEOUT=64,SINK_STALL_EN=1'b1,SINK_STALL_PERIOD=4,SINK_STALL_READY=1) .dut.u_fifo  File: /get/work/krishna.vardhan/git_trees/mtp_pcie_axi/pcie_axi_dma_latency/design/rtl/axis_fifo.sv Line: 165
Warning: [axis_fifo] FIFO full (depth=64) — upstream back-pressured at t=59045000
Time: 59045 ns  Iteration: 0  Process: /tb_pcie_axi_dma(TB_SCENARIO=2,FIFO_DEPTH=64,BATCH_COUNT=4,BATCH_TIMEOUT=64,SINK_STALL_EN=1'b1,SINK_STALL_PERIOD=4,SINK_STALL_READY=1)/dut/u_fifo/Always163_9  Scope: \tb_pcie_axi_dma(TB_SCENARIO=2,FIFO_DEPTH=64,BATCH_COUNT=4,BATCH_TIMEOUT=64,SINK_STALL_EN=1'b1,SINK_STALL_PERIOD=4,SINK_STALL_READY=1) .dut.u_fifo  File: /get/work/krishna.vardhan/git_trees/mtp_pcie_axi/pcie_axi_dma_latency/design/rtl/axis_fifo.sv Line: 165
Warning: [axis_fifo] FIFO full (depth=64) — upstream back-pressured at t=59055000
Time: 59055 ns  Iteration: 0  Process: /tb_pcie_axi_dma(TB_SCENARIO=2,FIFO_DEPTH=64,BATCH_COUNT=4,BATCH_TIMEOUT=64,SINK_STALL_EN=1'b1,SINK_STALL_PERIOD=4,SINK_STALL_READY=1)/dut/u_fifo/Always163_9  Scope: \tb_pcie_axi_dma(TB_SCENARIO=2,FIFO_DEPTH=64,BATCH_COUNT=4,BATCH_TIMEOUT=64,SINK_STALL_EN=1'b1,SINK_STALL_PERIOD=4,SINK_STALL_READY=1) .dut.u_fifo  File: /get/work/krishna.vardhan/git_trees/mtp_pcie_axi/pcie_axi_dma_latency/design/rtl/axis_fifo.sv Line: 165
Warning: [axis_fifo] FIFO full (depth=64) — upstream back-pressured at t=59075000
Time: 59075 ns  Iteration: 0  Process: /tb_pcie_axi_dma(TB_SCENARIO=2,FIFO_DEPTH=64,BATCH_COUNT=4,BATCH_TIMEOUT=64,SINK_STALL_EN=1'b1,SINK_STALL_PERIOD=4,SINK_STALL_READY=1)/dut/u_fifo/Always163_9  Scope: \tb_pcie_axi_dma(TB_SCENARIO=2,FIFO_DEPTH=64,BATCH_COUNT=4,BATCH_TIMEOUT=64,SINK_STALL_EN=1'b1,SINK_STALL_PERIOD=4,SINK_STALL_READY=1) .dut.u_fifo  File: /get/work/krishna.vardhan/git_trees/mtp_pcie_axi/pcie_axi_dma_latency/design/rtl/axis_fifo.sv Line: 165
Warning: [axis_fifo] FIFO full (depth=64) — upstream back-pressured at t=59085000
Time: 59085 ns  Iteration: 0  Process: /tb_pcie_axi_dma(TB_SCENARIO=2,FIFO_DEPTH=64,BATCH_COUNT=4,BATCH_TIMEOUT=64,SINK_STALL_EN=1'b1,SINK_STALL_PERIOD=4,SINK_STALL_READY=1)/dut/u_fifo/Always163_9  Scope: \tb_pcie_axi_dma(TB_SCENARIO=2,FIFO_DEPTH=64,BATCH_COUNT=4,BATCH_TIMEOUT=64,SINK_STALL_EN=1'b1,SINK_STALL_PERIOD=4,SINK_STALL_READY=1) .dut.u_fifo  File: /get/work/krishna.vardhan/git_trees/mtp_pcie_axi/pcie_axi_dma_latency/design/rtl/axis_fifo.sv Line: 165
Warning: [axis_fifo] FIFO full (depth=64) — upstream back-pressured at t=59095000
Time: 59095 ns  Iteration: 0  Process: /tb_pcie_axi_dma(TB_SCENARIO=2,FIFO_DEPTH=64,BATCH_COUNT=4,BATCH_TIMEOUT=64,SINK_STALL_EN=1'b1,SINK_STALL_PERIOD=4,SINK_STALL_READY=1)/dut/u_fifo/Always163_9  Scope: \tb_pcie_axi_dma(TB_SCENARIO=2,FIFO_DEPTH=64,BATCH_COUNT=4,BATCH_TIMEOUT=64,SINK_STALL_EN=1'b1,SINK_STALL_PERIOD=4,SINK_STALL_READY=1) .dut.u_fifo  File: /get/work/krishna.vardhan/git_trees/mtp_pcie_axi/pcie_axi_dma_latency/design/rtl/axis_fifo.sv Line: 165
Warning: [axis_fifo] FIFO full (depth=64) — upstream back-pressured at t=59115000
Time: 59115 ns  Iteration: 0  Process: /tb_pcie_axi_dma(TB_SCENARIO=2,FIFO_DEPTH=64,BATCH_COUNT=4,BATCH_TIMEOUT=64,SINK_STALL_EN=1'b1,SINK_STALL_PERIOD=4,SINK_STALL_READY=1)/dut/u_fifo/Always163_9  Scope: \tb_pcie_axi_dma(TB_SCENARIO=2,FIFO_DEPTH=64,BATCH_COUNT=4,BATCH_TIMEOUT=64,SINK_STALL_EN=1'b1,SINK_STALL_PERIOD=4,SINK_STALL_READY=1) .dut.u_fifo  File: /get/work/krishna.vardhan/git_trees/mtp_pcie_axi/pcie_axi_dma_latency/design/rtl/axis_fifo.sv Line: 165
Warning: [axis_fifo] FIFO full (depth=64) — upstream back-pressured at t=59125000
Time: 59125 ns  Iteration: 0  Process: /tb_pcie_axi_dma(TB_SCENARIO=2,FIFO_DEPTH=64,BATCH_COUNT=4,BATCH_TIMEOUT=64,SINK_STALL_EN=1'b1,SINK_STALL_PERIOD=4,SINK_STALL_READY=1)/dut/u_fifo/Always163_9  Scope: \tb_pcie_axi_dma(TB_SCENARIO=2,FIFO_DEPTH=64,BATCH_COUNT=4,BATCH_TIMEOUT=64,SINK_STALL_EN=1'b1,SINK_STALL_PERIOD=4,SINK_STALL_READY=1) .dut.u_fifo  File: /get/work/krishna.vardhan/git_trees/mtp_pcie_axi/pcie_axi_dma_latency/design/rtl/axis_fifo.sv Line: 165
Warning: [axis_fifo] FIFO full (depth=64) — upstream back-pressured at t=59135000
Time: 59135 ns  Iteration: 0  Process: /tb_pcie_axi_dma(TB_SCENARIO=2,FIFO_DEPTH=64,BATCH_COUNT=4,BATCH_TIMEOUT=64,SINK_STALL_EN=1'b1,SINK_STALL_PERIOD=4,SINK_STALL_READY=1)/dut/u_fifo/Always163_9  Scope: \tb_pcie_axi_dma(TB_SCENARIO=2,FIFO_DEPTH=64,BATCH_COUNT=4,BATCH_TIMEOUT=64,SINK_STALL_EN=1'b1,SINK_STALL_PERIOD=4,SINK_STALL_READY=1) .dut.u_fifo  File: /get/work/krishna.vardhan/git_trees/mtp_pcie_axi/pcie_axi_dma_latency/design/rtl/axis_fifo.sv Line: 165
Warning: [axis_fifo] FIFO full (depth=64) — upstream back-pressured at t=59155000
Time: 59155 ns  Iteration: 0  Process: /tb_pcie_axi_dma(TB_SCENARIO=2,FIFO_DEPTH=64,BATCH_COUNT=4,BATCH_TIMEOUT=64,SINK_STALL_EN=1'b1,SINK_STALL_PERIOD=4,SINK_STALL_READY=1)/dut/u_fifo/Always163_9  Scope: \tb_pcie_axi_dma(TB_SCENARIO=2,FIFO_DEPTH=64,BATCH_COUNT=4,BATCH_TIMEOUT=64,SINK_STALL_EN=1'b1,SINK_STALL_PERIOD=4,SINK_STALL_READY=1) .dut.u_fifo  File: /get/work/krishna.vardhan/git_trees/mtp_pcie_axi/pcie_axi_dma_latency/design/rtl/axis_fifo.sv Line: 165
Warning: [axis_fifo] FIFO full (depth=64) — upstream back-pressured at t=59165000
Time: 59165 ns  Iteration: 0  Process: /tb_pcie_axi_dma(TB_SCENARIO=2,FIFO_DEPTH=64,BATCH_COUNT=4,BATCH_TIMEOUT=64,SINK_STALL_EN=1'b1,SINK_STALL_PERIOD=4,SINK_STALL_READY=1)/dut/u_fifo/Always163_9  Scope: \tb_pcie_axi_dma(TB_SCENARIO=2,FIFO_DEPTH=64,BATCH_COUNT=4,BATCH_TIMEOUT=64,SINK_STALL_EN=1'b1,SINK_STALL_PERIOD=4,SINK_STALL_READY=1) .dut.u_fifo  File: /get/work/krishna.vardhan/git_trees/mtp_pcie_axi/pcie_axi_dma_latency/design/rtl/axis_fifo.sv Line: 165
Warning: [axis_fifo] FIFO full (depth=64) — upstream back-pressured at t=59175000
Time: 59175 ns  Iteration: 0  Process: /tb_pcie_axi_dma(TB_SCENARIO=2,FIFO_DEPTH=64,BATCH_COUNT=4,BATCH_TIMEOUT=64,SINK_STALL_EN=1'b1,SINK_STALL_PERIOD=4,SINK_STALL_READY=1)/dut/u_fifo/Always163_9  Scope: \tb_pcie_axi_dma(TB_SCENARIO=2,FIFO_DEPTH=64,BATCH_COUNT=4,BATCH_TIMEOUT=64,SINK_STALL_EN=1'b1,SINK_STALL_PERIOD=4,SINK_STALL_READY=1) .dut.u_fifo  File: /get/work/krishna.vardhan/git_trees/mtp_pcie_axi/pcie_axi_dma_latency/design/rtl/axis_fifo.sv Line: 165
Warning: [axis_fifo] FIFO full (depth=64) — upstream back-pressured at t=59195000
Time: 59195 ns  Iteration: 0  Process: /tb_pcie_axi_dma(TB_SCENARIO=2,FIFO_DEPTH=64,BATCH_COUNT=4,BATCH_TIMEOUT=64,SINK_STALL_EN=1'b1,SINK_STALL_PERIOD=4,SINK_STALL_READY=1)/dut/u_fifo/Always163_9  Scope: \tb_pcie_axi_dma(TB_SCENARIO=2,FIFO_DEPTH=64,BATCH_COUNT=4,BATCH_TIMEOUT=64,SINK_STALL_EN=1'b1,SINK_STALL_PERIOD=4,SINK_STALL_READY=1) .dut.u_fifo  File: /get/work/krishna.vardhan/git_trees/mtp_pcie_axi/pcie_axi_dma_latency/design/rtl/axis_fifo.sv Line: 165
Warning: [axis_fifo] FIFO full (depth=64) — upstream back-pressured at t=59205000
Time: 59205 ns  Iteration: 0  Process: /tb_pcie_axi_dma(TB_SCENARIO=2,FIFO_DEPTH=64,BATCH_COUNT=4,BATCH_TIMEOUT=64,SINK_STALL_EN=1'b1,SINK_STALL_PERIOD=4,SINK_STALL_READY=1)/dut/u_fifo/Always163_9  Scope: \tb_pcie_axi_dma(TB_SCENARIO=2,FIFO_DEPTH=64,BATCH_COUNT=4,BATCH_TIMEOUT=64,SINK_STALL_EN=1'b1,SINK_STALL_PERIOD=4,SINK_STALL_READY=1) .dut.u_fifo  File: /get/work/krishna.vardhan/git_trees/mtp_pcie_axi/pcie_axi_dma_latency/design/rtl/axis_fifo.sv Line: 165
Warning: [axis_fifo] FIFO full (depth=64) — upstream back-pressured at t=59215000
Time: 59215 ns  Iteration: 0  Process: /tb_pcie_axi_dma(TB_SCENARIO=2,FIFO_DEPTH=64,BATCH_COUNT=4,BATCH_TIMEOUT=64,SINK_STALL_EN=1'b1,SINK_STALL_PERIOD=4,SINK_STALL_READY=1)/dut/u_fifo/Always163_9  Scope: \tb_pcie_axi_dma(TB_SCENARIO=2,FIFO_DEPTH=64,BATCH_COUNT=4,BATCH_TIMEOUT=64,SINK_STALL_EN=1'b1,SINK_STALL_PERIOD=4,SINK_STALL_READY=1) .dut.u_fifo  File: /get/work/krishna.vardhan/git_trees/mtp_pcie_axi/pcie_axi_dma_latency/design/rtl/axis_fifo.sv Line: 165
Warning: [axis_fifo] FIFO full (depth=64) — upstream back-pressured at t=59235000
Time: 59235 ns  Iteration: 0  Process: /tb_pcie_axi_dma(TB_SCENARIO=2,FIFO_DEPTH=64,BATCH_COUNT=4,BATCH_TIMEOUT=64,SINK_STALL_EN=1'b1,SINK_STALL_PERIOD=4,SINK_STALL_READY=1)/dut/u_fifo/Always163_9  Scope: \tb_pcie_axi_dma(TB_SCENARIO=2,FIFO_DEPTH=64,BATCH_COUNT=4,BATCH_TIMEOUT=64,SINK_STALL_EN=1'b1,SINK_STALL_PERIOD=4,SINK_STALL_READY=1) .dut.u_fifo  File: /get/work/krishna.vardhan/git_trees/mtp_pcie_axi/pcie_axi_dma_latency/design/rtl/axis_fifo.sv Line: 165
Warning: [axis_fifo] FIFO full (depth=64) — upstream back-pressured at t=59245000
Time: 59245 ns  Iteration: 0  Process: /tb_pcie_axi_dma(TB_SCENARIO=2,FIFO_DEPTH=64,BATCH_COUNT=4,BATCH_TIMEOUT=64,SINK_STALL_EN=1'b1,SINK_STALL_PERIOD=4,SINK_STALL_READY=1)/dut/u_fifo/Always163_9  Scope: \tb_pcie_axi_dma(TB_SCENARIO=2,FIFO_DEPTH=64,BATCH_COUNT=4,BATCH_TIMEOUT=64,SINK_STALL_EN=1'b1,SINK_STALL_PERIOD=4,SINK_STALL_READY=1) .dut.u_fifo  File: /get/work/krishna.vardhan/git_trees/mtp_pcie_axi/pcie_axi_dma_latency/design/rtl/axis_fifo.sv Line: 165
Warning: [axis_fifo] FIFO full (depth=64) — upstream back-pressured at t=59255000
Time: 59255 ns  Iteration: 0  Process: /tb_pcie_axi_dma(TB_SCENARIO=2,FIFO_DEPTH=64,BATCH_COUNT=4,BATCH_TIMEOUT=64,SINK_STALL_EN=1'b1,SINK_STALL_PERIOD=4,SINK_STALL_READY=1)/dut/u_fifo/Always163_9  Scope: \tb_pcie_axi_dma(TB_SCENARIO=2,FIFO_DEPTH=64,BATCH_COUNT=4,BATCH_TIMEOUT=64,SINK_STALL_EN=1'b1,SINK_STALL_PERIOD=4,SINK_STALL_READY=1) .dut.u_fifo  File: /get/work/krishna.vardhan/git_trees/mtp_pcie_axi/pcie_axi_dma_latency/design/rtl/axis_fifo.sv Line: 165
Warning: [axis_fifo] FIFO full (depth=64) — upstream back-pressured at t=59275000
Time: 59275 ns  Iteration: 0  Process: /tb_pcie_axi_dma(TB_SCENARIO=2,FIFO_DEPTH=64,BATCH_COUNT=4,BATCH_TIMEOUT=64,SINK_STALL_EN=1'b1,SINK_STALL_PERIOD=4,SINK_STALL_READY=1)/dut/u_fifo/Always163_9  Scope: \tb_pcie_axi_dma(TB_SCENARIO=2,FIFO_DEPTH=64,BATCH_COUNT=4,BATCH_TIMEOUT=64,SINK_STALL_EN=1'b1,SINK_STALL_PERIOD=4,SINK_STALL_READY=1) .dut.u_fifo  File: /get/work/krishna.vardhan/git_trees/mtp_pcie_axi/pcie_axi_dma_latency/design/rtl/axis_fifo.sv Line: 165
Warning: [axis_fifo] FIFO full (depth=64) — upstream back-pressured at t=59285000
Time: 59285 ns  Iteration: 0  Process: /tb_pcie_axi_dma(TB_SCENARIO=2,FIFO_DEPTH=64,BATCH_COUNT=4,BATCH_TIMEOUT=64,SINK_STALL_EN=1'b1,SINK_STALL_PERIOD=4,SINK_STALL_READY=1)/dut/u_fifo/Always163_9  Scope: \tb_pcie_axi_dma(TB_SCENARIO=2,FIFO_DEPTH=64,BATCH_COUNT=4,BATCH_TIMEOUT=64,SINK_STALL_EN=1'b1,SINK_STALL_PERIOD=4,SINK_STALL_READY=1) .dut.u_fifo  File: /get/work/krishna.vardhan/git_trees/mtp_pcie_axi/pcie_axi_dma_latency/design/rtl/axis_fifo.sv Line: 165
Warning: [axis_fifo] FIFO full (depth=64) — upstream back-pressured at t=59295000
Time: 59295 ns  Iteration: 0  Process: /tb_pcie_axi_dma(TB_SCENARIO=2,FIFO_DEPTH=64,BATCH_COUNT=4,BATCH_TIMEOUT=64,SINK_STALL_EN=1'b1,SINK_STALL_PERIOD=4,SINK_STALL_READY=1)/dut/u_fifo/Always163_9  Scope: \tb_pcie_axi_dma(TB_SCENARIO=2,FIFO_DEPTH=64,BATCH_COUNT=4,BATCH_TIMEOUT=64,SINK_STALL_EN=1'b1,SINK_STALL_PERIOD=4,SINK_STALL_READY=1) .dut.u_fifo  File: /get/work/krishna.vardhan/git_trees/mtp_pcie_axi/pcie_axi_dma_latency/design/rtl/axis_fifo.sv Line: 165
Warning: [axis_fifo] FIFO full (depth=64) — upstream back-pressured at t=59315000
Time: 59315 ns  Iteration: 0  Process: /tb_pcie_axi_dma(TB_SCENARIO=2,FIFO_DEPTH=64,BATCH_COUNT=4,BATCH_TIMEOUT=64,SINK_STALL_EN=1'b1,SINK_STALL_PERIOD=4,SINK_STALL_READY=1)/dut/u_fifo/Always163_9  Scope: \tb_pcie_axi_dma(TB_SCENARIO=2,FIFO_DEPTH=64,BATCH_COUNT=4,BATCH_TIMEOUT=64,SINK_STALL_EN=1'b1,SINK_STALL_PERIOD=4,SINK_STALL_READY=1) .dut.u_fifo  File: /get/work/krishna.vardhan/git_trees/mtp_pcie_axi/pcie_axi_dma_latency/design/rtl/axis_fifo.sv Line: 165
Warning: [axis_fifo] FIFO full (depth=64) — upstream back-pressured at t=59325000
Time: 59325 ns  Iteration: 0  Process: /tb_pcie_axi_dma(TB_SCENARIO=2,FIFO_DEPTH=64,BATCH_COUNT=4,BATCH_TIMEOUT=64,SINK_STALL_EN=1'b1,SINK_STALL_PERIOD=4,SINK_STALL_READY=1)/dut/u_fifo/Always163_9  Scope: \tb_pcie_axi_dma(TB_SCENARIO=2,FIFO_DEPTH=64,BATCH_COUNT=4,BATCH_TIMEOUT=64,SINK_STALL_EN=1'b1,SINK_STALL_PERIOD=4,SINK_STALL_READY=1) .dut.u_fifo  File: /get/work/krishna.vardhan/git_trees/mtp_pcie_axi/pcie_axi_dma_latency/design/rtl/axis_fifo.sv Line: 165
Warning: [axis_fifo] FIFO full (depth=64) — upstream back-pressured at t=59335000
Time: 59335 ns  Iteration: 0  Process: /tb_pcie_axi_dma(TB_SCENARIO=2,FIFO_DEPTH=64,BATCH_COUNT=4,BATCH_TIMEOUT=64,SINK_STALL_EN=1'b1,SINK_STALL_PERIOD=4,SINK_STALL_READY=1)/dut/u_fifo/Always163_9  Scope: \tb_pcie_axi_dma(TB_SCENARIO=2,FIFO_DEPTH=64,BATCH_COUNT=4,BATCH_TIMEOUT=64,SINK_STALL_EN=1'b1,SINK_STALL_PERIOD=4,SINK_STALL_READY=1) .dut.u_fifo  File: /get/work/krishna.vardhan/git_trees/mtp_pcie_axi/pcie_axi_dma_latency/design/rtl/axis_fifo.sv Line: 165
Warning: [axis_fifo] FIFO full (depth=64) — upstream back-pressured at t=59355000
Time: 59355 ns  Iteration: 0  Process: /tb_pcie_axi_dma(TB_SCENARIO=2,FIFO_DEPTH=64,BATCH_COUNT=4,BATCH_TIMEOUT=64,SINK_STALL_EN=1'b1,SINK_STALL_PERIOD=4,SINK_STALL_READY=1)/dut/u_fifo/Always163_9  Scope: \tb_pcie_axi_dma(TB_SCENARIO=2,FIFO_DEPTH=64,BATCH_COUNT=4,BATCH_TIMEOUT=64,SINK_STALL_EN=1'b1,SINK_STALL_PERIOD=4,SINK_STALL_READY=1) .dut.u_fifo  File: /get/work/krishna.vardhan/git_trees/mtp_pcie_axi/pcie_axi_dma_latency/design/rtl/axis_fifo.sv Line: 165
Warning: [axis_fifo] FIFO full (depth=64) — upstream back-pressured at t=59365000
Time: 59365 ns  Iteration: 0  Process: /tb_pcie_axi_dma(TB_SCENARIO=2,FIFO_DEPTH=64,BATCH_COUNT=4,BATCH_TIMEOUT=64,SINK_STALL_EN=1'b1,SINK_STALL_PERIOD=4,SINK_STALL_READY=1)/dut/u_fifo/Always163_9  Scope: \tb_pcie_axi_dma(TB_SCENARIO=2,FIFO_DEPTH=64,BATCH_COUNT=4,BATCH_TIMEOUT=64,SINK_STALL_EN=1'b1,SINK_STALL_PERIOD=4,SINK_STALL_READY=1) .dut.u_fifo  File: /get/work/krishna.vardhan/git_trees/mtp_pcie_axi/pcie_axi_dma_latency/design/rtl/axis_fifo.sv Line: 165
Warning: [axis_fifo] FIFO full (depth=64) — upstream back-pressured at t=59375000
Time: 59375 ns  Iteration: 0  Process: /tb_pcie_axi_dma(TB_SCENARIO=2,FIFO_DEPTH=64,BATCH_COUNT=4,BATCH_TIMEOUT=64,SINK_STALL_EN=1'b1,SINK_STALL_PERIOD=4,SINK_STALL_READY=1)/dut/u_fifo/Always163_9  Scope: \tb_pcie_axi_dma(TB_SCENARIO=2,FIFO_DEPTH=64,BATCH_COUNT=4,BATCH_TIMEOUT=64,SINK_STALL_EN=1'b1,SINK_STALL_PERIOD=4,SINK_STALL_READY=1) .dut.u_fifo  File: /get/work/krishna.vardhan/git_trees/mtp_pcie_axi/pcie_axi_dma_latency/design/rtl/axis_fifo.sv Line: 165
Warning: [axis_fifo] FIFO full (depth=64) — upstream back-pressured at t=59395000
Time: 59395 ns  Iteration: 0  Process: /tb_pcie_axi_dma(TB_SCENARIO=2,FIFO_DEPTH=64,BATCH_COUNT=4,BATCH_TIMEOUT=64,SINK_STALL_EN=1'b1,SINK_STALL_PERIOD=4,SINK_STALL_READY=1)/dut/u_fifo/Always163_9  Scope: \tb_pcie_axi_dma(TB_SCENARIO=2,FIFO_DEPTH=64,BATCH_COUNT=4,BATCH_TIMEOUT=64,SINK_STALL_EN=1'b1,SINK_STALL_PERIOD=4,SINK_STALL_READY=1) .dut.u_fifo  File: /get/work/krishna.vardhan/git_trees/mtp_pcie_axi/pcie_axi_dma_latency/design/rtl/axis_fifo.sv Line: 165
Warning: [axis_fifo] FIFO full (depth=64) — upstream back-pressured at t=59405000
Time: 59405 ns  Iteration: 0  Process: /tb_pcie_axi_dma(TB_SCENARIO=2,FIFO_DEPTH=64,BATCH_COUNT=4,BATCH_TIMEOUT=64,SINK_STALL_EN=1'b1,SINK_STALL_PERIOD=4,SINK_STALL_READY=1)/dut/u_fifo/Always163_9  Scope: \tb_pcie_axi_dma(TB_SCENARIO=2,FIFO_DEPTH=64,BATCH_COUNT=4,BATCH_TIMEOUT=64,SINK_STALL_EN=1'b1,SINK_STALL_PERIOD=4,SINK_STALL_READY=1) .dut.u_fifo  File: /get/work/krishna.vardhan/git_trees/mtp_pcie_axi/pcie_axi_dma_latency/design/rtl/axis_fifo.sv Line: 165
Warning: [axis_fifo] FIFO full (depth=64) — upstream back-pressured at t=59415000
Time: 59415 ns  Iteration: 0  Process: /tb_pcie_axi_dma(TB_SCENARIO=2,FIFO_DEPTH=64,BATCH_COUNT=4,BATCH_TIMEOUT=64,SINK_STALL_EN=1'b1,SINK_STALL_PERIOD=4,SINK_STALL_READY=1)/dut/u_fifo/Always163_9  Scope: \tb_pcie_axi_dma(TB_SCENARIO=2,FIFO_DEPTH=64,BATCH_COUNT=4,BATCH_TIMEOUT=64,SINK_STALL_EN=1'b1,SINK_STALL_PERIOD=4,SINK_STALL_READY=1) .dut.u_fifo  File: /get/work/krishna.vardhan/git_trees/mtp_pcie_axi/pcie_axi_dma_latency/design/rtl/axis_fifo.sv Line: 165
Warning: [axis_fifo] FIFO full (depth=64) — upstream back-pressured at t=59435000
Time: 59435 ns  Iteration: 0  Process: /tb_pcie_axi_dma(TB_SCENARIO=2,FIFO_DEPTH=64,BATCH_COUNT=4,BATCH_TIMEOUT=64,SINK_STALL_EN=1'b1,SINK_STALL_PERIOD=4,SINK_STALL_READY=1)/dut/u_fifo/Always163_9  Scope: \tb_pcie_axi_dma(TB_SCENARIO=2,FIFO_DEPTH=64,BATCH_COUNT=4,BATCH_TIMEOUT=64,SINK_STALL_EN=1'b1,SINK_STALL_PERIOD=4,SINK_STALL_READY=1) .dut.u_fifo  File: /get/work/krishna.vardhan/git_trees/mtp_pcie_axi/pcie_axi_dma_latency/design/rtl/axis_fifo.sv Line: 165
Warning: [axis_fifo] FIFO full (depth=64) — upstream back-pressured at t=59445000
Time: 59445 ns  Iteration: 0  Process: /tb_pcie_axi_dma(TB_SCENARIO=2,FIFO_DEPTH=64,BATCH_COUNT=4,BATCH_TIMEOUT=64,SINK_STALL_EN=1'b1,SINK_STALL_PERIOD=4,SINK_STALL_READY=1)/dut/u_fifo/Always163_9  Scope: \tb_pcie_axi_dma(TB_SCENARIO=2,FIFO_DEPTH=64,BATCH_COUNT=4,BATCH_TIMEOUT=64,SINK_STALL_EN=1'b1,SINK_STALL_PERIOD=4,SINK_STALL_READY=1) .dut.u_fifo  File: /get/work/krishna.vardhan/git_trees/mtp_pcie_axi/pcie_axi_dma_latency/design/rtl/axis_fifo.sv Line: 165
Warning: [axis_fifo] FIFO full (depth=64) — upstream back-pressured at t=59455000
Time: 59455 ns  Iteration: 0  Process: /tb_pcie_axi_dma(TB_SCENARIO=2,FIFO_DEPTH=64,BATCH_COUNT=4,BATCH_TIMEOUT=64,SINK_STALL_EN=1'b1,SINK_STALL_PERIOD=4,SINK_STALL_READY=1)/dut/u_fifo/Always163_9  Scope: \tb_pcie_axi_dma(TB_SCENARIO=2,FIFO_DEPTH=64,BATCH_COUNT=4,BATCH_TIMEOUT=64,SINK_STALL_EN=1'b1,SINK_STALL_PERIOD=4,SINK_STALL_READY=1) .dut.u_fifo  File: /get/work/krishna.vardhan/git_trees/mtp_pcie_axi/pcie_axi_dma_latency/design/rtl/axis_fifo.sv Line: 165
Warning: [axis_fifo] FIFO full (depth=64) — upstream back-pressured at t=59475000
Time: 59475 ns  Iteration: 0  Process: /tb_pcie_axi_dma(TB_SCENARIO=2,FIFO_DEPTH=64,BATCH_COUNT=4,BATCH_TIMEOUT=64,SINK_STALL_EN=1'b1,SINK_STALL_PERIOD=4,SINK_STALL_READY=1)/dut/u_fifo/Always163_9  Scope: \tb_pcie_axi_dma(TB_SCENARIO=2,FIFO_DEPTH=64,BATCH_COUNT=4,BATCH_TIMEOUT=64,SINK_STALL_EN=1'b1,SINK_STALL_PERIOD=4,SINK_STALL_READY=1) .dut.u_fifo  File: /get/work/krishna.vardhan/git_trees/mtp_pcie_axi/pcie_axi_dma_latency/design/rtl/axis_fifo.sv Line: 165
Warning: [axis_fifo] FIFO full (depth=64) — upstream back-pressured at t=59485000
Time: 59485 ns  Iteration: 0  Process: /tb_pcie_axi_dma(TB_SCENARIO=2,FIFO_DEPTH=64,BATCH_COUNT=4,BATCH_TIMEOUT=64,SINK_STALL_EN=1'b1,SINK_STALL_PERIOD=4,SINK_STALL_READY=1)/dut/u_fifo/Always163_9  Scope: \tb_pcie_axi_dma(TB_SCENARIO=2,FIFO_DEPTH=64,BATCH_COUNT=4,BATCH_TIMEOUT=64,SINK_STALL_EN=1'b1,SINK_STALL_PERIOD=4,SINK_STALL_READY=1) .dut.u_fifo  File: /get/work/krishna.vardhan/git_trees/mtp_pcie_axi/pcie_axi_dma_latency/design/rtl/axis_fifo.sv Line: 165
Warning: [axis_fifo] FIFO full (depth=64) — upstream back-pressured at t=59495000
Time: 59495 ns  Iteration: 0  Process: /tb_pcie_axi_dma(TB_SCENARIO=2,FIFO_DEPTH=64,BATCH_COUNT=4,BATCH_TIMEOUT=64,SINK_STALL_EN=1'b1,SINK_STALL_PERIOD=4,SINK_STALL_READY=1)/dut/u_fifo/Always163_9  Scope: \tb_pcie_axi_dma(TB_SCENARIO=2,FIFO_DEPTH=64,BATCH_COUNT=4,BATCH_TIMEOUT=64,SINK_STALL_EN=1'b1,SINK_STALL_PERIOD=4,SINK_STALL_READY=1) .dut.u_fifo  File: /get/work/krishna.vardhan/git_trees/mtp_pcie_axi/pcie_axi_dma_latency/design/rtl/axis_fifo.sv Line: 165
Warning: [axis_fifo] FIFO full (depth=64) — upstream back-pressured at t=59515000
Time: 59515 ns  Iteration: 0  Process: /tb_pcie_axi_dma(TB_SCENARIO=2,FIFO_DEPTH=64,BATCH_COUNT=4,BATCH_TIMEOUT=64,SINK_STALL_EN=1'b1,SINK_STALL_PERIOD=4,SINK_STALL_READY=1)/dut/u_fifo/Always163_9  Scope: \tb_pcie_axi_dma(TB_SCENARIO=2,FIFO_DEPTH=64,BATCH_COUNT=4,BATCH_TIMEOUT=64,SINK_STALL_EN=1'b1,SINK_STALL_PERIOD=4,SINK_STALL_READY=1) .dut.u_fifo  File: /get/work/krishna.vardhan/git_trees/mtp_pcie_axi/pcie_axi_dma_latency/design/rtl/axis_fifo.sv Line: 165
Warning: [axis_fifo] FIFO full (depth=64) — upstream back-pressured at t=59525000
Time: 59525 ns  Iteration: 0  Process: /tb_pcie_axi_dma(TB_SCENARIO=2,FIFO_DEPTH=64,BATCH_COUNT=4,BATCH_TIMEOUT=64,SINK_STALL_EN=1'b1,SINK_STALL_PERIOD=4,SINK_STALL_READY=1)/dut/u_fifo/Always163_9  Scope: \tb_pcie_axi_dma(TB_SCENARIO=2,FIFO_DEPTH=64,BATCH_COUNT=4,BATCH_TIMEOUT=64,SINK_STALL_EN=1'b1,SINK_STALL_PERIOD=4,SINK_STALL_READY=1) .dut.u_fifo  File: /get/work/krishna.vardhan/git_trees/mtp_pcie_axi/pcie_axi_dma_latency/design/rtl/axis_fifo.sv Line: 165
Warning: [axis_fifo] FIFO full (depth=64) — upstream back-pressured at t=59535000
Time: 59535 ns  Iteration: 0  Process: /tb_pcie_axi_dma(TB_SCENARIO=2,FIFO_DEPTH=64,BATCH_COUNT=4,BATCH_TIMEOUT=64,SINK_STALL_EN=1'b1,SINK_STALL_PERIOD=4,SINK_STALL_READY=1)/dut/u_fifo/Always163_9  Scope: \tb_pcie_axi_dma(TB_SCENARIO=2,FIFO_DEPTH=64,BATCH_COUNT=4,BATCH_TIMEOUT=64,SINK_STALL_EN=1'b1,SINK_STALL_PERIOD=4,SINK_STALL_READY=1) .dut.u_fifo  File: /get/work/krishna.vardhan/git_trees/mtp_pcie_axi/pcie_axi_dma_latency/design/rtl/axis_fifo.sv Line: 165
Warning: [axis_fifo] FIFO full (depth=64) — upstream back-pressured at t=59555000
Time: 59555 ns  Iteration: 0  Process: /tb_pcie_axi_dma(TB_SCENARIO=2,FIFO_DEPTH=64,BATCH_COUNT=4,BATCH_TIMEOUT=64,SINK_STALL_EN=1'b1,SINK_STALL_PERIOD=4,SINK_STALL_READY=1)/dut/u_fifo/Always163_9  Scope: \tb_pcie_axi_dma(TB_SCENARIO=2,FIFO_DEPTH=64,BATCH_COUNT=4,BATCH_TIMEOUT=64,SINK_STALL_EN=1'b1,SINK_STALL_PERIOD=4,SINK_STALL_READY=1) .dut.u_fifo  File: /get/work/krishna.vardhan/git_trees/mtp_pcie_axi/pcie_axi_dma_latency/design/rtl/axis_fifo.sv Line: 165
Warning: [axis_fifo] FIFO full (depth=64) — upstream back-pressured at t=59565000
Time: 59565 ns  Iteration: 0  Process: /tb_pcie_axi_dma(TB_SCENARIO=2,FIFO_DEPTH=64,BATCH_COUNT=4,BATCH_TIMEOUT=64,SINK_STALL_EN=1'b1,SINK_STALL_PERIOD=4,SINK_STALL_READY=1)/dut/u_fifo/Always163_9  Scope: \tb_pcie_axi_dma(TB_SCENARIO=2,FIFO_DEPTH=64,BATCH_COUNT=4,BATCH_TIMEOUT=64,SINK_STALL_EN=1'b1,SINK_STALL_PERIOD=4,SINK_STALL_READY=1) .dut.u_fifo  File: /get/work/krishna.vardhan/git_trees/mtp_pcie_axi/pcie_axi_dma_latency/design/rtl/axis_fifo.sv Line: 165
Warning: [axis_fifo] FIFO full (depth=64) — upstream back-pressured at t=59575000
Time: 59575 ns  Iteration: 0  Process: /tb_pcie_axi_dma(TB_SCENARIO=2,FIFO_DEPTH=64,BATCH_COUNT=4,BATCH_TIMEOUT=64,SINK_STALL_EN=1'b1,SINK_STALL_PERIOD=4,SINK_STALL_READY=1)/dut/u_fifo/Always163_9  Scope: \tb_pcie_axi_dma(TB_SCENARIO=2,FIFO_DEPTH=64,BATCH_COUNT=4,BATCH_TIMEOUT=64,SINK_STALL_EN=1'b1,SINK_STALL_PERIOD=4,SINK_STALL_READY=1) .dut.u_fifo  File: /get/work/krishna.vardhan/git_trees/mtp_pcie_axi/pcie_axi_dma_latency/design/rtl/axis_fifo.sv Line: 165
Warning: [axis_fifo] FIFO full (depth=64) — upstream back-pressured at t=59595000
Time: 59595 ns  Iteration: 0  Process: /tb_pcie_axi_dma(TB_SCENARIO=2,FIFO_DEPTH=64,BATCH_COUNT=4,BATCH_TIMEOUT=64,SINK_STALL_EN=1'b1,SINK_STALL_PERIOD=4,SINK_STALL_READY=1)/dut/u_fifo/Always163_9  Scope: \tb_pcie_axi_dma(TB_SCENARIO=2,FIFO_DEPTH=64,BATCH_COUNT=4,BATCH_TIMEOUT=64,SINK_STALL_EN=1'b1,SINK_STALL_PERIOD=4,SINK_STALL_READY=1) .dut.u_fifo  File: /get/work/krishna.vardhan/git_trees/mtp_pcie_axi/pcie_axi_dma_latency/design/rtl/axis_fifo.sv Line: 165
Warning: [axis_fifo] FIFO full (depth=64) — upstream back-pressured at t=59605000
Time: 59605 ns  Iteration: 0  Process: /tb_pcie_axi_dma(TB_SCENARIO=2,FIFO_DEPTH=64,BATCH_COUNT=4,BATCH_TIMEOUT=64,SINK_STALL_EN=1'b1,SINK_STALL_PERIOD=4,SINK_STALL_READY=1)/dut/u_fifo/Always163_9  Scope: \tb_pcie_axi_dma(TB_SCENARIO=2,FIFO_DEPTH=64,BATCH_COUNT=4,BATCH_TIMEOUT=64,SINK_STALL_EN=1'b1,SINK_STALL_PERIOD=4,SINK_STALL_READY=1) .dut.u_fifo  File: /get/work/krishna.vardhan/git_trees/mtp_pcie_axi/pcie_axi_dma_latency/design/rtl/axis_fifo.sv Line: 165
Warning: [axis_fifo] FIFO full (depth=64) — upstream back-pressured at t=59615000
Time: 59615 ns  Iteration: 0  Process: /tb_pcie_axi_dma(TB_SCENARIO=2,FIFO_DEPTH=64,BATCH_COUNT=4,BATCH_TIMEOUT=64,SINK_STALL_EN=1'b1,SINK_STALL_PERIOD=4,SINK_STALL_READY=1)/dut/u_fifo/Always163_9  Scope: \tb_pcie_axi_dma(TB_SCENARIO=2,FIFO_DEPTH=64,BATCH_COUNT=4,BATCH_TIMEOUT=64,SINK_STALL_EN=1'b1,SINK_STALL_PERIOD=4,SINK_STALL_READY=1) .dut.u_fifo  File: /get/work/krishna.vardhan/git_trees/mtp_pcie_axi/pcie_axi_dma_latency/design/rtl/axis_fifo.sv Line: 165
Warning: [axis_fifo] FIFO full (depth=64) — upstream back-pressured at t=59635000
Time: 59635 ns  Iteration: 0  Process: /tb_pcie_axi_dma(TB_SCENARIO=2,FIFO_DEPTH=64,BATCH_COUNT=4,BATCH_TIMEOUT=64,SINK_STALL_EN=1'b1,SINK_STALL_PERIOD=4,SINK_STALL_READY=1)/dut/u_fifo/Always163_9  Scope: \tb_pcie_axi_dma(TB_SCENARIO=2,FIFO_DEPTH=64,BATCH_COUNT=4,BATCH_TIMEOUT=64,SINK_STALL_EN=1'b1,SINK_STALL_PERIOD=4,SINK_STALL_READY=1) .dut.u_fifo  File: /get/work/krishna.vardhan/git_trees/mtp_pcie_axi/pcie_axi_dma_latency/design/rtl/axis_fifo.sv Line: 165
Warning: [axis_fifo] FIFO full (depth=64) — upstream back-pressured at t=59645000
Time: 59645 ns  Iteration: 0  Process: /tb_pcie_axi_dma(TB_SCENARIO=2,FIFO_DEPTH=64,BATCH_COUNT=4,BATCH_TIMEOUT=64,SINK_STALL_EN=1'b1,SINK_STALL_PERIOD=4,SINK_STALL_READY=1)/dut/u_fifo/Always163_9  Scope: \tb_pcie_axi_dma(TB_SCENARIO=2,FIFO_DEPTH=64,BATCH_COUNT=4,BATCH_TIMEOUT=64,SINK_STALL_EN=1'b1,SINK_STALL_PERIOD=4,SINK_STALL_READY=1) .dut.u_fifo  File: /get/work/krishna.vardhan/git_trees/mtp_pcie_axi/pcie_axi_dma_latency/design/rtl/axis_fifo.sv Line: 165
Warning: [axis_fifo] FIFO full (depth=64) — upstream back-pressured at t=59655000
Time: 59655 ns  Iteration: 0  Process: /tb_pcie_axi_dma(TB_SCENARIO=2,FIFO_DEPTH=64,BATCH_COUNT=4,BATCH_TIMEOUT=64,SINK_STALL_EN=1'b1,SINK_STALL_PERIOD=4,SINK_STALL_READY=1)/dut/u_fifo/Always163_9  Scope: \tb_pcie_axi_dma(TB_SCENARIO=2,FIFO_DEPTH=64,BATCH_COUNT=4,BATCH_TIMEOUT=64,SINK_STALL_EN=1'b1,SINK_STALL_PERIOD=4,SINK_STALL_READY=1) .dut.u_fifo  File: /get/work/krishna.vardhan/git_trees/mtp_pcie_axi/pcie_axi_dma_latency/design/rtl/axis_fifo.sv Line: 165
Warning: [axis_fifo] FIFO full (depth=64) — upstream back-pressured at t=59675000
Time: 59675 ns  Iteration: 0  Process: /tb_pcie_axi_dma(TB_SCENARIO=2,FIFO_DEPTH=64,BATCH_COUNT=4,BATCH_TIMEOUT=64,SINK_STALL_EN=1'b1,SINK_STALL_PERIOD=4,SINK_STALL_READY=1)/dut/u_fifo/Always163_9  Scope: \tb_pcie_axi_dma(TB_SCENARIO=2,FIFO_DEPTH=64,BATCH_COUNT=4,BATCH_TIMEOUT=64,SINK_STALL_EN=1'b1,SINK_STALL_PERIOD=4,SINK_STALL_READY=1) .dut.u_fifo  File: /get/work/krishna.vardhan/git_trees/mtp_pcie_axi/pcie_axi_dma_latency/design/rtl/axis_fifo.sv Line: 165
Warning: [axis_fifo] FIFO full (depth=64) — upstream back-pressured at t=59685000
Time: 59685 ns  Iteration: 0  Process: /tb_pcie_axi_dma(TB_SCENARIO=2,FIFO_DEPTH=64,BATCH_COUNT=4,BATCH_TIMEOUT=64,SINK_STALL_EN=1'b1,SINK_STALL_PERIOD=4,SINK_STALL_READY=1)/dut/u_fifo/Always163_9  Scope: \tb_pcie_axi_dma(TB_SCENARIO=2,FIFO_DEPTH=64,BATCH_COUNT=4,BATCH_TIMEOUT=64,SINK_STALL_EN=1'b1,SINK_STALL_PERIOD=4,SINK_STALL_READY=1) .dut.u_fifo  File: /get/work/krishna.vardhan/git_trees/mtp_pcie_axi/pcie_axi_dma_latency/design/rtl/axis_fifo.sv Line: 165
Warning: [axis_fifo] FIFO full (depth=64) — upstream back-pressured at t=59695000
Time: 59695 ns  Iteration: 0  Process: /tb_pcie_axi_dma(TB_SCENARIO=2,FIFO_DEPTH=64,BATCH_COUNT=4,BATCH_TIMEOUT=64,SINK_STALL_EN=1'b1,SINK_STALL_PERIOD=4,SINK_STALL_READY=1)/dut/u_fifo/Always163_9  Scope: \tb_pcie_axi_dma(TB_SCENARIO=2,FIFO_DEPTH=64,BATCH_COUNT=4,BATCH_TIMEOUT=64,SINK_STALL_EN=1'b1,SINK_STALL_PERIOD=4,SINK_STALL_READY=1) .dut.u_fifo  File: /get/work/krishna.vardhan/git_trees/mtp_pcie_axi/pcie_axi_dma_latency/design/rtl/axis_fifo.sv Line: 165
Warning: [axis_fifo] FIFO full (depth=64) — upstream back-pressured at t=59715000
Time: 59715 ns  Iteration: 0  Process: /tb_pcie_axi_dma(TB_SCENARIO=2,FIFO_DEPTH=64,BATCH_COUNT=4,BATCH_TIMEOUT=64,SINK_STALL_EN=1'b1,SINK_STALL_PERIOD=4,SINK_STALL_READY=1)/dut/u_fifo/Always163_9  Scope: \tb_pcie_axi_dma(TB_SCENARIO=2,FIFO_DEPTH=64,BATCH_COUNT=4,BATCH_TIMEOUT=64,SINK_STALL_EN=1'b1,SINK_STALL_PERIOD=4,SINK_STALL_READY=1) .dut.u_fifo  File: /get/work/krishna.vardhan/git_trees/mtp_pcie_axi/pcie_axi_dma_latency/design/rtl/axis_fifo.sv Line: 165
Warning: [axis_fifo] FIFO full (depth=64) — upstream back-pressured at t=59725000
Time: 59725 ns  Iteration: 0  Process: /tb_pcie_axi_dma(TB_SCENARIO=2,FIFO_DEPTH=64,BATCH_COUNT=4,BATCH_TIMEOUT=64,SINK_STALL_EN=1'b1,SINK_STALL_PERIOD=4,SINK_STALL_READY=1)/dut/u_fifo/Always163_9  Scope: \tb_pcie_axi_dma(TB_SCENARIO=2,FIFO_DEPTH=64,BATCH_COUNT=4,BATCH_TIMEOUT=64,SINK_STALL_EN=1'b1,SINK_STALL_PERIOD=4,SINK_STALL_READY=1) .dut.u_fifo  File: /get/work/krishna.vardhan/git_trees/mtp_pcie_axi/pcie_axi_dma_latency/design/rtl/axis_fifo.sv Line: 165
Warning: [axis_fifo] FIFO full (depth=64) — upstream back-pressured at t=59735000
Time: 59735 ns  Iteration: 0  Process: /tb_pcie_axi_dma(TB_SCENARIO=2,FIFO_DEPTH=64,BATCH_COUNT=4,BATCH_TIMEOUT=64,SINK_STALL_EN=1'b1,SINK_STALL_PERIOD=4,SINK_STALL_READY=1)/dut/u_fifo/Always163_9  Scope: \tb_pcie_axi_dma(TB_SCENARIO=2,FIFO_DEPTH=64,BATCH_COUNT=4,BATCH_TIMEOUT=64,SINK_STALL_EN=1'b1,SINK_STALL_PERIOD=4,SINK_STALL_READY=1) .dut.u_fifo  File: /get/work/krishna.vardhan/git_trees/mtp_pcie_axi/pcie_axi_dma_latency/design/rtl/axis_fifo.sv Line: 165
Warning: [axis_fifo] FIFO full (depth=64) — upstream back-pressured at t=59755000
Time: 59755 ns  Iteration: 0  Process: /tb_pcie_axi_dma(TB_SCENARIO=2,FIFO_DEPTH=64,BATCH_COUNT=4,BATCH_TIMEOUT=64,SINK_STALL_EN=1'b1,SINK_STALL_PERIOD=4,SINK_STALL_READY=1)/dut/u_fifo/Always163_9  Scope: \tb_pcie_axi_dma(TB_SCENARIO=2,FIFO_DEPTH=64,BATCH_COUNT=4,BATCH_TIMEOUT=64,SINK_STALL_EN=1'b1,SINK_STALL_PERIOD=4,SINK_STALL_READY=1) .dut.u_fifo  File: /get/work/krishna.vardhan/git_trees/mtp_pcie_axi/pcie_axi_dma_latency/design/rtl/axis_fifo.sv Line: 165
Warning: [axis_fifo] FIFO full (depth=64) — upstream back-pressured at t=59765000
Time: 59765 ns  Iteration: 0  Process: /tb_pcie_axi_dma(TB_SCENARIO=2,FIFO_DEPTH=64,BATCH_COUNT=4,BATCH_TIMEOUT=64,SINK_STALL_EN=1'b1,SINK_STALL_PERIOD=4,SINK_STALL_READY=1)/dut/u_fifo/Always163_9  Scope: \tb_pcie_axi_dma(TB_SCENARIO=2,FIFO_DEPTH=64,BATCH_COUNT=4,BATCH_TIMEOUT=64,SINK_STALL_EN=1'b1,SINK_STALL_PERIOD=4,SINK_STALL_READY=1) .dut.u_fifo  File: /get/work/krishna.vardhan/git_trees/mtp_pcie_axi/pcie_axi_dma_latency/design/rtl/axis_fifo.sv Line: 165
Warning: [axis_fifo] FIFO full (depth=64) — upstream back-pressured at t=59775000
Time: 59775 ns  Iteration: 0  Process: /tb_pcie_axi_dma(TB_SCENARIO=2,FIFO_DEPTH=64,BATCH_COUNT=4,BATCH_TIMEOUT=64,SINK_STALL_EN=1'b1,SINK_STALL_PERIOD=4,SINK_STALL_READY=1)/dut/u_fifo/Always163_9  Scope: \tb_pcie_axi_dma(TB_SCENARIO=2,FIFO_DEPTH=64,BATCH_COUNT=4,BATCH_TIMEOUT=64,SINK_STALL_EN=1'b1,SINK_STALL_PERIOD=4,SINK_STALL_READY=1) .dut.u_fifo  File: /get/work/krishna.vardhan/git_trees/mtp_pcie_axi/pcie_axi_dma_latency/design/rtl/axis_fifo.sv Line: 165
Warning: [axis_fifo] FIFO full (depth=64) — upstream back-pressured at t=59795000
Time: 59795 ns  Iteration: 0  Process: /tb_pcie_axi_dma(TB_SCENARIO=2,FIFO_DEPTH=64,BATCH_COUNT=4,BATCH_TIMEOUT=64,SINK_STALL_EN=1'b1,SINK_STALL_PERIOD=4,SINK_STALL_READY=1)/dut/u_fifo/Always163_9  Scope: \tb_pcie_axi_dma(TB_SCENARIO=2,FIFO_DEPTH=64,BATCH_COUNT=4,BATCH_TIMEOUT=64,SINK_STALL_EN=1'b1,SINK_STALL_PERIOD=4,SINK_STALL_READY=1) .dut.u_fifo  File: /get/work/krishna.vardhan/git_trees/mtp_pcie_axi/pcie_axi_dma_latency/design/rtl/axis_fifo.sv Line: 165
Warning: [axis_fifo] FIFO full (depth=64) — upstream back-pressured at t=59805000
Time: 59805 ns  Iteration: 0  Process: /tb_pcie_axi_dma(TB_SCENARIO=2,FIFO_DEPTH=64,BATCH_COUNT=4,BATCH_TIMEOUT=64,SINK_STALL_EN=1'b1,SINK_STALL_PERIOD=4,SINK_STALL_READY=1)/dut/u_fifo/Always163_9  Scope: \tb_pcie_axi_dma(TB_SCENARIO=2,FIFO_DEPTH=64,BATCH_COUNT=4,BATCH_TIMEOUT=64,SINK_STALL_EN=1'b1,SINK_STALL_PERIOD=4,SINK_STALL_READY=1) .dut.u_fifo  File: /get/work/krishna.vardhan/git_trees/mtp_pcie_axi/pcie_axi_dma_latency/design/rtl/axis_fifo.sv Line: 165
Warning: [axis_fifo] FIFO full (depth=64) — upstream back-pressured at t=59815000
Time: 59815 ns  Iteration: 0  Process: /tb_pcie_axi_dma(TB_SCENARIO=2,FIFO_DEPTH=64,BATCH_COUNT=4,BATCH_TIMEOUT=64,SINK_STALL_EN=1'b1,SINK_STALL_PERIOD=4,SINK_STALL_READY=1)/dut/u_fifo/Always163_9  Scope: \tb_pcie_axi_dma(TB_SCENARIO=2,FIFO_DEPTH=64,BATCH_COUNT=4,BATCH_TIMEOUT=64,SINK_STALL_EN=1'b1,SINK_STALL_PERIOD=4,SINK_STALL_READY=1) .dut.u_fifo  File: /get/work/krishna.vardhan/git_trees/mtp_pcie_axi/pcie_axi_dma_latency/design/rtl/axis_fifo.sv Line: 165
Warning: [axis_fifo] FIFO full (depth=64) — upstream back-pressured at t=59835000
Time: 59835 ns  Iteration: 0  Process: /tb_pcie_axi_dma(TB_SCENARIO=2,FIFO_DEPTH=64,BATCH_COUNT=4,BATCH_TIMEOUT=64,SINK_STALL_EN=1'b1,SINK_STALL_PERIOD=4,SINK_STALL_READY=1)/dut/u_fifo/Always163_9  Scope: \tb_pcie_axi_dma(TB_SCENARIO=2,FIFO_DEPTH=64,BATCH_COUNT=4,BATCH_TIMEOUT=64,SINK_STALL_EN=1'b1,SINK_STALL_PERIOD=4,SINK_STALL_READY=1) .dut.u_fifo  File: /get/work/krishna.vardhan/git_trees/mtp_pcie_axi/pcie_axi_dma_latency/design/rtl/axis_fifo.sv Line: 165
Warning: [axis_fifo] FIFO full (depth=64) — upstream back-pressured at t=59845000
Time: 59845 ns  Iteration: 0  Process: /tb_pcie_axi_dma(TB_SCENARIO=2,FIFO_DEPTH=64,BATCH_COUNT=4,BATCH_TIMEOUT=64,SINK_STALL_EN=1'b1,SINK_STALL_PERIOD=4,SINK_STALL_READY=1)/dut/u_fifo/Always163_9  Scope: \tb_pcie_axi_dma(TB_SCENARIO=2,FIFO_DEPTH=64,BATCH_COUNT=4,BATCH_TIMEOUT=64,SINK_STALL_EN=1'b1,SINK_STALL_PERIOD=4,SINK_STALL_READY=1) .dut.u_fifo  File: /get/work/krishna.vardhan/git_trees/mtp_pcie_axi/pcie_axi_dma_latency/design/rtl/axis_fifo.sv Line: 165
Warning: [axis_fifo] FIFO full (depth=64) — upstream back-pressured at t=59855000
Time: 59855 ns  Iteration: 0  Process: /tb_pcie_axi_dma(TB_SCENARIO=2,FIFO_DEPTH=64,BATCH_COUNT=4,BATCH_TIMEOUT=64,SINK_STALL_EN=1'b1,SINK_STALL_PERIOD=4,SINK_STALL_READY=1)/dut/u_fifo/Always163_9  Scope: \tb_pcie_axi_dma(TB_SCENARIO=2,FIFO_DEPTH=64,BATCH_COUNT=4,BATCH_TIMEOUT=64,SINK_STALL_EN=1'b1,SINK_STALL_PERIOD=4,SINK_STALL_READY=1) .dut.u_fifo  File: /get/work/krishna.vardhan/git_trees/mtp_pcie_axi/pcie_axi_dma_latency/design/rtl/axis_fifo.sv Line: 165
Warning: [axis_fifo] FIFO full (depth=64) — upstream back-pressured at t=59875000
Time: 59875 ns  Iteration: 0  Process: /tb_pcie_axi_dma(TB_SCENARIO=2,FIFO_DEPTH=64,BATCH_COUNT=4,BATCH_TIMEOUT=64,SINK_STALL_EN=1'b1,SINK_STALL_PERIOD=4,SINK_STALL_READY=1)/dut/u_fifo/Always163_9  Scope: \tb_pcie_axi_dma(TB_SCENARIO=2,FIFO_DEPTH=64,BATCH_COUNT=4,BATCH_TIMEOUT=64,SINK_STALL_EN=1'b1,SINK_STALL_PERIOD=4,SINK_STALL_READY=1) .dut.u_fifo  File: /get/work/krishna.vardhan/git_trees/mtp_pcie_axi/pcie_axi_dma_latency/design/rtl/axis_fifo.sv Line: 165
Warning: [axis_fifo] FIFO full (depth=64) — upstream back-pressured at t=59885000
Time: 59885 ns  Iteration: 0  Process: /tb_pcie_axi_dma(TB_SCENARIO=2,FIFO_DEPTH=64,BATCH_COUNT=4,BATCH_TIMEOUT=64,SINK_STALL_EN=1'b1,SINK_STALL_PERIOD=4,SINK_STALL_READY=1)/dut/u_fifo/Always163_9  Scope: \tb_pcie_axi_dma(TB_SCENARIO=2,FIFO_DEPTH=64,BATCH_COUNT=4,BATCH_TIMEOUT=64,SINK_STALL_EN=1'b1,SINK_STALL_PERIOD=4,SINK_STALL_READY=1) .dut.u_fifo  File: /get/work/krishna.vardhan/git_trees/mtp_pcie_axi/pcie_axi_dma_latency/design/rtl/axis_fifo.sv Line: 165
Warning: [axis_fifo] FIFO full (depth=64) — upstream back-pressured at t=59895000
Time: 59895 ns  Iteration: 0  Process: /tb_pcie_axi_dma(TB_SCENARIO=2,FIFO_DEPTH=64,BATCH_COUNT=4,BATCH_TIMEOUT=64,SINK_STALL_EN=1'b1,SINK_STALL_PERIOD=4,SINK_STALL_READY=1)/dut/u_fifo/Always163_9  Scope: \tb_pcie_axi_dma(TB_SCENARIO=2,FIFO_DEPTH=64,BATCH_COUNT=4,BATCH_TIMEOUT=64,SINK_STALL_EN=1'b1,SINK_STALL_PERIOD=4,SINK_STALL_READY=1) .dut.u_fifo  File: /get/work/krishna.vardhan/git_trees/mtp_pcie_axi/pcie_axi_dma_latency/design/rtl/axis_fifo.sv Line: 165
Warning: [axis_fifo] FIFO full (depth=64) — upstream back-pressured at t=59915000
Time: 59915 ns  Iteration: 0  Process: /tb_pcie_axi_dma(TB_SCENARIO=2,FIFO_DEPTH=64,BATCH_COUNT=4,BATCH_TIMEOUT=64,SINK_STALL_EN=1'b1,SINK_STALL_PERIOD=4,SINK_STALL_READY=1)/dut/u_fifo/Always163_9  Scope: \tb_pcie_axi_dma(TB_SCENARIO=2,FIFO_DEPTH=64,BATCH_COUNT=4,BATCH_TIMEOUT=64,SINK_STALL_EN=1'b1,SINK_STALL_PERIOD=4,SINK_STALL_READY=1) .dut.u_fifo  File: /get/work/krishna.vardhan/git_trees/mtp_pcie_axi/pcie_axi_dma_latency/design/rtl/axis_fifo.sv Line: 165
Warning: [axis_fifo] FIFO full (depth=64) — upstream back-pressured at t=59925000
Time: 59925 ns  Iteration: 0  Process: /tb_pcie_axi_dma(TB_SCENARIO=2,FIFO_DEPTH=64,BATCH_COUNT=4,BATCH_TIMEOUT=64,SINK_STALL_EN=1'b1,SINK_STALL_PERIOD=4,SINK_STALL_READY=1)/dut/u_fifo/Always163_9  Scope: \tb_pcie_axi_dma(TB_SCENARIO=2,FIFO_DEPTH=64,BATCH_COUNT=4,BATCH_TIMEOUT=64,SINK_STALL_EN=1'b1,SINK_STALL_PERIOD=4,SINK_STALL_READY=1) .dut.u_fifo  File: /get/work/krishna.vardhan/git_trees/mtp_pcie_axi/pcie_axi_dma_latency/design/rtl/axis_fifo.sv Line: 165
Warning: [axis_fifo] FIFO full (depth=64) — upstream back-pressured at t=59935000
Time: 59935 ns  Iteration: 0  Process: /tb_pcie_axi_dma(TB_SCENARIO=2,FIFO_DEPTH=64,BATCH_COUNT=4,BATCH_TIMEOUT=64,SINK_STALL_EN=1'b1,SINK_STALL_PERIOD=4,SINK_STALL_READY=1)/dut/u_fifo/Always163_9  Scope: \tb_pcie_axi_dma(TB_SCENARIO=2,FIFO_DEPTH=64,BATCH_COUNT=4,BATCH_TIMEOUT=64,SINK_STALL_EN=1'b1,SINK_STALL_PERIOD=4,SINK_STALL_READY=1) .dut.u_fifo  File: /get/work/krishna.vardhan/git_trees/mtp_pcie_axi/pcie_axi_dma_latency/design/rtl/axis_fifo.sv Line: 165
Warning: [axis_fifo] FIFO full (depth=64) — upstream back-pressured at t=59955000
Time: 59955 ns  Iteration: 0  Process: /tb_pcie_axi_dma(TB_SCENARIO=2,FIFO_DEPTH=64,BATCH_COUNT=4,BATCH_TIMEOUT=64,SINK_STALL_EN=1'b1,SINK_STALL_PERIOD=4,SINK_STALL_READY=1)/dut/u_fifo/Always163_9  Scope: \tb_pcie_axi_dma(TB_SCENARIO=2,FIFO_DEPTH=64,BATCH_COUNT=4,BATCH_TIMEOUT=64,SINK_STALL_EN=1'b1,SINK_STALL_PERIOD=4,SINK_STALL_READY=1) .dut.u_fifo  File: /get/work/krishna.vardhan/git_trees/mtp_pcie_axi/pcie_axi_dma_latency/design/rtl/axis_fifo.sv Line: 165
Warning: [axis_fifo] FIFO full (depth=64) — upstream back-pressured at t=59965000
Time: 59965 ns  Iteration: 0  Process: /tb_pcie_axi_dma(TB_SCENARIO=2,FIFO_DEPTH=64,BATCH_COUNT=4,BATCH_TIMEOUT=64,SINK_STALL_EN=1'b1,SINK_STALL_PERIOD=4,SINK_STALL_READY=1)/dut/u_fifo/Always163_9  Scope: \tb_pcie_axi_dma(TB_SCENARIO=2,FIFO_DEPTH=64,BATCH_COUNT=4,BATCH_TIMEOUT=64,SINK_STALL_EN=1'b1,SINK_STALL_PERIOD=4,SINK_STALL_READY=1) .dut.u_fifo  File: /get/work/krishna.vardhan/git_trees/mtp_pcie_axi/pcie_axi_dma_latency/design/rtl/axis_fifo.sv Line: 165
Warning: [axis_fifo] FIFO full (depth=64) — upstream back-pressured at t=59975000
Time: 59975 ns  Iteration: 0  Process: /tb_pcie_axi_dma(TB_SCENARIO=2,FIFO_DEPTH=64,BATCH_COUNT=4,BATCH_TIMEOUT=64,SINK_STALL_EN=1'b1,SINK_STALL_PERIOD=4,SINK_STALL_READY=1)/dut/u_fifo/Always163_9  Scope: \tb_pcie_axi_dma(TB_SCENARIO=2,FIFO_DEPTH=64,BATCH_COUNT=4,BATCH_TIMEOUT=64,SINK_STALL_EN=1'b1,SINK_STALL_PERIOD=4,SINK_STALL_READY=1) .dut.u_fifo  File: /get/work/krishna.vardhan/git_trees/mtp_pcie_axi/pcie_axi_dma_latency/design/rtl/axis_fifo.sv Line: 165
Warning: [axis_fifo] FIFO full (depth=64) — upstream back-pressured at t=59995000
Time: 59995 ns  Iteration: 0  Process: /tb_pcie_axi_dma(TB_SCENARIO=2,FIFO_DEPTH=64,BATCH_COUNT=4,BATCH_TIMEOUT=64,SINK_STALL_EN=1'b1,SINK_STALL_PERIOD=4,SINK_STALL_READY=1)/dut/u_fifo/Always163_9  Scope: \tb_pcie_axi_dma(TB_SCENARIO=2,FIFO_DEPTH=64,BATCH_COUNT=4,BATCH_TIMEOUT=64,SINK_STALL_EN=1'b1,SINK_STALL_PERIOD=4,SINK_STALL_READY=1) .dut.u_fifo  File: /get/work/krishna.vardhan/git_trees/mtp_pcie_axi/pcie_axi_dma_latency/design/rtl/axis_fifo.sv Line: 165
Warning: [axis_fifo] FIFO full (depth=64) — upstream back-pressured at t=60005000
Time: 60005 ns  Iteration: 0  Process: /tb_pcie_axi_dma(TB_SCENARIO=2,FIFO_DEPTH=64,BATCH_COUNT=4,BATCH_TIMEOUT=64,SINK_STALL_EN=1'b1,SINK_STALL_PERIOD=4,SINK_STALL_READY=1)/dut/u_fifo/Always163_9  Scope: \tb_pcie_axi_dma(TB_SCENARIO=2,FIFO_DEPTH=64,BATCH_COUNT=4,BATCH_TIMEOUT=64,SINK_STALL_EN=1'b1,SINK_STALL_PERIOD=4,SINK_STALL_READY=1) .dut.u_fifo  File: /get/work/krishna.vardhan/git_trees/mtp_pcie_axi/pcie_axi_dma_latency/design/rtl/axis_fifo.sv Line: 165
Warning: [axis_fifo] FIFO full (depth=64) — upstream back-pressured at t=60015000
Time: 60015 ns  Iteration: 0  Process: /tb_pcie_axi_dma(TB_SCENARIO=2,FIFO_DEPTH=64,BATCH_COUNT=4,BATCH_TIMEOUT=64,SINK_STALL_EN=1'b1,SINK_STALL_PERIOD=4,SINK_STALL_READY=1)/dut/u_fifo/Always163_9  Scope: \tb_pcie_axi_dma(TB_SCENARIO=2,FIFO_DEPTH=64,BATCH_COUNT=4,BATCH_TIMEOUT=64,SINK_STALL_EN=1'b1,SINK_STALL_PERIOD=4,SINK_STALL_READY=1) .dut.u_fifo  File: /get/work/krishna.vardhan/git_trees/mtp_pcie_axi/pcie_axi_dma_latency/design/rtl/axis_fifo.sv Line: 165
Warning: [axis_fifo] FIFO full (depth=64) — upstream back-pressured at t=60035000
Time: 60035 ns  Iteration: 0  Process: /tb_pcie_axi_dma(TB_SCENARIO=2,FIFO_DEPTH=64,BATCH_COUNT=4,BATCH_TIMEOUT=64,SINK_STALL_EN=1'b1,SINK_STALL_PERIOD=4,SINK_STALL_READY=1)/dut/u_fifo/Always163_9  Scope: \tb_pcie_axi_dma(TB_SCENARIO=2,FIFO_DEPTH=64,BATCH_COUNT=4,BATCH_TIMEOUT=64,SINK_STALL_EN=1'b1,SINK_STALL_PERIOD=4,SINK_STALL_READY=1) .dut.u_fifo  File: /get/work/krishna.vardhan/git_trees/mtp_pcie_axi/pcie_axi_dma_latency/design/rtl/axis_fifo.sv Line: 165
Warning: [axis_fifo] FIFO full (depth=64) — upstream back-pressured at t=60045000
Time: 60045 ns  Iteration: 0  Process: /tb_pcie_axi_dma(TB_SCENARIO=2,FIFO_DEPTH=64,BATCH_COUNT=4,BATCH_TIMEOUT=64,SINK_STALL_EN=1'b1,SINK_STALL_PERIOD=4,SINK_STALL_READY=1)/dut/u_fifo/Always163_9  Scope: \tb_pcie_axi_dma(TB_SCENARIO=2,FIFO_DEPTH=64,BATCH_COUNT=4,BATCH_TIMEOUT=64,SINK_STALL_EN=1'b1,SINK_STALL_PERIOD=4,SINK_STALL_READY=1) .dut.u_fifo  File: /get/work/krishna.vardhan/git_trees/mtp_pcie_axi/pcie_axi_dma_latency/design/rtl/axis_fifo.sv Line: 165
Warning: [axis_fifo] FIFO full (depth=64) — upstream back-pressured at t=60055000
Time: 60055 ns  Iteration: 0  Process: /tb_pcie_axi_dma(TB_SCENARIO=2,FIFO_DEPTH=64,BATCH_COUNT=4,BATCH_TIMEOUT=64,SINK_STALL_EN=1'b1,SINK_STALL_PERIOD=4,SINK_STALL_READY=1)/dut/u_fifo/Always163_9  Scope: \tb_pcie_axi_dma(TB_SCENARIO=2,FIFO_DEPTH=64,BATCH_COUNT=4,BATCH_TIMEOUT=64,SINK_STALL_EN=1'b1,SINK_STALL_PERIOD=4,SINK_STALL_READY=1) .dut.u_fifo  File: /get/work/krishna.vardhan/git_trees/mtp_pcie_axi/pcie_axi_dma_latency/design/rtl/axis_fifo.sv Line: 165
Warning: [axis_fifo] FIFO full (depth=64) — upstream back-pressured at t=60075000
Time: 60075 ns  Iteration: 0  Process: /tb_pcie_axi_dma(TB_SCENARIO=2,FIFO_DEPTH=64,BATCH_COUNT=4,BATCH_TIMEOUT=64,SINK_STALL_EN=1'b1,SINK_STALL_PERIOD=4,SINK_STALL_READY=1)/dut/u_fifo/Always163_9  Scope: \tb_pcie_axi_dma(TB_SCENARIO=2,FIFO_DEPTH=64,BATCH_COUNT=4,BATCH_TIMEOUT=64,SINK_STALL_EN=1'b1,SINK_STALL_PERIOD=4,SINK_STALL_READY=1) .dut.u_fifo  File: /get/work/krishna.vardhan/git_trees/mtp_pcie_axi/pcie_axi_dma_latency/design/rtl/axis_fifo.sv Line: 165
Warning: [axis_fifo] FIFO full (depth=64) — upstream back-pressured at t=60085000
Time: 60085 ns  Iteration: 0  Process: /tb_pcie_axi_dma(TB_SCENARIO=2,FIFO_DEPTH=64,BATCH_COUNT=4,BATCH_TIMEOUT=64,SINK_STALL_EN=1'b1,SINK_STALL_PERIOD=4,SINK_STALL_READY=1)/dut/u_fifo/Always163_9  Scope: \tb_pcie_axi_dma(TB_SCENARIO=2,FIFO_DEPTH=64,BATCH_COUNT=4,BATCH_TIMEOUT=64,SINK_STALL_EN=1'b1,SINK_STALL_PERIOD=4,SINK_STALL_READY=1) .dut.u_fifo  File: /get/work/krishna.vardhan/git_trees/mtp_pcie_axi/pcie_axi_dma_latency/design/rtl/axis_fifo.sv Line: 165
Warning: [axis_fifo] FIFO full (depth=64) — upstream back-pressured at t=60095000
Time: 60095 ns  Iteration: 0  Process: /tb_pcie_axi_dma(TB_SCENARIO=2,FIFO_DEPTH=64,BATCH_COUNT=4,BATCH_TIMEOUT=64,SINK_STALL_EN=1'b1,SINK_STALL_PERIOD=4,SINK_STALL_READY=1)/dut/u_fifo/Always163_9  Scope: \tb_pcie_axi_dma(TB_SCENARIO=2,FIFO_DEPTH=64,BATCH_COUNT=4,BATCH_TIMEOUT=64,SINK_STALL_EN=1'b1,SINK_STALL_PERIOD=4,SINK_STALL_READY=1) .dut.u_fifo  File: /get/work/krishna.vardhan/git_trees/mtp_pcie_axi/pcie_axi_dma_latency/design/rtl/axis_fifo.sv Line: 165
Warning: [axis_fifo] FIFO full (depth=64) — upstream back-pressured at t=60115000
Time: 60115 ns  Iteration: 0  Process: /tb_pcie_axi_dma(TB_SCENARIO=2,FIFO_DEPTH=64,BATCH_COUNT=4,BATCH_TIMEOUT=64,SINK_STALL_EN=1'b1,SINK_STALL_PERIOD=4,SINK_STALL_READY=1)/dut/u_fifo/Always163_9  Scope: \tb_pcie_axi_dma(TB_SCENARIO=2,FIFO_DEPTH=64,BATCH_COUNT=4,BATCH_TIMEOUT=64,SINK_STALL_EN=1'b1,SINK_STALL_PERIOD=4,SINK_STALL_READY=1) .dut.u_fifo  File: /get/work/krishna.vardhan/git_trees/mtp_pcie_axi/pcie_axi_dma_latency/design/rtl/axis_fifo.sv Line: 165
Warning: [axis_fifo] FIFO full (depth=64) — upstream back-pressured at t=60125000
Time: 60125 ns  Iteration: 0  Process: /tb_pcie_axi_dma(TB_SCENARIO=2,FIFO_DEPTH=64,BATCH_COUNT=4,BATCH_TIMEOUT=64,SINK_STALL_EN=1'b1,SINK_STALL_PERIOD=4,SINK_STALL_READY=1)/dut/u_fifo/Always163_9  Scope: \tb_pcie_axi_dma(TB_SCENARIO=2,FIFO_DEPTH=64,BATCH_COUNT=4,BATCH_TIMEOUT=64,SINK_STALL_EN=1'b1,SINK_STALL_PERIOD=4,SINK_STALL_READY=1) .dut.u_fifo  File: /get/work/krishna.vardhan/git_trees/mtp_pcie_axi/pcie_axi_dma_latency/design/rtl/axis_fifo.sv Line: 165
Warning: [axis_fifo] FIFO full (depth=64) — upstream back-pressured at t=60135000
Time: 60135 ns  Iteration: 0  Process: /tb_pcie_axi_dma(TB_SCENARIO=2,FIFO_DEPTH=64,BATCH_COUNT=4,BATCH_TIMEOUT=64,SINK_STALL_EN=1'b1,SINK_STALL_PERIOD=4,SINK_STALL_READY=1)/dut/u_fifo/Always163_9  Scope: \tb_pcie_axi_dma(TB_SCENARIO=2,FIFO_DEPTH=64,BATCH_COUNT=4,BATCH_TIMEOUT=64,SINK_STALL_EN=1'b1,SINK_STALL_PERIOD=4,SINK_STALL_READY=1) .dut.u_fifo  File: /get/work/krishna.vardhan/git_trees/mtp_pcie_axi/pcie_axi_dma_latency/design/rtl/axis_fifo.sv Line: 165
Warning: [axis_fifo] FIFO full (depth=64) — upstream back-pressured at t=60155000
Time: 60155 ns  Iteration: 0  Process: /tb_pcie_axi_dma(TB_SCENARIO=2,FIFO_DEPTH=64,BATCH_COUNT=4,BATCH_TIMEOUT=64,SINK_STALL_EN=1'b1,SINK_STALL_PERIOD=4,SINK_STALL_READY=1)/dut/u_fifo/Always163_9  Scope: \tb_pcie_axi_dma(TB_SCENARIO=2,FIFO_DEPTH=64,BATCH_COUNT=4,BATCH_TIMEOUT=64,SINK_STALL_EN=1'b1,SINK_STALL_PERIOD=4,SINK_STALL_READY=1) .dut.u_fifo  File: /get/work/krishna.vardhan/git_trees/mtp_pcie_axi/pcie_axi_dma_latency/design/rtl/axis_fifo.sv Line: 165
Warning: [axis_fifo] FIFO full (depth=64) — upstream back-pressured at t=60165000
Time: 60165 ns  Iteration: 0  Process: /tb_pcie_axi_dma(TB_SCENARIO=2,FIFO_DEPTH=64,BATCH_COUNT=4,BATCH_TIMEOUT=64,SINK_STALL_EN=1'b1,SINK_STALL_PERIOD=4,SINK_STALL_READY=1)/dut/u_fifo/Always163_9  Scope: \tb_pcie_axi_dma(TB_SCENARIO=2,FIFO_DEPTH=64,BATCH_COUNT=4,BATCH_TIMEOUT=64,SINK_STALL_EN=1'b1,SINK_STALL_PERIOD=4,SINK_STALL_READY=1) .dut.u_fifo  File: /get/work/krishna.vardhan/git_trees/mtp_pcie_axi/pcie_axi_dma_latency/design/rtl/axis_fifo.sv Line: 165
Warning: [axis_fifo] FIFO full (depth=64) — upstream back-pressured at t=60175000
Time: 60175 ns  Iteration: 0  Process: /tb_pcie_axi_dma(TB_SCENARIO=2,FIFO_DEPTH=64,BATCH_COUNT=4,BATCH_TIMEOUT=64,SINK_STALL_EN=1'b1,SINK_STALL_PERIOD=4,SINK_STALL_READY=1)/dut/u_fifo/Always163_9  Scope: \tb_pcie_axi_dma(TB_SCENARIO=2,FIFO_DEPTH=64,BATCH_COUNT=4,BATCH_TIMEOUT=64,SINK_STALL_EN=1'b1,SINK_STALL_PERIOD=4,SINK_STALL_READY=1) .dut.u_fifo  File: /get/work/krishna.vardhan/git_trees/mtp_pcie_axi/pcie_axi_dma_latency/design/rtl/axis_fifo.sv Line: 165
Warning: [axis_fifo] FIFO full (depth=64) — upstream back-pressured at t=60195000
Time: 60195 ns  Iteration: 0  Process: /tb_pcie_axi_dma(TB_SCENARIO=2,FIFO_DEPTH=64,BATCH_COUNT=4,BATCH_TIMEOUT=64,SINK_STALL_EN=1'b1,SINK_STALL_PERIOD=4,SINK_STALL_READY=1)/dut/u_fifo/Always163_9  Scope: \tb_pcie_axi_dma(TB_SCENARIO=2,FIFO_DEPTH=64,BATCH_COUNT=4,BATCH_TIMEOUT=64,SINK_STALL_EN=1'b1,SINK_STALL_PERIOD=4,SINK_STALL_READY=1) .dut.u_fifo  File: /get/work/krishna.vardhan/git_trees/mtp_pcie_axi/pcie_axi_dma_latency/design/rtl/axis_fifo.sv Line: 165
Warning: [axis_fifo] FIFO full (depth=64) — upstream back-pressured at t=60205000
Time: 60205 ns  Iteration: 0  Process: /tb_pcie_axi_dma(TB_SCENARIO=2,FIFO_DEPTH=64,BATCH_COUNT=4,BATCH_TIMEOUT=64,SINK_STALL_EN=1'b1,SINK_STALL_PERIOD=4,SINK_STALL_READY=1)/dut/u_fifo/Always163_9  Scope: \tb_pcie_axi_dma(TB_SCENARIO=2,FIFO_DEPTH=64,BATCH_COUNT=4,BATCH_TIMEOUT=64,SINK_STALL_EN=1'b1,SINK_STALL_PERIOD=4,SINK_STALL_READY=1) .dut.u_fifo  File: /get/work/krishna.vardhan/git_trees/mtp_pcie_axi/pcie_axi_dma_latency/design/rtl/axis_fifo.sv Line: 165
Warning: [axis_fifo] FIFO full (depth=64) — upstream back-pressured at t=60215000
Time: 60215 ns  Iteration: 0  Process: /tb_pcie_axi_dma(TB_SCENARIO=2,FIFO_DEPTH=64,BATCH_COUNT=4,BATCH_TIMEOUT=64,SINK_STALL_EN=1'b1,SINK_STALL_PERIOD=4,SINK_STALL_READY=1)/dut/u_fifo/Always163_9  Scope: \tb_pcie_axi_dma(TB_SCENARIO=2,FIFO_DEPTH=64,BATCH_COUNT=4,BATCH_TIMEOUT=64,SINK_STALL_EN=1'b1,SINK_STALL_PERIOD=4,SINK_STALL_READY=1) .dut.u_fifo  File: /get/work/krishna.vardhan/git_trees/mtp_pcie_axi/pcie_axi_dma_latency/design/rtl/axis_fifo.sv Line: 165
Warning: [axis_fifo] FIFO full (depth=64) — upstream back-pressured at t=60235000
Time: 60235 ns  Iteration: 0  Process: /tb_pcie_axi_dma(TB_SCENARIO=2,FIFO_DEPTH=64,BATCH_COUNT=4,BATCH_TIMEOUT=64,SINK_STALL_EN=1'b1,SINK_STALL_PERIOD=4,SINK_STALL_READY=1)/dut/u_fifo/Always163_9  Scope: \tb_pcie_axi_dma(TB_SCENARIO=2,FIFO_DEPTH=64,BATCH_COUNT=4,BATCH_TIMEOUT=64,SINK_STALL_EN=1'b1,SINK_STALL_PERIOD=4,SINK_STALL_READY=1) .dut.u_fifo  File: /get/work/krishna.vardhan/git_trees/mtp_pcie_axi/pcie_axi_dma_latency/design/rtl/axis_fifo.sv Line: 165
Warning: [axis_fifo] FIFO full (depth=64) — upstream back-pressured at t=60245000
Time: 60245 ns  Iteration: 0  Process: /tb_pcie_axi_dma(TB_SCENARIO=2,FIFO_DEPTH=64,BATCH_COUNT=4,BATCH_TIMEOUT=64,SINK_STALL_EN=1'b1,SINK_STALL_PERIOD=4,SINK_STALL_READY=1)/dut/u_fifo/Always163_9  Scope: \tb_pcie_axi_dma(TB_SCENARIO=2,FIFO_DEPTH=64,BATCH_COUNT=4,BATCH_TIMEOUT=64,SINK_STALL_EN=1'b1,SINK_STALL_PERIOD=4,SINK_STALL_READY=1) .dut.u_fifo  File: /get/work/krishna.vardhan/git_trees/mtp_pcie_axi/pcie_axi_dma_latency/design/rtl/axis_fifo.sv Line: 165
Warning: [axis_fifo] FIFO full (depth=64) — upstream back-pressured at t=60255000
Time: 60255 ns  Iteration: 0  Process: /tb_pcie_axi_dma(TB_SCENARIO=2,FIFO_DEPTH=64,BATCH_COUNT=4,BATCH_TIMEOUT=64,SINK_STALL_EN=1'b1,SINK_STALL_PERIOD=4,SINK_STALL_READY=1)/dut/u_fifo/Always163_9  Scope: \tb_pcie_axi_dma(TB_SCENARIO=2,FIFO_DEPTH=64,BATCH_COUNT=4,BATCH_TIMEOUT=64,SINK_STALL_EN=1'b1,SINK_STALL_PERIOD=4,SINK_STALL_READY=1) .dut.u_fifo  File: /get/work/krishna.vardhan/git_trees/mtp_pcie_axi/pcie_axi_dma_latency/design/rtl/axis_fifo.sv Line: 165
Warning: [axis_fifo] FIFO full (depth=64) — upstream back-pressured at t=60275000
Time: 60275 ns  Iteration: 0  Process: /tb_pcie_axi_dma(TB_SCENARIO=2,FIFO_DEPTH=64,BATCH_COUNT=4,BATCH_TIMEOUT=64,SINK_STALL_EN=1'b1,SINK_STALL_PERIOD=4,SINK_STALL_READY=1)/dut/u_fifo/Always163_9  Scope: \tb_pcie_axi_dma(TB_SCENARIO=2,FIFO_DEPTH=64,BATCH_COUNT=4,BATCH_TIMEOUT=64,SINK_STALL_EN=1'b1,SINK_STALL_PERIOD=4,SINK_STALL_READY=1) .dut.u_fifo  File: /get/work/krishna.vardhan/git_trees/mtp_pcie_axi/pcie_axi_dma_latency/design/rtl/axis_fifo.sv Line: 165
Warning: [axis_fifo] FIFO full (depth=64) — upstream back-pressured at t=60285000
Time: 60285 ns  Iteration: 0  Process: /tb_pcie_axi_dma(TB_SCENARIO=2,FIFO_DEPTH=64,BATCH_COUNT=4,BATCH_TIMEOUT=64,SINK_STALL_EN=1'b1,SINK_STALL_PERIOD=4,SINK_STALL_READY=1)/dut/u_fifo/Always163_9  Scope: \tb_pcie_axi_dma(TB_SCENARIO=2,FIFO_DEPTH=64,BATCH_COUNT=4,BATCH_TIMEOUT=64,SINK_STALL_EN=1'b1,SINK_STALL_PERIOD=4,SINK_STALL_READY=1) .dut.u_fifo  File: /get/work/krishna.vardhan/git_trees/mtp_pcie_axi/pcie_axi_dma_latency/design/rtl/axis_fifo.sv Line: 165
Warning: [axis_fifo] FIFO full (depth=64) — upstream back-pressured at t=60295000
Time: 60295 ns  Iteration: 0  Process: /tb_pcie_axi_dma(TB_SCENARIO=2,FIFO_DEPTH=64,BATCH_COUNT=4,BATCH_TIMEOUT=64,SINK_STALL_EN=1'b1,SINK_STALL_PERIOD=4,SINK_STALL_READY=1)/dut/u_fifo/Always163_9  Scope: \tb_pcie_axi_dma(TB_SCENARIO=2,FIFO_DEPTH=64,BATCH_COUNT=4,BATCH_TIMEOUT=64,SINK_STALL_EN=1'b1,SINK_STALL_PERIOD=4,SINK_STALL_READY=1) .dut.u_fifo  File: /get/work/krishna.vardhan/git_trees/mtp_pcie_axi/pcie_axi_dma_latency/design/rtl/axis_fifo.sv Line: 165
Warning: [axis_fifo] FIFO full (depth=64) — upstream back-pressured at t=60315000
Time: 60315 ns  Iteration: 0  Process: /tb_pcie_axi_dma(TB_SCENARIO=2,FIFO_DEPTH=64,BATCH_COUNT=4,BATCH_TIMEOUT=64,SINK_STALL_EN=1'b1,SINK_STALL_PERIOD=4,SINK_STALL_READY=1)/dut/u_fifo/Always163_9  Scope: \tb_pcie_axi_dma(TB_SCENARIO=2,FIFO_DEPTH=64,BATCH_COUNT=4,BATCH_TIMEOUT=64,SINK_STALL_EN=1'b1,SINK_STALL_PERIOD=4,SINK_STALL_READY=1) .dut.u_fifo  File: /get/work/krishna.vardhan/git_trees/mtp_pcie_axi/pcie_axi_dma_latency/design/rtl/axis_fifo.sv Line: 165
Warning: [axis_fifo] FIFO full (depth=64) — upstream back-pressured at t=60325000
Time: 60325 ns  Iteration: 0  Process: /tb_pcie_axi_dma(TB_SCENARIO=2,FIFO_DEPTH=64,BATCH_COUNT=4,BATCH_TIMEOUT=64,SINK_STALL_EN=1'b1,SINK_STALL_PERIOD=4,SINK_STALL_READY=1)/dut/u_fifo/Always163_9  Scope: \tb_pcie_axi_dma(TB_SCENARIO=2,FIFO_DEPTH=64,BATCH_COUNT=4,BATCH_TIMEOUT=64,SINK_STALL_EN=1'b1,SINK_STALL_PERIOD=4,SINK_STALL_READY=1) .dut.u_fifo  File: /get/work/krishna.vardhan/git_trees/mtp_pcie_axi/pcie_axi_dma_latency/design/rtl/axis_fifo.sv Line: 165
Warning: [axis_fifo] FIFO full (depth=64) — upstream back-pressured at t=60335000
Time: 60335 ns  Iteration: 0  Process: /tb_pcie_axi_dma(TB_SCENARIO=2,FIFO_DEPTH=64,BATCH_COUNT=4,BATCH_TIMEOUT=64,SINK_STALL_EN=1'b1,SINK_STALL_PERIOD=4,SINK_STALL_READY=1)/dut/u_fifo/Always163_9  Scope: \tb_pcie_axi_dma(TB_SCENARIO=2,FIFO_DEPTH=64,BATCH_COUNT=4,BATCH_TIMEOUT=64,SINK_STALL_EN=1'b1,SINK_STALL_PERIOD=4,SINK_STALL_READY=1) .dut.u_fifo  File: /get/work/krishna.vardhan/git_trees/mtp_pcie_axi/pcie_axi_dma_latency/design/rtl/axis_fifo.sv Line: 165
Warning: [axis_fifo] FIFO full (depth=64) — upstream back-pressured at t=60355000
Time: 60355 ns  Iteration: 0  Process: /tb_pcie_axi_dma(TB_SCENARIO=2,FIFO_DEPTH=64,BATCH_COUNT=4,BATCH_TIMEOUT=64,SINK_STALL_EN=1'b1,SINK_STALL_PERIOD=4,SINK_STALL_READY=1)/dut/u_fifo/Always163_9  Scope: \tb_pcie_axi_dma(TB_SCENARIO=2,FIFO_DEPTH=64,BATCH_COUNT=4,BATCH_TIMEOUT=64,SINK_STALL_EN=1'b1,SINK_STALL_PERIOD=4,SINK_STALL_READY=1) .dut.u_fifo  File: /get/work/krishna.vardhan/git_trees/mtp_pcie_axi/pcie_axi_dma_latency/design/rtl/axis_fifo.sv Line: 165
Warning: [axis_fifo] FIFO full (depth=64) — upstream back-pressured at t=60365000
Time: 60365 ns  Iteration: 0  Process: /tb_pcie_axi_dma(TB_SCENARIO=2,FIFO_DEPTH=64,BATCH_COUNT=4,BATCH_TIMEOUT=64,SINK_STALL_EN=1'b1,SINK_STALL_PERIOD=4,SINK_STALL_READY=1)/dut/u_fifo/Always163_9  Scope: \tb_pcie_axi_dma(TB_SCENARIO=2,FIFO_DEPTH=64,BATCH_COUNT=4,BATCH_TIMEOUT=64,SINK_STALL_EN=1'b1,SINK_STALL_PERIOD=4,SINK_STALL_READY=1) .dut.u_fifo  File: /get/work/krishna.vardhan/git_trees/mtp_pcie_axi/pcie_axi_dma_latency/design/rtl/axis_fifo.sv Line: 165
Warning: [axis_fifo] FIFO full (depth=64) — upstream back-pressured at t=60375000
Time: 60375 ns  Iteration: 0  Process: /tb_pcie_axi_dma(TB_SCENARIO=2,FIFO_DEPTH=64,BATCH_COUNT=4,BATCH_TIMEOUT=64,SINK_STALL_EN=1'b1,SINK_STALL_PERIOD=4,SINK_STALL_READY=1)/dut/u_fifo/Always163_9  Scope: \tb_pcie_axi_dma(TB_SCENARIO=2,FIFO_DEPTH=64,BATCH_COUNT=4,BATCH_TIMEOUT=64,SINK_STALL_EN=1'b1,SINK_STALL_PERIOD=4,SINK_STALL_READY=1) .dut.u_fifo  File: /get/work/krishna.vardhan/git_trees/mtp_pcie_axi/pcie_axi_dma_latency/design/rtl/axis_fifo.sv Line: 165
Warning: [axis_fifo] FIFO full (depth=64) — upstream back-pressured at t=60395000
Time: 60395 ns  Iteration: 0  Process: /tb_pcie_axi_dma(TB_SCENARIO=2,FIFO_DEPTH=64,BATCH_COUNT=4,BATCH_TIMEOUT=64,SINK_STALL_EN=1'b1,SINK_STALL_PERIOD=4,SINK_STALL_READY=1)/dut/u_fifo/Always163_9  Scope: \tb_pcie_axi_dma(TB_SCENARIO=2,FIFO_DEPTH=64,BATCH_COUNT=4,BATCH_TIMEOUT=64,SINK_STALL_EN=1'b1,SINK_STALL_PERIOD=4,SINK_STALL_READY=1) .dut.u_fifo  File: /get/work/krishna.vardhan/git_trees/mtp_pcie_axi/pcie_axi_dma_latency/design/rtl/axis_fifo.sv Line: 165
Warning: [axis_fifo] FIFO full (depth=64) — upstream back-pressured at t=60405000
Time: 60405 ns  Iteration: 0  Process: /tb_pcie_axi_dma(TB_SCENARIO=2,FIFO_DEPTH=64,BATCH_COUNT=4,BATCH_TIMEOUT=64,SINK_STALL_EN=1'b1,SINK_STALL_PERIOD=4,SINK_STALL_READY=1)/dut/u_fifo/Always163_9  Scope: \tb_pcie_axi_dma(TB_SCENARIO=2,FIFO_DEPTH=64,BATCH_COUNT=4,BATCH_TIMEOUT=64,SINK_STALL_EN=1'b1,SINK_STALL_PERIOD=4,SINK_STALL_READY=1) .dut.u_fifo  File: /get/work/krishna.vardhan/git_trees/mtp_pcie_axi/pcie_axi_dma_latency/design/rtl/axis_fifo.sv Line: 165
Warning: [axis_fifo] FIFO full (depth=64) — upstream back-pressured at t=60415000
Time: 60415 ns  Iteration: 0  Process: /tb_pcie_axi_dma(TB_SCENARIO=2,FIFO_DEPTH=64,BATCH_COUNT=4,BATCH_TIMEOUT=64,SINK_STALL_EN=1'b1,SINK_STALL_PERIOD=4,SINK_STALL_READY=1)/dut/u_fifo/Always163_9  Scope: \tb_pcie_axi_dma(TB_SCENARIO=2,FIFO_DEPTH=64,BATCH_COUNT=4,BATCH_TIMEOUT=64,SINK_STALL_EN=1'b1,SINK_STALL_PERIOD=4,SINK_STALL_READY=1) .dut.u_fifo  File: /get/work/krishna.vardhan/git_trees/mtp_pcie_axi/pcie_axi_dma_latency/design/rtl/axis_fifo.sv Line: 165
Warning: [axis_fifo] FIFO full (depth=64) — upstream back-pressured at t=60435000
Time: 60435 ns  Iteration: 0  Process: /tb_pcie_axi_dma(TB_SCENARIO=2,FIFO_DEPTH=64,BATCH_COUNT=4,BATCH_TIMEOUT=64,SINK_STALL_EN=1'b1,SINK_STALL_PERIOD=4,SINK_STALL_READY=1)/dut/u_fifo/Always163_9  Scope: \tb_pcie_axi_dma(TB_SCENARIO=2,FIFO_DEPTH=64,BATCH_COUNT=4,BATCH_TIMEOUT=64,SINK_STALL_EN=1'b1,SINK_STALL_PERIOD=4,SINK_STALL_READY=1) .dut.u_fifo  File: /get/work/krishna.vardhan/git_trees/mtp_pcie_axi/pcie_axi_dma_latency/design/rtl/axis_fifo.sv Line: 165
Warning: [axis_fifo] FIFO full (depth=64) — upstream back-pressured at t=60445000
Time: 60445 ns  Iteration: 0  Process: /tb_pcie_axi_dma(TB_SCENARIO=2,FIFO_DEPTH=64,BATCH_COUNT=4,BATCH_TIMEOUT=64,SINK_STALL_EN=1'b1,SINK_STALL_PERIOD=4,SINK_STALL_READY=1)/dut/u_fifo/Always163_9  Scope: \tb_pcie_axi_dma(TB_SCENARIO=2,FIFO_DEPTH=64,BATCH_COUNT=4,BATCH_TIMEOUT=64,SINK_STALL_EN=1'b1,SINK_STALL_PERIOD=4,SINK_STALL_READY=1) .dut.u_fifo  File: /get/work/krishna.vardhan/git_trees/mtp_pcie_axi/pcie_axi_dma_latency/design/rtl/axis_fifo.sv Line: 165
Warning: [axis_fifo] FIFO full (depth=64) — upstream back-pressured at t=60455000
Time: 60455 ns  Iteration: 0  Process: /tb_pcie_axi_dma(TB_SCENARIO=2,FIFO_DEPTH=64,BATCH_COUNT=4,BATCH_TIMEOUT=64,SINK_STALL_EN=1'b1,SINK_STALL_PERIOD=4,SINK_STALL_READY=1)/dut/u_fifo/Always163_9  Scope: \tb_pcie_axi_dma(TB_SCENARIO=2,FIFO_DEPTH=64,BATCH_COUNT=4,BATCH_TIMEOUT=64,SINK_STALL_EN=1'b1,SINK_STALL_PERIOD=4,SINK_STALL_READY=1) .dut.u_fifo  File: /get/work/krishna.vardhan/git_trees/mtp_pcie_axi/pcie_axi_dma_latency/design/rtl/axis_fifo.sv Line: 165
Warning: [axis_fifo] FIFO full (depth=64) — upstream back-pressured at t=60475000
Time: 60475 ns  Iteration: 0  Process: /tb_pcie_axi_dma(TB_SCENARIO=2,FIFO_DEPTH=64,BATCH_COUNT=4,BATCH_TIMEOUT=64,SINK_STALL_EN=1'b1,SINK_STALL_PERIOD=4,SINK_STALL_READY=1)/dut/u_fifo/Always163_9  Scope: \tb_pcie_axi_dma(TB_SCENARIO=2,FIFO_DEPTH=64,BATCH_COUNT=4,BATCH_TIMEOUT=64,SINK_STALL_EN=1'b1,SINK_STALL_PERIOD=4,SINK_STALL_READY=1) .dut.u_fifo  File: /get/work/krishna.vardhan/git_trees/mtp_pcie_axi/pcie_axi_dma_latency/design/rtl/axis_fifo.sv Line: 165
Warning: [axis_fifo] FIFO full (depth=64) — upstream back-pressured at t=60485000
Time: 60485 ns  Iteration: 0  Process: /tb_pcie_axi_dma(TB_SCENARIO=2,FIFO_DEPTH=64,BATCH_COUNT=4,BATCH_TIMEOUT=64,SINK_STALL_EN=1'b1,SINK_STALL_PERIOD=4,SINK_STALL_READY=1)/dut/u_fifo/Always163_9  Scope: \tb_pcie_axi_dma(TB_SCENARIO=2,FIFO_DEPTH=64,BATCH_COUNT=4,BATCH_TIMEOUT=64,SINK_STALL_EN=1'b1,SINK_STALL_PERIOD=4,SINK_STALL_READY=1) .dut.u_fifo  File: /get/work/krishna.vardhan/git_trees/mtp_pcie_axi/pcie_axi_dma_latency/design/rtl/axis_fifo.sv Line: 165
Warning: [axis_fifo] FIFO full (depth=64) — upstream back-pressured at t=60495000
Time: 60495 ns  Iteration: 0  Process: /tb_pcie_axi_dma(TB_SCENARIO=2,FIFO_DEPTH=64,BATCH_COUNT=4,BATCH_TIMEOUT=64,SINK_STALL_EN=1'b1,SINK_STALL_PERIOD=4,SINK_STALL_READY=1)/dut/u_fifo/Always163_9  Scope: \tb_pcie_axi_dma(TB_SCENARIO=2,FIFO_DEPTH=64,BATCH_COUNT=4,BATCH_TIMEOUT=64,SINK_STALL_EN=1'b1,SINK_STALL_PERIOD=4,SINK_STALL_READY=1) .dut.u_fifo  File: /get/work/krishna.vardhan/git_trees/mtp_pcie_axi/pcie_axi_dma_latency/design/rtl/axis_fifo.sv Line: 165
Warning: [axis_fifo] FIFO full (depth=64) — upstream back-pressured at t=60515000
Time: 60515 ns  Iteration: 0  Process: /tb_pcie_axi_dma(TB_SCENARIO=2,FIFO_DEPTH=64,BATCH_COUNT=4,BATCH_TIMEOUT=64,SINK_STALL_EN=1'b1,SINK_STALL_PERIOD=4,SINK_STALL_READY=1)/dut/u_fifo/Always163_9  Scope: \tb_pcie_axi_dma(TB_SCENARIO=2,FIFO_DEPTH=64,BATCH_COUNT=4,BATCH_TIMEOUT=64,SINK_STALL_EN=1'b1,SINK_STALL_PERIOD=4,SINK_STALL_READY=1) .dut.u_fifo  File: /get/work/krishna.vardhan/git_trees/mtp_pcie_axi/pcie_axi_dma_latency/design/rtl/axis_fifo.sv Line: 165
Warning: [axis_fifo] FIFO full (depth=64) — upstream back-pressured at t=60525000
Time: 60525 ns  Iteration: 0  Process: /tb_pcie_axi_dma(TB_SCENARIO=2,FIFO_DEPTH=64,BATCH_COUNT=4,BATCH_TIMEOUT=64,SINK_STALL_EN=1'b1,SINK_STALL_PERIOD=4,SINK_STALL_READY=1)/dut/u_fifo/Always163_9  Scope: \tb_pcie_axi_dma(TB_SCENARIO=2,FIFO_DEPTH=64,BATCH_COUNT=4,BATCH_TIMEOUT=64,SINK_STALL_EN=1'b1,SINK_STALL_PERIOD=4,SINK_STALL_READY=1) .dut.u_fifo  File: /get/work/krishna.vardhan/git_trees/mtp_pcie_axi/pcie_axi_dma_latency/design/rtl/axis_fifo.sv Line: 165
Warning: [axis_fifo] FIFO full (depth=64) — upstream back-pressured at t=60535000
Time: 60535 ns  Iteration: 0  Process: /tb_pcie_axi_dma(TB_SCENARIO=2,FIFO_DEPTH=64,BATCH_COUNT=4,BATCH_TIMEOUT=64,SINK_STALL_EN=1'b1,SINK_STALL_PERIOD=4,SINK_STALL_READY=1)/dut/u_fifo/Always163_9  Scope: \tb_pcie_axi_dma(TB_SCENARIO=2,FIFO_DEPTH=64,BATCH_COUNT=4,BATCH_TIMEOUT=64,SINK_STALL_EN=1'b1,SINK_STALL_PERIOD=4,SINK_STALL_READY=1) .dut.u_fifo  File: /get/work/krishna.vardhan/git_trees/mtp_pcie_axi/pcie_axi_dma_latency/design/rtl/axis_fifo.sv Line: 165
Warning: [axis_fifo] FIFO full (depth=64) — upstream back-pressured at t=60555000
Time: 60555 ns  Iteration: 0  Process: /tb_pcie_axi_dma(TB_SCENARIO=2,FIFO_DEPTH=64,BATCH_COUNT=4,BATCH_TIMEOUT=64,SINK_STALL_EN=1'b1,SINK_STALL_PERIOD=4,SINK_STALL_READY=1)/dut/u_fifo/Always163_9  Scope: \tb_pcie_axi_dma(TB_SCENARIO=2,FIFO_DEPTH=64,BATCH_COUNT=4,BATCH_TIMEOUT=64,SINK_STALL_EN=1'b1,SINK_STALL_PERIOD=4,SINK_STALL_READY=1) .dut.u_fifo  File: /get/work/krishna.vardhan/git_trees/mtp_pcie_axi/pcie_axi_dma_latency/design/rtl/axis_fifo.sv Line: 165
Warning: [axis_fifo] FIFO full (depth=64) — upstream back-pressured at t=60565000
Time: 60565 ns  Iteration: 0  Process: /tb_pcie_axi_dma(TB_SCENARIO=2,FIFO_DEPTH=64,BATCH_COUNT=4,BATCH_TIMEOUT=64,SINK_STALL_EN=1'b1,SINK_STALL_PERIOD=4,SINK_STALL_READY=1)/dut/u_fifo/Always163_9  Scope: \tb_pcie_axi_dma(TB_SCENARIO=2,FIFO_DEPTH=64,BATCH_COUNT=4,BATCH_TIMEOUT=64,SINK_STALL_EN=1'b1,SINK_STALL_PERIOD=4,SINK_STALL_READY=1) .dut.u_fifo  File: /get/work/krishna.vardhan/git_trees/mtp_pcie_axi/pcie_axi_dma_latency/design/rtl/axis_fifo.sv Line: 165
Warning: [axis_fifo] FIFO full (depth=64) — upstream back-pressured at t=60575000
Time: 60575 ns  Iteration: 0  Process: /tb_pcie_axi_dma(TB_SCENARIO=2,FIFO_DEPTH=64,BATCH_COUNT=4,BATCH_TIMEOUT=64,SINK_STALL_EN=1'b1,SINK_STALL_PERIOD=4,SINK_STALL_READY=1)/dut/u_fifo/Always163_9  Scope: \tb_pcie_axi_dma(TB_SCENARIO=2,FIFO_DEPTH=64,BATCH_COUNT=4,BATCH_TIMEOUT=64,SINK_STALL_EN=1'b1,SINK_STALL_PERIOD=4,SINK_STALL_READY=1) .dut.u_fifo  File: /get/work/krishna.vardhan/git_trees/mtp_pcie_axi/pcie_axi_dma_latency/design/rtl/axis_fifo.sv Line: 165
Warning: [axis_fifo] FIFO full (depth=64) — upstream back-pressured at t=60595000
Time: 60595 ns  Iteration: 0  Process: /tb_pcie_axi_dma(TB_SCENARIO=2,FIFO_DEPTH=64,BATCH_COUNT=4,BATCH_TIMEOUT=64,SINK_STALL_EN=1'b1,SINK_STALL_PERIOD=4,SINK_STALL_READY=1)/dut/u_fifo/Always163_9  Scope: \tb_pcie_axi_dma(TB_SCENARIO=2,FIFO_DEPTH=64,BATCH_COUNT=4,BATCH_TIMEOUT=64,SINK_STALL_EN=1'b1,SINK_STALL_PERIOD=4,SINK_STALL_READY=1) .dut.u_fifo  File: /get/work/krishna.vardhan/git_trees/mtp_pcie_axi/pcie_axi_dma_latency/design/rtl/axis_fifo.sv Line: 165
Warning: [axis_fifo] FIFO full (depth=64) — upstream back-pressured at t=60605000
Time: 60605 ns  Iteration: 0  Process: /tb_pcie_axi_dma(TB_SCENARIO=2,FIFO_DEPTH=64,BATCH_COUNT=4,BATCH_TIMEOUT=64,SINK_STALL_EN=1'b1,SINK_STALL_PERIOD=4,SINK_STALL_READY=1)/dut/u_fifo/Always163_9  Scope: \tb_pcie_axi_dma(TB_SCENARIO=2,FIFO_DEPTH=64,BATCH_COUNT=4,BATCH_TIMEOUT=64,SINK_STALL_EN=1'b1,SINK_STALL_PERIOD=4,SINK_STALL_READY=1) .dut.u_fifo  File: /get/work/krishna.vardhan/git_trees/mtp_pcie_axi/pcie_axi_dma_latency/design/rtl/axis_fifo.sv Line: 165
Warning: [axis_fifo] FIFO full (depth=64) — upstream back-pressured at t=60615000
Time: 60615 ns  Iteration: 0  Process: /tb_pcie_axi_dma(TB_SCENARIO=2,FIFO_DEPTH=64,BATCH_COUNT=4,BATCH_TIMEOUT=64,SINK_STALL_EN=1'b1,SINK_STALL_PERIOD=4,SINK_STALL_READY=1)/dut/u_fifo/Always163_9  Scope: \tb_pcie_axi_dma(TB_SCENARIO=2,FIFO_DEPTH=64,BATCH_COUNT=4,BATCH_TIMEOUT=64,SINK_STALL_EN=1'b1,SINK_STALL_PERIOD=4,SINK_STALL_READY=1) .dut.u_fifo  File: /get/work/krishna.vardhan/git_trees/mtp_pcie_axi/pcie_axi_dma_latency/design/rtl/axis_fifo.sv Line: 165
Warning: [axis_fifo] FIFO full (depth=64) — upstream back-pressured at t=60635000
Time: 60635 ns  Iteration: 0  Process: /tb_pcie_axi_dma(TB_SCENARIO=2,FIFO_DEPTH=64,BATCH_COUNT=4,BATCH_TIMEOUT=64,SINK_STALL_EN=1'b1,SINK_STALL_PERIOD=4,SINK_STALL_READY=1)/dut/u_fifo/Always163_9  Scope: \tb_pcie_axi_dma(TB_SCENARIO=2,FIFO_DEPTH=64,BATCH_COUNT=4,BATCH_TIMEOUT=64,SINK_STALL_EN=1'b1,SINK_STALL_PERIOD=4,SINK_STALL_READY=1) .dut.u_fifo  File: /get/work/krishna.vardhan/git_trees/mtp_pcie_axi/pcie_axi_dma_latency/design/rtl/axis_fifo.sv Line: 165
Warning: [axis_fifo] FIFO full (depth=64) — upstream back-pressured at t=60645000
Time: 60645 ns  Iteration: 0  Process: /tb_pcie_axi_dma(TB_SCENARIO=2,FIFO_DEPTH=64,BATCH_COUNT=4,BATCH_TIMEOUT=64,SINK_STALL_EN=1'b1,SINK_STALL_PERIOD=4,SINK_STALL_READY=1)/dut/u_fifo/Always163_9  Scope: \tb_pcie_axi_dma(TB_SCENARIO=2,FIFO_DEPTH=64,BATCH_COUNT=4,BATCH_TIMEOUT=64,SINK_STALL_EN=1'b1,SINK_STALL_PERIOD=4,SINK_STALL_READY=1) .dut.u_fifo  File: /get/work/krishna.vardhan/git_trees/mtp_pcie_axi/pcie_axi_dma_latency/design/rtl/axis_fifo.sv Line: 165
Warning: [axis_fifo] FIFO full (depth=64) — upstream back-pressured at t=60655000
Time: 60655 ns  Iteration: 0  Process: /tb_pcie_axi_dma(TB_SCENARIO=2,FIFO_DEPTH=64,BATCH_COUNT=4,BATCH_TIMEOUT=64,SINK_STALL_EN=1'b1,SINK_STALL_PERIOD=4,SINK_STALL_READY=1)/dut/u_fifo/Always163_9  Scope: \tb_pcie_axi_dma(TB_SCENARIO=2,FIFO_DEPTH=64,BATCH_COUNT=4,BATCH_TIMEOUT=64,SINK_STALL_EN=1'b1,SINK_STALL_PERIOD=4,SINK_STALL_READY=1) .dut.u_fifo  File: /get/work/krishna.vardhan/git_trees/mtp_pcie_axi/pcie_axi_dma_latency/design/rtl/axis_fifo.sv Line: 165
Warning: [axis_fifo] FIFO full (depth=64) — upstream back-pressured at t=60675000
Time: 60675 ns  Iteration: 0  Process: /tb_pcie_axi_dma(TB_SCENARIO=2,FIFO_DEPTH=64,BATCH_COUNT=4,BATCH_TIMEOUT=64,SINK_STALL_EN=1'b1,SINK_STALL_PERIOD=4,SINK_STALL_READY=1)/dut/u_fifo/Always163_9  Scope: \tb_pcie_axi_dma(TB_SCENARIO=2,FIFO_DEPTH=64,BATCH_COUNT=4,BATCH_TIMEOUT=64,SINK_STALL_EN=1'b1,SINK_STALL_PERIOD=4,SINK_STALL_READY=1) .dut.u_fifo  File: /get/work/krishna.vardhan/git_trees/mtp_pcie_axi/pcie_axi_dma_latency/design/rtl/axis_fifo.sv Line: 165
Warning: [axis_fifo] FIFO full (depth=64) — upstream back-pressured at t=60685000
Time: 60685 ns  Iteration: 0  Process: /tb_pcie_axi_dma(TB_SCENARIO=2,FIFO_DEPTH=64,BATCH_COUNT=4,BATCH_TIMEOUT=64,SINK_STALL_EN=1'b1,SINK_STALL_PERIOD=4,SINK_STALL_READY=1)/dut/u_fifo/Always163_9  Scope: \tb_pcie_axi_dma(TB_SCENARIO=2,FIFO_DEPTH=64,BATCH_COUNT=4,BATCH_TIMEOUT=64,SINK_STALL_EN=1'b1,SINK_STALL_PERIOD=4,SINK_STALL_READY=1) .dut.u_fifo  File: /get/work/krishna.vardhan/git_trees/mtp_pcie_axi/pcie_axi_dma_latency/design/rtl/axis_fifo.sv Line: 165
Warning: [axis_fifo] FIFO full (depth=64) — upstream back-pressured at t=60695000
Time: 60695 ns  Iteration: 0  Process: /tb_pcie_axi_dma(TB_SCENARIO=2,FIFO_DEPTH=64,BATCH_COUNT=4,BATCH_TIMEOUT=64,SINK_STALL_EN=1'b1,SINK_STALL_PERIOD=4,SINK_STALL_READY=1)/dut/u_fifo/Always163_9  Scope: \tb_pcie_axi_dma(TB_SCENARIO=2,FIFO_DEPTH=64,BATCH_COUNT=4,BATCH_TIMEOUT=64,SINK_STALL_EN=1'b1,SINK_STALL_PERIOD=4,SINK_STALL_READY=1) .dut.u_fifo  File: /get/work/krishna.vardhan/git_trees/mtp_pcie_axi/pcie_axi_dma_latency/design/rtl/axis_fifo.sv Line: 165
[sink]  t=63255000  pkt_id=5  size=4096B  count=6
[latmon] pkt_id=5  size=4096B  latency= 4125 cyc  eff= 0.99 B/cyc
[latmon]  ↳ est: PCIe=1556  DMA=1032  other=1537  total_measured=4125
[RESULT]       5 |     4096 |          4125 |               0.99 |        64 |   YES | BASELINE,FIFO=64,STALL=1/4
[RESULT] ----------------------------------------------------------------
[RESULT]  Total packets received: 6
[RESULT] ================================================================


[latmon] ╔══════════════════════════════════════════╗
[latmon] ║        LATENCY MONITOR SUMMARY           ║
[latmon] ╠══════════════════════════════════════════╣
[latmon] ║  Packets measured :    6                 ║
[latmon] ║  Min latency      :     94 cycles          ║
[latmon] ║  Max latency      :   4125 cycles          ║
[latmon] ║  Avg latency      :   1042.5 cycles        ║
[latmon] ║  Total bytes      :     6080 bytes           ║
[latmon] ║  Avg efficiency   :  0.97 B/cyc         ║
[latmon] ║  Eff throughput   :   97.2 MB/s (100MHz) ║
[latmon] ╚══════════════════════════════════════════╝

$finish called at time : 63555 ns : File "/get/work/krishna.vardhan/git_trees/mtp_pcie_axi/pcie_axi_dma_latency/verif/tb/tb_pcie_axi_dma.sv" Line 412
exit
INFO: [Common 17-206] Exiting xsim at Sat Aug  1 16:40:46 2026...

=== Batch simulation complete. Log: /get/work/krishna.vardhan/git_trees/mtp_pcie_axi/pcie_axi_dma_latency/build_kv_scenario2_stall_fifo64/xsim_batch.log ===
